name,출전
㐏非里,호구총수
㐑巨洞里,호구총수
㐑梅里,호구총수
㐓化,역지사지LV3
㐓化面,호구총수
㐚未串,여지도서
㐚足里,호구총수
㐥坪里,호구총수
㐥業里,호구총수
㐥每里,호구총수
㐥雲里,호구총수
㖌節里,호구총수
㖙古介里,호구총수
㖙等,역지사지LV3
㖙等面,호구총수
㗡村,역지사지LV3
㗡村面,호구총수
㗡次串,역지사지LV3
㗡次串坊,호구총수
㘏洞里,호구총수
㵢溪,여지도서
㹨峙里,호구총수
㹨所里,호구총수
㹨洞村,호구총수
㹨洞里,호구총수
㹨虎村,호구총수
㹨谷里,호구총수
㹨足里,호구총수
㹨項里,호구총수
㹨頭里,호구총수
㺚川,여지도서
㺚川津,여지도서
䀝盧峯,여지도서
䔉山,여지도서
䔉山里,호구총수
䕯山里,호구총수
䲭岳山,여지도서
䲶鴦,호구총수
一上里,호구총수
一云里,호구총수
一位,역지사지LV3
一北面,호구총수
一升川里,호구총수
一南面,호구총수
一嘉禮,역지사지LV3
一基洞,호구총수
一大召院里,호구총수
一大峙里,호구총수
一大里,호구총수
一契,호구총수
一安,역지사지LV3
一安面,호구총수
一寧朔里,호구총수
一島,여지도서
一巨利所里,호구총수
一建金里,호구총수
一徒里,호구총수
一心洞,호구총수
一所里,호구총수
一新,군현역원
一新豊里,호구총수
一新里,호구총수
一方,역지사지LV3
一方面,호구총수
一東面,호구총수
一松亭里,호구총수
一松里,호구총수
一柳谷,역지사지LV3
一椽島里,호구총수
一檢沙里,호구총수
一正洞,역지사지LV3
一洞,호구총수
一洞內,호구총수
一洞內里,호구총수
一洞里,호구총수
一浮石,역지사지LV3
一浮石面,호구총수
一炭,역지사지LV3
一炭面,호구총수
一牌孟洞里,호구총수
一牌廣津里,호구총수
一牌成陵里,호구총수
一牌月陰里,호구총수
一牌里,호구총수
一牌里倉里,호구총수
一牌金門里,호구총수
一牌鼎谷里,호구총수
一獨子洞,호구총수
一班城,역지사지LV3
一用,역지사지LV3
一用面,호구총수
一直,역지사지LV3·특수구역
一直縣,특수구역
一直里,호구총수
一直面,호구총수
一眉島,여지도서
一碇浦里,호구총수
一竹,역지사지LV3
一竹里,호구총수
一老,역지사지LV3
一老村,역지사지LV3
一自如里,호구총수
一舟巖村,호구총수
一良,역지사지LV3
一良坊,호구총수
一西面,호구총수
一角洞里,호구총수
一谷川,신증동국여지승람
一谷村,호구총수
一貫里,호구총수
一遇巖,여지도서
一運,역지사지LV3
一道,역지사지LV3·호구총수
一道坊,호구총수
一道面,호구총수
一遠,역지사지LV3
一遠東,역지사지LV3
一遠東面,호구총수
一郞,역지사지LV3
一里大巨美,호구총수
一里渡馬海,호구총수
一里社稷洞,호구총수
一鏡湖里,호구총수
一門,군현역원
一門里,호구총수
丁串里,호구총수
丁倉里,호구총수
丁光里,호구총수
丁古介里,호구총수
丁吉里,호구총수
丁垈里,호구총수
丁子里,호구총수
丁山村,호구총수
丁惠,역지사지LV3
丁惠面,호구총수
丁洞,역지사지LV3
丁洞村,호구총수
丁洞面,호구총수
丁火,특수구역
丁火所,특수구역
丁萬碩契,호구총수
丁龍里,호구총수
丁串蟹巖浦,여지도서
七井,역지사지LV3
七井洞,호구총수
七井里,호구총수
七井面,호구총수
七仙里,호구총수
七佛島,여지도서
七印亭里,호구총수
七坪,역지사지LV3
七城山,신증동국여지승람
七宗里,호구총수
七寶,역지사지LV3
七寶山,여지도서
七尾里,호구총수
七山,역지사지LV3
七山島,여지도서
七山里,호구총수
七山面,호구총수
七岳山,여지도서
七峯山,여지도서
七峯村,호구총수
七峰里,호구총수
七席里,호구총수
七星,역지사지LV3
七星山,여지도서
七星山里,호구총수
七星峰,여지도서
七星村里,호구총수
七星洞,호구총수
七星洞里,호구총수
七星里,호구총수
七星面,호구총수
七普光里,호구총수
七松亭里,호구총수
七松里,호구총수
七栗洞,호구총수
七水洞,호구총수
七泉里,호구총수
七洞里,호구총수
七田里,호구총수
七甲山,여지도서
七界里,호구총수
七百乳,특수구역
七百乳所,특수구역
七百面,호구총수
七皇閭,호구총수
七良,역지사지LV3·특수구역
七良面,호구총수
七葉里,호구총수
七谷,역지사지LV3
七谷里,호구총수
七賢山,여지도서
七賢里,호구총수
七里多井,호구총수
七里芿串,호구총수
七長洞,호구총수
七間里,호구총수
七陽,역지사지LV3
七陽所,특수구역
七馬田里,호구총수
七驛里,호구총수
七骨若面,호구총수
七點山,여지도서
丈加,역지사지LV3
丈坪里,호구총수
丈大里,호구총수
丈麻,역지사지LV3
三丁里,호구총수
三上,역지사지LV3
三上端里,호구총수
三上里,호구총수
三下,역지사지LV3
三下端里,호구총수
三下里,호구총수
三丘里,호구총수
三中里,호구총수
三串里,호구총수
三井,역지사지LV3
三井里,호구총수
三井面,호구총수
三亭子,호구총수
三亭村,호구총수
三亭洞里,호구총수
三亭里,호구총수
三仁洞,호구총수
三仁里,호구총수
三仇里,호구총수
三佛郞里,호구총수
三佳洞,호구총수
三億洞里,호구총수
三元里,호구총수
三八伊,역지사지LV3
三八里坊,호구총수
三公里,호구총수
三冊,역지사지LV3
三分水,여지도서
三利大閭,호구총수
三加,역지사지LV3
三加面,호구총수
三北面,호구총수
三千浦,역지사지LV3
三千里面,호구총수
三千鎭里,호구총수
三升,역지사지LV3
三升里,호구총수
三升面,호구총수
三叉水,여지도서
三古之里,호구총수
三古介里,호구총수
三台,호구총수
三台洞里,호구총수
三台谷里,호구총수
三台里,호구총수
三同,역지사지LV3
三同面,호구총수
三君里,호구총수
三味里,호구총수
三和,군현역원·역지사지LV3
三和洞,호구총수
三和里,호구총수
三啓星里,호구총수
三嘉,군현역원·역지사지LV3
三坡,역지사지LV3
三坪里,호구총수
三城山,여지도서
三堂里,호구총수
三墳洞內,호구총수
三壯,역지사지LV3
三壯里,호구총수
三大里,호구총수
三奇,역지사지LV3
三契,호구총수
三契里,호구총수
三妓,군현역원
三存,역지사지LV3
三存里,호구총수
三存面,호구총수
三孝里,호구총수
三孫里,호구총수
三安里,호구총수
三宮里,호구총수
三寅洞,호구총수
三寶坪里,호구총수
三寸,역지사지LV3
三寸浦,신증동국여지승람
三寺里,호구총수
三尊山,신증동국여지승람
三尊洞,호구총수
三尾川,호구총수
三屯,역지사지LV3
三屯坊,호구총수
三山,여지도서·역지사지LV3·호구총수
三山洞,호구총수
三山里,호구총수
三山面,호구총수
三岐,역지사지LV3
三岐坊,호구총수
三岐山,신증동국여지승람
三岐峴,신증동국여지승람
三岐川,여지도서
三岐里,호구총수
三岐院,군현역원
三岐面,호구총수
三岳山,여지도서
三峙里,호구총수
三峯,역지사지LV3·호구총수
三峯山,신증동국여지승람·여지도서
三峯村,호구총수
三峯處,특수구역
三峯里,호구총수
三峰,역지사지LV3
三峰山,세종실록지리지
三峰浦里,호구총수
三峰里,호구총수
三峰面,호구총수
三峴一里,호구총수
三峴二里,호구총수
三峴村,호구총수
三峴里,호구총수
三島里,호구총수
三巖,호구총수
三巖里,호구총수
三川,여지도서·역지사지LV3·호구총수
三川山,여지도서
三川村,호구총수
三川洞,호구총수
三川洞里,호구총수
三川里,호구총수
三巨村,호구총수
三巨洞,호구총수
三巨里,호구총수
三巨里里,호구총수
三師洞,호구총수
三平,역지사지LV3
三平社,호구총수
三弓洞,호구총수
三彌川,여지도서
三徒里,호구총수
三德,역지사지LV3
三德村,호구총수
三德里,호구총수
三思浪海里,호구총수
三思浪陸里,호구총수
三思里,호구총수
三成,역지사지LV3
三所旨,역지사지LV3
三所里,호구총수
三支川,여지도서
三支川里,호구총수
三支廢縣,특수구역
三支江,여지도서·역지사지LV3
三支江坊,호구총수
三支里,호구총수
三支院,호구총수
三政洞坊,호구총수
三政洞里,호구총수
三政院里,호구총수
三方山,신증동국여지승람·여지도서
三方洞,호구총수
三方里,호구총수
三旀谷,역지사지LV3
三日,역지사지LV3·특수구역
三日浦,여지도서·역지사지LV3·특수구역
三日浦鄕,특수구역
三日浦面,호구총수
三星里,호구총수
三春洞,호구총수
三會洞,호구총수
三月亭,호구총수
三朝陽里,호구총수
三木,역지사지LV3
三木島,신증동국여지승람
三木面,호구총수
三朶山,여지도서
三村,역지사지LV3
三村里,호구총수
三村面,호구총수
三東村,호구총수
三東閭,호구총수
三東面,호구총수
三松亭里,호구총수
三松里,호구총수
三枝,역지사지LV3
三枝面,호구총수
三梗嶺,여지도서
三梗里,호구총수
三槐亭,호구총수
三槐亭里,호구총수
三槐洞里,호구총수
三樂亭,호구총수
三樂里,호구총수
三歸,호구총수
三每陽岳,여지도서
三水,군현역원·역지사지LV3
三水洞,호구총수
三水洞里,호구총수
三汀浦里,호구총수
三汗里,호구총수
三江,군현역원·여지도서·역지사지LV3
三江里,호구총수
三波,역지사지LV3
三波坊,호구총수
三洞,호구총수
三洞內,호구총수
三洞內里,호구총수
三洞里,호구총수
三津大村,호구총수
三津里,호구총수
三浦,호구총수
三浦亭里,호구총수
三浦月里,호구총수
三浦里,호구총수
三浪津,역지사지LV3
三浪里,호구총수
三浮石,역지사지LV3
三浮石面,호구총수
三海,역지사지LV3
三海面,호구총수
三淸洞,호구총수
三淸洞契,호구총수
三湖,역지사지LV3
三湖里,호구총수
三溪,역지사지LV3
三溪里,호구총수
三澗里,호구총수
三濟民院里,호구총수
三灘,신증동국여지승람·여지도서·역지사지LV3
三灘面,호구총수
三牌新川里,호구총수
三牌於南里,호구총수
三牌里,호구총수
三牌馬山里,호구총수
三玉里,호구총수
三甘里,호구총수
三田,역지사지LV3
三田洞,호구총수
三田渡,신증동국여지승람·호구총수
三田赤,역지사지LV3
三田赤坊,호구총수
三登,군현역원·역지사지LV3
三登里,호구총수
三百川池,신증동국여지승람
三百川里,호구총수
三省堂,호구총수
三省堂里,호구총수
三省村,호구총수
三省水,호구총수
三省洞,호구총수
三省里,호구총수
三碧亭,호구총수
三社,역지사지LV3
三神山,여지도서
三神洞,호구총수
三竹,역지사지LV3
三箕,역지사지LV3
三簷閭,호구총수
三精里,호구총수
三絃里,호구총수
三美,역지사지LV3
三美川,호구총수
三美洞,호구총수
三美面,호구총수
三義讓岳,여지도서
三義谷里,호구총수
三者峴,여지도서
三聖山,신증동국여지승람·여지도서
三興,역지사지LV3
三興里,호구총수
三花亭里,호구총수
三西村,호구총수
三西面,호구총수
三見佛里,호구총수
三角,호구총수
三角亭,호구총수
三角山,세종실록지리지·신증동국여지승람·여지도서
三角里,호구총수
三谷,역지사지LV3
三谷坊,호구총수
三谷里,호구총수
三豊,역지사지LV3
三貴里,호구총수
三連里,호구총수
三道,역지사지LV3·호구총수
三道峯,여지도서
三達里,호구총수
三都官里,호구총수
三鄕,역지사지LV3
三鄕面,호구총수
三里菜村,호구총수
三里雲塘,호구총수
三里面,호구총수
三釜淵,여지도서
三釜瀑布,여지도서
三長,역지사지LV3
三長川,신증동국여지승람
三門巖里,호구총수
三閑里,호구총수
三間里,호구총수
三陟,군현역원·역지사지LV3
三陽里,호구총수
三隱里,호구총수
三靑津,호구총수
三靑里,호구총수
三項里,호구총수
三頭里,호구총수
三顧里,호구총수
三馬洞,호구총수
三龜洞里,호구총수
上㘏洞,호구총수
上一里,호구총수
上丁太村,호구총수
上七里,호구총수
上三,역지사지LV3
上三宜里,호구총수
上三寶禮閭,호구총수
上三岐,호구총수
上三川里,호구총수
上三池里,호구총수
上三洞里,호구총수
上三浦里,호구총수
上三生里,호구총수
上三田,호구총수
上三里,역지사지LV3·호구총수
上三里面,호구총수
上下,역지사지LV3
上下屯德里,호구총수
上下村,호구총수
上下松里,호구총수
上不老里,호구총수
上丘尾里,호구총수
上中坪里,호구총수
上中山里,호구총수
上中峙里,호구총수
上中方里,호구총수
上中里,호구총수
上丹地里,호구총수
上丹月,호구총수
上丹里,호구총수
上乃里,호구총수
上之介谷,호구총수
上之浦,여지도서·역지사지LV3
上之浦津,여지도서
上之浦面,호구총수
上九士里,호구총수
上九禮洞,호구총수
上九里,호구총수
上乫幕里,호구총수
上乭只里,호구총수
上乺卞里,호구총수
上乾善,호구총수
上乾川里,호구총수
上乾旨里,호구총수
上二里,호구총수
上亐禾,역지사지LV3
上亐禾社,호구총수
上五十石里,호구총수
上五里,호구총수
上井,역지사지LV3
上井谷里,호구총수
上井里,호구총수
上亭里,호구총수
上仁德里,호구총수
上仁興里,호구총수
上仁谷里,호구총수
上仁里,호구총수
上仇郞里,호구총수
上今丹里,호구총수
上今山,역지사지LV3
上今山里,호구총수
上今山面,호구총수
上付巖,호구총수
上仙巖,여지도서
上仙里,호구총수
上令通里,호구총수
上价東里,호구총수
上价西里,호구총수
上伊彦里,호구총수
上伊沙,역지사지LV3·특수구역
上伊沙所,특수구역
上伐村里,호구총수
上伐谷里,호구총수
上伐里,호구총수
上休知里,호구총수
上伽倻谷,호구총수
上伽倻里,호구총수
上住巖閭,호구총수
上佐日里,호구총수
上余田,호구총수
上佛舞谷里,호구총수
上佛里,호구총수
上佳丘里,호구총수
上佳佐洞,호구총수
上佳里,호구총수
上來里,호구총수
上保光里,호구총수
上保韓里,호구총수
上倉,역지사지LV3
上倉里,호구총수
上傑隱里,호구총수
上儉巖里,호구총수
上元堂里,호구총수
上元山里,호구총수
上元川,역지사지LV3
上元川社,호구총수
上元德里,호구총수
上元角村,호구총수
上內亂里,호구총수
上內洞閭,호구총수
上八卦里,호구총수
上八智里,호구총수
上八桂洞,호구총수
上八里,호구총수
上公井里,호구총수
上六里,호구총수
上兵筒,호구총수
上冷井里,호구총수
上凍里,호구총수
上凡南里,호구총수
上凡魚里,호구총수
上分二里,호구총수
上分土里,호구총수
上初北,역지사지LV3
上別目里,호구총수
上別里,호구총수
上利洞,호구총수
上前川里,호구총수
上前里,호구총수
上加,역지사지LV3
上加南,역지사지LV3
上加大浦里,호구총수
上加尺,호구총수
上加尺里,호구총수
上加峙里,호구총수
上加村,호구총수
上加條里,호구총수
上加樂里,호구총수
上加次山里,호구총수
上加社,호구총수
上加里,호구총수
上北,역지사지LV3
上北三,역지사지LV3
上北中村,호구총수
上北二,역지사지LV3
上北山里,호구총수
上北枝里,호구총수
上北部,호구총수
上北里,호구총수
上北面,호구총수
上升洞里,호구총수
上卓里,호구총수
上南,역지사지LV3
上南塘,호구총수
上南西,역지사지LV3
上南部,호구총수
上南里,호구총수
上南門里,호구총수
上南陽里,호구총수
上南面,호구총수
上南面里,호구총수
上博山村,호구총수
上卞月里,호구총수
上卞田里,호구총수
上卞許洞,호구총수
上占卜里,호구총수
上厚浦里,호구총수
上反浦,호구총수
上古,역지사지LV3
上古幕,호구총수
上古延里,호구총수
上古瓦,역지사지LV3
上古社,호구총수
上古站里,호구총수
上古縣,호구총수
上古縣里,호구총수
上古邑里,호구총수
上古郡里,호구총수
上古里,호구총수
上古陽,호구총수
上可習里,호구총수
上可連里,호구총수
上台峯,호구총수
上台里,호구총수
上史洞里,호구총수
上司倉里,호구총수
上吉里,호구총수
上君明里,호구총수
上吾丁,역지사지LV3
上周易里,호구총수
上品谷洞,호구총수
上嘉元里,호구총수
上嘉興里,호구총수
上四巖里,호구총수
上四巷里,호구총수
上四里,호구총수
上國寺洞里,호구총수
上圓浦里,호구총수
上圖,역지사지LV3
上圖面,호구총수
上土,역지사지LV3
上土井里,호구총수
上土鎭,호구총수
上地位里,호구총수
上地境里,호구총수
上地藏里,호구총수
上地里,호구총수
上坊,역지사지LV3
上坊洞,호구총수
上坊里,호구총수
上坊面,호구총수
上坪,호구총수
上坪村,호구총수
上坪村里,호구총수
上坪角,호구총수
上坪里,호구총수
上垈山里,호구총수
上垈洞,호구총수
上垈洞里,호구총수
上垈里,호구총수
上城劫里,호구총수
上城北坊,호구총수
上城北里,호구총수
上城山里,호구총수
上城底里,호구총수
上城里,호구총수
上城門里,호구총수
上基洞里,호구총수
上堀峙里,호구총수
上堂洞,호구총수
上堂洞里,호구총수
上堂里,호구총수
上堰洞里,호구총수
上場巖里,호구총수
上場里,호구총수
上塔里,호구총수
上墨場里,호구총수
上墨正里,호구총수
上士里,호구총수
上壯儀里,호구총수
上外城里,호구총수
上外川里,호구총수
上多佛里,호구총수
上多村,호구총수
上多美,역지사지LV3
上夜味,호구총수
上夢里,호구총수
上大,역지사지LV3
上大乃竹川,호구총수
上大坪,호구총수
上大安里,호구총수
上大寺里,호구총수
上大月里,호구총수
上大朴里,호구총수
上大村,호구총수
上大沙山,호구총수
上大洞里,호구총수
上大田,호구총수
上大田里,호구총수
上大谷,역지사지LV3·호구총수
上大谷里,호구총수
上大里,호구총수
上大門里,호구총수
上天老里,호구총수
上夫皇里,호구총수
上夫車里,호구총수
上奉,역지사지LV3
上好里洞,호구총수
上如魯里,호구총수
上孔堂坊,호구총수
上孝敦里,호구총수
上孝洞,호구총수
上守南,역지사지LV3
上守南面,호구총수
上守西,역지사지LV3
上守西面,호구총수
上安,역지사지LV3
上官,역지사지LV3
上官堂里,호구총수
上官堤里,호구총수
上官寺洞里,호구총수
上官里,호구총수
上官面,호구총수
上宣德,역지사지LV3
上宮里,호구총수
上宿里,호구총수
上實川里,호구총수
上實里,호구총수
上寬惠里,호구총수
上寶光里,호구총수
上寺,역지사지LV3
上寺里,호구총수
上小昆里,호구총수
上尙林洞,호구총수
上尺洞里,호구총수
上屈洞里,호구총수
上屈里,호구총수
上履素里,호구총수
上屯山,호구총수
上屯德里,호구총수
上山,여지도서·역지사지LV3
上山下里,호구총수
上山亭里,호구총수
上山北里,호구총수
上山場里,호구총수
上山川里,호구총수
上山所里,호구총수
上山本里,호구총수
上山村,호구총수
上山洞,호구총수
上山直,호구총수
上山越里,호구총수
上山里,호구총수
上屹村里,호구총수
上岐川,역지사지LV3·호구총수
上岐川社,호구총수
上岳山,여지도서
上峯里,호구총수
上峴里,호구총수
上崛項里,호구총수
上嶺山,여지도서
上嶽山,여지도서
上巖浦,호구총수
上巖田里,호구총수
上巖里,호구총수
上川,역지사지LV3
上川村,호구총수
上川面,호구총수
上州,역지사지LV3
上州內,역지사지LV3
上州內面,호구총수
上州官里,호구총수
上州西,역지사지LV3
上巨里,호구총수
上巨里谷洞,호구총수
上巴古里,호구총수
上帝石里,호구총수
上席卜里,호구총수
上幕瑟浦里,호구총수
上平,역지사지LV3·호구총수
上平倉,역지사지LV3
上平倉坊,호구총수
上平地里,호구총수
上平德里,호구총수
上平田里,호구총수
上平里,호구총수
上店,호구총수
上店村,호구총수
上店里,호구총수
上庚社里,호구총수
上府,역지사지LV3
上府內,역지사지LV3
上府內面,호구총수
上廣巖,호구총수
上廣德里,호구총수
上廣洞,호구총수
上廣津里,호구총수
上廣里,호구총수
上弓村里,호구총수
上德城里,호구총수
上德峙,호구총수
上德川里,호구총수
上德村,호구총수
上德谷,역지사지LV3
上德谷里,호구총수
上德里,호구총수
上德龍里,호구총수
上必德里,호구총수
上念作里,호구총수
上惠下里,호구총수
上慈溪村,호구총수
上慕禮里,호구총수
上房里,호구총수
上所也里,호구총수
上所件,호구총수
上所孔里,호구총수
上所里,호구총수
上才南里,호구총수
上掌坪里,호구총수
上掛津里,호구총수
上撲島,여지도서
上操琴里,호구총수
上擧石村,호구총수
上擧石里,호구총수
上文城,호구총수
上文巖,호구총수
上文良里,호구총수
上斗之閭,호구총수
上斗井里,호구총수
上斗南,호구총수
上斗文里,호구총수
上斗月,호구총수
上斗里,호구총수
上斗院里,호구총수
上新反,호구총수
上新垈,호구총수
上新垈里,호구총수
上新基里,호구총수
上新堤里,호구총수
上新峙里,호구총수
上新川里,호구총수
上新德,역지사지LV3
上新所,호구총수
上新方,호구총수
上新村,호구총수
上新村里,호구총수
上新洞,호구총수
上新翼,역지사지LV3
上新谷里,호구총수
上新里,호구총수
上新院里,호구총수
上方,역지사지LV3
上方下里,호구총수
上方目里,호구총수
上方築,호구총수
上方良里,호구총수
上方里,호구총수
上於旺里,호구총수
上旀士乃里,호구총수
上旨洞里,호구총수
上早谷里,호구총수
上旺方里,호구총수
上旺洞,호구총수
上昌林,호구총수
上明五里,호구총수
上星里,호구총수
上晩止里,호구총수
上景屯里,호구총수
上書莊,특수구역
上月,역지사지LV3
上月午洞,호구총수
上月岳里,호구총수
上月谷里,호구총수
上月里,호구총수
上月面,호구총수
上朝陽,역지사지LV3·호구총수
上朝陽社,호구총수
上木村,호구총수
上木盆里,호구총수
上木里,호구총수
上未里,호구총수
上末里,호구총수
上朱伊,역지사지LV3
上朱庫里,호구총수
上朴里,호구총수
上杏山,호구총수
上杏里,호구총수
上村,역지사지LV3·호구총수
上村里,호구총수
上村面,호구총수
上杜谷東里,호구총수
上杜谷西里,호구총수
上杜里,호구총수
上杜陵洞里,호구총수
上東,역지사지LV3
上東古川,역지사지LV3
上東城里,호구총수
上東山里,호구총수
上東川,호구총수
上東幕,호구총수
上東幕里,호구총수
上東村,역지사지LV3
上東村面,호구총수
上東汗里,호구총수
上東海里,호구총수
上東車里,호구총수
上東連里,호구총수
上東邊,역지사지LV3·호구총수
上東邊里,호구총수
上東部里,호구총수
上東里,호구총수
上東門內,호구총수
上東門內里,호구총수
上東面,호구총수
上杻洞里,호구총수
上松亭里,호구총수
上松山里,호구총수
上松川里,호구총수
上松洞里,호구총수
上松溪,호구총수
上松葛里,호구총수
上松里,호구총수
上板斤,호구총수
上板橋里,호구총수
上板溪,호구총수
上板谷里,호구총수
上板里,호구총수
上林,군현역원·호구총수
上林村,호구총수
上林泉里,호구총수
上林赤里,호구총수
上林邑閭,호구총수
上林里,호구총수
上林院,군현역원
上枝,역지사지LV3
上枝面,호구총수
上柄洞坊,호구총수
上柳,역지사지LV3
上柳井里,호구총수
上柳浦里,호구총수
上柳等浦,호구총수
上柳里,호구총수
上柿里,호구총수
上栗,역지사지LV3
上栗峴里,호구총수
上栗木里,호구총수
上栗村,호구총수
上栗谷里,호구총수
上栗里,호구총수
上栗面,호구총수
上校村,호구총수
上栢,역지사지LV3
上桂谷,호구총수
上桃源,역지사지LV3
上桃里,호구총수
上桶洞里,호구총수
上梁里,호구총수
上梅谷里,호구총수
上梧井,역지사지LV3
上梧井里,호구총수
上梧亭,역지사지LV3
上梧亭面,호구총수
上梧公洞里,호구총수
上梧桐里,호구총수
上梨坪,호구총수
上梨洞里,호구총수
上梨谷,호구총수
上梯里,호구총수
上森里,호구총수
上椧谷里,호구총수
上椵南里,호구총수
上楊五里,호구총수
上楮田里,호구총수
上極只里,호구총수
上楸洞,호구총수
上楸洞里,호구총수
上槽洞里,호구총수
上樓,호구총수
上樓里,호구총수
上橋洞里,호구총수
上機地里,호구총수
上橫山,호구총수
上檜洞里,호구총수
上檢,역지사지LV3
上檢垈里,호구총수
上檢堂,호구총수
上檢里,호구총수
上武陵洞里,호구총수
上歸密里,호구총수
上歸老里,호구총수
上毛涯里,호구총수
上毛立谷,호구총수
上水,역지사지LV3
上水內里,호구총수
上水回里,호구총수
上水掘里,호구총수
上水洞里,호구총수
上水溢里契,호구총수
上水邊里,호구총수
上水里,호구총수
上水雄里,호구총수
上水項里,호구총수
上氷川里,호구총수
上求之村,호구총수
上汚禾,역지사지LV3
上池內,호구총수
上池城里,호구총수
上池洞,호구총수
上沙,역지사지LV3
上沙器,호구총수
上沙器店里,호구총수
上沙寶閭,호구총수
上沙村,호구총수
上沙池里,호구총수
上沙洞,호구총수
上沙谷里,호구총수
上沙道里,호구총수
上沙里,호구총수
上沙面,호구총수
上河波里,호구총수
上泉洞,호구총수
上泉洞里,호구총수
上泉谷里,호구총수
上泉里,호구총수
上法村,호구총수
上法林里,호구총수
上注波里,호구총수
上洑里,호구총수
上洛臺,여지도서
上洞,역지사지LV3·호구총수
上洞坊,호구총수
上洞村,호구총수
上洞花里,호구총수
上洞里,호구총수
上洞閭,호구총수
上津,신증동국여지승람
上津里,호구총수
上浦,호구총수
上浦村,호구총수
上浦里,호구총수
上深洞里,호구총수
上深谷里,호구총수
上淸安洞,호구총수
上溪,호구총수
上濟上里,호구총수
上濟下里,호구총수
上濟中里,호구총수
上濟又下里,호구총수
上炭坊,호구총수
上炭屯里,호구총수
上炭里,호구총수
上烏山里,호구총수
上烏知部曲,특수구역
上烏等里,호구총수
上烽臺,호구총수
上無等川里,호구총수
上無老谷里,호구총수
上無限里,호구총수
上照林,호구총수
上熊北里,호구총수
上燈里,호구총수
上爵達下里,호구총수
上爵達里,호구총수
上爾勿里,호구총수
上牛川,호구총수
上牛村,호구총수
上牛項里,호구총수
上牲里,호구총수
上狐里,호구총수
上狸里,호구총수
上猊來里,호구총수
上獐谷里,호구총수
上獨亭里,호구총수
上獨田里,호구총수
上玄巖,호구총수
上率洞里,호구총수
上玉前里,호구총수
上玉洞里,호구총수
上玉溪里,호구총수
上琵琶里,호구총수
上瑞巖里,호구총수
上瓦坪,호구총수
上瓦洞里,호구총수
上瓮店里,호구총수
上甁谷里,호구총수
上甑里,호구총수
上甘所大里,호구총수
上甘泉里,호구총수
上用奉,역지사지LV3
上甫亇只里,호구총수
上甫小里,호구총수
上甫靑,역지사지LV3
上田,역지사지LV3·특수구역
上田所,특수구역
上田面,호구총수
上甲破,호구총수
上甲里,호구총수
上申石里,호구총수
上界,역지사지LV3
上界面,호구총수
上畓里,호구총수
上番岩,역지사지LV3
上番巖,역지사지LV3
上番巖坊,호구총수
上登里,호구총수
上登龜村,호구총수
上發美里,호구총수
上白也谷里,호구총수
上白屋里,호구총수
上白峴,호구총수
上白巖村,호구총수
上白羊洞,호구총수
上白道里,호구총수
上皮巖里,호구총수
上盤山里,호구총수
上盤洞里,호구총수
上盤龍里,호구총수
上直川里,호구총수
上直里,호구총수
上省洞,호구총수
上看尺里,호구총수
上矢淵,신증동국여지승람
上石串里,호구총수
上石橋里,호구총수
上石淵里,호구총수
上石灘里,호구총수
上石谷,호구총수
上石谷里,호구총수
上石里,호구총수
上石鉢,호구총수
上碑前里,호구총수
上碑里,호구총수
上碣隅里,호구총수
上磻岩,역지사지LV3
上神里,호구총수
上神鶴里,호구총수
上祿後里,호구총수
上禾村,호구총수
上禾谷里,호구총수
上稧里,호구총수
上立石里,호구총수
上章里,호구총수
上端,역지사지LV3
上端里,호구총수
上竹,호구총수
上竹川里,호구총수
上竹田里,호구총수
上竹谷里,호구총수
上第亦里,호구총수
上筆峰,호구총수
上等里,호구총수
上筏里,호구총수
上箕洞,호구총수
上箭幕,호구총수
上箭後里,호구총수
上米廛契,호구총수
上粉峙里,호구총수
上糠山里,호구총수
上納谷里,호구총수
上紫浦,호구총수
上細橋,호구총수
上細洞里,호구총수
上細浦里,호구총수
上細竹里,호구총수
上絲臥里,호구총수
上維谷里,호구총수
上綱勿谷坊,호구총수
上網障里,호구총수
上縣,역지사지LV3
上縣上里,호구총수
上縣下里,호구총수
上縣中坪里,호구총수
上縣中里,호구총수
上縣內,역지사지LV3
上縣內面,호구총수
上縣里,호구총수
上置等,역지사지LV3
上置等面,호구총수
上羅里,호구총수
上美里,호구총수
上群平里,호구총수
上老多村,호구총수
上老積里,호구총수
上者浦里,호구총수
上者里,호구총수
上耆洞,호구총수
上耆隱谷,호구총수
上耳巖里,호구총수
上聖,역지사지LV3
上聖淵,역지사지LV3
上職串里,호구총수
上肥村,호구총수
上胎封,호구총수
上興玉里,호구총수
上興里,호구총수
上舍巖,호구총수
上舟八里,호구총수
上船橋,호구총수
上芚浦,호구총수
上芝,역지사지LV3
上芝坪里,호구총수
上芝柯里,호구총수
上芮田里,호구총수
上花山里,호구총수
上花岑,호구총수
上花溪里,호구총수
上花里,호구총수
上芳木里,호구총수
上芳谷里,호구총수
上芼,역지사지LV3
上苔,역지사지LV3
上苔島,호구총수
上茂,역지사지LV3
上茂山,역지사지LV3
上茂社,호구총수
上茅村,호구총수
上茵山,호구총수
上茶山里,호구총수
上荀池,호구총수
上草坪,호구총수
上草川里,호구총수
上草浦里,호구총수
上草田里,호구총수
上草芳,호구총수
上草谷里,호구총수
上草里,호구총수
上荊谷,호구총수
上荷衣村,호구총수
上莘谷,호구총수
上莞洞,호구총수
上莫其味,호구총수
上華表里,호구총수
上菱村,호구총수
上萬壽洞,호구총수
上萬方里,호구총수
上萬月里,호구총수
上萬水里,호구총수
上萬里,호구총수
上葛,호구총수
上葛山里,호구총수
上葛洞村,호구총수
上葛田,역지사지LV3
上葛申,호구총수
上葛里,호구총수
上蒼,호구총수
上蓬萊,역지사지LV3
上蓮洞里,호구총수
上蓮舟,호구총수
上藍石里,호구총수
上蘇山,여지도서
上蛇浦里,호구총수
上蜈嘴里,호구총수
上蟹里,호구총수
上蟻谷,호구총수
上衙村,호구총수
上表井里,호구총수
上西,역지사지LV3
上西三同,역지사지LV3
上西二同,역지사지LV3·호구총수
上西位里,호구총수
上西初同,역지사지LV3·호구총수
上西南里,호구총수
上西子里,호구총수
上西浦里,호구총수
上西湖,호구총수
上西湖亭,호구총수
上西邊里,호구총수
上西部里,호구총수
上西里,역지사지LV3·호구총수
上西門內里,호구총수
上西門里,호구총수
上西面,호구총수
上訥里,호구총수
上調亭,호구총수
上論岑,호구총수
上諸,역지사지LV3
上諸島,호구총수
上谷,역지사지LV3·호구총수
上谷部曲,특수구역
上谷里,호구총수
上谷面,호구총수
上豆,역지사지LV3
上豆彦台里,호구총수
上豆村里,호구총수
上豆谷,호구총수
上豊里,호구총수
上貴日里,호구총수
上貴洞,호구총수
上貴洞里,호구총수
上赤,호구총수
上赤巖里,호구총수
上赤洞里,호구총수
上赤良里,호구총수
上赤道,호구총수
上車書,역지사지LV3
上辛里,호구총수
上農事,호구총수
上農里,호구총수
上通,호구총수
上通里,호구총수
上造山,호구총수
上連坪里,호구총수
上道,역지사지LV3
上道北村,호구총수
上道坊,호구총수
上道大里,호구총수
上道宗里,호구총수
上道峯里,호구총수
上道川洞,호구총수
上道木里,호구총수
上道洞,호구총수
上道社,호구총수
上道衣里,호구총수
上道谷里,호구총수
上道道里,호구총수
上道里,호구총수
上道門里,호구총수
上道面,호구총수
上達里,호구총수
上避老里,호구총수
上邑,역지사지LV3
上邑內,역지사지LV3·호구총수
上邑內面,호구총수
上邱井,역지사지LV3
上郡,역지사지LV3
上郡梁里,호구총수
上部,역지사지LV3
上部坊,호구총수
上部里,호구총수
上都廳,호구총수
上都洞,호구총수
上都里,호구총수
上里,역지사지LV3·호구총수
上里坊,호구총수
上里堤內里,호구총수
上里洞里,호구총수
上里社,호구총수
上里面,호구총수
上野里,호구총수
上金塘里,호구총수
上金山,역지사지LV3
上金川,호구총수
上金洞里,호구총수
上金田里,호구총수
上金竹里,호구총수
上金谷,호구총수
上金谷里,호구총수
上金鷄,호구총수
上釜谷里,호구총수
上鉢,역지사지LV3
上鉢山,역지사지LV3·호구총수
上鉢山社,호구총수
上鎭里,호구총수
上長,역지사지LV3
上長上里,호구총수
上長串里,호구총수
上長位里,호구총수
上長坪里,호구총수
上長安里,호구총수
上長川,호구총수
上長川里,호구총수
上長朴里,호구총수
上長林里,호구총수
上長洞里,호구총수
上長省,역지사지LV3
上長結里,호구총수
上長蓮洞,호구총수
上長里,호구총수
上長陽,역지사지LV3
上長面,호구총수
上門嶺,신증동국여지승람
上開泰,호구총수
上開里,호구총수
上閑堂里,호구총수
上閭,호구총수
上闗,역지사지LV3
上關,역지사지LV3
上阜,호구총수
上阿山里,호구총수
上院塘里,호구총수
上院村,호구총수
上院里,호구총수
上院院,군현역원
上陶川,호구총수
上陽坊,호구총수
上陽才洞里,호구총수
上陽洞里,호구총수
上隣里,호구총수
上雨山里,호구총수
上雩北,역지사지LV3
上雩南,역지사지LV3
上雲,역지사지LV3
上雲山里,호구총수
上雲谷里,호구총수
上雲里,호구총수
上雲面,호구총수
上靑山村,호구총수
上靑所,호구총수
上靑石洞,호구총수
上靑里,호구총수
上非乃閭,호구총수
上面,역지사지LV3
上項里,호구총수
上飛亭里,호구총수
上飛里,호구총수
上食川里,호구총수
上館,호구총수
上馬堂里,호구총수
上馬山坊,호구총수
上馬山里,호구총수
上馬沙里,호구총수
上馬站里,호구총수
上馬鞭里,호구총수
上驛里,호구총수
上高棧里,호구총수
上魚物廛契,호구총수
上鰲山里,호구총수
上鳥余,호구총수
上鳥洞,호구총수
上鳥里,호구총수
上鳳凰里,호구총수
上鳳鳴,호구총수
上鳴巖里,호구총수
上鳴石村,호구총수
上鵲村,호구총수
上鵲里,호구총수
上鷄村,호구총수
上鷲巖里,호구총수
上鷹巖洞,호구총수
上鹽所,호구총수
上鹽里,호구총수
上麥谷處,특수구역
上黃屯里,호구총수
上黑巖里,호구총수
上黑石里,호구총수
上黨里,호구총수
上鼎山,호구총수
上鼎村,호구총수
上龍,역지사지LV3
上龍伏,역지사지LV3
上龍伏面,호구총수
上龍津里,호구총수
上龍淵,호구총수
上龍溪,호구총수
上龍田里,호구총수
上龍里,호구총수
上龍門,역지사지LV3
上龍頭里,호구총수
上龜尾,역지사지LV3
上龜尾村,호구총수
上龜尾面,호구총수
上龜陽里,호구총수
下㘏洞,호구총수
下一,역지사지LV3
下一運,역지사지LV3·호구총수
下一運面,호구총수
下一道,역지사지LV3·호구총수
下一里,호구총수
下丁太村,호구총수
下七里,호구총수
下三,역지사지LV3
下三宜里,호구총수
下三寶禮閭,호구총수
下三巖,호구총수
下三川里,호구총수
下三池里,호구총수
下三洞里,호구총수
下三浦里,호구총수
下三生里,호구총수
下三田,호구총수
下三里,역지사지LV3·호구총수
下三里面,호구총수
下三陽里,호구총수
下下旀里,호구총수
下不老里,호구총수
下丘尾里,호구총수
下丙洞坊,호구총수
下中山里,호구총수
下中峙里,호구총수
下中方里,호구총수
下中里,호구총수
下中里契,호구총수
下串里,호구총수
下丹地里,호구총수
下丹月,호구총수
下丹里,호구총수
下主谷,호구총수
下乃里,호구총수
下之介谷,호구총수
下乎里,호구총수
下九士里,호구총수
下九禮洞,호구총수
下九郞里,호구총수
下九里,호구총수
下乫幕里,호구총수
下乫田,호구총수
下乭只里,호구총수
下乭地坊契,호구총수
下乭川里,호구총수
下乭里,호구총수
下乺卞里,호구총수
下乾善,호구총수
下乾旨里,호구총수
下二,역지사지LV3
下二運,역지사지LV3
下二運面,호구총수
下二道,역지사지LV3·호구총수
下二里,호구총수
下亏禾,역지사지LV3
下亐禾社,호구총수
下五公洞里,호구총수
下五十石里,호구총수
下五里,호구총수
下井谷里,호구총수
下亭里,호구총수
下仁谷,호구총수
下仇郞里,호구총수
下今丹里,호구총수
下今山,역지사지LV3
下今山面,호구총수
下介坪村,호구총수
下付巖,호구총수
下仙巖,여지도서
下仙里,호구총수
下令通里,호구총수
下以音里,호구총수
下价里,호구총수
下伊沙,역지사지LV3·특수구역
下伊沙部曲,특수구역
下伐村里,호구총수
下伐里,호구총수
下休知里,호구총수
下伽倻谷,호구총수
下住巖閭,호구총수
下佐日里,호구총수
下余田,호구총수
下佛舞谷里,호구총수
下佛里,호구총수
下佳丘里,호구총수
下佳里,호구총수
下保光里,호구총수
下保韓里,호구총수
下倉里,호구총수
下傑隱里,호구총수
下儉巖里,호구총수
下元堂里,호구총수
下元山里,호구총수
下元川,역지사지LV3
下元川社,호구총수
下元德里,호구총수
下元角村,호구총수
下內亂里,호구총수
下內洞閭,호구총수
下八卦里,호구총수
下八智里,호구총수
下八松里,호구총수
下八桂洞,호구총수
下八里,호구총수
下公井里,호구총수
下公山里,호구총수
下六里,호구총수
下冠方村,호구총수
下冷井里,호구총수
下凍里,호구총수
下凡南里,호구총수
下凡魚里,호구총수
下分二里,호구총수
下分土里,호구총수
下初北,역지사지LV3
下別里,호구총수
下利洞,호구총수
下前川里,호구총수
下前里,호구총수
下劒山,호구총수
下加,역지사지LV3
下加南,역지사지LV3
下加大浦里,호구총수
下加尺里,호구총수
下加村,호구총수
下加條里,호구총수
下加樂里,호구총수
下加次山里,호구총수
下加社,호구총수
下加里,호구총수
下助旺,호구총수
下北,역지사지LV3
下北三,역지사지LV3
下北二,역지사지LV3
下北枝里,호구총수
下北部,호구총수
下北里,호구총수
下北面,호구총수
下升洞里,호구총수
下卓里,호구총수
下南,역지사지LV3
下南三同,역지사지LV3
下南二同,역지사지LV3
下南初同,역지사지LV3
下南堂里,호구총수
下南塘,호구총수
下南山里,호구총수
下南部,호구총수
下南里,호구총수
下南陽里,호구총수
下南面,호구총수
下南面里,호구총수
下卞田,호구총수
下卞許洞,호구총수
下占卜里,호구총수
下厚利谷里,호구총수
下厚浦里,호구총수
下反浦里,호구총수
下古,역지사지LV3
下古尾,역지사지LV3
下古尾面,호구총수
下古幕,호구총수
下古延里,호구총수
下古瓦,역지사지LV3
下古社,호구총수
下古縣,호구총수
下古縣里,호구총수
下古達里,호구총수
下古邑里,호구총수
下古郡里,호구총수
下古里,호구총수
下可習里,호구총수
下可連里,호구총수
下台峯,호구총수
下台里,호구총수
下史洞,호구총수
下司倉里,호구총수
下君明里,호구총수
下吾丁,역지사지LV3
下吾里,호구총수
下呑田里,호구총수
下周易里,호구총수
下品谷洞,호구총수
下嘉元里,호구총수
下器店里,호구총수
下四巖里,호구총수
下四巷里,호구총수
下四里,호구총수
下國寺里,호구총수
下圓浦里,호구총수
下圖,역지사지LV3
下圖面,호구총수
下土井里,호구총수
下地位里,호구총수
下地境里,호구총수
下地藏里,호구총수
下坊,역지사지LV3
下坊里,호구총수
下坊面,호구총수
下坡谷,호구총수
下坪,호구총수
下坪村,호구총수
下坪村里,호구총수
下坪角,호구총수
下坪里,호구총수
下垈洞里,호구총수
下垈里,호구총수
下城劫里,호구총수
下城北坊,호구총수
下城北里,호구총수
下城山里,호구총수
下城底里,호구총수
下城里,호구총수
下城門里,호구총수
下基洞里,호구총수
下堤里,호구총수
下場巖里,호구총수
下塔里,호구총수
下墨正里,호구총수
下壯儀里,호구총수
下壽富里,호구총수
下外城里,호구총수
下外川里,호구총수
下多佛里,호구총수
下多村,호구총수
下多美,역지사지LV3
下夜味,호구총수
下夢里,호구총수
下大,역지사지LV3
下大乃谷,호구총수
下大坪,호구총수
下大壯里,호구총수
下大寺里,호구총수
下大月里,호구총수
下大朴里,호구총수
下大村,호구총수
下大村里,호구총수
下大沙山,호구총수
下大洞里,호구총수
下大田,호구총수
下大谷,역지사지LV3
下大谷里,호구총수
下大里,호구총수
下大門里,호구총수
下天山里,호구총수
下天老里,호구총수
下夫車里,호구총수
下奉,역지사지LV3
下好里,호구총수
下孝敦里,호구총수
下孤山里,호구총수
下孫里,호구총수
下守南,역지사지LV3
下守南面,호구총수
下守西,역지사지LV3
下守西面,호구총수
下安,역지사지LV3
下安里,호구총수
下官堂里,호구총수
下官堤里,호구총수
下官寺里,호구총수
下宮里,호구총수
下宿里,호구총수
下實川里,호구총수
下寬惠里,호구총수
下寶光里,호구총수
下小昆里,호구총수
下尙林洞,호구총수
下尺洞里,호구총수
下屈洞里,호구총수
下屈里,호구총수
下履素里,호구총수
下屯德里,호구총수
下屯里,호구총수
下山亭里,호구총수
下山北里,호구총수
下山垈里,호구총수
下山場里,호구총수
下山所,호구총수
下山洞,호구총수
下山越里,호구총수
下山默里,호구총수
下屹村里,호구총수
下岐川,역지사지LV3·호구총수
下岐川社,호구총수
下島里,호구총수
下崛項里,호구총수
下巖里,호구총수
下川,군현역원·여지도서·역지사지LV3
下川尾里,호구총수
下川里,호구총수
下川面,호구총수
下州西,역지사지LV3
下巨里,호구총수
下巨里谷洞,호구총수
下巴古里,호구총수
下帝石里,호구총수
下席卜里,호구총수
下幕瑟浦里,호구총수
下平,역지사지LV3
下平倉,역지사지LV3
下平倉坊,호구총수
下平地里,호구총수
下平德里,호구총수
下平田里,호구총수
下平里,호구총수
下店村,호구총수
下庚社里,호구총수
下府,역지사지LV3
下府內,역지사지LV3
下府內面,호구총수
下庫頭,호구총수
下廂,역지사지LV3
下廣巖,호구총수
下廣德里,호구총수
下廣洞,호구총수
下廣里,호구총수
下弓村里,호구총수
下弘門契,호구총수
下彌,역지사지LV3
下德城里,호구총수
下德川里,호구총수
下德村,호구총수
下德谷,역지사지LV3
下德谷里,호구총수
下德里,호구총수
下德頭里,호구총수
下德龍里,호구총수
下必德里,호구총수
下念作里,호구총수
下息里,호구총수
下惠下里,호구총수
下慈溪村,호구총수
下所也里,호구총수
下所件,호구총수
下所孔里,호구총수
下所萬,호구총수
下所里,호구총수
下才南里,호구총수
下掌坪里,호구총수
下操琴里,호구총수
下擧石村,호구총수
下擧石里,호구총수
下斗之閭,호구총수
下斗井里,호구총수
下斗南,호구총수
下斗吉里,호구총수
下斗文里,호구총수
下斗里,호구총수
下新亭,호구총수
下新反,호구총수
下新垈,호구총수
下新基里,호구총수
下新堤里,호구총수
下新峙里,호구총수
下新川里,호구총수
下新德,역지사지LV3
下新德里,호구총수
下新所,호구총수
下新方村,호구총수
下新村,호구총수
下新洞,호구총수
下新洞里,호구총수
下新谷里,호구총수
下新里,호구총수
下新院里,호구총수
下方,역지사지LV3
下方下里,호구총수
下方目里,호구총수
下方良里,호구총수
下於旺里,호구총수
下旀,역지사지LV3
下旀坊,호구총수
下旀士乃里,호구총수
下旀里,호구총수
下早谷,역지사지LV3
下早谷里,호구총수
下旺洞,호구총수
下昌林,호구총수
下星里,호구총수
下晩止里,호구총수
下景屯里,호구총수
下書頭里,호구총수
下月,역지사지LV3
下月午洞,호구총수
下月岳里,호구총수
下月面,호구총수
下朝陽,역지사지LV3
下朝陽社,호구총수
下朝陽里,호구총수
下木盆里,호구총수
下木里,호구총수
下未里,호구총수
下末里,호구총수
下朱庫里,호구총수
下杏山,호구총수
下杏里,호구총수
下村,호구총수
下村里,호구총수
下杜谷東里,호구총수
下杜谷西里,호구총수
下杜里,호구총수
下杜陵洞里,호구총수
下東,역지사지LV3
下東二同,역지사지LV3
下東初同,역지사지LV3
下東古川,역지사지LV3
下東子,호구총수
下東山里,호구총수
下東崇眞里,호구총수
下東川,호구총수
下東幕里,호구총수
下東村,역지사지LV3
下東村里,호구총수
下東村面,호구총수
下東汗里,호구총수
下東海里,호구총수
下東車里,호구총수
下東連里,호구총수
下東邊,역지사지LV3·호구총수
下東邊里,호구총수
下東部里,호구총수
下東里,호구총수
下東門內里,호구총수
下東面,호구총수
下杻洞里,호구총수
下松亭,호구총수
下松坡里,호구총수
下松山里,호구총수
下松峴里,호구총수
下松川里,호구총수
下松林村,호구총수
下松洞里,호구총수
下松溪,호구총수
下松牙里,호구총수
下松葛里,호구총수
下松里,호구총수
下板斤,호구총수
下板溪,호구총수
下板谷里,호구총수
下林,호구총수
下林村,호구총수
下林赤里,호구총수
下林邑閭,호구총수
下林里,호구총수
下林閭,호구총수
下枝山,세종실록지리지·여지도서
下柳,역지사지LV3
下柳井里,호구총수
下柳浦里,호구총수
下柳等浦,호구총수
下柳里,호구총수
下柿里,호구총수
下栗,역지사지LV3
下栗上里,호구총수
下栗峴里,호구총수
下栗新坪里,호구총수
下栗木里,호구총수
下栗村,호구총수
下栗里,호구총수
下栗面,호구총수
下校里,호구총수
下桃源,역지사지LV3
下桶洞里,호구총수
下梅谷里,호구총수
下梧井,역지사지LV3·호구총수
下梧亭,역지사지LV3
下梧亭面,호구총수
下梧桐里,호구총수
下梨坪,호구총수
下梨洞里,호구총수
下梨谷,호구총수
下梯里,호구총수
下椧谷里,호구총수
下椵南里,호구총수
下楊五里,호구총수
下楮洞,호구총수
下楮田里,호구총수
下極只里,호구총수
下楸洞,호구총수
下楸洞里,호구총수
下槐亭,호구총수
下槽洞里,호구총수
下樓里,호구총수
下橋東里,호구총수
下橋洞里,호구총수
下橋西里,호구총수
下機地里,호구총수
下橫山,호구총수
下檜洞里,호구총수
下檢,역지사지LV3·호구총수
下檢丹里,호구총수
下檢垈里,호구총수
下檢堂,호구총수
下正里,호구총수
下武陵洞里,호구총수
下歸老里,호구총수
下毛涯里,호구총수
下水內里,호구총수
下水回里,호구총수
下水掘里,호구총수
下水洞里,호구총수
下水溢里契,호구총수
下水邊里,호구총수
下水里,호구총수
下氷川里,호구총수
下永川里,호구총수
下求之村,호구총수
下汗里,호구총수
下汚禾,역지사지LV3
下汝坪里,호구총수
下池內,호구총수
下池城里,호구총수
下沙,역지사지LV3
下沙器,호구총수
下沙寶閭,호구총수
下沙旨里,호구총수
下沙道里,호구총수
下沙里,호구총수
下沙面,호구총수
下河波里,호구총수
下泉洞,호구총수
下泉洞里,호구총수
下泉谷里,호구총수
下泉里,호구총수
下法林里,호구총수
下洞,역지사지LV3·호구총수
下洞坊,호구총수
下洞盤谷里,호구총수
下洞花里,호구총수
下洞里,호구총수
下津,신증동국여지승람
下津里,호구총수
下活谷部曲,특수구역
下浦南里,호구총수
下浦村,호구총수
下浦里,호구총수
下深洞里,호구총수
下深谷里,호구총수
下淸安洞,호구총수
下淸川,호구총수
下渚海里,호구총수
下渚陸里,호구총수
下湖里,역지사지LV3
下濟上里,호구총수
下濟又下里,호구총수
下炭屯里,호구총수
下炭里,호구총수
下烏山里,호구총수
下烏等里,호구총수
下烽臺,호구총수
下無等川里,호구총수
下無老谷里,호구총수
下無限里,호구총수
下照林,호구총수
下熊北里,호구총수
下熊坪村,호구총수
下熊里,호구총수
下爾勿里,호구총수
下牛峙,호구총수
下牛川村,호구총수
下牛項里,호구총수
下牛頭里,호구총수
下狸里,호구총수
下猊來里,호구총수
下獐谷里,호구총수
下獨亭里,호구총수
下獨田里,호구총수
下玄巖,호구총수
下率洞里,호구총수
下玉洞里,호구총수
下玉溪里,호구총수
下瑞巖里,호구총수
下瓦坪,호구총수
下瓦洞里,호구총수
下瓮店里,호구총수
下甁谷里,호구총수
下甑山里,호구총수
下甑里,호구총수
下甘城里,호구총수
下甘所大里,호구총수
下甘泉里,호구총수
下用奉,역지사지LV3
下甫靑,역지사지LV3
下田佐里,호구총수
下甲里,호구총수
下申石里,호구총수
下界,역지사지LV3
下界里,호구총수
下界面,호구총수
下番岩,역지사지LV3
下番巖,역지사지LV3
下番巖坊,호구총수
下登山,호구총수
下發美里,호구총수
下白也谷里,호구총수
下白屋里,호구총수
下白羊洞,호구총수
下白道里,호구총수
下盤山里,호구총수
下盤里,호구총수
下盤龍里,호구총수
下直川里,호구총수
下省洞,호구총수
下省里,호구총수
下石串里,호구총수
下石橋里,호구총수
下石淵里,호구총수
下石灘里,호구총수
下石谷,호구총수
下石谷里,호구총수
下石里,호구총수
下石鉢,호구총수
下碑里,호구총수
下磻岩,역지사지LV3
下神鶴里,호구총수
下祿後里,호구총수
下福星閭,호구총수
下福洞,호구총수
下福洞里,호구총수
下禾村,호구총수
下程,호구총수
下稧里,호구총수
下立石里,호구총수
下站里,호구총수
下端,역지사지LV3
下端里,호구총수
下端面,호구총수
下竹山里,호구총수
下竹村,호구총수
下竹洞,호구총수
下竹田里,호구총수
下竹谷里,호구총수
下竹里,호구총수
下第亦里,호구총수
下筆峰,호구총수
下筏里,호구총수
下箭幕,호구총수
下箭後里,호구총수
下米廛契,호구총수
下糠山里,호구총수
下納谷里,호구총수
下紙幕里,호구총수
下紫浦,호구총수
下細山,호구총수
下細洞里,호구총수
下細浦里,호구총수
下細竹里,호구총수
下絲臥里,호구총수
下綱勿谷坊,호구총수
下網障里,호구총수
下縣,역지사지LV3
下縣內,역지사지LV3
下縣內面,호구총수
下縣里,호구총수
下置等,역지사지LV3
下置等面,호구총수
下羅梅楊里,호구총수
下老多村,호구총수
下老洞里,호구총수
下老積里,호구총수
下者里,호구총수
下者阿浦里,호구총수
下耳巖里,호구총수
下耳本里,호구총수
下耳落里,호구총수
下聖,역지사지LV3
下聖淵,역지사지LV3
下職串下里,호구총수
下職串中里,호구총수
下職串里,호구총수
下胎封,호구총수
下胎山,호구총수
下興玉里,호구총수
下舟八里,호구총수
下船橋,호구총수
下良才洞里,호구총수
下芙江,호구총수
下芚田,호구총수
下芝坪里,호구총수
下花山里,호구총수
下花岑,호구총수
下花溪里,호구총수
下芳木里,호구총수
下芳谷里,호구총수
下苔,역지사지LV3
下苔島,호구총수
下茂山,역지사지LV3
下茂山里,호구총수
下茅川里,호구총수
下茅村里,호구총수
下茵山,호구총수
下荀里,호구총수
下草坪,호구총수
下草川里,호구총수
下草枝村,호구총수
下草浦,호구총수
下草浦里,호구총수
下草芳,호구총수
下草谷里,호구총수
下草里,호구총수
下荊谷,호구총수
下莘谷,호구총수
下莞洞,호구총수
下莫其味,호구총수
下菱村,호구총수
下萬壽洞,호구총수
下萬方里,호구총수
下萬月里,호구총수
下萬水洞里,호구총수
下萬里,호구총수
下葛洞里,호구총수
下葛田,역지사지LV3
下葛申,호구총수
下葛里,호구총수
下蓬萊,역지사지LV3
下蓮洞里,호구총수
下蓮舟,호구총수
下藍石里,호구총수
下蘆里,호구총수
下虎鳴里,호구총수
下蛇浦里,호구총수
下蜈嘴里,호구총수
下蟠岩,역지사지LV3
下蟹橋里,호구총수
下蟻洞里,호구총수
下衙村,호구총수
下表井里,호구총수
下西,역지사지LV3
下西位里,호구총수
下西南里,호구총수
下西子里,호구총수
下西浦里,호구총수
下西湖亭,호구총수
下西部里,호구총수
下西里,호구총수
下西門內里,호구총수
下西門里,호구총수
下西面,호구총수
下訥巖里,호구총수
下訥谷里,호구총수
下論岑,호구총수
下諸,역지사지LV3
下諸島,호구총수
下谷,역지사지LV3
下豆,역지사지LV3
下豆彦台里,호구총수
下豆田里,호구총수
下豆谷,호구총수
下貴日里,호구총수
下貴洞,호구총수
下赤,호구총수
下赤巖里,호구총수
下赤洞里,호구총수
下赤道,호구총수
下車引里,호구총수
下車書,역지사지LV3
下車洞,호구총수
下農事,호구총수
下農里,호구총수
下通,호구총수
下通洑里,호구총수
下通里,호구총수
下造山里,호구총수
下連呼里,호구총수
下道,역지사지LV3
下道北村,호구총수
下道坊,호구총수
下道大里,호구총수
下道宗里,호구총수
下道峯里,호구총수
下道川洞,호구총수
下道木里,호구총수
下道洞,호구총수
下道社,호구총수
下道衣里,호구총수
下道谷里,호구총수
下道道里,호구총수
下道里,호구총수
下道面,호구총수
下達里,호구총수
下邑,역지사지LV3
下邑面,호구총수
下邱井,역지사지LV3
下郡,역지사지LV3
下郡梁里,호구총수
下郡里,호구총수
下部,역지사지LV3
下部坊,호구총수
下部里,호구총수
下都洞,호구총수
下里,역지사지LV3·호구총수
下里一運,역지사지LV3
下里二運,역지사지LV3
下里洞內,호구총수
下里面,호구총수
下金堀里,호구총수
下金塘里,호구총수
下金山,역지사지LV3
下金川,호구총수
下金川里,호구총수
下金沙洞,호구총수
下金田里,호구총수
下金竹里,호구총수
下金谷,호구총수
下金谷里,호구총수
下釜谷里,호구총수
下鉢,역지사지LV3
下鉢山,역지사지LV3·호구총수
下鉢里,역지사지LV3
下鉢里社,호구총수
下鑰村里,호구총수
下長,역지사지LV3
下長上里,호구총수
下長下里,호구총수
下長串里,호구총수
下長位里,호구총수
下長坪里,호구총수
下長川里,호구총수
下長朴里,호구총수
下長林里,호구총수
下長沙,호구총수
下長省,역지사지LV3
下長省面,호구총수
下長結里,호구총수
下長蓮洞,호구총수
下長里,호구총수
下長阜,호구총수
下長陽,역지사지LV3
下門嶺,신증동국여지승람
下開基里,호구총수
下開里,호구총수
下阜,호구총수
下院塘里,호구총수
下院村,호구총수
下院里,호구총수
下離,역지사지LV3
下雨山里,호구총수
下雩,역지사지LV3
下雩北,역지사지LV3
下雲,역지사지LV3
下雲山里,호구총수
下雲田里,호구총수
下雲谷里,호구총수
下雲里,호구총수
下靑山村,호구총수
下靑石洞,호구총수
下非村,호구총수
下飛亭里,호구총수
下飛里,호구총수
下飛龍巢,호구총수
下食川里,호구총수
下館,호구총수
下館里,호구총수
下香浦里,호구총수
下馬亭里,호구총수
下馬山坊,호구총수
下馬山里,호구총수
下馬廐里,호구총수
下馬村,호구총수
下馬站里,호구총수
下馬臺,호구총수
下駕山,여지도서
下驛里,호구총수
下高尺山里,호구총수
下高棧里,호구총수
下魚隱里,호구총수
下魚頭里,호구총수
下鰲山里,호구총수
下鳥余,호구총수
下鳥里,호구총수
下鳳凰里,호구총수
下鳳鳴,호구총수
下鳴巖里,호구총수
下鳴石村,호구총수
下鵲村,호구총수
下鵲里,호구총수
下鶴洞里,호구총수
下鶴里,호구총수
下鶴野里,호구총수
下鷹巖洞,호구총수
下鹽所,호구총수
下鹽里,호구총수
下麥谷處,특수구역
下黃屯里,호구총수
下黑巖里,호구총수
下黑石里,호구총수
下鼎坊,호구총수
下鼎山,호구총수
下鼎村,호구총수
下龍,역지사지LV3
下龍伏,역지사지LV3
下龍伏面,호구총수
下龍塘,호구총수
下龍洞,호구총수
下龍津里,호구총수
下龍田里,호구총수
下龍門,역지사지LV3
下龍頭,호구총수
下龍頭里,호구총수
下龜尾,역지사지LV3
下龜尾村,호구총수
下龜巖里,호구총수
丌山里,호구총수
不動,역지사지LV3
不動坊,역지사지LV3
不動防,역지사지LV3
不暮里,호구총수
不死里,호구총수
不毛島,호구총수
不毛洞里,호구총수
不毛里,호구총수
不無洞里,호구총수
不目洞里,호구총수
不知院,군현역원
不老峙,호구총수
不老村,호구총수
不老洞,호구총수
不老洞里,호구총수
不老里,역지사지LV3·호구총수
不老里面,호구총수
丑內村,호구총수
丑只村,호구총수
丑山,역지사지LV3
丑山島,여지도서
丑山津里,호구총수
丑山里,호구총수
丑山陸里,호구총수
丑川,신증동국여지승람
且京洞里,호구총수
且畊里,호구총수
且耕里,호구총수
世串,역지사지LV3
世串面,호구총수
世于村,호구총수
世于處,특수구역
世安里,호구총수
世川,군현역원
世川里,호구총수
世干川,여지도서
世干院,군현역원
世念峙佛堂里,호구총수
世村里,호구총수
世永洞,호구총수
世津村,호구총수
世淸,역지사지LV3
世淸社,호구총수
世界院,호구총수
世茂洞,호구총수
世被里,호구총수
世谷,역지사지LV3·호구총수
世谷社,호구총수
世道,역지사지LV3
世道面,호구총수
世長里,호구총수
世飽里,호구총수
丘井,역지사지LV3
丘井面,호구총수
丘坪坊,호구총수
丘坪村,호구총수
丘墟,군현역원
丘墟浦,여지도서
丘墟部曲,특수구역
丘墟里,호구총수
丘山,군현역원
丘山里,호구총수
丘斗谷里,호구총수
丙南,역지사지LV3
丙坡,역지사지LV3
丙坡面,호구총수
丙實里,호구총수
丙方山,여지도서
丙方洞里,호구총수
丙方里,호구총수
丙浦泛坊,호구총수
丙浦里,호구총수
丙舍里,호구총수
並上里,호구총수
並下里,호구총수
並中里,호구총수
並城,호구총수
並城坊,호구총수
並山村,호구총수
並方谷里,호구총수
並木面,호구총수
並末浦,호구총수
並玉里,호구총수
並背村,호구총수
並谷村,호구총수
並雲閭,호구총수
丫浦,역지사지LV3
丫號未嶺,여지도서
中一里,호구총수
中丁里,호구총수
中七里,호구총수
中三同,역지사지LV3
中三岐,호구총수
中三里,호구총수
中三陽里,호구총수
中上,역지사지LV3
中上里,호구총수
中下,역지사지LV3
中下村,호구총수
中下里,호구총수
中丘堂里,호구총수
中丘峙,호구총수
中中里,호구총수
中串里,호구총수
中丹里,호구총수
中乺卞里,호구총수
中二同,역지사지LV3
中二里,호구총수
中五里,호구총수
中仁德里,호구총수
中今山里,호구총수
中仙巖,여지도서
中仙里,호구총수
中令,역지사지LV3
中令坊,호구총수
中以音里,호구총수
中伐村里,호구총수
中伐谷里,호구총수
中伽倻里,호구총수
中余田,호구총수
中佛里,호구총수
中作,호구총수
中倉里,호구총수
中元堂里,호구총수
中光里,호구총수
中六里,호구총수
中初同,역지사지LV3
中初同加佐里,호구총수
中初同松亭里,호구총수
中初同林皐亭里,호구총수
中初同發禮同里,호구총수
中初同美羅里,호구총수
中初洞里,호구총수
中化村,호구총수
中化里,호구총수
中北,역지사지LV3
中北石門里,호구총수
中北里,호구총수
中北面,호구총수
中南,역지사지LV3
中南塘,호구총수
中南山,호구총수
中南里,호구총수
中南面,호구총수
中古縣里,호구총수
中可習里,호구총수
中台村,호구총수
中台里,호구총수
中右,역지사지LV3
中右面,호구총수
中吉里,호구총수
中和,군현역원·역지사지LV3
中咸里,호구총수
中善里,호구총수
中坊,역지사지LV3
中坊西里,호구총수
中坊里,호구총수
中坪,역지사지LV3·호구총수
中坪社,호구총수
中坪里,호구총수
中垈,역지사지LV3
中垈里,호구총수
中城干川,여지도서
中城里,호구총수
中基,호구총수
中基里,호구총수
中堂洞,호구총수
中堡村,호구총수
中場村,호구총수
中場里,호구총수
中塔里,호구총수
中壯儀,호구총수
中外城里,호구총수
中外洞,호구총수
中夢里,호구총수
中大安里,호구총수
中大月里,호구총수
中大村,호구총수
中大洞里,호구총수
中大田里,호구총수
中大谷,호구총수
中大門里,호구총수
中奄川,여지도서
中如魯里,호구총수
中孝敦里,호구총수
中孤山里,호구총수
中學內契,호구총수
中安,역지사지LV3
中安里,호구총수
中宗里,호구총수
中官堤里,호구총수
中官寺洞里,호구총수
中寧山,신증동국여지승람
中寺里,호구총수
中尼谷,역지사지LV3
中山,신증동국여지승람·역지사지LV3·호구총수
中山坊,호구총수
中山村,호구총수
中山直,호구총수
中山社,호구총수
中山越里,호구총수
中山里,호구총수
中岱,역지사지LV3
中峙里,호구총수
中峯山,여지도서
中峯里,호구총수
中峴里,호구총수
中島里,호구총수
中嶺,역지사지LV3
中嶺山,여지도서
中巖莊里,호구총수
中川,여지도서
中州官里,호구총수
中左,역지사지LV3
中左面,호구총수
中巨里,호구총수
中席卜里,호구총수
中平地里,호구총수
中平田里,호구총수
中平里,호구총수
中店,호구총수
中廣里,호구총수
中德峙,호구총수
中德谷,호구총수
中德里,호구총수
中心里,호구총수
中成里,호구총수
中所件,호구총수
中所孔里,호구총수
中所谷里,호구총수
中揮羅,호구총수
中文,역지사지LV3
中文里,호구총수
中文院,군현역원
中斗里,호구총수
中新垈里,호구총수
中新基里,호구총수
中新村,호구총수
中新村里,호구총수
中新里,호구총수
中新閭,호구총수
中方,역지사지LV3
中方坊,호구총수
中方垈里,호구총수
中方村,호구총수
中方里,호구총수
中方面,호구총수
中旀士乃里,호구총수
中旨村,호구총수
中旨里,호구총수
中旺山村,호구총수
中明洞,호구총수
中明里,호구총수
中春陽,역지사지LV3
中月老里,호구총수
中木里,호구총수
中本里,호구총수
中朱伊,역지사지LV3
中村,역지사지LV3·호구총수
中村里,호구총수
中村閭,호구총수
中村面,호구총수
中東,역지사지LV3
中東山里,호구총수
中東里,호구총수
中東面,호구총수
中松山里,호구총수
中松村,호구총수
中松洞,호구총수
中松溪,호구총수
中板斤,호구총수
中板里,호구총수
中林,역지사지LV3
中林泉里,호구총수
中林里,호구총수
中林面,호구총수
中柳里,호구총수
中栗里,호구총수
中校洞里,호구총수
中桂里,호구총수
中梁浦,신증동국여지승람
中條山,여지도서
中梯里,호구총수
中樞府內契,호구총수
中橋村,호구총수
中機里,호구총수
中武陵洞里,호구총수
中水雄里,호구총수
中水項里,호구총수
中汝坪里,호구총수
中江,역지사지LV3
中江里,호구총수
中沙川里,호구총수
中沙朴里,호구총수
中沙池里,호구총수
中沙洞里,호구총수
中河波里,호구총수
中洑里,호구총수
中洞,호구총수
中洞村,호구총수
中洞里,호구총수
中津院,군현역원
中浦,호구총수
中浪浦契,호구총수
中海里,호구총수
中深洞里,호구총수
中淸洞里,호구총수
中源里,호구총수
中溪村,호구총수
中濟川,호구총수
中灘里,호구총수
中炭坊,호구총수
中無老谷里,호구총수
中熊北里,호구총수
中熊里,호구총수
中牛峙,호구총수
中牟,특수구역
中牟川,여지도서
中牟縣,특수구역
中狐山里,호구총수
中狸里,호구총수
中獨谷,호구총수
中玉山,호구총수
中甁谷,호구총수
中田山,여지도서
中田里,호구총수
中畓里,호구총수
中番岩,역지사지LV3
中番巖,역지사지LV3
中登洞里,호구총수
中登里,호구총수
中白山,호구총수
中白峴,호구총수
中皮巖里,호구총수
中盆里,호구총수
中盡坊,호구총수
中石淵里,호구총수
中石谷里,호구총수
中福洞里,호구총수
中秋溪,여지도서
中程,호구총수
中稧里,호구총수
中端里,호구총수
中竹村,호구총수
中竹谷里,호구총수
中節里,호구총수
中細洞里,호구총수
中網障里,호구총수
中耆洞,호구총수
中耋隱,호구총수
中耳本,호구총수
中耳落里,호구총수
中職串里,호구총수
中胎封,호구총수
中臺,역지사지LV3
中臺二洞,호구총수
中臺山,여지도서
中臺里,호구총수
中臺面,호구총수
中興,역지사지LV3
中興坊,호구총수
中興村,호구총수
中興洞,호구총수
中興里,호구총수
中興閭,호구총수
中興面,호구총수
中舍人里,호구총수
中船村,호구총수
中船橋,호구총수
中船海村,호구총수
中船里,호구총수
中船陸里,호구총수
中良林里,호구총수
中芚田,호구총수
中荀池,호구총수
中草川里,호구총수
中草浦里,호구총수
中草里,호구총수
中華表里,호구총수
中蓮里,호구총수
中薪坪里,호구총수
中藍石里,호구총수
中西,역지사지LV3
中西南里,호구총수
中西里,호구총수
中西面,호구총수
中角里,호구총수
中谷,역지사지LV3
中谷里,호구총수
中貴洞里,호구총수
中赤店里,호구총수
中赤良里,호구총수
中路契,호구총수
中路里,호구총수
中軍洞里,호구총수
中返坊,호구총수
中連,군현역원
中連呼里,호구총수
中道乃,호구총수
中道川洞,호구총수
中道門里,호구총수
中邊里,호구총수
中部,역지사지LV3·호구총수
中部坊,호구총수
中部里,호구총수
中部面,호구총수
中都里,호구총수
中鄕里,호구총수
中酒幕里,호구총수
中里,역지사지LV3·호구총수
中里村,호구총수
中里洞,호구총수
中里面,호구총수
中野里,호구총수
中金里,호구총수
中金鷄,호구총수
中鉢山,호구총수
中長川,호구총수
中長林里,호구총수
中長陽,역지사지LV3
中閭村,호구총수
中陽坊,호구총수
中陽里,호구총수
中面,호구총수
中項村,호구총수
中頓里,호구총수
中館里,호구총수
中首山,호구총수
中香浦里,호구총수
中馬山里,호구총수
中魚物廛一牌契,호구총수
中魚物廛二牌契,호구총수
中鳳谷,호구총수
中鳳鳴,호구총수
中鳴巖里,호구총수
中鶴山,여지도서
中鶴野里,호구총수
中麻屹村,호구총수
中鼎坊,호구총수
中龍里,호구총수
中龜尾村,호구총수
中連,군현역원
串中村契,호구총수
串之村,호구총수
串內洞,호구총수
串內里,호구총수
串地里,호구총수
串大沙里,호구총수
串大洞,호구총수
串岬遷,여지도서
串峙村,호구총수
串川院,군현역원
串旨里,호구총수
串東里,호구총수
串殘里,호구총수
串浦,호구총수
串潺,호구총수
串肝地,호구총수
串芝里,호구총수
串西里,호구총수
串里,호구총수
串餘里,호구총수
丹上里,호구총수
丹下里,호구총수
丹丘,군현역원
丹丘里,호구총수
丹之洞,호구총수
丹北,역지사지LV3
丹南,역지사지LV3
丹南面,호구총수
丹嚴,군현역원
丹坪,군현역원
丹坪里,호구총수
丹城,군현역원·역지사지LV3
丹場,역지사지LV3
丹密,역지사지LV3·특수구역
丹密縣,특수구역
丹山,역지사지LV3
丹山村,호구총수
丹山洞,호구총수
丹岩,군현역원
丹嵒,군현역원
丹嶺,군현역원
丹巖,군현역원
丹巖上里,호구총수
丹巖下里,호구총수
丹川,호구총수
丹川里,호구총수
丹平,군현역원
丹月,군현역원·역지사지LV3
丹月川里,호구총수
丹月部曲,특수구역
丹月里,호구총수
丹村,역지사지LV3
丹村里,호구총수
丹村面,호구총수
丹東,역지사지LV3
丹東面,호구총수
丹林,군현역원
丹林里,호구총수
丹棗,군현역원
丹樹里洞,호구총수
丹溪,특수구역
丹溪川,여지도서
丹溪廢縣,특수구역
丹溪村,호구총수
丹田里,호구총수
丹砂峽,여지도서
丹砂里,호구총수
丹臺洞,호구총수
丹西,역지사지LV3
丹谷部曲,특수구역
丹谷里,호구총수
丹邱,군현역원
丹陽,군현역원·역지사지LV3
丹陽里,호구총수
丹陽面,호구총수
丹頓里,호구총수
主乙長伊所,특수구역
主勿村,호구총수
主勿淵津,여지도서
主吏寺村,호구총수
主善上里,호구총수
主善下里,호구총수
主善中里,호구총수
主善部曲,특수구역
主尙,역지사지LV3
主山,여지도서
主屹山,세종실록지리지·여지도서
主梅村,호구총수
主浦,여지도서
主浦里,호구총수
主谷,역지사지LV3
主谷下里,호구총수
主谷洞里,호구총수
主谷部曲,특수구역
主谷里,호구총수
乂本部曲,특수구역
乂谷,역지사지LV3
乂谷面,호구총수
乃亇里,호구총수
乃亇里面,호구총수
乃亍里,역지사지LV3
乃化,역지사지LV3
乃化里,역지사지LV3
乃化里面,호구총수
乃半里,호구총수
乃城,역지사지LV3
乃城面,호구총수
乃場里,호구총수
乃大石里,호구총수
乃文,역지사지LV3
乃文里,호구총수
乃文面,호구총수
乃是里,호구총수
乃朴,특수구역
乃朴所,특수구역
乃村,역지사지LV3
乃毛老里,호구총수
乃洞,역지사지LV3
乃火石,역지사지LV3
乃火石坊,호구총수
乃火石所,특수구역
乃火里,호구총수
乃畓里,호구총수
乃興唐里,호구총수
乃谷,역지사지LV3
乃谷坊,호구총수
乃谷里,호구총수
乃邑,역지사지LV3
久積里,호구총수
久興里,호구총수
之乼洞,호구총수
之五里,호구총수
之奇里岳,여지도서
之德院,군현역원
之於屯契,호구총수
之每村,호구총수
之羅,호구총수
之良里,호구총수
之飛里,호구총수
乍禮里,호구총수
九上洞,호구총수
九上里,호구총수
九世里,호구총수
九中里,호구총수
九丹里,호구총수
九之,호구총수
九之井里,호구총수
九之山里,호구총수
九井,역지사지LV3
九井坊,호구총수
九井峯,여지도서
九井里,호구총수
九亭里,호구총수
九佐里,호구총수
九億里,호구총수
九則,역지사지LV3
九則面,호구총수
九勒山,여지도서
九化里,호구총수
九十浦,신증동국여지승람
九千場里,호구총수
九千里面,호구총수
九南洞,호구총수
九印村,호구총수
九原里,호구총수
九吉里,호구총수
九味,호구총수
九味里,호구총수
九圃,역지사지LV3
九坪里,호구총수
九城洞里,호구총수
九城里,호구총수
九塔里,호구총수
九士里,호구총수
九壽峴里,호구총수
九天洞,호구총수
九子谷,역지사지LV3
九子谷面,호구총수
九宮坪村,호구총수
九寧,역지사지LV3
九寧山里,호구총수
九寧面,호구총수
九尾上里,호구총수
九尾下里,호구총수
九尾里,호구총수
九山,역지사지LV3
九山里,호구총수
九岩,역지사지LV3
九峀,역지사지LV3
九峀山,여지도서
九峀洞,호구총수
九峙村,호구총수
九峯,호구총수
九峯山,세종실록지리지·여지도서
九峯洞里,호구총수
九峯里,호구총수
九峰山,세종실록지리지
九峴洞,호구총수
九嶺里,호구총수
九巒里,호구총수
九巖,호구총수
九巖里,호구총수
九川,여지도서·역지사지LV3
九川洞,여지도서
九川里,호구총수
九巨里,호구총수
九師里,호구총수
九干洞里,호구총수
九幸里,호구총수
九德洞村,호구총수
九德洞里,호구총수
九德里,호구총수
九志里,호구총수
九思里,호구총수
九應橋里,호구총수
九成村,호구총수
九所村,호구총수
九抑里,호구총수
九政里,호구총수
九文天,역지사지LV3
九文川,역지사지LV3
九斗毛村,호구총수
九方村,호구총수
九日洞里,호구총수
九日里,호구총수
九旨,역지사지LV3
九明洞,호구총수
九星洞,호구총수
九時洞,호구총수
九曲,역지사지LV3
九曲里,호구총수
九月,세종실록지리지
九月山,신증동국여지승람·여지도서
九月松里,호구총수
九未里,호구총수
九松亭,호구총수
九林,역지사지LV3
九林川,여지도서
九林里,호구총수
九林院,군현역원
九柳里,호구총수
九橋里,호구총수
九檻里,호구총수
九水,역지사지LV3
九水亭,호구총수
九水尾,호구총수
九水山,역지사지LV3
九水山面,호구총수
九水洞,호구총수
九水洞里,호구총수
九水浦,호구총수
九水里,호구총수
九水閭,호구총수
九水面,호구총수
九沙孔里,호구총수
九津溺水,여지도서
九流村,호구총수
九海里,호구총수
九淵,신증동국여지승람·여지도서
九淵里,호구총수
九湖洞,호구총수
九溪洞,호구총수
九潭里,호구총수
九灘里,호구총수
九燈川,신증동국여지승람
九王山,여지도서
九理里,호구총수
九瑟洞,호구총수
九登川,여지도서
九登里,호구총수
九皐,역지사지LV3·특수구역
九皐川,여지도서
九皐里,호구총수
九皐面,호구총수
九石洞,호구총수
九福里,호구총수
九禮洞,호구총수
九秀閭,호구총수
九秋洞,호구총수
九積,호구총수
九積峯,호구총수
九積里,호구총수
九粉洞,호구총수
九羅坪里,호구총수
九羅村,호구총수
九羅浦里,호구총수
九老之里,호구총수
九老村,호구총수
九老村里,호구총수
九老谷里,호구총수
九老里,호구총수
九耳,역지사지LV3
九耳洞,역지사지LV3
九耳洞面,호구총수
九聖,역지사지LV3
九聖里,호구총수
九自隱峙,여지도서
九良里,호구총수
九花洞,호구총수
九苞山,여지도서
九萬上里,호구총수
九萬下里,호구총수
九萬中里,호구총수
九萬堰,호구총수
九萬村,호구총수
九萬洞,호구총수
九萬面,호구총수
九藪里,호구총수
九行山,여지도서
九表谷,호구총수
九谷,역지사지LV3
九谷亭,호구총수
九谷坊,호구총수
九谷里,호구총수
九賓里,호구총수
九賢洞,호구총수
九通里,호구총수
九郞中里,호구총수
九郞里,호구총수
九里島,여지도서
九里谷里,호구총수
九里貫革洞,호구총수
九野谷里,호구총수
九陽坪,호구총수
九陽洞,호구총수
九階院,군현역원
九雲坪里,호구총수
九雲里,호구총수
九靈村,호구총수
九靈里,호구총수
九音,역지사지LV3
九音坊,호구총수
九馬洞里,호구총수
九鳳山,여지도서
九鳳里,호구총수
九鶴山,여지도서
九鼎里,호구총수
九龍,세종실록지리지·역지사지LV3·호구총수
九龍下里,호구총수
九龍亭,호구총수
九龍山,세종실록지리지·신증동국여지승람·여지도서
九龍島,호구총수
九龍捕,역지사지LV3
九龍新村,호구총수
九龍方里,호구총수
九龍村,호구총수
九龍洞,역지사지LV3·호구총수
九龍洞里,호구총수
九龍洞面,호구총수
九龍灘里,호구총수
九龍里,호구총수
乞水山,호구총수
也乙只里,호구총수
也只川,호구총수
也史洞,호구총수
也日里,호구총수
也是大里,호구총수
也村,특수구역
也村部曲,특수구역
也梁洞里,호구총수
也音里,호구총수
乤浦川,여지도서
乫串里,호구총수
乫亇山,여지도서
乫亇谷,역지사지LV3
乫亇谷面,호구총수
乫五里,호구총수
乫伐里,호구총수
乫勿里,호구총수
乫古介里,호구총수
乫古村,호구총수
乫坡知,역지사지LV3
乫山,호구총수
乫峙,역지사지LV3
乫峙坊,호구총수
乫峙里,호구총수
乫峴,여지도서
乫峴里,호구총수
乫川里,호구총수
乫旀里,호구총수
乫旨,역지사지LV3
乫未,역지사지LV3
乫末,역지사지LV3
乫末面,호구총수
乫林里,호구총수
乫毛里,호구총수
乫田,역지사지LV3
乫田村,호구총수
乫田里,호구총수
乫磨峴,여지도서
乫罕川,여지도서
乫道里,호구총수
乫里洞里,호구총수
乫頭里,호구총수
乫馬里,호구총수
乫麻洞,역지사지LV3
乫麻洞面,호구총수
乬山,역지사지LV3
乬山面,호구총수
乬雙里,호구총수
乭中里,호구총수
乭串,역지사지LV3
乭串之,호구총수
乭串之里,호구총수
乭串里,호구총수
乭亭,호구총수
乭仇之里,호구총수
乭保里,호구총수
乭古介,역지사지LV3·호구총수
乭古介坊,호구총수
乭古介里,호구총수
乭古介閭,호구총수
乭城里,호구총수
乭堤里,호구총수
乭場里,호구총수
乭宋里,호구총수
乭山里,호구총수
乭川里,호구총수
乭幕里,호구총수
乭本,역지사지LV3
乭本面,호구총수
乭朴村,호구총수
乭朴里,호구총수
乭村里,호구총수
乭毛老里,호구총수
乭毛隅里,호구총수
乭泗里,호구총수
乭洗里,호구총수
乭洞里,호구총수
乭浦里,호구총수
乭莫里,호구총수
乭谷里,호구총수
乭贊里,호구총수
乭里,호구총수
乭門里,호구총수
乭面里,호구총수
乭頭里,호구총수
乳山里,호구총수
乳浦村,호구총수
乳石鄕,특수구역
乶下一里,역지사지LV3
乶下一里社,호구총수
乶下二里,역지사지LV3
乶下二里社,호구총수
乶下川,여지도서
乶邁島,호구총수
乶邁鮑里,호구총수
乷味,역지사지LV3
乷未,역지사지LV3
乺下,역지사지LV3
乺下川,여지도서
乺下社,호구총수
乺望里,호구총수
乺郞里,호구총수
乺里,호구총수
乻中臺里,호구총수
乻方,역지사지LV3
乻方面,호구총수
乻洞,역지사지LV3
乻洞坊,호구총수
乻田里,호구총수
乻目里,호구총수
乻項川,여지도서
乼地里,호구총수
乼巖,호구총수
乼巖山,여지도서
乼巖里,호구총수
乼洞里,호구총수
乼浦村,호구총수
乾上里,호구총수
乾下里,호구총수
乾中里,호구총수
乾之山,여지도서·호구총수
乾之山里,호구총수
乾乾里,호구총수
乾井谷里,호구총수
乾井里,호구총수
乾作里,호구총수
乾側里,호구총수
乾先,역지사지LV3
乾先面,호구총수
乾內,호구총수
乾地山里,호구총수
乾地村,호구총수
乾地里,호구총수
乾坪洞,호구총수
乾坪里,호구총수
乾城里,호구총수
乾子山,신증동국여지승람
乾山,호구총수
乾川,군현역원·역지사지LV3·호구총수
乾川下里,호구총수
乾川中里,호구총수
乾川里,호구총수
乾川院,군현역원
乾川面,호구총수
乾所里,호구총수
乾支山,여지도서
乾支洞里,호구총수
乾支里,호구총수
乾栗,호구총수
乾止山,신증동국여지승람·여지도서
乾池洞,호구총수
乾洞里,호구총수
乾津里,호구총수
乾浦里,호구총수
乾田串,호구총수
乾田里,호구총수
乾禾里,호구총수
乾者介里,호구총수
乾者里,호구총수
乾至山,여지도서
乾興山,여지도서
乾興里,호구총수
乾興院,군현역원
乾芝山,여지도서
乾芝山里,호구총수
乾芝洞,호구총수
乾芝里,호구총수
乾谷里,호구총수
乾貞里,호구총수
乾達山,여지도서
乾達村,호구총수
乾達里,호구총수
乾長洞里,호구총수
亂勿,호구총수
了城里,호구총수
了峯里,호구총수
了心洞,호구총수
了波里,호구총수
了洞里,호구총수
亇上里,호구총수
亇下里,호구총수
亇中里,호구총수
亇入谷,역지사지LV3
亇入谷里,호구총수
亇入谷面,호구총수
亇入里,호구총수
亇冬乙村,호구총수
亇味,호구총수
亇和里,호구총수
亇山,역지사지LV3
亇屹山里,호구총수
亇屹村,호구총수
亇屹里,호구총수
亇屹閭,호구총수
亇峴院,군현역원
亇旨里,호구총수
亇曲里,호구총수
亇班村,호구총수
亇田,호구총수
亇益洞里,호구총수
二下里,호구총수
二中興里,호구총수
二中里,호구총수
二位,역지사지LV3
二佳洞里,호구총수
二元堂里,호구총수
二冊,역지사지LV3
二冊面,호구총수
二加次里,호구총수
二加老,호구총수
二北面,호구총수
二十川里,호구총수
二十洞里,호구총수
二十谷,호구총수
二十谷里,호구총수
二十隅里,호구총수
二升川里,호구총수
二南面,호구총수
二友山里,호구총수
二同,역지사지LV3
二同九朴里,호구총수
二嘉禮,역지사지LV3
二垈里,호구총수
二基洞,호구총수
二大召院里,호구총수
二大峙里,호구총수
二大里,호구총수
二契,호구총수
二安,역지사지LV3
二安面,호구총수
二岐路浦,여지도서
二岳島,여지도서
二峯里,호구총수
二峴里,호구총수
二徒里,호구총수
二所,역지사지LV3
二新豊里,호구총수
二新里,호구총수
二方,역지사지LV3
二方面,호구총수
二朝陽里,호구총수
二東面,호구총수
二松川里,호구총수
二架閣里,호구총수
二柳谷,역지사지LV3
二桂村,호구총수
二檢沙里,호구총수
二正洞,역지사지LV3
二水亭,호구총수
二洞,호구총수
二洞內,호구총수
二洞內里,호구총수
二洞里,호구총수
二浮石,역지사지LV3
二浮石面,호구총수
二渭村里,호구총수
二灘里,호구총수
二炭,역지사지LV3
二炭面,호구총수
二牌,호구총수
二牌水邊里,호구총수
二牌白橋里,호구총수
二牌草代里,호구총수
二牌里,호구총수
二牌雌馬場里,호구총수
二牌鳳頭山里,호구총수
二班城,역지사지LV3
二白,역지사지LV3
二竹,역지사지LV3
二竹巖村,호구총수
二綿溫里,호구총수
二老,역지사지LV3
二老村,역지사지LV3
二老村面,호구총수
二老里,호구총수
二自如里,호구총수
二舟里,호구총수
二虎狸巖里,호구총수
二衙巨里,호구총수
二衙洞里,호구총수
二西面,호구총수
二角洞里,호구총수
二運,역지사지LV3
二道,역지사지LV3·호구총수
二道坊,호구총수
二道里,호구총수
二道面,호구총수
二遠,역지사지LV3
二遠東,역지사지LV3
二遠東面,호구총수
二里七息里,호구총수
二里介古介,호구총수
二里山井,호구총수
二里社,호구총수
二里起信川里,호구총수
二里靑化,호구총수
二門里,호구총수
二間屛門契,호구총수
二院村,호구총수
二鵝潭洞,호구총수
二黑巖,호구총수
于加山,역지사지LV3
于勿谷,호구총수
于勿谷部曲,특수구역
于北只部曲,특수구역
于北堂里,호구총수
于只谷,역지사지LV3
于只谷里,호구총수
于只谷面,호구총수
于可山,역지사지LV3
于山島,신증동국여지승람
于山所,특수구역
于川部曲,특수구역
于朴谷,호구총수
于筒水,여지도서
于羅,역지사지LV3
于羅味,역지사지LV3
于羅味面,호구총수
于羅漢峴,신증동국여지승람
于衣述,역지사지LV3
于衣述坊,호구총수
于谷,역지사지LV3
于邑谷,호구총수
于里串,신증동국여지승람
于里梗島,신증동국여지승람
于音洞,호구총수
于音谷,호구총수
于音谷里,호구총수
于樂巖,여지도서
亏乙山,여지도서
亏可山,역지사지LV3
亏叱浦,여지도서
亏弗山,여지도서
亏沙峴,신증동국여지승람
亏萬,역지사지LV3
亏谷,역지사지LV3
亏里串,역지사지LV3
亏音之島,여지도서
亏羅鉢山,여지도서
亐勿浦里,호구총수
亐勿禮洞,호구총수
亐勿谷村,호구총수
亐可山面,호구총수
亐巨里,호구총수
亐末村,호구총수
亐萬面,호구총수
亐里洞里,호구총수
亐面,호구총수
云下里,호구총수
云可谷里,호구총수
云巖里,호구총수
云悌里,호구총수
云承里,호구총수
云梯里,호구총수
云洞里,호구총수
云田里,호구총수
云羅山,역지사지LV3
云谷里,호구총수
五三田,역지사지LV3
五上里,호구총수
五丘山里,호구총수
五中里,호구총수
五之,호구총수
五乙山,호구총수
五九龍,호구총수
五也洞里,호구총수
五井村,호구총수
五井洞,호구총수
五井里,호구총수
五亭子里,호구총수
五亭里,호구총수
五仁之山,호구총수
五作里,호구총수
五佳里,호구총수
五來谷里,호구총수
五倫山,여지도서
五倫村,호구총수
五倫臺里,호구총수
五倫里,호구총수
五元里,역지사지LV3
五公洞里,호구총수
五六島,여지도서
五冠山,세종실록지리지·신증동국여지승람·여지도서
五冠山里,호구총수
五利地里,호구총수
五利洞,호구총수
五利里,호구총수
五加洞里,호구총수
五加里,호구총수
五十川,여지도서
五十谷里,호구총수
五半里,호구총수
五印洞,호구총수
五友亭津,여지도서
五可里,호구총수
五台川,호구총수
五台里,호구총수
五史峙里,호구총수
五合浦里,호구총수
五吉村,호구총수
五同巖,호구총수
五周橋,호구총수
五味谷里,호구총수
五味里,호구총수
五垈里,호구총수
五基洞村,호구총수
五大旨里,호구총수
五契,호구총수
五子山,여지도서
五宅里,호구총수
五家里,호구총수
五富村,호구총수
五寺洞,호구총수
五射亭,호구총수
五山,역지사지LV3
五山上里,호구총수
五山下里,호구총수
五山坊,호구총수
五山洞,호구총수
五山里,호구총수
五岳山里,호구총수
五峯,역지사지LV3
五峯山,세종실록지리지·신증동국여지승람·여지도서·호구총수
五峯山里,호구총수
五峯村,호구총수
五峯洞里,호구총수
五峯里,호구총수
五峰,역지사지LV3·호구총수
五峰山,여지도서
五峴村,호구총수
五峴津里,호구총수
五川,군현역원·신증동국여지승람
五巢川,여지도서
五希里,호구총수
五常浦里,호구총수
五常里,호구총수
五平地村,호구총수
五弄川,여지도서
五德山,여지도서
五戔里,호구총수
五所里,호구총수
五政洞,호구총수
五方洞,호구총수
五方里,호구총수
五星洞,호구총수
五時洞,호구총수
五更里,호구총수
五朗村,호구총수
五朶,역지사지LV3·특수구역
五朶莊,특수구역
五村里,호구총수
五東面,호구총수
五松亭,호구총수
五松亭里,호구총수
五松巖村,호구총수
五松巖里,호구총수
五松里,호구총수
五林亭,호구총수
五林亭閭,호구총수
五柳峙里,호구총수
五柳洞,호구총수
五柳洞三里,호구총수
五柳洞上里,호구총수
五柳洞下里,호구총수
五柳洞里,호구총수
五柳里,호구총수
五桂洞里,호구총수
五桐谷里,호구총수
五梨谷里,호구총수
五樂里,호구총수
五樹村,호구총수
五水村里,호구총수
五江里,호구총수
五波山,여지도서
五洞內里,호구총수
五洞里,호구총수
五浦,역지사지LV3
五浦里,호구총수
五浦面,호구총수
五淸里,호구총수
五湖南里,호구총수
五湖東里,호구총수
五溪村,호구총수
五灘,역지사지LV3
五灘坊,호구총수
五牌里,호구총수
五琴里,호구총수
五瑞里,호구총수
五申山,세종실록지리지·여지도서
五百條,역지사지LV3
五百條面,호구총수
五盤山,여지도서
五目洞里,호구총수
五直洞,호구총수
五相洞,호구총수
五相里,호구총수
五福村,호구총수
五福里,호구총수
五禮村,호구총수
五禮里,호구총수
五禮院,호구총수
五禾里,호구총수
五純里,호구총수
五絃洞里,호구총수
五羅里,호구총수
五美洞,호구총수
五美洞里,호구총수
五美里,호구총수
五老本里,호구총수
五老村里,호구총수
五老洞,호구총수
五老谷,호구총수
五耆洞,호구총수
五聖山,신증동국여지승람
五臺,세종실록지리지·호구총수
五臺山,여지도서
五臺里,호구총수
五色堂里,호구총수
五色里,호구총수
五芳林里,호구총수
五萬道里,호구총수
五萬閭,호구총수
五藪里,호구총수
五虎巖里,호구총수
五行,군현역원
五西洞里,호구총수
五西面,호구총수
五谷里,호구총수
五逸里,호구총수
五道里,호구총수
五邑谷,역지사지LV3
五郞洞村,호구총수
五里亭,호구총수
五里峴里,호구총수
五里川,여지도서
五里影城,호구총수
五里新浦,호구총수
五里村,호구총수
五里泉里,호구총수
五里洞,역지사지LV3·호구총수
五里洞里,호구총수
五里津里,호구총수
五里炭峴,호구총수
五里磻巨洞,호구총수
五里程,호구총수
五金山,여지도서
五金里,호구총수
五間里,호구총수
五隻里,호구총수
五音寺里,호구총수
五音山,여지도서
五馬島里,호구총수
五鳳,역지사지LV3
五鳳坊,호구총수
五鳳山,여지도서
五鹽井里,호구총수
五龍,호구총수
五龍上里,호구총수
五龍下里,호구총수
五龍亭閭,호구총수
五龍川,여지도서
五龍村,호구총수
五龍洞,호구총수
五龍洞里,호구총수
五龍臺里,호구총수
五龍西里,호구총수
五龍里,호구총수
井上洞,호구총수
井上里,호구총수
井下里,호구총수
井中里,호구총수
井實巖里,호구총수
井山,특수구역
井山所,특수구역
井山里,호구총수
井巖里,호구총수
井川里,호구총수
井州,역지사지LV3
井巨里,호구총수
井所部曲,특수구역
井村,역지사지LV3·호구총수
井村里,호구총수
井泉里,호구총수
井洞,호구총수
井洞上里,호구총수
井洞下里,호구총수
井洞北里,호구총수
井洞村,호구총수
井洞里,호구총수
井浦洞,호구총수
井浦渡,신증동국여지승람·여지도서
井浦里,호구총수
井海里,호구총수
井界里,호구총수
井花里,호구총수
井谷,역지사지LV3
井谷村,호구총수
井谷里,호구총수
井谷面,호구총수
井邊里,호구총수
井邑,군현역원·역지사지LV3
井里,호구총수
井項里,호구총수
交井,역지사지LV3
交井坊,호구총수
交子里,호구총수
交巖里,호구총수
交川里,호구총수
交州,군현역원
交柯,군현역원
交柯驛,호구총수
交河,군현역원·역지사지LV3
交龍潭,여지도서
亥安,역지사지LV3·특수구역
亥安面,호구총수
亦古之里,호구총수
亦松里,호구총수
京亭里,호구총수
京前里,호구총수
京化洞里,호구총수
京坊里,호구총수
京垈里,호구총수
京城,역지사지LV3
京堂道里,호구총수
京場里,호구총수
京徒,특수구역
京徒鄕,특수구역
京德里,호구총수
京方里,호구총수
京沙垈里,호구총수
京浦里,호구총수
京營庫契,호구총수
京祥里,호구총수
京結川,여지도서
亭丈村,호구총수
亭上洞,호구총수
亭下洞,호구총수
亭佳里,호구총수
亭垈里,호구총수
亭子山,여지도서·호구총수
亭子山里,호구총수
亭子巖,여지도서
亭子川,신증동국여지승람·여지도서
亭子幕里,호구총수
亭子末里,호구총수
亭子村,호구총수
亭子洞,호구총수
亭子洞里,호구총수
亭子浦里,호구총수
亭子淵,여지도서
亭子里,호구총수
亭子院,군현역원
亭子頭里,호구총수
亭村,역지사지LV3·호구총수
亭村坊,호구총수
亭村里,호구총수
亭泉里,호구총수
亭淵里,호구총수
亭里,호구총수
亭頭洞,호구총수
人多會里,호구총수
人富院,군현역원
人興里,호구총수
人樂院,군현역원
什坪村,호구총수
仁上,역지사지LV3
仁上端,호구총수
仁下,역지사지LV3
仁下端,호구총수
仁且外洞里,호구총수
仁世,역지사지LV3
仁亭里,호구총수
仁今里,호구총수
仁佐洞,호구총수
仁化,역지사지LV3
仁化里,호구총수
仁厚,역지사지LV3
仁厚社,호구총수
仁厚里,호구총수
仁厚院,군현역원
仁厚院里,호구총수
仁可海里,호구총수
仁同,군현역원·역지사지LV3
仁同里,호구총수
仁固里,호구총수
仁坪里,호구총수
仁堂里,호구총수
仁場里,호구총수
仁多洞,호구총수
仁大峰,여지도서
仁安里,호구총수
仁山,군현역원·역지사지LV3·호구총수
仁山村,호구총수
仁山里,호구총수
仁峯里,호구총수
仁峴里,호구총수
仁嵐,군현역원·역지사지LV3
仁嵐里,호구총수
仁嵐院,군현역원
仁巖,호구총수
仁巖里,호구총수
仁川,군현역원·여지도서·역지사지LV3
仁川里,호구총수
仁州,군현역원·역지사지LV3
仁平里,호구총수
仁庇,군현역원
仁庇里,호구총수
仁庇院院,군현역원
仁德,역지사지LV3
仁德村,호구총수
仁德洞,호구총수
仁德里,호구총수
仁德院,군현역원
仁德院川,여지도서
仁德面,호구총수
仁恕洞,호구총수
仁成里,호구총수
仁戒院,군현역원
仁政,역지사지LV3
仁政部曲,특수구역
仁政里,호구총수
仁政面,호구총수
仁旨,역지사지LV3
仁旨里,호구총수
仁旺里,호구총수
仁昌,역지사지LV3
仁昌坊,호구총수
仁昌洞契,호구총수
仁智洞,호구총수
仁智里,호구총수
仁本里,호구총수
仁杏里,호구총수
仁東里,호구총수
仁松里,호구총수
仁橋,역지사지LV3
仁比,군현역원
仁洞里,호구총수
仁溪,역지사지LV3
仁濟,역지사지LV3
仁濟坊,호구총수
仁濟院,군현역원
仁濟院里,호구총수
仁物,군현역원
仁王山,신증동국여지승람
仁目里,호구총수
仁福里,호구총수
仁羅里,호구총수
仁義,역지사지LV3
仁義山里,호구총수
仁義德里,호구총수
仁義谷,역지사지LV3
仁義防,호구총수
仁義面,호구총수
仁興,역지사지LV3
仁興里,호구총수
仁興面,호구총수
仁良洞里,호구총수
仁良里,호구총수
仁花洞,호구총수
仁花里,호구총수
仁處里,호구총수
仁角川,여지도서
仁角里,호구총수
仁訓里,호구총수
仁谷,역지사지LV3
仁谷洞,호구총수
仁谷里,호구총수
仁谷面,호구총수
仁豊里,호구총수
仁達,역지사지LV3
仁達坊,호구총수
仁遮外,역지사지LV3
仁遮外川,신증동국여지승람
仁遮外社,호구총수
仁風,역지사지LV3
仁風里,호구총수
仁風面,호구총수
仁香里,호구총수
仁麻里,호구총수
仇㫆,군현역원
仇㫆浦,신증동국여지승람
仇上,역지사지LV3
仇上坊,호구총수
仇上端,역지사지LV3
仇下,역지사지LV3
仇下坊,호구총수
仇下端,역지사지LV3
仇之巖,호구총수
仇之里,호구총수
仇乙峴,여지도서
仇乙鴨島,신증동국여지승람
仇二浦,여지도서
仇令浦里,호구총수
仇伊古介里,호구총수
仇伊谷里,호구총수
仇古介里,호구총수
仇叱峴,여지도서
仇叱洞店里,호구총수
仇叱浦,호구총수
仇叱里峴,신증동국여지승람
仇史,역지사지LV3·특수구역
仇史部曲,특수구역
仇向,특수구역
仇味,호구총수
仇味洞,호구총수
仇味里,호구총수
仇和,군현역원
仇夜里,호구총수
仇寧,역지사지LV3
仇寧里,호구총수
仇山里,호구총수
仇峙里,호구총수
仇川,역지사지LV3
仇川里,호구총수
仇彌峴,여지도서
仇悌里,호구총수
仇所要,역지사지LV3
仇排長牲里,호구총수
仇於,군현역원
仇旀,군현역원
仇旂,군현역원
仇日里,호구총수
仇旨里,호구총수
仇時浦,신증동국여지승람
仇時里,호구총수
仇未,호구총수
仇束浦,신증동국여지승람
仇水洞,호구총수
仇水洞里,호구총수
仇水涯里,호구총수
仇法津,여지도서
仇漆里,호구총수
仇火,군현역원·역지사지LV3
仇火島,여지도서
仇火里,호구총수
仇珠浦,호구총수
仇瑟,역지사지LV3
仇瑟島,신증동국여지승람·호구총수
仇申峙里,호구총수
仇皮洞里,호구총수
仇知山,역지사지LV3
仇知山部曲,특수구역
仇破里,호구총수
仇禮里,호구총수
仇羅東邊,호구총수
仇羅梁,여지도서
仇羅西邊,호구총수
仇羅里,호구총수
仇耳洞,역지사지LV3
仇耳洞坊,호구총수
仇耳洞面,호구총수
仇良山,특수구역
仇良島,신증동국여지승람
仇良浦,신증동국여지승람·특수구역
仇良浦所,특수구역
仇谷,군현역원
仇谷里,호구총수
仇邑浦,여지도서
仇郞浦,여지도서
仇郞浦村,호구총수
仇郞里,호구총수
仇里,호구총수
仇里介契,호구총수
仇里村,호구총수
仇里項溫泉,신증동국여지승람
仇陵山,여지도서
仇非里,호구총수
仇音坪閭,호구총수
仇音浦津,여지도서
仇項,역지사지LV3
仇頭里,호구총수
仇麻里,호구총수
仇寧浦,여지도서
今丹所,특수구역
今勿,군현역원·역지사지LV3·호구총수
今勿刀部曲,특수구역
今勿山,역지사지LV3
今勿山面,호구총수
今勿岳,신증동국여지승람
今勿岳里,호구총수
今勿德岳,신증동국여지승람
今勿村,역지사지LV3·특수구역
今勿村處,특수구역
今勿村面,호구총수
今勿法,역지사지LV3
今勿法坊,호구총수
今勿法池,여지도서
今勿礜浦,신증동국여지승람
今勿路里,호구총수
今勿里,호구총수
今勿院,군현역원
今坪,역지사지LV3
今坪面,호구총수
今堂北里,호구총수
今塘,역지사지LV3
今尙津,신증동국여지승람
今山,역지사지LV3
今山直里,호구총수
今岩,역지사지LV3
今巖,역지사지LV3
今巖坊,호구총수
今巖所,특수구역
今巖里,호구총수
今川里,호구총수
今巴,역지사지LV3
今巴谷,역지사지LV3
今巴谷坊,호구총수
今村洞內,호구총수
今沙里,호구총수
今牙,역지사지LV3
今物德里,호구총수
今石,역지사지LV3
今石里,호구총수
今西,역지사지LV3
今音勿,특수구역
今音勿部曲,특수구역
今音勿院,군현역원
今音村處,특수구역
今音里,호구총수
介三伐,호구총수
介也谷,호구총수
介也項里,호구총수
介五之,호구총수
介五浦,호구총수
介古介,역지사지LV3
介古介坊,호구총수
介吐,역지사지LV3
介吐里,호구총수
介吐面,호구총수
介呑山,신증동국여지승람
介城里,호구총수
介寺洞里,호구총수
介寺里,호구총수
介山,호구총수
介山里,호구총수
介峙,호구총수
介峙里,호구총수
介峴,역지사지LV3·호구총수
介峴洞,호구총수
介峴里,호구총수
介川,역지사지LV3
介川里,호구총수
介日,역지사지LV3
介日里,호구총수
介日面,호구총수
介朴里,호구총수
介橋川,여지도서
介水院里,호구총수
介洞里,호구총수
介浦,여지도서
介田里,호구총수
介福,역지사지LV3
介竹里,호구총수
介老川,신증동국여지승람
介軍,역지사지LV3
介軍山,역지사지LV3
介軍山面,호구총수
介金院,군현역원
介音峙里,호구총수
仍乙舍鄕,특수구역
仍乙項所,특수구역
仍峴院,군현역원
仍巳,군현역원
仍排里,호구총수
仍未谷部曲,특수구역
仍板洞內,호구총수
仍火,역지사지LV3
仍火伐,역지사지LV3
仍火伐面,호구총수
仍火島,신증동국여지승람
仍火谷,역지사지LV3
仍火谷里,호구총수
仍火達,역지사지LV3
仍火達面,호구총수
仍火面,호구총수
仍甫,군현역원
仍甫里,호구총수
仍良大山,여지도서
仍邑,역지사지LV3·호구총수
仍邑方里,호구총수
仍邑洞,호구총수
仍邑里,호구총수
仍邑院,군현역원
仍邑面,호구총수
仕下里,호구총수
仕串洞,호구총수
仕似洞里,호구총수
他乃灘,신증동국여지승람
仙亭,역지사지LV3
仙亭里,호구총수
仙人亭,호구총수
仙人洞,호구총수
仙仁洞,호구총수
仙來里,호구총수
仙俠島,신증동국여지승람
仙倉,호구총수
仙倉里,호구총수
仙到山,여지도서
仙原里,호구총수
仙友洞,호구총수
仙嚴,군현역원
仙山,호구총수
仙山里,호구총수
仙岩,군현역원
仙巖,군현역원·호구총수
仙巖山,여지도서
仙巖洞,호구총수
仙巖渡,여지도서
仙巖里,호구총수
仙府洞里,호구총수
仙掌,역지사지LV3
仙掌里,호구총수
仙景里,호구총수
仙林洞,호구총수
仙桃山,여지도서
仙桃里,호구총수
仙橋洞,호구총수
仙橋里,호구총수
仙池里,호구총수
仙沼,역지사지LV3
仙洞里,호구총수
仙淵,여지도서
仙源,역지사지LV3
仙源村,호구총수
仙源洞里,호구총수
仙源面,호구총수
仙甘島,호구총수
仙甘彌島,신증동국여지승람
仙篁亭,호구총수
仙脚川,여지도서
仙舞洞,호구총수
仙行洞,호구총수
仙遊山,여지도서
仙遊峰,여지도서
仙遊洞,여지도서
仙遊潭,여지도서
仙遊里,호구총수
仙院,역지사지LV3·호구총수
仙院上里,호구총수
仙院下里,호구총수
仙院坊,호구총수
仙院里,호구총수
仙隱洞,호구총수
仙隱洞里,호구총수
仙雲浦里,호구총수
仙風里,호구총수
仙魚淵,여지도서
仙鶴洞閭,호구총수
代世村,호구총수
代九味閭,호구총수
代亭里,호구총수
代大閭,호구총수
代如,역지사지LV3
代如村,역지사지LV3·호구총수
代如谷所,특수구역
代如谷里,호구총수
代安洞,호구총수
代山,역지사지LV3
代思弄山,여지도서
代月,호구총수
代村,역지사지LV3
代村面,호구총수
代登,역지사지LV3
代良,역지사지LV3
代良谷,역지사지LV3
代良谷面,호구총수
代谷,역지사지LV3
代起音,호구총수
代車,역지사지LV3
代通村,호구총수
代通里,호구총수
代通閭,호구총수
代道里,호구총수
代里,호구총수
代陳,역지사지LV3
代陳坊,호구총수
代項,역지사지LV3
代項里,호구총수
代項面,호구총수
令亇,역지사지LV3
令亇面,호구총수
令南村,호구총수
令山串里,호구총수
令山里,호구총수
令星里,호구총수
令村里,호구총수
令淸里,호구총수
令田里,호구총수
令通,역지사지LV3
令通里,호구총수
令通面,호구총수
令麻,역지사지LV3
以禮里,호구총수
仰可山,호구총수
仰城,역지사지LV3
仰岩,역지사지LV3
仰巖,여지도서·역지사지LV3
仰巖津,여지도서
仰巖部曲,특수구역
仰巖面,호구총수
仰德洞,호구총수
仰時洞里,호구총수
仰津村,호구총수
仲上村,호구총수
仲保里,호구총수
仲坪,역지사지LV3
仲坪村,호구총수
仲坪里,호구총수
仲山里,호구총수
仲海村,호구총수
件代嶺,여지도서
件可推里,호구총수
件山村,호구총수
件山里,호구총수
件峴,여지도서
件木谷里,호구총수
件林里,호구총수
件羅里,호구총수
件老洞,호구총수
件通里,호구총수
件里,호구총수
价古介里,호구총수
价川,군현역원·역지사지LV3
价筒里,호구총수
任北,역지사지LV3
任南,역지사지LV3
任南面,호구총수
任吉里,호구총수
任坪里,호구총수
任城,역지사지LV3·특수구역
任城村,호구총수
任城部曲,특수구역
任實,군현역원·역지사지LV3
任島,여지도서
任縣內,역지사지LV3
任縣內面,호구총수
任縣川,여지도서
伊上里,호구총수
伊下里,호구총수
伊串里,호구총수
伊五里,호구총수
伊令,역지사지LV3
伊作島,호구총수
伊作里,호구총수
伊內,역지사지LV3
伊內面,호구총수
伊冬音,특수구역
伊冬音部曲,특수구역
伊冬音里,호구총수
伊則島,신증동국여지승람
伊助里,호구총수
伊北,역지사지LV3
伊北面,호구총수
伊南,역지사지LV3
伊南一所,역지사지LV3
伊南二所,역지사지LV3
伊南面,호구총수
伊四禮里,호구총수
伊城,특수구역
伊城廢縣,특수구역
伊城洞里,호구총수
伊士亦,역지사지LV3
伊士亦面,호구총수
伊士禮,역지사지LV3
伊寧,역지사지LV3
伊寧面,호구총수
伊山,역지사지LV3
伊川,군현역원·여지도서·역지사지LV3
伊川谷,호구총수
伊川邊里,호구총수
伊川里,호구총수
伊已牙部曲,특수구역
伊布,특수구역
伊布所,특수구역
伊布里,호구총수
伊彦,역지사지LV3
伊彦坊,호구총수
伊彦面,호구총수
伊方洞,호구총수
伊於山里,호구총수
伊東,역지사지LV3
伊東面,호구총수
伊次呑部曲,특수구역
伊沙川,여지도서
伊浦,여지도서
伊浦里,호구총수
伊淡,역지사지LV3
伊淡面,호구총수
伊淵里,호구총수
伊溪上里,호구총수
伊溪下里,호구총수
伊溪新村里,호구총수
伊火峴,신증동국여지승람·여지도서
伊火川,여지도서
伊生里,호구총수
伊离曰嶺,신증동국여지승람
伊老,역지사지LV3
伊老島,여지도서
伊老面,호구총수
伊西,역지사지LV3
伊西面,호구총수
伊谷里,호구총수
伊院,역지사지LV3
伊鴨亭里,호구총수
伍莊垈里,호구총수
伏乞村,호구총수
伏井洞,호구총수
伏令村,호구총수
伏令里,호구총수
伏兵里,호구총수
伏坪里,호구총수
伏子山,호구총수
伏安山,여지도서
伏安里,호구총수
伏山村里,호구총수
伏岩,역지사지LV3
伏巖,여지도서·역지사지LV3
伏巖村,호구총수
伏巖里,호구총수
伏巖面,호구총수
伏才里,호구총수
伏永村,호구총수
伏河川,여지도서
伏浦里,호구총수
伏牛山,여지도서
伏牛里,호구총수
伏現,호구총수
伏胡峯,세종실록지리지·여지도서
伏虎村,호구총수
伏虎洞,호구총수
伏虎洞里,호구총수
伏虎里,호구총수
伏賢巖,호구총수
伏雉山,여지도서
伏頭巖里,호구총수
伏龍,호구총수
伏龍亭里,호구총수
伏龍山,세종실록지리지·여지도서
伏龍廢縣,특수구역
伏龍村,호구총수
伏龍村里,호구총수
伏龍洞,호구총수
伏龍洞里,호구총수
伏龍里,호구총수
伏龜,호구총수
伏龍,특수구역
伐古介里,호구총수
伐古川,여지도서
伐古里,호구총수
伐只部曲,특수구역
伐士郞里,호구총수
伐大所,특수구역
伐如村里,호구총수
伐寒里,호구총수
伐山里,호구총수
伐巖里,호구총수
伐川部曲,특수구역
伐川部谷,특수구역
伐川里,호구총수
伐德里,호구총수
伐應節里,호구총수
伐成浦川,신증동국여지승람
伐於里,호구총수
伐旨,역지사지LV3
伐未,역지사지LV3
伐未面,호구총수
伐末,역지사지LV3
伐村里,호구총수
伐林亭,호구총수
伐樹里,호구총수
伐橋里,호구총수
伐浪浦,여지도서
伐登,역지사지LV3
伐登鎭,호구총수
伐知,역지사지LV3
伐知坊,호구총수
伐知里,호구총수
伐纛里,호구총수
伐羅山,여지도서
伐致洞里,호구총수
伐芳里,호구총수
伐谷,역지사지LV3
伐谷面,호구총수
伐賜里,호구총수
伐里,호구총수
伐里契,호구총수
伐野里,호구총수
伐院里,호구총수
伐音里,호구총수
休垈里,호구총수
休山,군현역원
休山里,호구총수
休巖里,호구총수
休川,역지사지LV3·호구총수
休知,역지사지LV3
伯冬,군현역원
伯夷山,여지도서
伯岩,역지사지LV3
伯巖,역지사지LV3
伯巖面,호구총수
伯漁里,호구총수
伯陽洞,호구총수
伴仙洞,호구총수
伴伊村,역지사지LV3
伴伊村面,호구총수
伴斤島,호구총수
伴日巖,여지도서
伴月里,호구총수
伴松里,호구총수
伴浦店里,호구총수
伴浦里,호구총수
伴程里,호구총수
伴鶴,호구총수
伴鶴洞,호구총수
伺候島,호구총수
伽倻,역지사지LV3
伽倻山,세종실록지리지·여지도서
伽倻岬,세종실록지리지
伽倻村,호구총수
伽倻津,여지도서
伽倻里,호구총수
伽川,여지도서
伽泉,역지사지LV3
位山,역지사지LV3
位山里,호구총수
位山面,호구총수
位川里,호구총수
位洞里,호구총수
位羅,군현역원·역지사지LV3
位羅洞里,호구총수
位羅谷,역지사지LV3
位羅谷面,호구총수
位羅里,호구총수
位良,역지사지LV3
位良里,호구총수
位良面,호구총수
位谷里,호구총수
位馬里,호구총수
住乙洞,신증동국여지승람
住岩,역지사지LV3
住巖,역지사지LV3
住巖面上道,호구총수
住巖面下道,호구총수
佐世里,호구총수
佐丘,군현역원
佐夫川里,호구총수
佐尺洞,호구총수
佐山,여지도서
佐山里,호구총수
佐旨洞里,호구총수
佐昆里,호구총수
佐村,역지사지LV3
佐東里,호구총수
佐沙里,호구총수
佐洞里,호구총수
佐翼嶺,여지도서
佐耳山,여지도서
佐耳川里,호구총수
佐耳田,역지사지LV3
佐耳谷里,호구총수
佐自川一里,호구총수
佐自川二里,호구총수
佐西里,호구총수
佐谷部曲,특수구역
佐贊,군현역원
佐贊洞,호구총수
佐贊里,호구총수
佐郞,역지사지LV3
佐郞村,역지사지LV3
佐郞村面,호구총수
佐阿時里,호구총수
佐阿里,호구총수
何也里,호구총수
何吾尙里,호구총수
何多,역지사지LV3
何多社,호구총수
余丁里,호구총수
余乙峴,여지도서
余五里,호구총수
余佐里,호구총수
余佛里,호구총수
余來里,호구총수
余兒洞,호구총수
余冶里,호구총수
余勿里,호구총수
余北里,호구총수
余古里,호구총수
余土洞,호구총수
余基里,호구총수
余士洞里,호구총수
余尾山,호구총수
余山里,호구총수
余峙里,호구총수
余川里,호구총수
余思里,호구총수
余方,역지사지LV3
余方里,호구총수
余方面,호구총수
余月里,호구총수
余村,호구총수
余次里,호구총수
余田里,호구총수
余皇,역지사지LV3
余站里,호구총수
余美山,신증동국여지승람
余美里,호구총수
余背村,호구총수
余背洞,호구총수
余背耳,역지사지LV3
余芚里,호구총수
余落里,호구총수
余衣谷里,호구총수
余里,호구총수
余閑,역지사지LV3
佛上池,신증동국여지승람
佛井里,호구총수
佛亭洞,호구총수
佛仙山,여지도서
佛光山,여지도서
佛光里契,호구총수
佛出洞,호구총수
佛國山,여지도서
佛垈里,호구총수
佛堂,호구총수
佛堂里,호구총수
佛岬,역지사지LV3
佛峙,역지사지LV3
佛峙社,호구총수
佛峴里,호구총수
佛巖山,신증동국여지승람·여지도서
佛巖川,신증동국여지승람
佛巖津,여지도서
佛巖里,호구총수
佛川里,호구총수
佛恩,역지사지LV3
佛恩面,호구총수
佛日山,여지도서
佛日里,호구총수
佛明山,여지도서
佛會里,호구총수
佛望里,호구총수
佛棄山,여지도서
佛樂山,여지도서
佛母山,여지도서
佛母山里,호구총수
佛毛里,호구총수
佛洞里,호구총수
佛海,호구총수
佛甲,역지사지LV3
佛甲洞,호구총수
佛甲面,호구총수
佛留河里,호구총수
佛目里,호구총수
佛聳山,여지도서
佛臺山,신증동국여지승람·여지도서
佛舞村,호구총수
佛舞里,호구총수
佛見山,여지도서
佛谷,역지사지LV3
佛谷坊,호구총수
佛谷山,여지도서
佛足山,여지도서
佛陀山,여지도서
佛隅里,호구총수
佛雲里,호구총수
佛頂,역지사지LV3
佛頂山,여지도서
佛頂面,호구총수
作乃,군현역원
作乃里,호구총수
作九味驛,호구총수
作人村,호구총수
作介里,호구총수
作刀伐里,호구총수
作月里,호구총수
作本里,호구총수
作東里,호구총수
作樂洞上里,호구총수
作樂洞下里,호구총수
作沙村,호구총수
作洞里,호구총수
佩睦里,호구총수
佳上里,호구총수
佳下里,호구총수
佳丘,호구총수
佳之川,여지도서
佳之川里,호구총수
佳也洞里,호구총수
佳亇嶺,신증동국여지승람
佳五作里,호구총수
佳井里,호구총수
佳亭子里,호구총수
佳亭里,호구총수
佳仕里,호구총수
佳佐洞里,호구총수
佳作里,호구총수
佳內洞,호구총수
佳勝洞,호구총수
佳呂谷里,호구총수
佳坪村,호구총수
佳坪里,호구총수
佳城面,호구총수
佳堯里,호구총수
佳士,역지사지LV3
佳士串,역지사지LV3
佳士串面,호구총수
佳士川里,호구총수
佳士谷里,호구총수
佳士里,호구총수
佳壯洞,호구총수
佳山,호구총수
佳山村,호구총수
佳山里,호구총수
佳岩,역지사지LV3
佳峙,호구총수
佳峴村,호구총수
佳峴里,호구총수
佳巖,호구총수
佳巖北里,호구총수
佳巖東里,호구총수
佳巖西里,호구총수
佳巖里,호구총수
佳川里,호구총수
佳幕里,호구총수
佳平,호구총수
佳庄里,호구총수
佳德里,호구총수
佳才洞里,호구총수
佳文峴,여지도서
佳新村,호구총수
佳方里,호구총수
佳景里,호구총수
佳會,역지사지LV3
佳會洞,호구총수
佳會社,호구총수
佳月里,호구총수
佳村,호구총수
佳東里,호구총수
佳林川里,호구총수
佳林村,호구총수
佳林洞,호구총수
佳業里,호구총수
佳樹,역지사지LV3
佳樹里,호구총수
佳次里,호구총수
佳殊洞里,호구총수
佳殊窟,세종실록지리지
佳沙閭,호구총수
佳泰里,호구총수
佳洞里,호구총수
佳洲里,호구총수
佳節里,호구총수
佳耳谷,역지사지LV3
佳興里,호구총수
佳良里,호구총수
佳芝山,호구총수
佳芝村,호구총수
佳芝祠里,호구총수
佳莊,호구총수
佳藏洞,호구총수
佳藏里,호구총수
佳谷,역지사지LV3·호구총수
佳谷上里,호구총수
佳谷中里,호구총수
佳谷新村里,호구총수
佳谷東里,호구총수
佳谷西上里,호구총수
佳谷西里,호구총수
佳谷里,호구총수
佳道谷里,호구총수
佳鄕里,호구총수
佳里,호구총수
佳里洞,호구총수
佳里洞洞內,호구총수
佳野,역지사지LV3
佳野村,호구총수
佳野洞,호구총수
佳野洞內,호구총수
佳野洞里,호구총수
佳野谷,호구총수
佳野谷里,호구총수
佳野里,호구총수
佳音,역지사지LV3
佳音峙里,호구총수
佳音村,호구총수
佳音面,호구총수
佳鶴里,호구총수
佳麗洲里,호구총수
使臣里,호구총수
來台里,호구총수
來城,역지사지LV3
來城坊,호구총수
來德,역지사지LV3
來德島,호구총수
來洞里,호구총수
來濟村,호구총수
來祥里,호구총수
來要,역지사지LV3
來谷里,호구총수
來賀里,호구총수
來進,특수구역
來進鄕,특수구역
來進里,호구총수
侍中村,호구총수
侍中臺,여지도서
侍墓里,호구총수
侍禮村,호구총수
侍美洞,호구총수
侍郞,역지사지LV3
侍郞山,여지도서
侍郞洞里,호구총수
侍郞里,호구총수
侍郞面,호구총수
供鶴里,호구총수
俊秀,역지사지LV3
俊秀坊,호구총수
俎橋里,호구총수
俗厚,역지사지LV3
俗离,역지사지LV3
俗門山,여지도서
俗離,역지사지LV3
俗離山,세종실록지리지·신증동국여지승람·여지도서
俗離洞,호구총수
俗離面,호구총수
保古老里,호구총수
保基里,호구총수
保安,군현역원·역지사지LV3
保安廢縣,특수구역
保安里,호구총수
保寧村,호구총수
保寧鄕,특수구역
保山里,호구총수
保川里,호구총수
保平,군현역원
保平里,호구총수
保平驛里,호구총수
保德里,호구총수
保新洞里,호구총수
保末里,호구총수
保洞里,호구총수
保疆院,군현역원
保良部曲,특수구역
保谷里,호구총수
保連洞,호구총수
保閑里,호구총수
保體里,호구총수
保寧,군현역원
保寧鄕,특수구역
俟仁洞里,호구총수
俠乭里,호구총수
俠坪里,호구총수
俠洞,호구총수
俠里,호구총수
俠項里,호구총수
信云洞內,호구총수
信仁洞里,호구총수
信城山,신증동국여지승람
信島,여지도서·호구총수
信川,군현역원·역지사지LV3
信川里,호구총수
信州,군현역원
信智洞,호구총수
信洞里,호구총수
信義下里,호구총수
信義洞,호구총수
信義里,호구총수
修井山,여지도서
修仁山,여지도서
修倫,역지사지LV3
修倫洞,호구총수
修因,세종실록지리지
修因山,신증동국여지승람
修建里,호구총수
修德里,호구총수
修文洞里,호구총수
修正灘,여지도서
修毛老里,호구총수
修洞里,호구총수
修理山,여지도서
修省里,호구총수
修稧里,호구총수
修身,역지사지LV3
修身面,호구총수
修道山,여지도서
修道里,호구총수
修隅里,호구총수
俯溪,신증동국여지승람
俱井,역지사지LV3
倉一里,호구총수
倉上里,호구총수
倉下里,호구총수
倉丘洞,호구총수
倉中里,호구총수
倉串里,호구총수
倉乭里,호구총수
倉井里,호구총수
倉仇味里,호구총수
倉內村,호구총수
倉內里,호구총수
倉前里,호구총수
倉前里契,호구총수
倉北里,호구총수
倉十南里,호구총수
倉南里,호구총수
倉坪里,호구총수
倉垈里,호구총수
倉城里,호구총수
倉基里,호구총수
倉宅,역지사지LV3
倉宅串,신증동국여지승람
倉宅里,호구총수
倉山所,특수구역
倉山里,호구총수
倉峙村,호구총수
倉峙里,호구총수
倉巖,호구총수
倉巖坊,호구총수
倉巖里,호구총수
倉川里,호구총수
倉底里,호구총수
倉庫里,호구총수
倉庭里,호구총수
倉後里,호구총수
倉旨坊,호구총수
倉旨里,호구총수
倉村,호구총수
倉村里,호구총수
倉村閭,호구총수
倉東里,호구총수
倉求里,호구총수
倉江里,호구총수
倉洞,호구총수
倉洞契,호구총수
倉洞里,호구총수
倉浦,여지도서·호구총수
倉浦洞,호구총수
倉浦里,호구총수
倉澤山,여지도서
倉灘,호구총수
倉甘,호구총수
倉田里,호구총수
倉登里,호구총수
倉納里,호구총수
倉西里,호구총수
倉谷里,호구총수
倉近里,호구총수
倉里,호구총수
倉院里,호구총수
倍日里,호구총수
倒轉岳,여지도서
倒連池里,호구총수
倘谷里,호구총수
候仙,역지사지LV3
候南,역지사지LV3
候廳里,호구총수
候竹里,호구총수
倡仁里,호구총수
倫洞里,호구총수
倭城山,여지도서
倭城里,호구총수
倭架山,여지도서
倭橋,호구총수
倭津浦,여지도서
倭縣里,호구총수
倭踰峴,여지도서
倭館,역지사지LV3
倭館洞契,호구총수
倻川,여지도서
偃峙里,호구총수
偃武亭里,호구총수
偃毒里,호구총수
偃浦里,호구총수
偃談里,호구총수
假山,신증동국여지승람
假島里,호구총수
假村,호구총수
做士洞,호구총수
做義里,호구총수
停橋里,호구총수
健入浦,여지도서
健八浦里,호구총수
偶城洞,호구총수
偸德里,호구총수
傅巖里,호구총수
傍村,호구총수
傍村里,호구총수
傍浦里,호구총수
傑仁浦里,호구총수
傑味里,호구총수
傑山里,호구총수
傑望浦里,호구총수
傑浦里,호구총수
傑生里,호구총수
傑豪里,호구총수
備禮洞,호구총수
備禮里,호구총수
備邊司契,호구총수
傳燈山,세종실록지리지·여지도서
傳道洞,호구총수
傳道里,호구총수
僧伽山,여지도서
僧安山里,호구총수
僧嶺山,여지도서
僧嶺里,호구총수
僧房川,여지도서
僧房洞山,신증동국여지승람
僧房里,호구총수
僧池里,호구총수
僧達山,여지도서
儀堂,역지사지LV3
儀巖里,호구총수
儀旺,역지사지LV3
儀朗,역지사지LV3
儀洞,역지사지LV3
儀洞里,호구총수
儀良里,호구총수
儀谷,역지사지LV3
儀谷閭,호구총수
儀郞,역지사지LV3
儀郞面,호구총수
億佛山,여지도서
億垈里,호구총수
億岐山,역지사지LV3
億美峙,호구총수
億萬村,호구총수
億萬里,호구총수
億谷,역지사지LV3·호구총수
億谷里,호구총수
億谷面,호구총수
儉丹山,여지도서
儉丹里,호구총수
儉佛郞里,호구총수
儉城洞,호구총수
儉山里,호구총수
儉巖,호구총수
儉巖山,신증동국여지승람
儉巖村,호구총수
儉巖洞,호구총수
儉巖里,호구총수
儉德山,여지도서
儉承里,호구총수
儉歸里,호구총수
儉沙里,호구총수
儉洞,호구총수
儉田里,호구총수
儉秩山,여지도서
儉閑里,호구총수
儉頭村,호구총수
儉風亭里,호구총수
儒城,역지사지LV3·특수구역
儒城縣,특수구역
儒宗洞,호구총수
儒州,군현역원
儒洞里,호구총수
儒興里,호구총수
儒遊洞里,호구총수
儒陽里,호구총수
優德,역지사지LV3
優德面,호구총수
儲慶宮內契,호구총수
兀山里,호구총수
允洞里,호구총수
元一里,호구총수
元丁里,호구총수
元七里,호구총수
元上里,호구총수
元下端,호구총수
元世平里,호구총수
元井,역지사지LV3
元井面,호구총수
元亨洞,호구총수
元亨里,호구총수
元亭,역지사지LV3
元亭子里,호구총수
元亭村,호구총수
元亭里,호구총수
元佐洞里,호구총수
元內,호구총수
元公里,호구총수
元化洞,호구총수
元北里,호구총수
元南,역지사지LV3
元南里,호구총수
元唐,역지사지LV3
元唐坊,호구총수
元唐里,호구총수
元四里,호구총수
元坪里,호구총수
元城山,여지도서
元城里,호구총수
元基里,호구총수
元堂,역지사지LV3·호구총수
元堂上里,호구총수
元堂下里,호구총수
元堂坊,호구총수
元堂山北里,호구총수
元堂山南里,호구총수
元堂岳,여지도서
元堂村,호구총수
元堂洞,호구총수
元堂洞里,호구총수
元堂里,호구총수
元堂面,호구총수
元場里,호구총수
元塘,역지사지LV3
元塘面各國居留地,역지사지LV3
元增里,호구총수
元孝里,호구총수
元定峴,여지도서
元宮里,호구총수
元寂山,여지도서
元寨里,호구총수
元尺北里,호구총수
元尺南里,호구총수
元尺海里,호구총수
元尺陸里,호구총수
元山,군현역원·역지사지LV3
元山島,신증동국여지승람·호구총수
元山浦里,호구총수
元山社,호구총수
元山里,호구총수
元山面,호구총수
元岩,군현역원
元峯,호구총수
元峯里,호구총수
元巖,군현역원
元巖洞,호구총수
元巖里,호구총수
元巖驛里,호구총수
元川,역지사지LV3
元川里,호구총수
元帥山,세종실록지리지·여지도서
元帥臺,여지도서
元帥臺里,호구총수
元平,역지사지LV3
元平里,호구총수
元德里,호구총수
元承洞,호구총수
元斗文里,호구총수
元斗村,호구총수
元新,호구총수
元方村,호구총수
元日田里,호구총수
元東里,호구총수
元松,역지사지LV3
元松亭里,호구총수
元松面,호구총수
元枝里,호구총수
元毛老里,호구총수
元水,역지사지LV3
元水里,호구총수
元汀洞里,호구총수
元江里,호구총수
元沈里,호구총수
元法興里,호구총수
元洞,역지사지LV3·호구총수
元津浦,여지도서
元浦里,호구총수
元滿島,여지도서
元灘,역지사지LV3
元烽里,호구총수
元狐里,호구총수
元皐里,호구총수
元積山,여지도서
元積洞,호구총수
元竹洞里,호구총수
元築洞里,호구총수
元統山,여지도서
元聖里,호구총수
元臺山里,호구총수
元興洞里,호구총수
元興里,호구총수
元良洞,호구총수
元艾里,호구총수
元萬里,호구총수
元蓮池里,호구총수
元谷,역지사지LV3·호구총수
元豆里,호구총수
元豊里,호구총수
元赤里,호구총수
元迪村,호구총수
元通,군현역원
元通山,여지도서
元通里,호구총수
元造里,호구총수
元達里,호구총수
元里,호구총수
元鉢里,호구총수
元門里,호구총수
元靑里,호구총수
元頭山里,호구총수
元頭洞里,호구총수
元頭里,호구총수
元頭門里,호구총수
元龜里,호구총수
兄山,세종실록지리지·여지도서·역지사지LV3
兄山浦,여지도서
兄川上里,호구총수
兄川下里,호구총수
兄弟井契,호구총수
兄弟山,여지도서
兄弟山里,호구총수
兄弟巖,여지도서
兄弟川,여지도서
兄弟洞里,호구총수
兄江里,호구총수
兄谷里,호구총수
兄邊部曲,특수구역
充養齋里,호구총수
兆內,역지사지LV3
兆內面,호구총수
兆陽廢縣,특수구역
兆陽浦,신증동국여지승람
先乭里,호구총수
先佐郞里,호구총수
先倉里,호구총수
先地串,호구총수
先文里,호구총수
先皇寺里,호구총수
先道麻里,호구총수
先達洞里,호구총수
先達里,호구총수
先項里,호구총수
光一,역지사지LV3
光一面,호구총수
光三,역지사지LV3
光三里,호구총수
光世,군현역원
光之山里,호구총수
光之浦,여지도서
光二,역지사지LV3
光二運,역지사지LV3
光二運面,호구총수
光井里,호구총수
光令里,호구총수
光內一運,역지사지LV3
光內二運,역지사지LV3
光化,역지사지LV3
光化面,호구총수
光升,호구총수
光升里,호구총수
光南,역지사지LV3
光在里,호구총수
光城,역지사지LV3
光城里,호구총수
光城面,호구총수
光大亭,호구총수
光大村,호구총수
光大洞里,호구총수
光大院,군현역원
光實院,군현역원
光寶院,군현역원
光寺里,호구총수
光山,군현역원·여지도서
光山里,호구총수
光峯里,호구총수
光川里,호구총수
光州,군현역원·역지사지LV3
光州里,호구총수
光德,역지사지LV3
光德洞內,호구총수
光德里,호구총수
光承里,호구총수
光敎,역지사지LV3
光敎山,신증동국여지승람·여지도서
光敎面,호구총수
光新基,호구총수
光明里,호구총수
光星里,호구총수
光時,군현역원·역지사지LV3
光村里,호구총수
光橋里,호구총수
光水洞里,호구총수
光池,군현역원
光津里,호구총수
光淵里,호구총수
光濟亭里,호구총수
光珠里,호구총수
光生山,신증동국여지승람
光生里,호구총수
光石,역지사지LV3
光義,역지사지LV3
光觀里,호구총수
光谷村,호구총수
光道,역지사지LV3
光院里,호구총수
光陽,군현역원·역지사지LV3·호구총수
光陽縣,특수구역
光陽里,호구총수
光音里,호구총수
光風亭,호구총수
克陪村,호구총수
兌星庵,호구총수
免枝里,호구총수
免騰里,호구총수
兎兒洞,여지도서
兎其洞,호구총수
兎其里,호구총수
兎只坊,호구총수
兎城里,호구총수
兎山,군현역원·여지도서·역지사지LV3
兎山上里,호구총수
兎山中里,호구총수
兎山浦,여지도서
兎山縣,특수구역
兎山里,호구총수
兎山面,호구총수
兎峴川,여지도서
兎峴里,호구총수
兎島,신증동국여지승람
兎川,여지도서
兎村里,호구총수
兎洞里,호구총수
兎谷里,호구총수
兎頭里,호구총수
兒執里,호구총수
兒院,호구총수
兔院店,군현역원
兜率城山,여지도서
兜率山,신증동국여지승람·여지도서
兜率院,군현역원
入呑里,호구총수
入坂洞,역지사지LV3
入室里,호구총수
入板洞坊北,역지사지LV3
入板洞坊北面,호구총수
入板洞坊南,역지사지LV3
入板洞坊南面,호구총수
入板洞坊西,역지사지LV3
入板洞坊西面,호구총수
入浦,신증동국여지승람
入突,호구총수
內一,역지사지LV3
內一良里,호구총수
內一里,호구총수
內丁,역지사지LV3
內七井,호구총수
內三佛郞里,호구총수
內三岐里,호구총수
內三里,호구총수
內三鶴,호구총수
內上,역지사지LV3
內上村,호구총수
內上谷里,호구총수
內上里,호구총수
內上面,호구총수
內下,역지사지LV3
內下村,호구총수
內下洞,호구총수
內下谷里,호구총수
內下里,호구총수
內下面,호구총수
內中,역지사지LV3
內中村,호구총수
內中洞,호구총수
內中部里,호구총수
內中里,호구총수
內串界,호구총수
內串里,호구총수
內乙旀里,호구총수
內九,호구총수
內九水洞,호구총수
內九音里,호구총수
內也,군현역원·역지사지LV3
內乫峙里,호구총수
內二,역지사지LV3
內二作里,호구총수
內二里,호구총수
內五瑞里,호구총수
內五里峙,호구총수
內亭子里,호구총수
內仇味里,호구총수
內仙味里,호구총수
內代山,역지사지LV3
內伊洞里,호구총수
內佳山,호구총수
內佳谷里,호구총수
內來接里,호구총수
內倉中里,호구총수
內倉里,호구총수
內倉門,호구총수
內元堂村,호구총수
內元山里,호구총수
內元興里,호구총수
內光里,호구총수
內免里,호구총수
內全道,호구총수
內公根里,호구총수
內冬北里,호구총수
內冬南里,호구총수
內前洞,호구총수
內劒山里,호구총수
內加德里,호구총수
內加村,호구총수
內加田里,호구총수
內加耳里,호구총수
內加衣里,호구총수
內加音里,호구총수
內加麻里,호구총수
內化庄洞內,호구총수
內化龍里,호구총수
內北,역지사지LV3
內北山里,호구총수
內北川里,호구총수
內北社,호구총수
內北道,호구총수
內北部里,호구총수
內北面,호구총수
內午,호구총수
內南,역지사지LV3
內南堂里,호구총수
內南岳,호구총수
內南社,호구총수
內南部,호구총수
內南部里,호구총수
內南里,호구총수
內南門,호구총수
內南面,호구총수
內古城,호구총수
內古多只洞,호구총수
內古縣里,호구총수
內古老谷里,호구총수
內古邑大村,호구총수
內古里,호구총수
內召草里,호구총수
內可,역지사지LV3
內可洞里,호구총수
內可面,호구총수
內台山,호구총수
內台里,호구총수
內吐里,호구총수
內吾山里,호구총수
內吾禮山里,호구총수
內吾谷,호구총수
內周光里,호구총수
內周德里,호구총수
內咸安里,호구총수
內員上里,호구총수
內員中里,호구총수
內問里,호구총수
內四,역지사지LV3
內四里,호구총수
內回夜里,호구총수
內坪里,호구총수
內垈里,호구총수
內城,역지사지LV3
內城村,호구총수
內城村里,호구총수
內城洞里,호구총수
內城皇堂里,호구총수
內城里,호구총수
內基,호구총수
內基村,호구총수
內基洞里,호구총수
內基里,호구총수
內堂村,호구총수
內堂洞,호구총수
內堂里,호구총수
內墨方里,호구총수
內墻里,호구총수
內外沙里,호구총수
內外洞村,호구총수
內多士乃里,호구총수
內多慶鎭城,호구총수
內大也,역지사지LV3
內大也面,호구총수
內大化里,호구총수
內大泉,호구총수
內奄里,호구총수
內奴村,호구총수
內孟,역지사지LV3
內孟串,역지사지LV3
內孟面,호구총수
內孤里,호구총수
內宅里,호구총수
內安方里,호구총수
內安洞,호구총수
內官邊村,호구총수
內少堂里,호구총수
內屈上里,호구총수
內屛山里,호구총수
內屯洞,호구총수
內屯里,호구총수
內山,역지사지LV3
內山下里,호구총수
內山井里,호구총수
內山內,역지사지LV3
內山內面,호구총수
內山川里,호구총수
內山所里,호구총수
內山洞,역지사지LV3
內山洞里,호구총수
內山界里,호구총수
內山里,호구총수
內山面,호구총수
內岐山,호구총수
內岱山,역지사지LV3·호구총수
內峴,역지사지LV3
內峴里,호구총수
內崇化里,호구총수
內川,역지사지LV3
內川坊,호구총수
內川德,역지사지LV3
內川德部,역지사지LV3
內巨里,호구총수
內巳,역지사지LV3
內平里,호구총수
內店村,호구총수
內廂,역지사지LV3
內廂里,호구총수
內廂面,호구총수
內弓山,호구총수
內弓項里,호구총수
內德,역지사지LV3
內德亭,호구총수
內德余里,호구총수
內德洞,호구총수
內德谷里,호구총수
內德里,호구총수
內所,역지사지LV3
內所屹山,역지사지LV3
內所屹山面,호구총수
內所萬,호구총수
內才,군현역원
內才里,호구총수
內持琴里,호구총수
內斗乙山里,호구총수
內斗川里,호구총수
內新院村,호구총수
內方,역지사지LV3
內方面,호구총수
內於項里,호구총수
內旀里,호구총수
內旨,역지사지LV3
內旨面,호구총수
內晉,역지사지LV3
內晉城,역지사지LV3
內晋城里,호구총수
內景浦,호구총수
內暘里,호구총수
內曲,호구총수
內曲山里,호구총수
內曾山,역지사지LV3
內月里,호구총수
內月項里,호구총수
內望山里,호구총수
內望月里,호구총수
內朝會洞,호구총수
內末力里,호구총수
內朴吉里,호구총수
內材,군현역원
內村,역지사지LV3·호구총수
內村里,호구총수
內杜谷,호구총수
內東,역지사지LV3
內東坊,호구총수
內東城里,호구총수
內東邊,역지사지LV3
內東邊坊,호구총수
內東里,호구총수
內東面,호구총수
內松山里,호구총수
內松川里,호구총수
內松東里,호구총수
內松西村里,호구총수
內松里,호구총수
內板橋里,호구총수
內林丘里,호구총수
內林里,호구총수
內栗峙,호구총수
內栗里,호구총수
內校村,호구총수
內校洞,호구총수
內栢吐村,호구총수
內梅谷村,호구총수
內梧峴村,호구총수
內梨峴里,호구총수
內椧里,호구총수
內楮里,호구총수
內榮山村,호구총수
內機里,호구총수
內橫浦,역지사지LV3
內橫浦面,호구총수
內橫甫,역지사지LV3
內檜巖里,호구총수
內檢丹,호구총수
內毛三里,호구총수
內水井里,호구총수
內水洞,호구총수
內水洞里,호구총수
內水餘里,호구총수
內汗里,호구총수
內汝草里,호구총수
內江里,호구총수
內池,호구총수
內池浦里,호구총수
內沔里,호구총수
內沙川里,호구총수
內沙良里,호구총수
內泉洞里,호구총수
內泉里,호구총수
內法古里,호구총수
內波迪里,호구총수
內注坪,호구총수
內洞,역지사지LV3·호구총수
內洞上里,호구총수
內洞下里,호구총수
內洞村,호구총수
內洞里,호구총수
內洞閭,호구총수
內洞面,호구총수
內浦,여지도서·특수구역
內浦新里,호구총수
內浦鄕,특수구역
內浦里,호구총수
內浮石里,호구총수
內淸水閭,호구총수
內淸溪,호구총수
內渠里,호구총수
內湘州里,호구총수
內潛里,호구총수
內濟川,호구총수
內烽里,호구총수
內牙士乃里,호구총수
內牛山村,호구총수
內牛藏村,호구총수
內牟種里,호구총수
內玄化里,호구총수
內玉江里,호구총수
內玉溪里,호구총수
內瑟谷里,호구총수
內瓦里,호구총수
內甑山里,호구총수
內甘召里,호구총수
內甘界里,호구총수
內生化里,호구총수
內用亭里,호구총수
內甫村,호구총수
內甫里,호구총수
內田垈里,호구총수
內白山,호구총수
內白山里,호구총수
內白鶴里,호구총수
內盆梅洞,호구총수
內盤松里,호구총수
內看德里,호구총수
內眞木里,호구총수
內眞田,역지사지LV3
內眞田坊,호구총수
內知止里,호구총수
內知里,호구총수
內石橋里,호구총수
內石鄕,특수구역
內硯里,호구총수
內祠里,호구총수
內禮浦,신증동국여지승람
內禾農里,호구총수
內禿山,호구총수
內程里,호구총수
內竹,역지사지LV3
內竹里,호구총수
內竹面,호구총수
內笠巖,호구총수
內笠巖里,호구총수
內粉洞里,호구총수
內細洞里,호구총수
內終,역지사지LV3
內終道,역지사지LV3
內終道面,호구총수
內綾鄕里,호구총수
內羅老島,신증동국여지승람
內羅里,호구총수
內老日里,호구총수
內老里,호구총수
內胎封,호구총수
內舊衙里,호구총수
內舍,역지사지LV3
內舍谷,역지사지LV3
內般庄,호구총수
內良發里,역지사지LV3·호구총수
內良發里面,호구총수
內良里,호구총수
內艾峙里,호구총수
內花村,호구총수
內茁浦里,호구총수
內茂川里,호구총수
內草坪里,호구총수
內草島,호구총수
內草洞,호구총수
內菱香里,호구총수
內萬垈里,호구총수
內葛山,호구총수
內葛村里,호구총수
內蓼上里,호구총수
內蓼下里,호구총수
內薪山里,호구총수
內藏,세종실록지리지·역지사지LV3
內藏山,여지도서
內藝谷里,호구총수
內藥泉洞,호구총수
內蘇村,호구총수
內虎山,호구총수
內虎山洞,호구총수
內虎山里,호구총수
內蟹隅里,호구총수
內西,역지사지LV3
內西底里,호구총수
內西洞里,호구총수
內西部里,호구총수
內西里,호구총수
內西門內里,호구총수
內西面,호구총수
內谷,호구총수
內谷里,호구총수
內貫松里,호구총수
內贍內契,호구총수
內赤,역지사지LV3
內赤城里,호구총수
內路下,호구총수
內迎山,여지도서
內述里,호구총수
內遊城里,호구총수
內道介村,호구총수
內道密里,호구총수
內道山里,호구총수
內達里村,호구총수
內遠,호구총수
內邑,호구총수
內都,호구총수
內都淸里,호구총수
內酉山里,호구총수
內里,호구총수
內野,군현역원
內金剛,역지사지LV3
內金好禮里,호구총수
內金川里,호구총수
內金谷里,호구총수
內釜谷村,호구총수
內鈒浦里,호구총수
內鉢山里,호구총수
內鐵島里,호구총수
內長佐里,호구총수
內長田里,호구총수
內長鴨里,호구총수
內門峙,호구총수
內門巖里,호구총수
內防築,호구총수
內阿,호구총수
內院堂里,호구총수
內陵里,호구총수
內險里,호구총수
內雲谷里,호구총수
內需司內契,호구총수
內需寺內行廓契,호구총수
內霜里,호구총수
內靈溪里,호구총수
內非刀里村,호구총수
內非辰島,여지도서
內面,호구총수
內面一里,역지사지LV3
內面三里,역지사지LV3
內項里,호구총수
內頭巖,호구총수
內香芝,호구총수
內馬山里,호구총수
內馬川,호구총수
內馬良里,호구총수
內魯谷里,호구총수
內鳳棲,호구총수
內麻村,호구총수
內黃城里,호구총수
內黃山東里,호구총수
內黃山里,호구총수
內黃谷,호구총수
內黃龍里,호구총수
內黑上里,호구총수
內黑鴨里,호구총수
內鼎里,호구총수
內齋宮里,호구총수
內龍宮里,호구총수
內龍里,호구총수
內龍項里,호구총수
全之池,여지도서
全仁里,호구총수
全光里,호구총수
全反仁山,신증동국여지승람
全垈里,호구총수
全城山,세종실록지리지
全城里,호구총수
全堂里,호구총수
全夏洞里,호구총수
全大里,호구총수
全州,군현역원·역지사지LV3
全日山,여지도서
全東,역지사지LV3
全歸里,호구총수
全洞里,호구총수
全火禮村,호구총수
全義,군현역원·역지사지LV3
全義谷里,호구총수
全谷,역지사지LV3
全豊里,호구총수
兩嘉,역지사지LV3
兩城里,호구총수
兩寺,역지사지LV3
兩山,역지사지LV3
兩巖里,호구총수
兩水菴里,호구총수
兩浦,역지사지LV3
兩浦里,호구총수
兩浦面,호구총수
兩灘里,호구총수
兩絃村,호구총수
兩花,역지사지LV3
兩見里,호구총수
兩谷,호구총수
兩邊,역지사지LV3
兩隱里,호구총수
兪判府事契,호구총수
兪士益契,호구총수
八丘山里,호구총수
八之里,호구총수
八乙,역지사지LV3
八乙下,역지사지LV3
八乙下川,여지도서
八公山,여지도서
八助,역지사지LV3
八助嶺,여지도서·호구총수
八助浦,여지도서
八助部曲,특수구역
八助里,호구총수
八助面,호구총수
八勿谷里,호구총수
八厼,역지사지LV3
八可,역지사지LV3
八呑,역지사지LV3
八呑面,호구총수
八味里,호구총수
八堂里,호구총수
八夜里,호구총수
八大藪,신증동국여지승람
八奉里,호구총수
八字洞,호구총수
八尒島,신증동국여지승람
八山橋里,호구총수
八峯,역지사지LV3
八峯山,세종실록지리지·여지도서
八峯里,호구총수
八峰山,여지도서
八嶺川,신증동국여지승람
八巖橋,호구총수
八德,역지사지LV3
八忠,역지사지LV3
八忠面,호구총수
八新里,호구총수
八於谷坊,호구총수
八於谷部曲,특수구역
八星里,호구총수
八曲嶺,호구총수
八月坪,호구총수
八松里,호구총수
八板洞,역지사지LV3
八枝洞里,호구총수
八柳亭里,호구총수
八涯下里,호구총수
八溪里,호구총수
八灘,역지사지LV3
八營山,여지도서
八營里,호구총수
八營院,군현역원
八禽,역지사지LV3
八禽島,호구총수
八竹山,호구총수
八等,역지사지LV3
八等里,호구총수
八等面,호구총수
八羅串,역지사지LV3
八羅串面,호구총수
八美里,호구총수
八興,호구총수
八良峴,여지도서
八莒,역지사지LV3
八莒川,여지도서
八莒面,호구총수
八谷村,호구총수
八谷里,호구총수
八里鞍峴,호구총수
八鎭,군현역원
八鎭村,호구총수
八院,역지사지LV3
八院防,호구총수
八音佛堂里,호구총수
八音川里,호구총수
八音橋里,호구총수
八項,호구총수
八顚山,여지도서
八顧里,호구총수
八馬,특수구역
八馬部曲,특수구역
八骨里,호구총수
八龍村,호구총수
公三里,호구총수
公主山,여지도서
公亭村,호구총수
公北,역지사지LV3
公坪里,호구총수
公定山,여지도서
公將洞里,호구총수
公山,세종실록지리지·신증동국여지승람·여지도서·역지사지LV3
公山亭里,호구총수
公山里,호구총수
公州,군현역원·역지사지LV3
公平,역지사지LV3
公德,역지사지LV3
公德村,호구총수
公德里,호구총수
公心洞,호구총수
公心里,호구총수
公才里,호구총수
公政洞,호구총수
公昌里,호구총수
公村,역지사지LV3·특수구역
公村部曲,특수구역
公村里,호구총수
公村面,호구총수
公根,역지사지LV3
公根面,호구총수
公正山,여지도서
公正洞,호구총수
公正里,호구총수
公水,역지사지LV3
公洞,역지사지LV3
公洞坊,호구총수
公洞里,호구총수
公洞面,호구총수
公浦,역지사지LV3
公浦洞里,호구총수
公田,역지사지LV3
公田里,호구총수
公田面,호구총수
公睦里,호구총수
公耳谷,호구총수
公處洞內,호구총수
公西,역지사지LV3
公貴,역지사지LV3
公貴坊北,역지사지LV3
公貴坊北面,호구총수
公貴坊南,역지사지LV3
公貴坊南面,호구총수
公貴坊西,역지사지LV3
公貴坊西面,호구총수
公貴山,신증동국여지승람
公貴里,호구총수
公長里,호구총수
公隻洞,호구총수
公需坪村,호구총수
公需川,여지도서
公須,역지사지LV3
公須井下里,호구총수
公須亭,호구총수
公須南,호구총수
公須坊,역지사지LV3
公須山,여지도서
公須山里,호구총수
公須洞,호구총수
公須洞里,호구총수
公須津,호구총수
公須津里,호구총수
公須浦,여지도서
公須浦里,호구총수
公須灘里,호구총수
公須田里,호구총수
公須西里,호구총수
公須里,호구총수
公須院,군현역원
公龍灘,여지도서
六下橋里,호구총수
六丹里,호구총수
六十峙洞,호구총수
六十峴,신증동국여지승람
六叱,군현역원
六唐頭里,호구총수
六契,호구총수
六德里,호구총수
六支石,역지사지LV3
六支石面,호구총수
六昌,역지사지LV3·특수구역
六昌里,호구총수
六昌面,호구총수
六書院里,호구총수
六架閣里,호구총수
六校洞,호구총수
六洞里,호구총수
六谷里,호구총수
六里內洞,호구총수
六閑里,호구총수
六陽也里,호구총수
六龍里,호구총수
兵之坊里,호구총수
兵屯里,호구총수
兵房村,호구총수
兵曹內契,호구총수
兵營,역지사지LV3
兵筒,호구총수
其乭里,호구총수
其佐,역지사지LV3
其佐島,호구총수
其佐村,역지사지LV3
其佐村面,호구총수
其叱大里,호구총수
其呑里,호구총수
其土里,호구총수
其士里,호구총수
其士里東邊里,호구총수
其士里西邊里,호구총수
其大谷里,호구총수
其夫里,호구총수
其思里,호구총수
其族谷,호구총수
其比峴,여지도서
其粧洞,호구총수
其耳里,호구총수
其里洞,호구총수
其隱串里,호구총수
典中坪,여지도서
典洞里,호구총수
典牲內契,호구총수
典牲外契,호구총수
典獄內契,호구총수
典獄後洞契,호구총수
典艦司契,호구총수
典谷里,호구총수
典農里契,호구총수
典醫監洞契,호구총수
兼二浦,역지사지LV3
兼坊,역지사지LV3
兼房,역지사지LV3
兼於,역지사지LV3
兼於面,호구총수
兼濟里,호구총수
兼白,역지사지LV3
兼防,역지사지LV3
兼防面,호구총수
冊巖里,호구총수
冊洞村,호구총수
再訪里,호구총수
冠井,호구총수
冠井沙器店,호구총수
冠兮山,세종실록지리지·여지도서
冠山,여지도서·역지사지LV3·호구총수
冠岩,여지도서
冠岳,세종실록지리지
冠岳山,여지도서
冠峙里,호구총수
冠巖里,호구총수
冠川里,호구총수
冠方村,호구총수
冠村里,호구총수
冠洞里,호구총수
冠盖亭,호구총수
冠谷村,호구총수
冠里,호구총수
冬串之,호구총수
冬之山里,호구총수
冬乙山里,호구총수
冬乙於勿里,호구총수
冬乙背串,여지도서
冬乙背串山,여지도서
冬乙音洞,호구총수
冬仇谷里,호구총수
冬勿谷,역지사지LV3
冬勿谷里,호구총수
冬只山,호구총수
冬巖村,호구총수
冬德,군현역원
冬應里,호구총수
冬春,역지사지LV3
冬松洞內,호구총수
冬柏所,특수구역
冬栢,특수구역·호구총수
冬栢亭,호구총수
冬栢亭里,호구총수
冬栢村,호구총수
冬火,역지사지LV3
冬羅,역지사지LV3
冬老,특수구역
冬老坪所,특수구역
冬老所,역지사지LV3
冬老所面,호구총수
冬至山,호구총수
冬至山里,호구총수
冬至藪,여지도서
冬至里,호구총수
冬花,역지사지LV3
冬花日,역지사지LV3
冬花日面,호구총수
冬郞山,여지도서
冬靑里,호구총수
冬音岩,역지사지LV3
冬音峙,역지사지LV3
冬音峙面,호구총수
冬音巖,역지사지LV3
冬音巖里,호구총수
冬音巖面,호구총수
冬音浦里,호구총수
冬音里,호구총수
冰島,신증동국여지승람
冶匠村,호구총수
冶所洞里,호구총수
冶所浦里,호구총수
冶洞,호구총수
冶洞里,호구총수
冶爐,역지사지LV3·특수구역
冷井,호구총수
冷井村,호구총수
冷井洞,호구총수
冷井里,호구총수
冷井院,군현역원
冷亭,호구총수
冷川里,호구총수
冷水亭,호구총수
冷水洞里,호구총수
冷泉,호구총수
冷泉洞,호구총수
冷泉里,호구총수
准赤里,호구총수
凈土山,여지도서
凉亭里,호구총수
凉坪里,호구총수
凌山里,호구총수
凌江里,호구총수
凌波亭里,호구총수
凌洞,역지사지LV3
凌浦里,호구총수
凌漢山,세종실록지리지
凌濟院,군현역원
凍川串,여지도서
凍川里,호구총수
凍村里,호구총수
凍水上里,호구총수
凍水下里,호구총수
凍水里,호구총수
凝川,여지도서
凝江,여지도서
几於里,호구총수
凡上洞,호구총수
凡下洞,호구총수
凡串村,호구총수
凡五里,호구총수
凡儀洞里,호구총수
凡勿也,역지사지LV3
凡北山里,호구총수
凡川一里,호구총수
凡川二里,호구총수
凡庭,역지사지LV3
凡庭坊,호구총수
凡於,군현역원
凡朴山,여지도서
凡朴洞里,호구총수
凡朴院里,호구총수
凡村里,호구총수
凡毛坊,호구총수
凡法堂里,호구총수
凡洞里,호구총수
凡物里,호구총수
凡田里,호구총수
凡興里,호구총수
凡西,역지사지LV3
凡西里,호구총수
凡谷部曲,특수구역
凡谷里,호구총수
凡魚,군현역원
凡魚部曲,특수구역
凡魚里,호구총수
凰山,역지사지LV3
出浦里,호구총수
出端,호구총수
出聖庵,호구총수
出豆里,호구총수
出鮑里,호구총수
刀三彌,역지사지LV3
刀乃部曲,특수구역
刀子洞契,호구총수
刀寺里,호구총수
刀山,세종실록지리지·여지도서
刀山里,호구총수
刀峴,여지도서
刀峴里,호구총수
刀津山,신증동국여지승람
刀磨峴,신증동국여지승람
刀衣坪,신증동국여지승람·역지사지LV3
刀衣坪坊,호구총수
刀谷部曲,특수구역
刀馬山里,호구총수
刀馬峯里,호구총수
刀馬橋里,호구총수
刀臘縣治所,특수구역
分一里,호구총수
分三里,호구총수
分之峙,여지도서
分二里,호구총수
分介洞里,호구총수
分六契,호구총수
分六里,호구총수
分四里,호구총수
分土洞,호구총수
分土洞里,호구총수
分土津,호구총수
分土谷,호구총수
分地嶺,여지도서
分坪里,호구총수
分場里,호구총수
分明里,호구총수
分每洞里,호구총수
分水嶺,세종실록지리지·여지도서
分水院,군현역원
分洞里,호구총수
分田,역지사지LV3
分界村,호구총수
分章里,호구총수
分竹洞,호구총수
分紅里,호구총수
分繕工內契,호구총수
分行,군현역원
分諸谷里,호구총수
分鄕,역지사지LV3
分鄕里,역지사지LV3
分鄕面,호구총수
分金里,호구총수
分院里,호구총수
分香里,호구총수
分鷄山,여지도서
切二山里,호구총수
刑曹內契,호구총수
列樹,역지사지LV3
列樹面,호구총수
列沙村,호구총수
列雲浦里,호구총수
列音界,역지사지LV3·호구총수
列音界村,호구총수
初一里,호구총수
初下里,호구총수
初中里,호구총수
初冊,역지사지LV3
初冊面,호구총수
初加次里,호구총수
初北,역지사지LV3
初北面,호구총수
初古旀里,호구총수
初同,역지사지LV3
初味古介,호구총수
初峯里,호구총수
初度,역지사지LV3
初更洞,호구총수
初東,역지사지LV3
初東面,호구총수
初洞,호구총수
初興里,호구총수
初西,역지사지LV3
初西里,호구총수
初西面,호구총수
初貴洞里,호구총수
初贊里,호구총수
初里,호구총수
初頭里,호구총수
別上,역지사지LV3
別下,역지사지LV3
別乃峴,신증동국여지승람·여지도서
別何,역지사지LV3
別兒浦里,호구총수
別內,역지사지LV3
別刀里,호구총수
別化里,호구총수
別卜里,호구총수
別堂閭,호구총수
別士串,여지도서
別害,역지사지LV3
別害社,호구총수
別岳里,호구총수
別彔里,호구총수
別於谷部曲,특수구역
別於谷里,호구총수
別東,역지사지LV3
別河,역지사지LV3
別河川,여지도서
別河里,호구총수
別海,역지사지LV3
別牙山,호구총수
別珍,군현역원
別珍浦,신증동국여지승람
別社,호구총수
別立山,여지도서
別羅花里,호구총수
別良,역지사지LV3·특수구역
別良谷,호구총수
別良部曲,특수구역
別良面上道,호구총수
別良面下道,호구총수
別谷村,호구총수
別谷里,호구총수
別退山,여지도서
別里,호구총수
別防里,호구총수
別陽里,호구총수
別雲山,호구총수
別非,역지사지LV3
別非谷,역지사지LV3
別非谷面,호구총수
別面,호구총수
別餉里,호구총수
別館里,호구총수
利上,역지사지LV3
利上社,호구총수
利下,역지사지LV3
利下社,호구총수
利中,역지사지LV3
利仁,군현역원
利仁鄕,특수구역
利仁里,호구총수
利內,역지사지LV3
利加亇,역지사지LV3
利勿島里,호구총수
利勿里,호구총수
利勿閭,호구총수
利北,역지사지LV3
利南,역지사지LV3
利原,역지사지LV3
利城,특수구역
利夫院,군현역원
利安,역지사지LV3
利安中村,호구총수
利安茅亭里,호구총수
利山,특수구역
利山縣,특수구역
利川,역지사지LV3
利方,특수구역
利木洞,호구총수
利東,역지사지LV3
利東面,호구총수
利柳,역지사지LV3
利案面,호구총수
利泰院院,군현역원
利洞,호구총수
利盛里,호구총수
利美里,호구총수
利興,호구총수
利興里,호구총수
利西,역지사지LV3
利西面,호구총수
利豆等院,군현역원
利道,군현역원
利鎭,호구총수
利門里,호구총수
刪朱,특수구역
到城山,여지도서
到天山,여지도서
到彼里,호구총수
刷還里,호구총수
削井,호구총수
剋洞,호구총수
前上里,호구총수
前下里,호구총수
前亭里,호구총수
前坪里,호구총수
前城里,호구총수
前山島,여지도서
前山里,호구총수
前島里,호구총수
前川,여지도서·역지사지LV3
前所,역지사지LV3
前所面,호구총수
前曾島,호구총수
前村,호구총수
前林里,호구총수
前枝方里,호구총수
前枝里,호구총수
前沙里,호구총수
前泉味村,호구총수
前洞內,호구총수
前洞里,호구총수
前浦,호구총수
前浦里,호구총수
前營村,호구총수
前秋村,호구총수
前芳村,호구총수
前谷洞,호구총수
前谷里,호구총수
前軍谷,호구총수
前里,호구총수
剛明山,여지도서
剛珠所,특수구역
剛金山,여지도서
剪子佛,호구총수
割味倉里,호구총수
劉村,호구총수
劉洞里,호구총수
劍倉,역지사지LV3
劍倚山,역지사지LV3
劍山,세종실록지리지·여지도서
劍山嶺,여지도서
劍山院,군현역원
劍峯山,여지도서
劍每安山,여지도서
劍水,군현역원
劍磨山,여지도서
劍鶴山,여지도서
劒倉里,호구총수
劒北里,호구총수
劒城里,호구총수
劒山,여지도서
劒山里,호구총수
劒島洞,호구총수
劒巖,여지도서
劒巖里,호구총수
劒望里,호구총수
劒隱山,여지도서
劒隱山里,호구총수
力乭里,호구총수
力谷里,호구총수
力間里,호구총수
功城,역지사지LV3·특수구역
功城廢縣,특수구역
功城院,군현역원
功安部曲,특수구역
功德院,군현역원
功愼,특수구역
功東,역지사지LV3
功東面,호구총수
功西,역지사지LV3
功須洞里,호구총수
加七里,호구총수
加三里,호구총수
加上,역지사지LV3
加上里,호구총수
加上面,호구총수
加中里,호구총수
加串,역지사지LV3
加串右,역지사지LV3
加串坊,호구총수
加串左,역지사지LV3
加丹洞里,호구총수
加丹里,호구총수
加乃入里,호구총수
加乃浦,호구총수
加之谷,역지사지LV3
加乙,역지사지LV3
加乙串浦,여지도서
加乙亇川院,군현역원
加乙井處,특수구역
加乙坡嶺,신증동국여지승람
加乙坪,특수구역
加乙坪所,특수구역
加乙坪鄕,특수구역
加乙山,신증동국여지승람·특수구역
加乙山所,특수구역
加乙峴,여지도서
加乙峴院,군현역원
加乙旨,역지사지LV3
加乙浦,여지도서
加乙灘,신증동국여지승람
加乙田,역지사지LV3·특수구역
加乙田里,호구총수
加乙面山,여지도서
加乙頭山,세종실록지리지
加也,역지사지LV3
加也山里,호구총수
加也川,여지도서
加也旨里,호구총수
加也洞,호구총수
加也洞里,호구총수
加也面,호구총수
加也項里,호구총수
加亇川,여지도서
加亇谷里,호구총수
加五峙,호구총수
加五旨里,호구총수
加五里,호구총수
加五里契,호구총수
加仁巖,호구총수
加仁里,호구총수
加介,역지사지LV3
加介右,역지사지LV3
加介坊,호구총수
加介左,역지사지LV3
加伊谷,역지사지LV3
加住村里,호구총수
加佐,역지사지LV3·특수구역
加佐所,특수구역
加佐村,역지사지LV3·호구총수
加佐洞,역지사지LV3·호구총수
加佐洞一契,호구총수
加佐洞二契,호구총수
加佐洞里,호구총수
加佐洞面,호구총수
加佐谷洞內,호구총수
加佐里,호구총수
加作川里,호구총수
加作村,호구총수
加作橋,호구총수
加俠里,호구총수
加倉,역지사지LV3
加倉里,호구총수
加儉谷村,호구총수
加先里,호구총수
加兒面里,호구총수
加八里,호구총수
加別,역지사지LV3
加別午里,호구총수
加利,역지사지LV3·특수구역
加利山,신증동국여지승람
加利縣,특수구역
加加里,호구총수
加助,역지사지LV3
加助山,여지도서
加助島,여지도서
加助島里,호구총수
加勿川院,군현역원
加化里,호구총수
加北,역지사지LV3
加北面,호구총수
加南,역지사지LV3
加南面,호구총수
加古川里,호구총수
加古里,호구총수
加叱古介里,호구총수
加叱峙里,호구총수
加叱洞,호구총수
加叱洞里,호구총수
加叱里,호구총수
加吉村,호구총수
加味呑里,호구총수
加土尾里,호구총수
加坐洞,호구총수
加坪村,호구총수
加坪里,호구총수
加城里,호구총수
加增里,호구총수
加士,역지사지LV3·호구총수
加士中里,호구총수
加士峴,여지도서
加士島,호구총수
加士谷里,호구총수
加士里,호구총수
加士面,호구총수
加外島,신증동국여지승람
加大里,호구총수
加奴津,여지도서
加奴里,호구총수
加宗,역지사지LV3
加實里,호구총수
加尺兼村,호구총수
加尺村,호구총수
加尺洞,호구총수
加尺洞里,호구총수
加尺里,호구총수
加山,역지사지LV3
加山右,역지사지LV3
加山坊,호구총수
加山左,역지사지LV3
加山里,호구총수
加山面,호구총수
加屹院,군현역원
加岑里,호구총수
加岾,신증동국여지승람
加峙里,호구총수
加峴里,호구총수
加峴院,군현역원
加峽里,호구총수
加巖里,호구총수
加川,군현역원
加川村,호구총수
加川里,호구총수
加布谷里,호구총수
加幕峙,호구총수
加幕峙里,호구총수
加幕洞,신증동국여지승람
加幕里,호구총수
加平,군현역원·역지사지LV3
加平里,호구총수
加引浦村,호구총수
加德,역지사지LV3·특수구역
加德山里,호구총수
加德島,여지도서
加德橋里,호구총수
加德洞里,호구총수
加德部曲,특수구역
加德里,호구총수
加德陣里,호구총수
加恩,역지사지LV3·특수구역
加恩川,여지도서
加恩縣,특수구역
加應亭里,호구총수
加應州里,호구총수
加應石嶺,여지도서
加所里,호구총수
加文峴,신증동국여지승람
加旨,역지사지LV3
加旨里,호구총수
加時岳里,호구총수
加智谷,역지사지LV3
加智谷面,호구총수
加村,역지사지LV3
加東,역지사지LV3
加東里,호구총수
加東面,호구총수
加林,군현역원
加梨,역지사지LV3
加梨面,호구총수
加樹介,역지사지LV3
加樹村,호구총수
加次,역지사지LV3
加次乃,호구총수
加次乙串里,호구총수
加次山,여지도서·역지사지LV3
加次山里,호구총수
加次山面,호구총수
加次島里,호구총수
加次巖里,호구총수
加次惡,호구총수
加次禮,역지사지LV3
加次禮部曲,특수구역
加次禮里,호구총수
加次里島,신증동국여지승람
加次禮池,여지도서
加歷里,호구총수
加汝白里,호구총수
加沙島,역지사지LV3
加沙村,호구총수
加沙里,호구총수
加波島,신증동국여지승람
加注山,여지도서
加洞,역지사지LV3
加洞里,호구총수
加津里,호구총수
加津頭,호구총수
加流里,호구총수
加淵鄕,특수구역
加火,군현역원
加火浦,여지도서
加火浦村,호구총수
加玉峙,호구총수
加玉洞,호구총수
加玉洞里,호구총수
加瓦谷里,호구총수
加用,특수구역
加用峙里,호구총수
加用所,특수구역
加田村,호구총수
加田里,호구총수
加登里,호구총수
加省村,호구총수
加磨川,여지도서
加祚,역지사지LV3·특수구역
加祚川,여지도서
加祚縣,특수구역
加福洞,호구총수
加禮里,호구총수
加禾,역지사지LV3
加禾里,호구총수
加縣,역지사지LV3
加縣內,역지사지LV3
加縣內坊,호구총수
加縣面,호구총수
加羅,호구총수
加羅串里,호구총수
加羅之里,호구총수
加羅山,여지도서
加羅山里,호구총수
加羅峴,여지도서
加羅村,호구총수
加羅洞里,호구총수
加羅登,호구총수
加羅谷里,호구총수
加羅非里,호구총수
加老介,호구총수
加老介里,호구총수
加老介院,군현역원
加老浦里,호구총수
加耕里,호구총수
加耳下北里,호구총수
加耳下南里,호구총수
加耳島,호구총수
加耳浦,여지도서
加耳谷,역지사지LV3
加耳谷里,호구총수
加耳里,호구총수
加耳院,군현역원
加耶,역지사지LV3
加耶旨,역지사지LV3
加耶村,호구총수
加背梁鎭下里,호구총수
加背谷,역지사지LV3
加背谷面,호구총수
加自洞里,호구총수
加舟里,호구총수
加良洞里,호구총수
加良部曲,특수구역
加良里,호구총수
加芝谷,역지사지LV3
加莫,군현역원
加莫洞,여지도서
加莫洞里,호구총수
加莫浦,호구총수
加萬里,호구총수
加蓮,역지사지LV3
加衣,역지사지LV3
加衣面,호구총수
加西,역지사지LV3
加西谷,역지사지LV3
加西谷面,호구총수
加西里,호구총수
加西面,호구총수
加西音山,여지도서
加西項里,호구총수
加谷,역지사지LV3
加谷村,호구총수
加豆等峴,여지도서
加貴谷,역지사지LV3
加述里,호구총수
加道洞,호구총수
加道里,호구총수
加達里,호구총수
加里,호구총수
加里坡,역지사지LV3
加里山,여지도서
加里山洞,호구총수
加里山里,호구총수
加里川,여지도서
加里村,호구총수
加里洞,호구총수
加里渚部曲,특수구역
加里破,역지사지LV3
加里破峙,여지도서
加里破面,호구총수
加里筒,호구총수
加野浦,여지도서
加金里,호구총수
加陽里,호구총수
加隱巖山,신증동국여지승람
加難,역지사지LV3
加難島,신증동국여지승람·호구총수
加音串,역지사지LV3
加音內,호구총수
加音嶺,여지도서
加音巖里,호구총수
加音底里,호구총수
加項村,호구총수
加項里,호구총수
加頭山,여지도서
加馬,호구총수
加馬洞,호구총수
加馬洞里,호구총수
加馬金里,호구총수
加鱗端,역지사지LV3
加麻洞,역지사지LV3
加麻浦院,군현역원
加龍浦,호구총수
助仁里,호구총수
助今村,호구총수
助今法里,호구총수
助古介,역지사지LV3
助古介面,호구총수
助古里,호구총수
助吾,역지사지LV3
助吾坊,호구총수
助坪村,호구총수
助壓島,신증동국여지승람
助大山部曲,특수구역
助尼浦,신증동국여지승람
助山里,호구총수
助役里,호구총수
助往里,호구총수
助旺洞,호구총수
助村,역지사지LV3
助村里,호구총수
助村面,호구총수
助梯里,호구총수
助樂里,호구총수
助沙里,호구총수
助津村,호구총수
助浦,여지도서
助火里,호구총수
助田里,호구총수
助立部曲,특수구역
助羅浦里,호구총수
助羅浦鎭下里,호구총수
助臥里,호구총수
助良,역지사지LV3
助若谷里,호구총수
助藥,역지사지LV3
助藥島,신증동국여지승람·호구총수
助谷,호구총수
助述里,호구총수
助邑洞,호구총수
助邑浦,신증동국여지승람
助里洞,역지사지LV3
助音,역지사지LV3
助音浦里,호구총수
助音谷村,호구총수
助馬,역지사지LV3·특수구역
助馬南,역지사지LV3
助馬南面,호구총수
助馬部曲,특수구역
勃浦,호구총수
勃然里,호구총수
勉儀,역지사지LV3
勉儀面,호구총수
勉義,역지사지LV3
勒洞里,호구총수
勒田里,호구총수
勒谷店村,호구총수
勒谷里,호구총수
勒里,호구총수
勒龍洞,호구총수
動樂,세종실록지리지
動鶴山,여지도서
動樂山,여지도서
務安,군현역원
務平里,호구총수
務畊里,호구총수
務良里,호구총수
務農亭,호구총수
務農里,호구총수
務道里,호구총수
勝地洞,호구총수
勝基里,호구총수
勝山,신증동국여지승람
勝嶽山,여지도서
勝巖里,호구총수
勝我島,여지도서
勝湖,역지사지LV3
勝竹洞,호구총수
勝蓮里,호구총수
勝谷里,호구총수
勝長里,호구총수
募軍村里,호구총수
募軍里,호구총수
勤島,호구총수
勤方里,호구총수
勸心洞,호구총수
勸賓,군현역원
勸賓里,호구총수
勿上里,호구총수
勿下里,호구총수
勿乃里,호구총수
勿也,역지사지LV3·특수구역
勿也溪,여지도서
勿也部曲,특수구역
勿也面,호구총수
勿仇知,역지사지LV3
勿傑里,호구총수
勿去川里,호구총수
勿古浦,여지도서
勿古里,호구총수
勿台坊,호구총수
勿失部曲,특수구역
勿川里,호구총수
勿差洞里,호구총수
勿彭村,호구총수
勿憂里,호구총수
勿擧谷里,호구총수
勿方德里,호구총수
勿枉里,호구총수
勿染村,호구총수
勿染淵,여지도서
勿汗里,호구총수
勿浦川里,호구총수
勿淄里,호구총수
勿瑟川,여지도서
勿直里,호구총수
勿禁,역지사지LV3
勿禁里,호구총수
勿老里,호구총수
勿采里,호구총수
勿野,역지사지LV3
勿野灘,여지도서
勿野里,호구총수
勿金山,여지도서
勿金洞里,호구총수
勿閑里,호구총수
勿隱目里,호구총수
勿項洞里,호구총수
包伊津,신증동국여지승람
包伊津里,호구총수
包伊浦坊,호구총수
包伊里,호구총수
包谷洞,호구총수
化主幕洞,호구총수
化京,역지사지LV3
化仁,군현역원
化仁津,여지도서
化仁浦里,호구총수
化仁里,호구총수
化位里,호구총수
化化,역지사지LV3
化北,역지사지LV3
化北面,호구총수
化城,역지사지LV3
化城部曲,특수구역
化城里,호구총수
化城面,호구총수
化寧,특수구역
化寧縣,특수구역
化山里,호구총수
化峙里,호구총수
化巖里,호구총수
化川里,호구총수
化平里,호구총수
化庄,역지사지LV3
化成里,호구총수
化日里,호구총수
化昌縣,특수구역
化村,역지사지LV3
化村面,호구총수
化東,역지사지LV3
化東面,호구총수
化物莊,특수구역
化田里,호구총수
化甲里,호구총수
化興里,호구총수
化莊,역지사지LV3
化莊浦,신증동국여지승람
化莊面,호구총수
化西,역지사지LV3
化西面,호구총수
化陰里,호구총수
化陽里,호구총수
化龍里,호구총수
北一始,역지사지LV3
北一始面,호구총수
北一導,역지사지LV3
北一洞,호구총수
北一終,역지사지LV3
北一終面,호구총수
北一運,역지사지LV3
北一道,역지사지LV3
北一里面,호구총수
北一面,호구총수
北三山里,호구총수
北三運,역지사지LV3
北三里坊,호구총수
北三面,호구총수
北上,역지사지LV3
北上月里,호구총수
北上洞,호구총수
北上溪里,호구총수
北上社,호구총수
北上道,역지사지LV3
北上都里,호구총수
北上里,호구총수
北上面,호구총수
北下,역지사지LV3
北下洞,호구총수
北下社,호구총수
北下道,역지사지LV3
北下里,역지사지LV3
北下面,호구총수
北中,역지사지LV3
北中里,호구총수
北中面,호구총수
北串之,호구총수
北串堂,호구총수
北二契,호구총수
北二始,역지사지LV3
北二始面,호구총수
北二導,역지사지LV3
北二度,역지사지LV3
北二終,역지사지LV3
北二終面,호구총수
北二運,역지사지LV3
北二道,역지사지LV3
北二面,호구총수
北井里,호구총수
北亭里,호구총수
北佐,역지사지LV3
北佐村,역지사지LV3
北佐村面,호구총수
北倉,역지사지LV3
北倉里,호구총수
北先,역지사지LV3
北先面,호구총수
北內,역지사지LV3
北內一作,역지사지LV3
北內二作,역지사지LV3
北內里,호구총수
北內面,호구총수
北初,역지사지LV3
北南山里,호구총수
北參議里,호구총수
北古州內面,호구총수
北右里,호구총수
北吐上里,호구총수
北向洞里,호구총수
北坪,역지사지LV3
北坪川,신증동국여지승람
北坪所,특수구역
北坪村,호구총수
北坪里,호구총수
北城,역지사지LV3
北城山,여지도서
北城村,호구총수
北城里,호구총수
北場里,호구총수
北外,역지사지LV3
北外里,호구총수
北大川,여지도서
北始,역지사지LV3
北子門里,호구총수
北孟里,호구총수
北安,역지사지LV3
北安谷,역지사지LV3·특수구역
北安谷部曲,특수구역
北安面,호구총수
北實洞,호구총수
北寺,역지사지LV3
北寺洞里,호구총수
北寺面,호구총수
北少爲里,호구총수
北尺所,특수구역
北屯里,호구총수
北山,세종실록지리지·여지도서·역지사지LV3
北山外,역지사지LV3
北山外面,호구총수
北山里,역지사지LV3·호구총수
北峙里,호구총수
北峴里,호구총수
北島,역지사지LV3
北嵩山,여지도서
北嶺林里,호구총수
北巖,호구총수
北巖里,호구총수
北川,신증동국여지승람·여지도서·역지사지LV3
北川里,호구총수
北州內,역지사지LV3
北州內面,호구총수
北州東,역지사지LV3
北左,역지사지LV3
北平,역지사지LV3·특수구역
北平始,역지사지LV3
北平始面,호구총수
北平終,역지사지LV3
北平終面,호구총수
北平鄕,특수구역
北平里,호구총수
北後,역지사지LV3
北後面,호구총수
北支里,호구총수
北斗日,역지사지LV3
北新院里,호구총수
北方,역지사지LV3
北方里,호구총수
北方面,호구총수
北日里,호구총수
北朴,역지사지LV3
北村,역지사지LV3·호구총수
北村里,호구총수
北村面,호구총수
北東面,호구총수
北松亭,호구총수
北松山,여지도서
北松里,호구총수
北栗,역지사지LV3
北水下里,호구총수
北江,여지도서
北江內一,역지사지LV3
北江內一面,호구총수
北江內二,역지사지LV3
北江內二面,호구총수
北江外一,역지사지LV3
北江外一上,역지사지LV3
北江外一下,역지사지LV3
北江外一面,호구총수
北江外二,역지사지LV3
北江外二面,호구총수
北洞,역지사지LV3·호구총수
北洞村,호구총수
北洞里,호구총수
北洞面,호구총수
北津,신증동국여지승람·여지도서
北津里,호구총수
北浦,신증동국여지승람·여지도서
北浦里,호구총수
北湖亭,호구총수
北溪里,호구총수
北熊谷,역지사지LV3
北熊谷面,호구총수
北甲里,호구총수
北皐里,호구총수
北盆里,호구총수
北站里,호구총수
北竹里,호구총수
北紫霞洞,여지도서
北終,역지사지LV3
北習,역지사지LV3
北背里,호구총수
北臺山里,호구총수
北興里,호구총수
北薪峴,역지사지LV3
北蘆洞里,호구총수
北西面,호구총수
北調只,역지사지LV3
北調只面,호구총수
北調鄕,특수구역
北谷部曲,특수구역
北谷里,호구총수
北軍里,호구총수
北道,역지사지LV3
北邊,역지사지LV3
北邊里,호구총수
北邊面,호구총수
北邑,역지사지LV3
北邑內,역지사지LV3
北邑內面,호구총수
北部,역지사지LV3·호구총수
北部智安,역지사지LV3
北部里,호구총수
北部面,호구총수
北里面,호구총수
北鎭,역지사지LV3
北長里,호구총수
北門,호구총수
北門內,호구총수
北門內上里,호구총수
北門內下里,호구총수
北門內新上里,호구총수
北門內里,호구총수
北門外,호구총수
北門外上里,호구총수
北門外下里,호구총수
北門外村,호구총수
北門外里,호구총수
北門洞里,호구총수
北門路上里,호구총수
北門路下里,호구총수
北門里,호구총수
北阿部曲,특수구역
北院,군현역원
北靑,군현역원·역지사지LV3
北面,역지사지LV3·호구총수
北面一導,역지사지LV3·호구총수
北面主谷,호구총수
北面乫旨,호구총수
北面二導,역지사지LV3·호구총수
北面加北,호구총수
北面北部坊,호구총수
北面只尙谷,호구총수
北面坊,호구총수
北面大千坊,호구총수
北面大面,호구총수
北面定谷里,호구총수
北面寶林里,호구총수
北面川,여지도서
北面未要里,호구총수
北面毛谷,호구총수
北面社,호구총수
北面紙村里,호구총수
北面赤火峴,호구총수
北面道洞坊,호구총수
北面里,호구총수
北面高梯,호구총수
北音里,호구총수
北頭里,호구총수
北館里,호구총수
北鹽里,호구총수
匙山,여지도서
匙山里,호구총수
匙川,여지도서
匙川里,호구총수
匙里洞,호구총수
匠人村,호구총수
匠村,호구총수
匠村里,호구총수
匡山,여지도서
匡廬山,여지도서
區地,역지사지LV3
區池,역지사지LV3
區池坊,호구총수
十二川,호구총수
十二村,호구총수
十二浦,여지도서
十二浦里,호구총수
十二瀑,여지도서
十二硯川,여지도서
十二節洞里,호구총수
十五峙里,호구총수
十井間,호구총수
十休亭,군현역원
十只島里,호구총수
十字閣契,호구총수
十川,여지도서
十川洞里,호구총수
十應,호구총수
十月村,호구총수
十王峯,여지도서
十鷹里,호구총수
千人谷,역지사지LV3
千仞里,호구총수
千佛山,여지도서
千壽洞里,호구총수
千年德里,호구총수
千年洞里,호구총수
千年里,호구총수
千房山,여지도서
千方洞里,호구총수
千橋里,호구총수
千洞里,호구총수
千芚山,여지도서
千軍里,호구총수
卄峴里,호구총수
升仙,역지사지LV3
升仙面,호구총수
升八里,호구총수
升堂里,호구총수
升洞里,호구총수
升淵里,호구총수
升盤里,호구총수
升良,역지사지LV3
升良洞,역지사지LV3
升良洞面,호구총수
升良院,역지사지LV3
升良院面,호구총수
升達嶺,여지도서
升陽,역지사지LV3
午下里,호구총수
午中里,호구총수
午利里,호구총수
午向里,호구총수
午城里,호구총수
午山里,호구총수
午峰里,호구총수
午湖里,호구총수
午溪里,호구총수
午谷里,호구총수
半伊,역지사지LV3
半伊村,역지사지LV3
半坪里,호구총수
半場里,호구총수
半夏橋,호구총수
半山,역지사지LV3
半山面,호구총수
半月,역지사지LV3
半月山,여지도서
半月島,신증동국여지승람·호구총수
半月里,호구총수
半樹里,호구총수
半浦山,여지도서
半灘,역지사지LV3
半灘面,호구총수
半燈山,여지도서
半登,세종실록지리지
半登山,여지도서
半石,군현역원
半石里,호구총수
半程里,호구총수
半落村,호구총수
半鶴亭,호구총수
卓峴村,호구총수
南一上,역지사지LV3
南一下,역지사지LV3
南一洞,호구총수
南一運,역지사지LV3
南一道,역지사지LV3
南一里面,호구총수
南一面,호구총수
南三洞,호구총수
南三運,역지사지LV3
南三面,호구총수
南上,역지사지LV3
南上下端,역지사지LV3
南上溪里,호구총수
南上社,호구총수
南上里,호구총수
南上面,호구총수
南下,역지사지LV3
南下洞,호구총수
南下社,호구총수
南下里,역지사지LV3·호구총수
南下面,호구총수
南中,역지사지LV3
南中里,호구총수
南中面,호구총수
南串,역지사지LV3
南乃浦,여지도서
南二洞,호구총수
南二運,역지사지LV3
南二道,역지사지LV3
南二面,호구총수
南井村,호구총수
南井里,호구총수
南京谷佛堂,호구총수
南京谷里,호구총수
南京里,호구총수
南亭,역지사지LV3
南亭子里,호구총수
南亭洞里,호구총수
南亭里,호구총수
南亭閭,호구총수
南仙窟,여지도서
南仙里,호구총수
南伐院里,호구총수
南休里,호구총수
南佐里,호구총수
南佛里,호구총수
南作洞,호구총수
南佳山閭,호구총수
南佳谷里,호구총수
南倉,역지사지LV3
南倉里,호구총수
南元,역지사지LV3
南兄弟山,역지사지LV3
南兄弟山坊,호구총수
南先,역지사지LV3
南先里,호구총수
南先面,호구총수
南光之里,호구총수
南內,역지사지LV3
南內一作,역지사지LV3
南內一作面,호구총수
南內二作,역지사지LV3
南內二作面,호구총수
南別,역지사지LV3
南利,군현역원
南刹里,호구총수
南加洞里,호구총수
南原,군현역원·역지사지LV3
南原里,호구총수
南參議里,호구총수
南召里,호구총수
南吐上里,호구총수
南哥里,호구총수
南四面,호구총수
南坊里,호구총수
南坡,호구총수
南坡里,호구총수
南坪里,호구총수
南垣浦,신증동국여지승람
南城村,호구총수
南城洞里,호구총수
南城里,호구총수
南堂,호구총수
南堂津,신증동국여지승람·여지도서
南堂里,호구총수
南塘里,호구총수
南大川,여지도서
南大門里,호구총수
南始,역지사지LV3
南始面,호구총수
南安,특수구역
南安谷部曲,특수구역
南安鄕,특수구역
南宣德,역지사지LV3
南宮里,호구총수
南小洞契,호구총수
南少洞村,호구총수
南山,군현역원·신증동국여지승람·여지도서·역지사지LV3·호구총수
南山上里,호구총수
南山下里,호구총수
南山中里,호구총수
南山內洞,호구총수
南山垈里,호구총수
南山外,역지사지LV3
南山外一作,역지사지LV3
南山外一作面,호구총수
南山外二作,역지사지LV3
南山外二作面,호구총수
南山峙,호구총수
南山川,여지도서
南山底里,호구총수
南山所,호구총수
南山村,호구총수
南山洞,호구총수
南山里,역지사지LV3·호구총수
南山里坊,호구총수
南山院,군현역원
南山面,호구총수
南岳,호구총수
南岳里,호구총수
南峙里,호구총수
南巖里,호구총수
南川,신증동국여지승람·여지도서·역지사지LV3
南川里,호구총수
南州內,역지사지LV3
南州內面,호구총수
南州東,역지사지LV3
南平,군현역원·역지사지LV3
南平川,여지도서
南平里,호구총수
南平鎭,호구총수
南府內,역지사지LV3
南府內面,호구총수
南府院里,호구총수
南廣里,호구총수
南後,역지사지LV3
南後面,호구총수
南悅里,호구총수
南才閭,호구총수
南斗日,역지사지LV3
南新,역지사지LV3
南新垈里,호구총수
南新院里,호구총수
南方峙里,호구총수
南方里,호구총수
南日院里,호구총수
南旨,역지사지LV3
南旨里,호구총수
南昌,역지사지LV3
南昌坊,호구총수
南昌里,호구총수
南星里,호구총수
南春洞,호구총수
南望里,호구총수
南木川,신증동국여지승람
南木里,호구총수
南村,역지사지LV3·호구총수
南村一邊,역지사지LV3
南村二邊,역지사지LV3
南村里,호구총수
南村面,호구총수
南杻田里,호구총수
南松,역지사지LV3
南松亭,호구총수
南松坊,호구총수
南松村,호구총수
南松里,호구총수
南枝里,호구총수
南栗,역지사지LV3
南桃里,호구총수
南案垈里,호구총수
南梅日里,호구총수
南次二,역지사지LV3
南次二面,호구총수
南水洞,호구총수
南汙里,호구총수
南江,여지도서
南江里,호구총수
南池,신증동국여지승람·여지도서
南泉里,호구총수
南波山,여지도서
南洞,역지사지LV3·호구총수
南洞里,호구총수
南津,여지도서
南浦,신증동국여지승람·여지도서·역지사지LV3
南浦池,여지도서
南浦里,호구총수
南海,군현역원·역지사지LV3
南淮,역지사지LV3
南湖洞里,호구총수
南湖里,호구총수
南溪,역지사지LV3·호구총수
南溪上里,호구총수
南溪下里,호구총수
南溪洞,호구총수
南溪里,호구총수
南溪院,군현역원
南灘,여지도서
南燈里,호구총수
南玉里,호구총수
南甑山,여지도서
南生,역지사지LV3
南田,특수구역
南田所,특수구역
南甲里,호구총수
南界部曲,특수구역
南白峴,호구총수
南相里,호구총수
南眠峴,여지도서
南石津里,호구총수
南石里,호구총수
南神堂,호구총수
南祭山,역지사지LV3
南祭山坊,호구총수
南福里,호구총수
南積上里,호구총수
南積下里,호구총수
南竹,역지사지LV3
南竹面,호구총수
南紫霞洞,여지도서
南終,역지사지LV3
南終面,호구총수
南美里,호구총수
南臺山里,호구총수
南興,역지사지LV3
南興里,호구총수
南船里,호구총수
南芚夜面,호구총수
南華洞,호구총수
南薪峴,역지사지LV3
南蘆洞里,호구총수
南西面,호구총수
南角山,세종실록지리지·여지도서
南調鄕,특수구역
南谷,신증동국여지승람·역지사지LV3
南谷洞,호구총수
南谷里,호구총수
南谷面,호구총수
南豊,호구총수
南路東,역지사지LV3
南路西,역지사지LV3
南通村,호구총수
南通里,호구총수
南造里,호구총수
南道,역지사지LV3
南邊,역지사지LV3
南邊里,호구총수
南邊面,호구총수
南邑,역지사지LV3
南邑內,역지사지LV3
南邑內面,호구총수
南郡內,역지사지LV3
南部,역지사지LV3·호구총수
南部禮安,역지사지LV3
南部里,호구총수
南部面,호구총수
南都里,호구총수
南里面,호구총수
南金鷄里,호구총수
南銀泉里,호구총수
南長里,호구총수
南門,호구총수
南門上里,호구총수
南門中里,호구총수
南門內,호구총수
南門內洞,호구총수
南門內里,호구총수
南門外,호구총수
南門外村,호구총수
南門外洞,호구총수
南門外里,호구총수
南門東邊里,호구총수
南門洞,호구총수
南門西邊里,호구총수
南門里,호구총수
南阿里,호구총수
南院,군현역원
南院里,호구총수
南陽,군현역원·역지사지LV3·특수구역
南陽廢縣,특수구역
南陽里,호구총수
南陽面,호구총수
南隱洞,호구총수
南面,역지사지LV3·호구총수
南面上井里,호구총수
南面上道,역지사지LV3·호구총수
南面下道,역지사지LV3·호구총수
南面下里,역지사지LV3
南面下里面,호구총수
南面並谷面,호구총수
南面南興,호구총수
南面南部坊,호구총수
南面古川,호구총수
南面坊,호구총수
南面川外,호구총수
南面德谷里,호구총수
南面泉谷坊,호구총수
南面無等谷,호구총수
南面萬川里,호구총수
南面里,호구총수
南面靑林,호구총수
南館里,호구총수
南驛,군현역원
南驛浦,여지도서
南驛里,호구총수
南鳳里,호구총수
南鶴里,호구총수
南鹽里,호구총수
南齋宮里,호구총수
博山村,호구총수
博山洞,호구총수
博山里,호구총수
博川,군현역원·역지사지LV3
博州,군현역원
博沙里,호구총수
博河川,여지도서
博達部曲,특수구역
博達里,호구총수
博里,호구총수
博飛島里,호구총수
卜大洞,호구총수
卜大洞里,호구총수
卜興洞里,호구총수
卜谷里,호구총수
卞叱方里,호구총수
卞垈里,호구총수
卞宗堅契,호구총수
卞山,역지사지LV3
卞山面,호구총수
卞巖里,호구총수
卞希川上里,호구총수
卞希川下里,호구총수
卞斤淡里,호구총수
卞根里,호구총수
卞洞,호구총수
卞洞里,호구총수
卞老峙,호구총수
卞蔡谷里,호구총수
卞達里,호구총수
卞音里,호구총수
占代島,호구총수
占儀村,호구총수
占卜浦村,호구총수
占孫村,호구총수
占岩,역지사지LV3
占巖,역지사지LV3
占巖面,호구총수
占希陵里,호구총수
占方,호구총수
占方里,호구총수
占星里,호구총수
占東,역지사지LV3
占東里,호구총수
占梁,역지사지LV3
占梁里,호구총수
占梁面,호구총수
卯山洞,호구총수
卯山部曲,특수구역
卯峯洞,호구총수
印佩里,호구총수
印峯里,호구총수
印巖里,호구총수
印懸山,호구총수
印月,군현역원
印縣山,여지도서
印馬里,호구총수
卵乙山,역지사지LV3
卵乙山坊,호구총수
卵山,역지사지LV3
卵山里,호구총수
卵島,여지도서
卵店村,호구총수
卵店里,호구총수
卵門外里,호구총수
卷惠村,호구총수
厚地里,호구총수
厚峙嶺,여지도서
厚州,군현역원
厚德,역지사지LV3
厚德洞里,호구총수
厚昌,군현역원·역지사지LV3
厚村,호구총수
厚柱里,호구총수
厚永,호구총수
厚灘,역지사지LV3
厚美村里,호구총수
厚美洞,호구총수
厚谷,역지사지LV3
厚農里,호구총수
厚里山,신증동국여지승람
厚里浦,신증동국여지승람
原川,군현역원·여지도서·특수구역
原川洞里,호구총수
原川里,호구총수
原州,군현역원·역지사지LV3
原州主人契,호구총수
原平,군현역원
原平里,호구총수
原昌,군현역원
原昌里,호구총수
原昌院,군현역원
原栗,특수구역
原深,군현역원
原粟里,호구총수
原谷,역지사지LV3
原谷洞內,호구총수
原谷面,호구총수
原貞,군현역원
原栗川,여지도서
原栗廢縣,특수구역
厲丹里,호구총수
厲壇村,호구총수
厲祭洞,호구총수
去之峙里,호구총수
去勿里,호구총수
去峙佛堂,호구총수
去欠里,호구총수
去次里,호구총수
去此非里,호구총수
去毛村,호구총수
去毛浦里,호구총수
參新村,호구총수
參禮,군현역원·역지사지LV3
又內柳浦里,호구총수
又晩洞,호구총수
又芝峯里,호구총수
友來谷里,호구총수
友保,역지사지LV3
友保里,역지사지LV3
友保里面,호구총수
友德里,호구총수
友泉洞,호구총수
友浦里,호구총수
友琴里,호구총수
友目里,호구총수
友睦里,호구총수
友良洞里,호구총수
友訪里,호구총수
友鹿里,호구총수
友麋里,호구총수
双冊,역지사지LV3
双山,역지사지LV3
双置,역지사지LV3
反乃谷里,호구총수
反伊村,호구총수
反內里,호구총수
反巖里,호구총수
反川里,호구총수
反浦,역지사지LV3·호구총수
反浦坊,호구총수
反浦里,호구총수
反浦面,호구총수
反火池,역지사지LV3
反火池面,호구총수
反甫里,호구총수
反谷里,호구총수
反道里,호구총수
反龍里,호구총수
取取亭,호구총수
取祥里,호구총수
受飯里,호구총수
叢谷,호구총수
口耳,역지사지LV3
口耳洞,역지사지LV3·호구총수
口耳洞面,호구총수
口里,호구총수
古一,역지사지LV3
古丁,특수구역
古丁部曲,특수구역
古三,역지사지LV3
古三岐縣,특수구역
古上,역지사지LV3
古上村,호구총수
古上衙里,호구총수
古上里,호구총수
古下,역지사지LV3
古下面,호구총수
古中,역지사지LV3
古中面,호구총수
古丹坪,호구총수
古乃大村,호구총수
古乃村,호구총수
古之,역지사지LV3
古之山,역지사지LV3
古之山面,호구총수
古之洞里,호구총수
古之面,호구총수
古乙峴里,호구총수
古也橋里,호구총수
古也谷里,호구총수
古乾,역지사지LV3
古乾元,역지사지LV3
古乾元社,호구총수
古乾原,역지사지LV3
古二,역지사지LV3
古井,호구총수
古井里,호구총수
古亭里,호구총수
古今,역지사지LV3
古今島,호구총수
古今里,호구총수
古介洞里,호구총수
古介里,호구총수
古代谷里,호구총수
古任店里,호구총수
古佐里,호구총수
古余里,호구총수
古來谷里,호구총수
古俠溪縣基,특수구역
古倉,역지사지LV3·호구총수
古倉山里,호구총수
古倉里,호구총수
古元通里,호구총수
古光山鎭基,특수구역
古內廂,역지사지LV3
古內村,호구총수
古兵曹契,호구총수
古分村,호구총수
古則村,호구총수
古加大,역지사지LV3
古加大面,호구총수
古勿里,호구총수
古北,역지사지LV3
古北面,호구총수
古南,역지사지LV3
古南山,여지도서
古南里,호구총수
古南面,호구총수
古卽,호구총수
古原,역지사지LV3
古原平縣,특수구역
古台島,신증동국여지승람
古台村,호구총수
古吉村,호구총수
古同村,호구총수
古呑里,호구총수
古味呑,역지사지LV3
古味呑里,호구총수
古啼里,호구총수
古土日里,호구총수
古坡害平史縣,특수구역
古坡平縣,특수구역
古坪里,호구총수
古垈里,호구총수
古城,역지사지LV3·호구총수
古城仇味里,호구총수
古城坊,호구총수
古城山,신증동국여지승람·여지도서
古城山里,호구총수
古城峰,여지도서
古城江院,군현역원
古城洞,호구총수
古城里,호구총수
古城院,군현역원
古城面,호구총수
古基里,호구총수
古堡里,호구총수
古堯城里,호구총수
古場里,호구총수
古塞,호구총수
古增介里,호구총수
古士村,호구총수
古壯,역지사지LV3·호구총수
古多只,특수구역
古多只所,특수구역
古多山,특수구역
古多山部曲,특수구역
古多津,여지도서
古多院,군현역원
古大里,호구총수
古孫里,호구총수
古官村,호구총수
古定寧縣,특수구역
古寧,역지사지LV3
古寧仁,역지사지LV3
古寧朔,역지사지LV3
古寧朔面,호구총수
古寧里,호구총수
古寺村,호구총수
古寺洞,호구총수
古寺洞里,호구총수
古尺,역지사지LV3
古尺谷,호구총수
古尺面,호구총수
古尼浦,호구총수
古山,호구총수
古山里,호구총수
古岩,역지사지LV3
古峙,호구총수
古峙里,호구총수
古峴里,호구총수
古嶺洞里,호구총수
古巒里,호구총수
古巖,역지사지LV3
古巖峴,여지도서
古巖村,호구총수
古巖里,호구총수
古川,여지도서·역지사지LV3·호구총수
古川村,호구총수
古川里,호구총수
古州內,역지사지LV3
古州里,호구총수
古巡廳契,호구총수
古市里,호구총수
古幕浦,신증동국여지승람
古幕院,군현역원
古幕院里,호구총수
古平,역지사지LV3
古府,역지사지LV3
古府面,호구총수
古延,군현역원
古延州,역지사지LV3
古延州面,호구총수
古延里,호구총수
古弓院里,호구총수
古彌,역지사지LV3
古彌郞里,호구총수
古從耳里,호구총수
古德,역지사지LV3·호구총수
古德峴,신증동국여지승람
古德里,호구총수
古心,호구총수
古念介里,호구총수
古房洞里,호구총수
古把島里,호구총수
古撫山縣,특수구역
古新安里,호구총수
古新恩縣基,특수구역
古方山里,호구총수
古方洞里,호구총수
古方里,호구총수
古於蘭浦,신증동국여지승람
古旀,역지사지LV3
古旀村,호구총수
古旀里,호구총수
古旀面,호구총수
古旌義縣,특수구역
古日里,호구총수
古日院,호구총수
古昆明縣,특수구역
古時里,호구총수
古晩洞里,호구총수
古智島,여지도서
古智道,특수구역
古曳里,호구총수
古月,호구총수
古月里,호구총수
古朔里,호구총수
古未呑,역지사지LV3
古村,역지사지LV3
古村坊,호구총수
古村部曲,특수구역
古村里,호구총수
古村面,호구총수
古東,역지사지LV3
古東村,호구총수
古東津縣,특수구역
古東浦村,호구총수
古東面,호구총수
古松峴里,호구총수
古松羅,호구총수
古松羅浦,여지도서
古林所,특수구역
古梁里,호구총수
古梅峙里,호구총수
古梯,역지사지LV3
古棧洞,호구총수
古楊州,역지사지LV3
古楊州面,호구총수
古楚山,역지사지LV3
古樂洞里,호구총수
古樂里,호구총수
古橋里,호구총수
古機里,호구총수
古武里,호구총수
古殘里,호구총수
古毛前里,호구총수
古毛峴,역지사지LV3
古毛所里,호구총수
古毛老洞,호구총수
古毛谷,역지사지LV3
古毛谷里,호구총수
古毛谷面,호구총수
古毛里,호구총수
古水,역지사지LV3
古水營里,호구총수
古水里,호구총수
古水鐵里,호구총수
古汗里,호구총수
古江里,호구총수
古池洞里,호구총수
古沙,역지사지LV3·호구총수
古沙峙,호구총수
古沙洞里,호구총수
古沙浦,신증동국여지승람
古沙浦里,호구총수
古沙里,역지사지LV3·호구총수
古沙里里,호구총수
古沙面,호구총수
古河東村,호구총수
古治里,호구총수
古法聖,호구총수
古泗川里,호구총수
古波島里,호구총수
古洞村,호구총수
古洞浦,여지도서
古洞里,호구총수
古津,역지사지LV3
古津江,여지도서
古津江院,군현역원
古浦洞,호구총수
古淡里,호구총수
古溪里,호구총수
古溫里,호구총수
古火岾,신증동국여지승람
古營里,호구총수
古爾,역지사지LV3
古爾島,신증동국여지승람
古獜州里,호구총수
古瓮村,호구총수
古甘里,호구총수
古生陽,역지사지LV3
古用村,호구총수
古甫里,호구총수
古田,역지사지LV3
古申里,호구총수
古省津,여지도서
古知道部曲,특수구역
古石里,호구총수
古祭峯,여지도서
古禮曹契,호구총수
古禮里,호구총수
古稀嶺縣,특수구역
古立所,특수구역
古站,군현역원
古竹里,호구총수
古等山,역지사지LV3
古等村,역지사지LV3
古等村面,호구총수
古筒里,호구총수
古索井契,호구총수
古縣,역지사지LV3·특수구역
古縣內,역지사지LV3·호구총수
古縣內里,호구총수
古縣內面,호구총수
古縣坊,호구총수
古縣城,특수구역
古縣村,호구총수
古縣東里,호구총수
古縣西,호구총수
古縣西里,호구총수
古縣里,호구총수
古縣面,호구총수
古羅洞,호구총수
古羅里,호구총수
古羅里村,호구총수
古群山,여지도서·역지사지LV3·호구총수
古群營里,호구총수
古老,역지사지LV3
古老谷部曲,특수구역
古老谷里,호구총수
古老里,호구총수
古耳島,여지도서·호구총수
古臥回里,호구총수
古自津,호구총수
古自谷里,호구총수
古致谷村,호구총수
古臺巖店,호구총수
古莊,역지사지LV3
古莊村,호구총수
古薇村,호구총수
古虞風縣,특수구역
古衙峴里,호구총수
古衙里,호구총수
古西,역지사지LV3
古西門里,호구총수
古西面,호구총수
古要里,호구총수
古見,역지사지LV3
古見里,호구총수
古谷村,호구총수
古谷里,호구총수
古豊,역지사지LV3
古豊山,역지사지LV3
古豊山社,호구총수
古買部曲,특수구역
古赤城里,호구총수
古赤洞,호구총수
古農,역지사지LV3
古通里,호구총수
古連里,호구총수
古逸里,호구총수
古道井里,호구총수
古道巖,특수구역
古道旨里,호구총수
古道谷,호구총수
古道谷里,호구총수
古道里,호구총수
古達,역지사지LV3
古達坊,호구총수
古邑,역지사지LV3·특수구역·호구총수
古邑內,역지사지LV3
古邑內里,호구총수
古邑坊,호구총수
古邑垈,특수구역
古邑城,특수구역
古邑基,특수구역
古邑大村,호구총수
古邑寺里,호구총수
古邑戔里,호구총수
古邑村,호구총수
古邑浦,여지도서
古邑社,호구총수
古邑道谷里,호구총수
古邑里,호구총수
古邑面,호구총수
古郞里,호구총수
古郡,역지사지LV3
古郡內,역지사지LV3
古郡內面,호구총수
古郡山,역지사지LV3
古郡里,호구총수
古郡面,호구총수
古里,호구총수
古里串,역지사지LV3
古里串面,호구총수
古里井里,호구총수
古里洞里,호구총수
古里谷村,호구총수
古里項,역지사지LV3
古里項里,호구총수
古里項面,호구총수
古鎭洞里,호구총수
古鏡,역지사지LV3
古長城院,군현역원
古闌遷里,호구총수
古阜,군현역원·역지사지LV3·호구총수
古阜洞,호구총수
古防里,호구총수
古阿山,역지사지LV3
古阿山社,호구총수
古陽,호구총수
古陽洞里,호구총수
古陽生,역지사지LV3
古陽生坊,호구총수
古陽里,호구총수
古隱洞里,호구총수
古雲山,역지사지LV3
古雲山面,호구총수
古雲里,호구총수
古音月里,호구총수
古音福村,호구총수
古音谷里,호구총수
古音達里,호구총수
古順和,역지사지LV3
古順和坊,호구총수
古頭,역지사지LV3
古頭面,호구총수
古館,역지사지LV3
古馬島,호구총수
古驛村,호구총수
古驛里,호구총수
古高丘縣,특수구역
古高峯縣,특수구역
古鶴里,호구총수
古蘭山縣,특수구역
叩末外里,호구총수
叩頭里,호구총수
叩馬山里,호구총수
叩馬岐里,호구총수
叩馬里,호구총수
只佐,역지사지LV3
只佐島,신증동국여지승람
只佐谷,역지사지LV3
只佐谷里,호구총수
只佐谷面,호구총수
只士牙,역지사지LV3
只士牙坊,호구총수
只士牙里,호구총수
只尙谷,역지사지LV3
只方里,호구총수
只杏,역지사지LV3
只次,역지사지LV3
只次里,역지사지LV3·호구총수
只沙,역지사지LV3
只沙方,역지사지LV3
只沙方坊,호구총수
只沙郞里,호구총수
只火谷山,여지도서
只火里,호구총수
只簇院,군현역원
只耳浦,여지도서
只耳里,호구총수
只西,역지사지LV3
只西牙,역지사지LV3
只西牙面,호구총수
只記谷,호구총수
只谷里,호구총수
召七本,역지사지LV3
召上,역지사지LV3
召上端,호구총수
召下,역지사지LV3
召下端,호구총수
召井里,호구총수
召保,역지사지LV3
召募津村,호구총수
召募鎭里,호구총수
召南,군현역원
召南津,여지도서
召南里,호구총수
召古龍,역지사지LV3
召召,역지사지LV3
召召保部曲,특수구역
召召本,역지사지LV3
召召本里,호구총수
召召面,호구총수
召呑里,호구총수
召太洞里,호구총수
召忽島,여지도서·호구총수
召所里,호구총수
召文,역지사지LV3
召文面,호구총수
召本,역지사지LV3
召村,군현역원·역지사지LV3
召村里,호구총수
召池,역지사지LV3
召沙谷里,호구총수
召津里,호구총수
召浦,신증동국여지승람
召溪,군현역원
召溪山里,호구총수
召溪里,호구총수
召爾津,신증동국여지승람
召界里,호구총수
召畓里,호구총수
召福里,호구총수
召羅,역지사지LV3·특수구역
召羅所,특수구역
召羅洞,호구총수
召羅浦,역지사지LV3·특수구역
召羅浦面上道,호구총수
召羅浦面下道,호구총수
召羅部曲,특수구역
召開,역지사지LV3
召開谷,역지사지LV3
召開谷面,호구총수
召隱,호구총수
召音里,호구총수
召食,역지사지LV3
召食坊,호구총수
可串,역지사지LV3
可串面,호구총수
可之里,호구총수
可乙浦營,특수구역
可也串里,호구총수
可也川里,호구총수
可也洞里,호구총수
可也谷,역지사지LV3·호구총수
可也谷里,호구총수
可也谷面,호구총수
可也里,호구총수
可五垈里,호구총수
可佐洞,호구총수
可佐洞里,호구총수
可作里,호구총수
可佳,역지사지LV3
可佳島,신증동국여지승람·호구총수
可倉洞,호구총수
可化,역지사지LV3
可古田里,호구총수
可坐洞里,호구총수
可城,호구총수
可城里,호구총수
可尺村,호구총수
可峙洞里,호구총수
可川,여지도서
可巢地里,호구총수
可巢里,호구총수
可幕,호구총수
可幕山,여지도서
可幕里,호구총수
可店里,호구총수
可所里,호구총수
可新村,호구총수
可松里,호구총수
可桑洞,호구총수
可樂洞,호구총수
可樹介,역지사지LV3
可樹倉里,호구총수
可洞,역지사지LV3
可洞面,호구총수
可淵里,호구총수
可申,군현역원
可知島,신증동국여지승람
可致佛堂里,호구총수
可興,군현역원·역지사지LV3
可興面,호구총수
可莊洞,호구총수
可莫沙里,호구총수
可莫洞,호구총수
可谷村,호구총수
可谷里,호구총수
可述村,호구총수
可連山,여지도서
可金,역지사지LV3
可陽里,호구총수
可雍里,호구총수
可食洞里,호구총수
可養里,호구총수
台也,역지사지LV3
台也江,여지도서
台也面,호구총수
台井里,호구총수
台城,호구총수
台城里,호구총수
台封里,호구총수
台山,여지도서·역지사지LV3
台山川,여지도서
台山里,호구총수
台山面,호구총수
台峯里,호구총수
台峰里,호구총수
台峴里,호구총수
台日洞,호구총수
台日里,호구총수
台星山,여지도서
台星里,호구총수
台村,역지사지LV3
台洞里,호구총수
台章,역지사지LV3
台耳島,여지도서·호구총수
台郞,군현역원
台郞里,호구총수
台里,호구총수
台長里,호구총수
史丁所,특수구역
史丁里,호구총수
史內,역지사지LV3
史冬部曲,특수구역
史加洞,역지사지LV3
史北,역지사지LV3
史呑,역지사지LV3·특수구역
史呑內,역지사지LV3
史呑內面,호구총수
史呑外,역지사지LV3
史呑外面,호구총수
史呑鄕,특수구역
史外,역지사지LV3
史直,군현역원
史直驛,호구총수
史等伊川,여지도서
右上,역지사지LV3
右下,역지사지LV3
右下里,호구총수
右乙內里,호구총수
右坊,역지사지LV3
右坊面,호구총수
右城里,호구총수
右山內,역지사지LV3
右山內面,호구총수
右峴,여지도서
右栗,역지사지LV3
右永洞里,호구총수
右洞,호구총수
右洞里,호구총수
右溪里,호구총수
右營村,호구총수
右用里,호구총수
右相里,호구총수
右看上里,호구총수
右看下里,호구총수
右看西里,호구총수
右羅五乙,호구총수
右翼上里,호구총수
右翼下里,호구총수
右翼中里,호구총수
右蜜里,호구총수
右軍里,호구총수
右邊,역지사지LV3
右邊里,호구총수
右邊面,호구총수
右部,역지사지LV3
右部里,호구총수
右部面,호구총수
右里,역지사지LV3
右里坊,호구총수
右陳坪里,호구총수
右面,호구총수
右頭,역지사지LV3
司倉前里,호구총수
司倉後里,호구총수
司倉洞,호구총수
司倉里,호구총수
司僕前契,호구총수
司僕川邊契,호구총수
司場,호구총수
司宰監上牌契,호구총수
司宰監下牌契,호구총수
司憲府內契,호구총수
司村里,호구총수
司椵山,세종실록지리지
司福巖,호구총수
司譯院內契,호구총수
司醞洞契,호구총수
司長洞,호구총수
司馬所,호구총수
司馬村,역지사지LV3
司馬洞,호구총수
司馬洞里,호구총수
司馬里,호구총수
各今谷里,호구총수
各化里,호구총수
各吉里,호구총수
各國居留地,역지사지LV3
各寺,역지사지LV3
各寺里,호구총수
各寺面,호구총수
各岐山,호구총수
合井洞里,호구총수
合井里,호구총수
合井里契,호구총수
合仙,역지사지LV3
合仙面,호구총수
合先,역지사지LV3
合北,역지사지LV3
合北面,호구총수
合南,역지사지LV3
合南面,호구총수
合山,여지도서·역지사지LV3
合山面,호구총수
合川洞,호구총수
合川里,호구총수
合德,역지사지LV3·특수구역
合德廢縣,특수구역
合掌川,여지도서
合江亭里,호구총수
合江里,호구총수
合泉里,호구총수
合洞村,호구총수
合浦,여지도서
合灘,역지사지LV3
合灘面,호구총수
合西,역지사지LV3
吉上里,호구총수
吉下里,호구총수
吉中里,호구총수
吉串里,호구총수
吉位里,호구총수
吉住里,호구총수
吉友地里,호구총수
吉坪,호구총수
吉城,군현역원·역지사지LV3
吉夫里,호구총수
吉安,역지사지LV3·특수구역
吉安縣,특수구역
吉安面,호구총수
吉完里,호구총수
吉山島,호구총수
吉山浦,여지도서
吉山里,호구총수
吉峴里,호구총수
吉島,여지도서
吉島村,호구총수
吉川,역지사지LV3
吉川里,호구총수
吉川面,호구총수
吉州,군현역원·역지사지LV3
吉明里,호구총수
吉星里,호구총수
吉村里,호구총수
吉水里,호구총수
吉洞村,호구총수
吉洞里,호구총수
吉祥,역지사지LV3
吉祥山,여지도서
吉祥里,호구총수
吉祥面,호구총수
吉要洞里,호구총수
吉谷,역지사지LV3
吉谷部曲,특수구역
吉谷里,호구총수
吉里,호구총수
吉釜里,호구총수
吉馬堂里,호구총수
吉串山,여지도서
同仁,역지사지LV3
同仁社,호구총수
同化,군현역원
同和,군현역원
同德,군현역원
同心里,호구총수
同所井,역지사지LV3
同新,역지사지LV3
同昌郡,특수구역
同樂里,호구총수
同步浦,여지도서
同浦里,호구총수
同福,군현역원·역지사지LV3
同驛,호구총수
名區里,호구총수
名駒,군현역원
吏判里,호구총수
吏曹內契,호구총수
吏西,역지사지LV3
吐上池,여지도서
吐古里,호구총수
吐含山,여지도서
吐坪里,호구총수
吐川峴村,호구총수
吐川村,호구총수
吐日里,호구총수
吐旨,역지사지LV3
吐旨處,특수구역
吐村所,특수구역
吐村里,호구총수
吐橋里,호구총수
吐洞,호구총수
吐洞村,호구총수
吐洞里,호구총수
吐羅山,여지도서
吐羅湖,여지도서
吐谷部曲,특수구역
吐谷里,호구총수
吐邊村,호구총수
吐郞里,호구총수
吐音,역지사지LV3
向仁村里,호구총수
向化里,호구총수
向南洞里,호구총수
向孝浦,호구총수
向德里,호구총수
向月里,호구총수
向谷里,호구총수
向陽洞,호구총수
向陽洞里,호구총수
向陽里,호구총수
君之浦,호구총수
君之谷里,호구총수
君住洞里,호구총수
君垈谷里,호구총수
君子,역지사지LV3
君子山,여지도서
君子峙里,호구총수
君子谷里,호구총수
君子里,호구총수
君山,여지도서·역지사지LV3
君山里,호구총수
君山面,호구총수
君業里,호구총수
君池村,호구총수
君臺巖,호구총수
君要洞里,호구총수
君遊山,여지도서
君雁里,호구총수
吟風瀨,여지도서
含介島,신증동국여지승람
含帶里,호구총수
含春,군현역원
含春里,호구총수
含月山,여지도서
含朴山,신증동국여지승람·여지도서
含朴浦閭,호구총수
含林,군현역원
含林山,여지도서
含林里,호구총수
含芳,역지사지LV3
含芳面,호구총수
含鳳里,호구총수
吳中里,호구총수
吳亭里,호구총수
吳太里,호구총수
吳山,여지도서
吳山所,특수구역
吳東里,호구총수
吳根部曲,특수구역
吳江,역지사지LV3
吳江山,여지도서
吳江面,호구총수
吳順德契,호구총수
吹笙里,호구총수
吹笛山,여지도서·호구총수
吹笛峯,여지도서
吹舞谷,호구총수
吹螺山,여지도서
吹里,역지사지LV3
吹里面,호구총수
吾丁,역지사지LV3
吾三田,역지사지LV3
吾三田面,호구총수
吾上里,호구총수
吾下里,호구총수
吾串,역지사지LV3
吾串面,호구총수
吾乃谷里,호구총수
吾乙未串浦,신증동국여지승람
吾也,역지사지LV3
吾也里,호구총수
吾井,역지사지LV3
吾佐洞里,호구총수
吾元,역지사지LV3
吾元里,역지사지LV3
吾元里面,호구총수
吾兒島,여지도서
吾刀旨,역지사지LV3
吾刀旨坊,호구총수
吾刀旨里,호구총수
吾利里,호구총수
吾助川,여지도서
吾北,역지사지LV3
吾可,역지사지LV3
吾叱亇島,여지도서
吾叱浦里,호구총수
吾叱耳島,여지도서
吾合所,특수구역
吾吾里,호구총수
吾城,역지사지LV3
吾士勿里,호구총수
吾太洞里,호구총수
吾安里,호구총수
吾宋洞里,호구총수
吾實村,호구총수
吾尺里,호구총수
吾山,역지사지LV3
吾山里,호구총수
吾山院,군현역원
吾山面,호구총수
吾峙里,호구총수
吾峴,여지도서
吾川,군현역원
吾川村,호구총수
吾川里,호구총수
吾川驛村,호구총수
吾德院,군현역원
吾思弄山,여지도서
吾所村,호구총수
吾所里,호구총수
吾新,역지사지LV3
吾早川,신증동국여지승람·역지사지LV3
吾昆院,군현역원
吾是川下里,호구총수
吾是川中里,호구총수
吾是川里,호구총수
吾時川,신증동국여지승람
吾朶,역지사지LV3
吾朶面,호구총수
吾村,군현역원·역지사지LV3
吾村洞里,호구총수
吾村社,호구총수
吾東,역지사지LV3
吾松亭里,호구총수
吾枝,역지사지LV3
吾枝坊,호구총수
吾枝里,호구총수
吾次,역지사지LV3
吾次亦,역지사지LV3
吾次亦坊,호구총수
吾毛老院,군현역원
吾水項里,호구총수
吾波里,호구총수
吾洞里,호구총수
吾海也項,여지도서
吾照浦,여지도서
吾白里,호구총수
吾目院,군현역원
吾禮里,호구총수
吾等生里,호구총수
吾羅好里,호구총수
吾羅津,여지도서
吾老峴院,군현역원
吾老里,호구총수
吾舍,역지사지LV3
吾舍里,호구총수
吾西,역지사지LV3
吾西里,호구총수
吾谷,역지사지LV3·호구총수
吾谷里,호구총수
吾豆頭池,신증동국여지승람
吾賜,군현역원
吾赤竹山,여지도서
吾道,역지사지LV3
吾道味里,호구총수
吾道山,여지도서
吾道洞里,호구총수
吾道谷里,호구총수
吾道里,호구총수
吾邑谷,역지사지LV3
吾邑谷里,호구총수
吾郞里,호구총수
吾里洞,역지사지LV3·호구총수
吾里洞里,호구총수
吾里洞面,호구총수
吾里谷,호구총수
吾里谷里,호구총수
吾里里,호구총수
吾金里,호구총수
吾金院,군현역원
吾隱,역지사지LV3
吾隱洞,역지사지LV3
吾隱洞坊,호구총수
吾非浦,여지도서
吾音會里,호구총수
吾音谷里,호구총수
呂島里,호구총수
呂水,역지사지LV3
呂水面,호구총수
呂水面上道,호구총수
呂水面下道,호구총수
告安,역지사지LV3
告箭里,호구총수
呑垣村,호구총수
呑島里,호구총수
呑梁里,호구총수
呑田,역지사지LV3
呑田面,호구총수
周九里,호구총수
周也谷里,호구총수
周井山,신증동국여지승람
周倉里,호구총수
周公洞里,호구총수
周南村,호구총수
周南里,호구총수
周原,역지사지LV3
周原面,호구총수
周城山,여지도서
周城里,호구총수
周岸,역지사지LV3·특수구역
周岸鄕,특수구역
周岸面,호구총수
周峯里,호구총수
周峴,여지도서
周巖里,호구총수
周德,역지사지LV3
周念里,호구총수
周房山,여지도서
周村,호구총수
周村下里,호구총수
周村里,호구총수
周柳,역지사지LV3
周柳等,역지사지LV3
周柳等面,호구총수
周梁,신증동국여지승람
周浦,역지사지LV3
周浦坊,호구총수
周浦面,호구총수
周淵里,호구총수
周溪里,호구총수
周生,역지사지LV3
周禮里,호구총수
周谷里,호구총수
周路峙,여지도서
周道里,호구총수
味九里,호구총수
味呑,역지사지LV3
味呑峴,여지도서
味呑面,호구총수
味山里,호구총수
味老里,역지사지LV3
味虎,호구총수
呼兵里,호구총수
呼山部曲,특수구역
呼獜,군현역원
呼致上里,호구총수
呼音時洞,호구총수
呼鶴山,여지도서
呼麟,역지사지LV3
呼麟社,호구총수
命山,역지사지LV3
命山里,호구총수
命山面,호구총수
命德里,호구총수
命滿里,호구총수
咊井,호구총수
咊外洞,호구총수
咊浦,호구총수
和五里,호구총수
和亭里,호구총수
和原,군현역원
和口村,호구총수
和同村,호구총수
和同里,호구총수
和坪里,호구총수
和川,특수구역
和川縣,특수구역
和川里,호구총수
和州,군현역원
和平里,호구총수
和所,호구총수
和昌,역지사지LV3
和村,역지사지LV3
和村坊,호구총수
和池山,여지도서
和洞村,호구총수
和洞谷,호구총수
和洞里,호구총수
和目,군현역원
和目洞里,호구총수
和目里,호구총수
和睦,군현역원
和興里,호구총수
和谷里,호구총수
和道,역지사지LV3
和順,군현역원·역지사지LV3
和風里,호구총수
咸博洞,호구총수
咸原,군현역원
咸原中上里,호구총수
咸原中里,호구총수
咸原東上里,호구총수
咸原西上里,호구총수
咸吾,역지사지LV3
咸吾坊,호구총수
咸子洞里,호구총수
咸安,군현역원·역지사지LV3·호구총수
咸富洞里,호구총수
咸巖里,호구총수
咸州,군현역원
咸平,군현역원·역지사지LV3
咸平主人契,호구총수
咸從,군현역원·역지사지LV3
咸德,군현역원
咸德浦,여지도서
咸德縣,특수구역
咸德里,호구총수
咸悅,군현역원·역지사지LV3
咸昌,군현역원·역지사지LV3
咸昌里,호구총수
咸朴里,호구총수
咸林德,여지도서
咸池里,호구총수
咸積洞,호구총수
咸羅,역지사지LV3
咸羅山,여지도서
咸興,군현역원·역지사지LV3
咸興坪,여지도서
咸關嶺,신증동국여지승람
咸關嶺院,군현역원
咸陽,군현역원·역지사지LV3
咸陽洞,호구총수
咽薄山,여지도서
品坪所,특수구역
品峴,여지도서
品平所,특수구역
品谷,역지사지LV3
品谷洞,호구총수
品谷里,호구총수
品谷面,호구총수
品達里,호구총수
品魚,특수구역
品魚所,특수구역
哈蘭府,특수구역
員住洞,호구총수
員壤,군현역원
員林部曲,특수구역
員泣峴,신증동국여지승람
哨村川,여지도서
哨村里,호구총수
哨里,호구총수
哲亭里,호구총수
哲目里,호구총수
唐下里,호구총수
唐串里,호구총수
唐五里院,군현역원
唐井,역지사지LV3
唐人里契,호구총수
唐仁川里,호구총수
唐儀谷里,호구총수
唐加山里,호구총수
唐南里,호구총수
唐古峙,호구총수
唐唐津,호구총수
唐坪里,호구총수
唐垈里,호구총수
唐城縣,특수구역
唐士里,호구총수
唐子浦,여지도서
唐宗里,호구총수
唐山,세종실록지리지·신증동국여지승람·여지도서
唐山亭里,호구총수
唐山里,호구총수
唐峙,호구총수
唐川,여지도서
唐川里,호구총수
唐州洞,호구총수
唐底里,호구총수
唐所,역지사지LV3
唐所坊,호구총수
唐材坊,호구총수
唐村,역지사지LV3·호구총수
唐村里,호구총수
唐橋里,호구총수
唐沙島,호구총수
唐沼,역지사지LV3
唐洞,호구총수
唐洞村,호구총수
唐洞里,호구총수
唐津,군현역원·역지사지LV3
唐津村,호구총수
唐津浦,여지도서
唐津浦里,호구총수
唐津里,호구총수
唐浦,여지도서
唐浦里,호구총수
唐湖里,호구총수
唐灘,여지도서
唐田里,호구총수
唐皮洞契,호구총수
唐笥島,여지도서
唐羨山,여지도서
唐虞里,호구총수
唐谷里,호구총수
唐里,역지사지LV3·호구총수
唐里面,호구총수
唐音里,호구총수
唐館鄕,특수구역
唜串里,호구총수
唜土,역지사지LV3
唜土面,호구총수
唜島,여지도서·호구총수
唜谷里,호구총수
唱三里,호구총수
唱榜洞,호구총수
唱石部曲,특수구역
唵川,역지사지LV3
唵川面,호구총수
啄木峯,여지도서
商城郡,특수구역
商山峙,여지도서
商山里,호구총수
商峴里,호구총수
商芝洞,호구총수
商鶴里,호구총수
問山眞里,호구총수
問平,군현역원
問津里,호구총수
問禮村,호구총수
問童洞,호구총수
問興里,호구총수
問舟里,호구총수
啓堂里,호구총수
啓明洞,호구총수
啓星山,여지도서
啓野川,여지도서
啼釋洞里,호구총수
善世峙,여지도서
善世里,호구총수
善仰峙里,호구총수
善佐洞里,호구총수
善女山,여지도서
善山,군현역원·역지사지LV3
善山契,호구총수
善性里,호구총수
善根里,호구총수
善洞里,호구총수
善田,군현역원
善興里,호구총수
善良里,호구총수
善訖里,호구총수
善谷縣,특수구역
善里,호구총수
喚公亭,호구총수
喚鶴洞里,호구총수
喜山洞,호구총수
喜池里,호구총수
喧坪里,호구총수
喬上里,호구총수
喬下里,호구총수
喬桐,군현역원·역지사지LV3
單浦店,호구총수
喸巨里,호구총수
喸音,역지사지LV3
喸音島,여지도서
嗏洞村,호구총수
嗭洞里,호구총수
嘉也里,호구총수
嘉化,군현역원
嘉南,역지사지LV3
嘉南里,호구총수
嘉南面,호구총수
嘉和,군현역원
嘉山,군현역원·역지사지LV3
嘉川,군현역원
嘉州,군현역원
嘉平,군현역원
嘉平里,호구총수
嘉新,군현역원
嘉昌,역지사지LV3
嘉會,역지사지LV3
嘉會坊,호구총수
嘉月里,호구총수
嘉村里,호구총수
嘉東,역지사지LV3
嘉林,군현역원
嘉林藪,여지도서
嘉林里,호구총수
嘉栗,군현역원
嘉樂里,호구총수
嘉次堂里,호구총수
嘉次山里,호구총수
嘉流島里,호구총수
嘉火,역지사지LV3
嘉物南,호구총수
嘉禮,역지사지LV3
嘉禮村,호구총수
嘉禾,역지사지LV3
嘉禾面,호구총수
嘉羅里,호구총수
嘉興,군현역원·특수구역
嘉興山,여지도서
嘉興里,호구총수
嘉谷東里,호구총수
嘉逸里,호구총수
嘉里,군현역원
嘉陵浦,여지도서
嘉陽里,호구총수
嘉音,특수구역
嘉音部曲,특수구역
嘉馬,호구총수
嘗樹里,호구총수
嘯山里,호구총수
器店里,호구총수
器興,역지사지LV3
器谷,역지사지LV3
器谷面,호구총수
嚴串里,호구총수
嚴主山,여지도서
嚴井,호구총수
嚴亭里,호구총수
嚴光里,호구총수
嚴古介,호구총수
嚴吉里,호구총수
嚴哥仇味里,호구총수
嚴城山,여지도서
嚴多,역지사지LV3
嚴多山,역지사지LV3
嚴川,여지도서·역지사지LV3
嚴政,역지사지LV3
嚴政面,호구총수
嚴明山,여지도서
嚴正山,신증동국여지승람
嚴正里,호구총수
嚴水洞里,호구총수
嚴浦里,호구총수
嚴節里,호구총수
嚴莊里,호구총수
四下端里,호구총수
四佛山,세종실록지리지·여지도서
四佳,역지사지LV3
四佳坊,호구총수
四佳山,호구총수
四先洞,호구총수
四勿里,호구총수
四友里,호구총수
四墻,호구총수
四契,호구총수
四契里,호구총수
四安里,호구총수
四宮村,호구총수
四山所里,호구총수
四山里,호구총수
四峴里,호구총수
四巖里,호구총수
四州,역지사지LV3
四巨文里,호구총수
四巨里,호구총수
四巨里契,호구총수
四店里,호구총수
四德洞,호구총수
四德洞里,호구총수
四新,호구총수
四明山,여지도서
四月川里,호구총수
四望淡里,호구총수
四松川,여지도서
四松里,호구총수
四桂村里,호구총수
四梁島,호구총수
四水洞,호구총수
四水里,호구총수
四池里,호구총수
四沙田,호구총수
四洞內里,호구총수
四洞里,호구총수
四浦,역지사지LV3
四浦里,호구총수
四浦面,호구총수
四牌平丘里,호구총수
四牌蠶室里,호구총수
四牌里,호구총수
四稧里,호구총수
四積里,호구총수
四美,호구총수
四虎洞,호구총수
四街院,군현역원
四觀音里,호구총수
四賢里,호구총수
四赤城里,호구총수
四里巨美里,호구총수
四里正安,호구총수
四里洞,호구총수
四里蓬村,호구총수
四面橋里,호구총수
四鶴旨里,호구총수
四龍堂,호구총수
四龍山,여지도서
回中里,호구총수
回仙里,호구총수
回傍九里,호구총수
回夜江,여지도서
回山,호구총수
回山亭里,호구총수
回山村,호구총수
回山里,호구총수
回峯山,여지도서
回峯里,호구총수
回巖里,호구총수
回復亭,호구총수
回復里,호구총수
回德村,호구총수
回德里,호구총수
回文山,여지도서
回斗村,호구총수
回春里,호구총수
回村上里,호구총수
回村下里,호구총수
回洞,호구총수
回洞里,호구총수
回津里,호구총수
回浦,역지사지LV3
回浦里,호구총수
回浦面,호구총수
回石里,호구총수
回答里,호구총수
回草味里,호구총수
回軍川,여지도서
回軍里,호구총수
回里,호구총수
回門山,여지도서
回門里,호구총수
回開,호구총수
回頭村,호구총수
回頭里,호구총수
回龍,호구총수
回龍村,호구총수
回龍洞,호구총수
回龍洞里,호구총수
回龍浦里,호구총수
回龍里,호구총수
因達巖,신증동국여지승람·여지도서
囦峙里,호구총수
囦水里,호구총수
囦洞里,호구총수
囦津里,호구총수
囬浦,역지사지LV3
固城,군현역원·역지사지LV3
圃瓮村,호구총수
國令里,호구총수
國優里,호구총수
國土峴,신증동국여지승람
國堂里,호구총수
國士堂,호구총수
國士堂里,호구총수
國士峯,여지도서
國士郞里,호구총수
國士里,호구총수
國安里,호구총수
國寧里,호구총수
國寶,역지사지LV3
國寺洞里,호구총수
國島,여지도서
國島里,호구총수
國師堂山,세종실록지리지
國師峯,여지도서
國師峰,여지도서
國師巖,호구총수
國師郞山,신증동국여지승람
國所里,호구총수
國望山,여지도서
國東山,여지도서
國水洞,호구총수
國泰山,세종실록지리지·여지도서
國泰山里,호구총수
國淨洞,호구총수
國淸峴,여지도서
國祀峰,여지도서
國祠堂中嶺,신증동국여지승람
國祠堂山,여지도서
國祠峯,여지도서
國谷里,호구총수
國近里,호구총수
國通山,여지도서
國靈山,세종실록지리지·여지도서
國靈川,여지도서
圍田,호구총수
圓堂里,호구총수
圓寂山,세종실록지리지·여지도서
圓山,세종실록지리지·여지도서·역지사지LV3
圓山上村,호구총수
圓山中村,호구총수
圓山里,호구총수
圓峯,호구총수
圓峯里,호구총수
圓峰洞,호구총수
圓峰里,호구총수
圓村,호구총수
圓林,군현역원
圓通,군현역원
圓通山,여지도서
圓通里,호구총수
圖三,역지사지LV3
圖山里,호구총수
土上里,호구총수
土丘,호구총수
土丘里,호구총수
土九之里,호구총수
土亂里,호구총수
土井里,호구총수
土亭里,호구총수
土亭里契,호구총수
土今里,호구총수
土伏里,호구총수
土兵里,호구총수
土厚村,호구총수
土厚洞,호구총수
土古味里,호구총수
土古地里,호구총수
土器店,호구총수
土坡,군현역원
土坪里,호구총수
土城,역지사지LV3
土城坊,호구총수
土城川,여지도서
土城洞,호구총수
土城里,호구총수
土城面,호구총수
土堂里,호구총수
土場木里,호구총수
土場里,호구총수
土寺里,호구총수
土山,역지사지LV3
土山洞,호구총수
土峙里,호구총수
土峴,군현역원
土峴里,호구총수
土嶺,여지도서
土幕里,호구총수
土店里,호구총수
土德,호구총수
土日里,호구총수
土旨,역지사지LV3
土橋,호구총수
土橋洞,호구총수
土橋里,호구총수
土法,역지사지LV3
土法面,호구총수
土洞,호구총수
土洞里,호구총수
土津,역지사지LV3
土玉里,호구총수
土界村,호구총수
土界里,호구총수
土石里,호구총수
土羅湖里,호구총수
土羅金里,호구총수
土興部曲,특수구역
土興里,호구총수
土谷里,호구총수
土閑里,호구총수
土階里,호구총수
土項里,호구총수
土頭等里,호구총수
在五池,호구총수
在京,역지사지LV3
在京里,역지사지LV3
在京里坊,호구총수
在遠島,여지도서·호구총수
地串之,호구총수
地內里,호구총수
地向谷,역지사지LV3
地向谷面,호구총수
地品里,호구총수
地坊里,호구총수
地境峴里,호구총수
地境川,호구총수
地境水,여지도서
地境洞里,호구총수
地境海里,호구총수
地境里,호구총수
地境陸里,호구총수
地多只里,호구총수
地尾山,여지도서
地山里,호구총수
地平里,호구총수
地德里,호구총수
地旺里,호구총수
地正,역지사지LV3
地沙里,호구총수
地法,호구총수
地法里,호구총수
地洞里,호구총수
地津,호구총수
地理室,여지도서
地甲里,호구총수
地異,세종실록지리지
地藏峯,여지도서
地藏洞里,호구총수
地藏臺川,여지도서
地藏里,호구총수
地谷,역지사지LV3·특수구역
地谷縣,특수구역
地谷里,호구총수
地谷面,호구총수
地近里,호구총수
地靈里,호구총수
地黃,역지사지LV3
地黃坊,호구총수
坂長,역지사지LV3
均坪里,호구총수
坊內里,호구총수
坊坪里,호구총수
坊垣,역지사지LV3
坊洞里,호구총수
坊築坪,여지도서
坊築里,호구총수
坊里,호구총수
坎井里,호구총수
坎原,군현역원
坎防山,여지도서
坐伊部曲,특수구역
坐尺洞,호구총수
坐村里,호구총수
坐沙,호구총수
坐沙里,호구총수
坐洞里,호구총수
坐石里,호구총수
坐鄕,특수구역
坐雲里,호구총수
坐龜山,여지도서
坡山,역지사지LV3
坡山社,호구총수
坡州,군현역원
坡平,역지사지LV3
坡平面,호구총수
坡明里,호구총수
坡瓈山,여지도서
坡靑村,호구총수
坤地島,여지도서
坤德里,호구총수
坤止山,여지도서
坤止里,호구총수
坤義,특수구역
坤義部曲,특수구역
坦平,군현역원
坪下里,호구총수
坪井,호구총수
坪伐里,호구총수
坪八村里,호구총수
坪只里,호구총수
坪地,호구총수
坪地村,호구총수
坪地洞,호구총수
坪地里,호구총수
坪城,역지사지LV3
坪城里,호구총수
坪城面,호구총수
坪基,호구총수
坪基里,호구총수
坪堂院川,신증동국여지승람
坪塘里,호구총수
坪山,역지사지LV3
坪山里,호구총수
坪川里,호구총수
坪旨村,호구총수
坪本村,호구총수
坪村,호구총수
坪村洞,호구총수
坪村里,호구총수
坪松里,호구총수
坪林下里,호구총수
坪江里,호구총수
坪池村,호구총수
坪沙里,호구총수
坪洞邊里,호구총수
坪洞里,호구총수
坪浦里,호구총수
坪湖里,호구총수
坪溫里,호구총수
坪田村,호구총수
坪田里,호구총수
坪目,호구총수
坪竹村,호구총수
坪薪里,호구총수
坪谷里,호구총수
坪郊里,호구총수
坪里,역지사지LV3·호구총수
坪里坊,호구총수
坪里村,호구총수
坪里面,호구총수
坪館村,호구총수
垂巖所,특수구역
垂巖洞,호구총수
垂楊亭里,호구총수
垂楊里,호구총수
垂釣里,호구총수
垂陽里,호구총수
垈一里,호구총수
垈上里,호구총수
垈乭山洞,호구총수
垈如,역지사지LV3
垈如里,호구총수
垈如面,호구총수
垈山,호구총수
垈山洞,호구총수
垈山里,호구총수
垈巖里,호구총수
垈巨里,호구총수
垈後里,호구총수
垈新,호구총수
垈旨里,호구총수
垈村里,호구총수
垈洞,호구총수
垈洞村,호구총수
垈洞里,호구총수
垈田里,호구총수
垈谷里,호구총수
垈邊里,호구총수
垈院里,호구총수
垈雲峙,호구총수
垈項,역지사지LV3
垌草里,호구총수
垢乙里,호구총수
垣內里,호구총수
垣后里,호구총수
垣浦里,호구총수
垤串里,호구총수
垤古介里,호구총수
垤谷里,호구총수
垥仙洞,호구총수
埋胎谷里,호구총수
埋胎里,호구총수
城丁里,호구총수
城上,역지사지LV3
城上村,호구총수
城上里,호구총수
城下,역지사지LV3·호구총수
城下里,호구총수
城中里,호구총수
城串山,세종실록지리지·여지도서
城也洞,호구총수
城乼里,호구총수
城佛岳,여지도서
城倉,역지사지LV3
城倉浦,신증동국여지승람
城倉里,호구총수
城內,역지사지LV3·호구총수
城內上里,호구총수
城內下里,호구총수
城內北洞內,호구총수
城內南洞內,호구총수
城內南邊里,호구총수
城內坊,호구총수
城內村,호구총수
城內東部村,호구총수
城內洞,호구총수
城內路上里,호구총수
城內里,호구총수
城前里,호구총수
城功里,호구총수
城劫里,호구총수
城北,역지사지LV3·호구총수
城北址里,호구총수
城北村,호구총수
城北里,호구총수
城南,역지사지LV3·호구총수
城南坊,호구총수
城南川,여지도서
城南村,호구총수
城南村里,호구총수
城南里,호구총수
城南面,호구총수
城卜里,호구총수
城古介里,호구총수
城周陸里,호구총수
城地里,호구총수
城坪里,호구총수
城垣,역지사지LV3
城垣坊,호구총수
城城板岳,여지도서
城堂村,호구총수
城堭里村,호구총수
城外里,호구총수
城小里,호구총수
城山,세종실록지리지·신증동국여지승람·여지도서·역지사지LV3·호구총수
城山中里,호구총수
城山初里,호구총수
城山村,호구총수
城山東里,호구총수
城山洞,호구총수
城山西里,호구총수
城山鄕,특수구역
城山里,호구총수
城山里契,호구총수
城山閭,호구총수
城山面,호구총수
城岩,역지사지LV3
城岾,여지도서
城峙里,호구총수
城峴,여지도서
城峴里,호구총수
城巖,역지사지LV3
城巖坊,호구총수
城巖津,신증동국여지승람
城巖里,호구총수
城川,여지도서·역지사지LV3
城川江,여지도서
城川社,호구총수
城巨里,호구총수
城市村,호구총수
城干,군현역원·역지사지LV3
城平上里,호구총수
城平下里,호구총수
城平中里,호구총수
城底,역지사지LV3·호구총수
城底市里,호구총수
城底里,호구총수
城底面,호구총수
城德,역지사지LV3
城才里,호구총수
城方,역지사지LV3
城方村,호구총수
城方面,호구총수
城旨里,호구총수
城本,역지사지LV3
城本里,호구총수
城本閭,호구총수
城杆坊上,역지사지LV3
城杆坊上面,호구총수
城杆坊下端,역지사지LV3
城杆坊下端面,호구총수
城杆坊南北,역지사지LV3
城杆坊南北面,호구총수
城村,호구총수
城村里,호구총수
城東,역지사지LV3·호구총수
城東里,호구총수
城東面,호구총수
城松浦里,호구총수
城枝,역지사지LV3
城枝面,호구총수
城洞,역지사지LV3
城洞坊,호구총수
城洞山,여지도서
城洞村,호구총수
城洞水,여지도서
城洞里,호구총수
城洞面,호구총수
城津,역지사지LV3
城津各國居留地,역지사지LV3
城浦里,호구총수
城湖,역지사지LV3
城灘,여지도서
城田,역지사지LV3
城白,역지사지LV3
城皇堂坊,호구총수
城皇里,호구총수
城目里,호구총수
城直里,호구총수
城章里,호구총수
城西,역지사지LV3
城西里,호구총수
城西面,호구총수
城谷里,호구총수
城踰里,호구총수
城邑,역지사지LV3
城邑里,호구총수
城邑面,호구총수
城里,호구총수
城野里,호구총수
城防,역지사지LV3
城院,호구총수
城陽,군현역원·역지사지LV3
城陽里,호구총수
城隍堂,호구총수
城隍堂里,호구총수
城隍山,신증동국여지승람·여지도서
城隍巨里,호구총수
城隍村,호구총수
城隍洞,호구총수
城隍里,호구총수
城頭,역지사지LV3
城頭里,호구총수
城頭面,호구총수
執三津里,호구총수
執三里,호구총수
執谷里,호구총수
培和,역지사지LV3
培和坊,호구총수
培花,역지사지LV3
培風峴,여지도서
培養,역지사지LV3
培養村,호구총수
培養洞,호구총수
基亭里,호구총수
基佐,역지사지LV3
基原,군현역원
基山里,호구총수
基川,군현역원
基日里,호구총수
基時洞里,호구총수
基池里,호구총수
基洞,호구총수
基洞村,호구총수
基洞里,호구총수
基浦,호구총수
基獜,역지사지LV3
基薪亭,호구총수
基谷,역지사지LV3
基谷里,호구총수
基里,호구총수
基里村,호구총수
基麟,특수구역
基麟縣,특수구역
基龍里,호구총수
堀勿村,호구총수
堀坪里,호구총수
堀巖新里,호구총수
堀巖舊里,호구총수
堀巖里,호구총수
堀惠里,호구총수
堀村,호구총수
堀江浦,신증동국여지승람
堀洞里,호구총수
堀浦,신증동국여지승람·여지도서
堀淵川,여지도서
堀火,군현역원
堀火川,여지도서
堀火里,호구총수
堂丈洞里,호구총수
堂上里,호구총수
堂下洞,호구총수
堂下里,호구총수
堂丘里,호구총수
堂中里,호구총수
堂串里,호구총수
堂井里,호구총수
堂亭里,호구총수
堂內里,호구총수
堂前里,호구총수
堂北上里,호구총수
堂北下里,호구총수
堂北里,호구총수
堂垈里,호구총수
堂墻里,호구총수
堂士坊,호구총수
堂外洞,호구총수
堂奉村,호구총수
堂山,세종실록지리지·여지도서·역지사지LV3·호구총수
堂山亭,호구총수
堂山村,호구총수
堂山里,호구총수
堂山閭,호구총수
堂山面,호구총수
堂山鮑里,호구총수
堂岳山,여지도서
堂岾,역지사지LV3
堂岾面,호구총수
堂峯里,호구총수
堂峴,역지사지LV3
堂峴里,호구총수
堂嶺里,호구총수
堂川,호구총수
堂平里,호구총수
堂底村,호구총수
堂底洞,호구총수
堂底灘,여지도서
堂底里,호구총수
堂後里,호구총수
堂於嶺,여지도서
堂旨村,호구총수
堂旨里,호구총수
堂昆里,호구총수
堂本,호구총수
堂村,호구총수
堂村里,호구총수
堂東里,호구총수
堂毛老里,호구총수
堂洞,역지사지LV3·호구총수
堂洞村,호구총수
堂洞里,호구총수
堂洞里洞,호구총수
堂洞面,호구총수
堂發村,호구총수
堂祀里,호구총수
堂祠洞里,호구총수
堂站,역지사지LV3
堂站坊,호구총수
堂興村,호구총수
堂芚之里,호구총수
堂谷里,호구총수
堂越里,호구총수
堂辰里,호구총수
堂里,호구총수
堂阿里,호구총수
堂阿里山,신증동국여지승람
堂院山,여지도서
堂隅里,호구총수
堂項,호구총수
堂項里,호구총수
堂頭洞,호구총수
堂頭里,호구총수
堅平,역지사지LV3
堅平坊,호구총수
堅洞里,호구총수
堅羅,호구총수
堅造島,여지도서
堆粮,군현역원
堡上里,호구총수
堡下里,호구총수
堡中里,호구총수
堡城里,호구총수
堡洞里,호구총수
堡里,호구총수
堤上里,호구총수
堤下村里,호구총수
堤下里,호구총수
堤內,호구총수
堤內村,호구총수
堤內里,호구총수
堤同里,호구총수
堤川,군현역원·역지사지LV3
堤州,군현역원
堤村,특수구역
堤村里,호구총수
堤洞里,호구총수
堤見,특수구역
堤見鄕,특수구역
堤豆毛里,호구총수
堤越里,호구총수
堤邊里,호구총수
堤里,호구총수
堪巖洞,호구총수
堯洞,호구총수
堯洞里,호구총수
堯田里,호구총수
堰下里,호구총수
堰內洞里,호구총수
堰內西里,호구총수
堰內里,호구총수
堰北,역지사지LV3
堰村,호구총수
堰里,역지사지LV3·호구총수
堰里面,호구총수
堰項,호구총수
堰項里,호구총수
堰頭村,호구총수
堰頭里,호구총수
報平,군현역원
報恩,군현역원·역지사지LV3
場下洞,호구총수
場下里,호구총수
場內里,호구총수
場前里,호구총수
場坪里,호구총수
場垈,호구총수
場垈里,호구총수
場基村,호구총수
場基里,호구총수
場岐里,호구총수
場岩,역지사지LV3
場巖,호구총수
場巖江,여지도서
場巖浦,여지도서
場巖里,호구총수
場川里,호구총수
場巨里,호구총수
場木,역지사지LV3
場木面,호구총수
場村,역지사지LV3·호구총수
場村面,호구총수
場東,역지사지LV3
場洞,호구총수
場浦川,여지도서
場田里,호구총수
場登里,호구총수
場西,역지사지LV3
場西面,호구총수
場邊,호구총수
場邊村,호구총수
場邊里,호구총수
場邊閭,호구총수
場里,호구총수
場門里,호구총수
場項山,신증동국여지승람
場頭洞,호구총수
塔丁里,호구총수
塔上洞,호구총수
塔下洞,호구총수
塔伐村,호구총수
塔坪一里,호구총수
塔坪三里,호구총수
塔坪二里,호구총수
塔坪里,호구총수
塔山里,호구총수
塔峴,여지도서
塔峴里,호구총수
塔店村,호구총수
塔村,호구총수
塔東里,호구총수
塔洞,호구총수
塔洞上里,호구총수
塔洞下里,호구총수
塔洞村,호구총수
塔洞里,호구총수
塔浦,여지도서
塔淵新東里,호구총수
塔淵東里,호구총수
塔淵西里,호구총수
塔田村,호구총수
塔田里,호구총수
塔立川里,호구총수
塔立里,호구총수
塔谷里,호구총수
塔里,호구총수
塔院里,호구총수
塘北里,호구총수
塘庫地里,호구총수
塘洞里,호구총수
塘項里,호구총수
塞昆里,호구총수
塞泉里,호구총수
塞淵里,호구총수
塞達里,호구총수
塢川里,호구총수
塩倉山,여지도서
境地川,여지도서
境川,호구총수
境所里,호구총수
境池川,여지도서
墓幕,호구총수
墓洞里,호구총수
墓賢,역지사지LV3
墓陵里,호구총수
增傑里,호구총수
增壽里,호구총수
增山里,호구총수
增愛里,호구총수
增文村,호구총수
增村里,호구총수
增榮里,호구총수
增若,군현역원
增若里,호구총수
墟門路,호구총수
墨丁里,호구총수
墨丘里,호구총수
墨井,신증동국여지승람·역지사지LV3
墨井坊,호구총수
墨井洞契,호구총수
墨井里,호구총수
墨亭,호구총수
墨亭里,호구총수
墨匠山,여지도서
墨只寺,호구총수
墨只山,세종실록지리지
墨只洞里,호구총수
墨只里,호구총수
墨坊洞,호구총수
墨坊里,호구총수
墨寺洞,호구총수
墨寺洞里,호구총수
墨山,여지도서·호구총수
墨山里,호구총수
墨峙里,호구총수
墨峴,신증동국여지승람
墨峴里,호구총수
墨巖里,호구총수
墨川,역지사지LV3
墨巨,호구총수
墨幕里,호구총수
墨店里,호구총수
墨所,역지사지LV3
墨所坊,호구총수
墨方山,여지도서
墨方村,호구총수
墨方里,호구총수
墨村里,호구총수
墨林里,호구총수
墨橋里,호구총수
墨池洞,호구총수
墨池里,호구총수
墨洞,호구총수
墨洞里,호구총수
墨津里,호구총수
墨湖,역지사지LV3
墨溪里,호구총수
墨瑟里,호구총수
墨石洞里,호구총수
墨谷上里,호구총수
墨谷下里,호구총수
墨谷所,특수구역
墨谷村,호구총수
墨谷里,호구총수
墨防里,호구총수
墻內上里,호구총수
墻內中里,호구총수
墻內村,호구총수
墻內里,호구총수
墻北里,호구총수
墻坪閭,호구총수
墻垈閭,호구총수
墻基,호구총수
墻外洞,호구총수
墻巖回里,호구총수
墻巖里,호구총수
墻洞,호구총수
墻洞登村里,호구총수
墻洞里,호구총수
墻洞陽地里,호구총수
壓戎串,신증동국여지승람
壓江灘,여지도서
壓海,역지사지LV3
壓海島,신증동국여지승람
壓海廢縣,특수구역
壤城山,세종실록지리지
壤寧部曲,특수구역
士乃洞里,호구총수
士也串島,신증동국여지승람
士味里,호구총수
士峯谷,호구총수
士川里,호구총수
士方里,호구총수
士朴里,호구총수
士林山,여지도서
士洞里,호구총수
士物村,호구총수
士羅洞里,호구총수
士羅里,호구총수
士羊里,호구총수
士美洞,호구총수
士良洞里,호구총수
士色只,호구총수
士谷面,호구총수
士里島,호구총수
士里洞,호구총수
壬谷里,호구총수
壯丁里,호구총수
壯佐洞里,호구총수
壯佐里,호구총수
壯元亭里,호구총수
壯元峯,여지도서
壯元東里,호구총수
壯勇屯里,호구총수
壯子洞里,호구총수
壯宜里,호구총수
壯尺,호구총수
壯尺基閭,호구총수
壯尺洞,호구총수
壯尺洞里,호구총수
壯巖里,호구총수
壯才坪,호구총수
壯才洞里,호구총수
壯林洞里,호구총수
壯洞,호구총수
壯洞里,호구총수
壯者里,호구총수
壯舟里,호구총수
壯谷,역지사지LV3
壯谷村,호구총수
壯豊里,호구총수
壯賢里,호구총수
壹中里,호구총수
壺南里,호구총수
壺巖,여지도서
壺巖洞里,호구총수
壺巖里,호구총수
壺洞里,호구총수
壺甁洞,호구총수
壽仙里,호구총수
壽城,역지사지LV3·특수구역
壽城宮內契,호구총수
壽城宮越邊契,호구총수
壽城縣,특수구역
壽富山里,호구총수
壽山,군현역원
壽巷里,호구총수
壽星里,호구총수
壽民,역지사지LV3
壽民丹,역지사지LV3
壽民丹面,호구총수
壽永洞,호구총수
壽洞里,호구총수
壽盤里,호구총수
壽石,역지사지LV3
壽福村,호구총수
壽福洞里,호구총수
壽耉里,호구총수
壽進,역지사지LV3
壽進坊,호구총수
壽進宮內契,호구총수
壽進宮內行廊契,호구총수
夏坪里,호구총수
夕陽洞里,호구총수
外一良里,호구총수
外七井,호구총수
外三岐里,호구총수
外三谷,호구총수
外三谷里,호구총수
外三里,호구총수
外三鶴村,호구총수
外上,역지사지LV3
外上月里,호구총수
外上里,호구총수
外上面,호구총수
外下,역지사지LV3
外下孝洞,호구총수
外下里,호구총수
外下面,호구총수
外中村,호구총수
外中部里,호구총수
外中里,호구총수
外串界,호구총수
外九水洞,호구총수
外也,역지사지LV3·호구총수
外也串,역지사지LV3
外也串面,호구총수
外也代島,신증동국여지승람
外也村,호구총수
外乫峙里,호구총수
外亇入里,호구총수
外二作里,호구총수
外五里峙,호구총수
外井士乃里,호구총수
外井村,호구총수
外井里,호구총수
外亭子里,호구총수
外仙味里,호구총수
外代山,역지사지LV3
外伊洞里,호구총수
外伐里,호구총수
外佳山,호구총수
外佳谷里,호구총수
外來接里,호구총수
外倉里,호구총수
外元興里,호구총수
外光里,호구총수
外免里,호구총수
外全道,호구총수
外冬北里,호구총수
外冬南里,호구총수
外分土里,호구총수
外別閭,호구총수
外劒山里,호구총수
外加,역지사지LV3
外加上里,호구총수
外加下里,호구총수
外加余里,호구총수
外加德里,호구총수
外加村,호구총수
外加田里,호구총수
外加面,호구총수
外加音里,호구총수
外加麻里,호구총수
外化龍里,호구총수
外北,역지사지LV3
外北山里,호구총수
外北社,호구총수
外北面,호구총수
外南,역지사지LV3
外南堂里,호구총수
外南岳,호구총수
外南部,호구총수
外南部里,호구총수
外南里,호구총수
外南面,호구총수
外古里,호구총수
外召草里,호구총수
外可,역지사지LV3
外台山,호구총수
外台里,호구총수
外叱怪,역지사지LV3
外叱浦里,호구총수
外吐里,호구총수
外吾禮山里,호구총수
外周光里,호구총수
外周德里,호구총수
外咸安里,호구총수
外問里,호구총수
外四,역지사지LV3
外回夜里,호구총수
外坪里,호구총수
外城,역지사지LV3
外城底,호구총수
外城村里,호구총수
外城洞里,호구총수
外城里,호구총수
外城面,호구총수
外基里,호구총수
外堂村,호구총수
外堂洞里,호구총수
外堂里,호구총수
外堂頭,호구총수
外墻里,호구총수
外多士乃里,호구총수
外夜味,호구총수
外大也,역지사지LV3
外大也面,호구총수
外大化里,호구총수
外大泉,호구총수
外孟,역지사지LV3
外孟面,호구총수
外孤里,호구총수
外安方里,호구총수
外安里,호구총수
外少堂里,호구총수
外屈里,호구총수
外屯里,호구총수
外山,역지사지LV3
外山下里,호구총수
外山井里,호구총수
外山內,역지사지LV3
外山內面,호구총수
外山川里,호구총수
外山洞,역지사지LV3
外山直,호구총수
外山里,호구총수
外山面,호구총수
外岐山,호구총수
外岱山,역지사지LV3·호구총수
外峙里,호구총수
外島,신증동국여지승람
外崇化里,호구총수
外崑里,호구총수
外巖里,호구총수
外川,역지사지LV3
外川坊,호구총수
外川德,역지사지LV3
外川德部,역지사지LV3
外川里,호구총수
外州洞,호구총수
外巨山里,호구총수
外巨里,호구총수
外平陵里,호구총수
外底里,호구총수
外店,호구총수
外廣召里,호구총수
外弓山,호구총수
外弓項里,호구총수
外德洞,호구총수
外德谷里,호구총수
外德里,호구총수
外所,역지사지LV3
外所屹山,역지사지LV3
外所屹山面,호구총수
外持琴里,호구총수
外揮羅,호구총수
外斗乙山里,호구총수
外新院村,호구총수
外方,역지사지LV3
外方樹,호구총수
外方面,호구총수
外於項里,호구총수
外日里,호구총수
外時川里,호구총수
外晉,역지사지LV3
外晉城,역지사지LV3
外晋城里,호구총수
外景浦,호구총수
外晴日里,호구총수
外暘里,호구총수
外曲山里,호구총수
外曾山,역지사지LV3
外月井里,호구총수
外月弄,호구총수
外月里,호구총수
外月項里,호구총수
外望月里,호구총수
外朝會洞,호구총수
外末力里,호구총수
外朴吉里,호구총수
外村,호구총수
外村里,호구총수
外杜谷,호구총수
外東,역지사지LV3
外東坊,호구총수
外東山里,호구총수
外東洞里,호구총수
外東津,호구총수
外東邊,역지사지LV3
外東邊坊,호구총수
外東部,역지사지LV3
外東部面,호구총수
外東里,호구총수
外東面,호구총수
外松上里,호구총수
外松下里,호구총수
外松中里,호구총수
外松山里,호구총수
外松廣,호구총수
外松洞,호구총수
外松里,호구총수
外板橋里,호구총수
外林丘里,호구총수
外林里,호구총수
外柄,호구총수
外柳,역지사지LV3
外柳浦里,호구총수
外栗峙,호구총수
外校村,호구총수
外桃源里,호구총수
外梅谷村,호구총수
外梧峴村,호구총수
外梨峴里,호구총수
外椧里,호구총수
外橋里,호구총수
外橫浦,역지사지LV3
外橫浦面,호구총수
外橫甫,역지사지LV3
外毛三里,호구총수
外水井里,호구총수
外水洞里,호구총수
外水落洞里,호구총수
外水落里,호구총수
外水餘里,호구총수
外汝草里,호구총수
外江里,호구총수
外沔里,호구총수
外沙器里,호구총수
外沙川里,호구총수
外沙良里,호구총수
外沙里,호구총수
外泉洞里,호구총수
外泉里,호구총수
外法古里,호구총수
外波迪里,호구총수
外洛陽洞里,호구총수
外洞,호구총수
外洞口里,호구총수
外洞村,호구총수
外洞里,호구총수
外洞閭,호구총수
外津閭,호구총수
外浦,역지사지LV3
外浦里,호구총수
外浮石里,호구총수
外深川里,호구총수
外淸溪,호구총수
外湘州里,호구총수
外潛里,호구총수
外烟島,호구총수
外烽里,호구총수
外牛山,호구총수
外牟種里,호구총수
外狸谷,호구총수
外獐項里,호구총수
外玄化里,호구총수
外甑山里,호구총수
外甑里,호구총수
外甘召里,호구총수
外甘界里,호구총수
外生化里,호구총수
外用亭里,호구총수
外甫村,호구총수
外甫玄里,호구총수
外田垈里,호구총수
外田洞,호구총수
外登林村,호구총수
外白山里,호구총수
外白鶴里,호구총수
外盆梅洞,호구총수
外盤松亭里,호구총수
外直川里,호구총수
外看德里,호구총수
外眞木,호구총수
外眞田,역지사지LV3
外眞田坊,호구총수
外知止里,호구총수
外硯里,호구총수
外禿山,호구총수
外秋洞里,호구총수
外竹山里,호구총수
外竹里,호구총수
外笠巖里,호구총수
外粉洞里,호구총수
外細洞里,호구총수
外終,역지사지LV3
外終道,역지사지LV3
外終道面,호구총수
外綾鄕里,호구총수
外縣,역지사지LV3
外縣內,역지사지LV3
外縣內坊,호구총수
外羅之浦,호구총수
外羅里,호구총수
外老日里,호구총수
外老里,호구총수
外胎封,호구총수
外自洞里,호구총수
外舊衙里,호구총수
外舍,역지사지LV3
外舍谷,역지사지LV3
外般庄,호구총수
外良發里,호구총수
外良里,호구총수
外艾峙里,호구총수
外花山里,호구총수
外花村,호구총수
外花田里,호구총수
外芸谷里,호구총수
外茁浦里,호구총수
外草洞,호구총수
外菱香里,호구총수
外萬垈里,호구총수
外葛山里,호구총수
外葛村里,호구총수
外葛里,호구총수
外蓮池里,호구총수
外蓼上里,호구총수
外蓼下里,호구총수
外蓼中里,호구총수
外薪山里,호구총수
外虎山里,호구총수
外虎里,호구총수
外蛾眉山,여지도서
外蟹隅里,호구총수
外西,역지사지LV3
外西洞里,호구총수
外西部里,호구총수
外西里,역지사지LV3
外西里面,호구총수
外西面,호구총수
外谷里,호구총수
外貫松里,호구총수
外貴,역지사지LV3
外道介村,호구총수
外道密里,호구총수
外道山里,호구총수
外達里村,호구총수
外遠,호구총수
外遯里,호구총수
外邑,역지사지LV3
外邑內里,호구총수
外邑面,호구총수
外郡內里,호구총수
外都淸里,호구총수
外酉山上所谷里,호구총수
外里,호구총수
外里洞,호구총수
外金剛,역지사지LV3
外金好禮里,호구총수
外金川上里,호구총수
外金川中里,호구총수
外金川北里,호구총수
外金川南里,호구총수
外金川西里,호구총수
外金川里,호구총수
外釜谷村,호구총수
外鈒浦里,호구총수
外鉢山里,호구총수
外鋤地里,호구총수
外鐵島里,호구총수
外長佐洞里,호구총수
外長田里,호구총수
外長鴨里,호구총수
外門峙,호구총수
外門巖里,호구총수
外間,역지사지LV3
外間面,호구총수
外防築,호구총수
外院洞里,호구총수
外隍里,호구총수
外險里,호구총수
外雲谷,호구총수
外霜里,호구총수
外靈溪里,호구총수
外非刀里村,호구총수
外非辰島,여지도서
外項角里,호구총수
外項里,호구총수
外頓里,호구총수
外頭山,호구총수
外頭巖,호구총수
外馬山里,호구총수
外馬川,호구총수
外馬良里,호구총수
外鬱島,호구총수
外魯谷上里,호구총수
外魯谷下里,호구총수
外鳳棲,호구총수
外鶴嶺,호구총수
外鶴谷里,호구총수
外黃山里,호구총수
外黃谷,호구총수
外黃龍里,호구총수
外黑石里,호구총수
外黑鴨里,호구총수
外鼎里,호구총수
外齋宮里,호구총수
外龍宮里,호구총수
外龍里,호구총수
外龜,호구총수
外龜村,호구총수
多三浦里,호구총수
多串章里,호구총수
多乃谷里,호구총수
多二,역지사지LV3
多二社,호구총수
多五介里,호구총수
多井里,호구총수
多仁,역지사지LV3·특수구역
多仁縣,특수구역
多仇之里,호구총수
多佛山,여지도서
多佛山里,호구총수
多侍,역지사지LV3
多信浦,신증동국여지승람
多初,역지사지LV3
多初社,호구총수
多勿島,호구총수
多卜洞,호구총수
多古里,호구총수
多只里,호구총수
多叱村部曲,특수구역
多味里,호구총수
多回,호구총수
多士村,호구총수
多士羅里,호구총수
多士里,호구총수
多外里,호구총수
多多洞里,호구총수
多大洞里,호구총수
多大浦里,호구총수
多大里,호구총수
多寶,역지사지LV3
多寶山,여지도서
多寶村,호구총수
多寶社,호구총수
多尾,역지사지LV3
多尾坊,호구총수
多峙,역지사지LV3
多峙坊,호구총수
多峴村,호구총수
多工里,호구총수
多慶,역지사지LV3·특수구역
多慶津水,여지도서
多慶部曲,특수구역
多慶鎭城,호구총수
多慶面,호구총수
多所,역지사지LV3
多所面,호구총수
多文里,호구총수
多斯,역지사지LV3
多方里,호구총수
多智島,여지도서·호구총수
多會里,호구총수
多木里,호구총수
多朱,역지사지LV3
多松里,호구총수
多栗,역지사지LV3
多梨木里,호구총수
多樂垈里,호구총수
多樂洞里,호구총수
多樂里,호구총수
多樂院,군현역원
多水村,호구총수
多沙川,특수구역
多沙川所,특수구역
多洞村,호구총수
多津里,호구총수
多火谷里,호구총수
多物里,호구총수
多田里,호구총수
多福里,호구총수
多禮洞里,호구총수
多立山,여지도서
多粟里,호구총수
多羅谷村,호구총수
多羅高飛津,여지도서
多美,역지사지LV3
多美上,역지사지LV3
多美下,역지사지LV3
多義,역지사지LV3
多義下,역지사지LV3
多葛洞,여지도서
多財物里,호구총수
多足里,호구총수
多邑里,호구총수
多郞時岳,신증동국여지승람
多郞里,호구총수
多都幕里,호구총수
多里,역지사지LV3
多里島,호구총수
多開里,호구총수
多院,역지사지LV3
多院坊,호구총수
多隱里,호구총수
多音鄕,특수구역
多項里,호구총수
多食里,호구총수
多鴨,역지사지LV3
多鴨面,호구총수
多鶴洞,호구총수
多樂嶺,여지도서
夜味島,호구총수
夜味村,호구총수
夜味洞里,호구총수
夜味里,호구총수
夜山村,호구총수
夜晝介契,호구총수
夜遊巖,여지도서
夜郞村,호구총수
夞怪,역지사지LV3
夞怪坊,호구총수
夢一浦,신증동국여지승람
夢中山,여지도서
夢中山里,호구총수
夢串里,호구총수
夢仙山,신증동국여지승람
夢味里,호구총수
夢坪,호구총수
夢垈里,호구총수
夢大,역지사지LV3
夢山里,호구총수
夢徒,역지사지LV3
夢忠坪里,호구총수
夢村里,호구총수
夢松村,호구총수
夢江洞,호구총수
夢海里,호구총수
夢灘,역지사지LV3
夢灘津,여지도서
夢灘里,호구총수
夢熊,군현역원
夢熊鄕,특수구역
夢石伐,호구총수
夢臺,역지사지LV3·호구총수
夢臺面,호구총수
夢谷里,호구총수
夢賚亭契,호구총수
大䔲羅里,호구총수
大一里所沙,호구총수
大七里,호구총수
大三橋里,호구총수
大三浦里,호구총수
大三里,호구총수
大三里光法,호구총수
大上,역지사지LV3
大上下同,역지사지LV3
大上伊,특수구역
大上村,호구총수
大上洞,역지사지LV3
大上里,호구총수
大上面,호구총수
大下,역지사지LV3
大下村,호구총수
大下洞,역지사지LV3
大下里,호구총수
大下面,호구총수
大丘,군현역원·역지사지LV3
大丘面,호구총수
大中里,호구총수
大串,역지사지LV3
大串梁,신증동국여지승람
大乃只,호구총수
大也,역지사지LV3
大也上里,호구총수
大也下里,호구총수
大也味,호구총수
大也峴里,호구총수
大也島,신증동국여지승람·호구총수
大也島里,호구총수
大也川,역지사지LV3·호구총수
大也川部曲,특수구역
大也川里,호구총수
大也所川,여지도서
大也村,호구총수
大也洞,역지사지LV3·호구총수
大也洞里,호구총수
大也盞坪,여지도서
大也谷,역지사지LV3·호구총수
大也谷村,호구총수
大也谷里,호구총수
大也谷面,호구총수
大也里,호구총수
大也院,군현역원
大乭城里,호구총수
大乾川里,호구총수
大亇入里,호구총수
大五介村,호구총수
大五里,호구총수
大井,여지도서·역지사지LV3·호구총수
大井坊,호구총수
大井村,호구총수
大井洞,호구총수
大井谷,호구총수
大井谷里,호구총수
大井里,호구총수
大井面,호구총수
大京島,신증동국여지승람·호구총수
大亭子里,호구총수
大亭里,호구총수
大仁里,호구총수
大仇味里,호구총수
大今山里,호구총수
大代,역지사지LV3
大代坊,호구총수
大代里,호구총수
大代面,호구총수
大伐里,호구총수
大位,역지사지LV3·특수구역
大位鄕,특수구역
大位里,호구총수
大位面,호구총수
大佐里島,여지도서
大何全里,호구총수
大余古項,호구총수
大作之,호구총수
大佳山閭,호구총수
大佳里,호구총수
大侍郞,호구총수
大俗厚,역지사지LV3
大俗厚社,호구총수
大倉,역지사지LV3·호구총수
大倉里,호구총수
大倫,역지사지LV3
大倫面,호구총수
大元,역지사지LV3
大元二,역지사지LV3
大元坊,호구총수
大元山,여지도서
大光,호구총수
大光村,호구총수
大光里,호구총수
大內,역지사지LV3
大內洞,호구총수
大八里老老洞,호구총수
大六里五合,호구총수
大冬背,호구총수
大凝井,호구총수
大凡矣島,여지도서
大初完新里,호구총수
大別里,호구총수
大利津,신증동국여지승람
大利里,호구총수
大劒山里,호구총수
大加來川,여지도서
大加里,호구총수
大勝瀑布,여지도서
大化,군현역원·역지사지LV3
大化奪島,여지도서
大化山,호구총수
大化洞,호구총수
大化里,호구총수
大化面,호구총수
大十里,호구총수
大千,역지사지LV3
大千坊,호구총수
大升里,호구총수
大南,역지사지LV3
大南面,호구총수
大博洞里,호구총수
大卯,역지사지LV3
大厚只里,호구총수
大原洞,호구총수
大去火,역지사지LV3
大去火坊,호구총수
大口,역지사지LV3·특수구역·호구총수
大口尾,호구총수
大口所,특수구역
大口洞里,호구총수
大口田,호구총수
大口面,호구총수
大只所里,호구총수
大召亭里,호구총수
大召味,호구총수
大召里,호구총수
大可,역지사지LV3
大司洞里,호구총수
大司院里,호구총수
大各里,호구총수
大合,역지사지LV3
大同,군현역원
大同村,호구총수
大同江,여지도서·역지사지LV3
大同洞,호구총수
大同里,호구총수
大向南里,호구총수
大向里,호구총수
大吹螺島,여지도서
大吾羅退里,호구총수
大呂洞,호구총수
大呂洞里,호구총수
大周里,호구총수
大和,군현역원·역지사지LV3
大和島,신증동국여지승람
大和里,호구총수
大和面,호구총수
大唐頭山,여지도서
大單閭,호구총수
大嚴里,호구총수
大四里,호구총수
大回龍里,호구총수
大圓山,여지도서
大土井里,호구총수
大坡,역지사지LV3
大坡里,호구총수
大坡面,호구총수
大坪,신증동국여지승람·역지사지LV3·호구총수
大坪里,호구총수
大垈,역지사지LV3
大垈村,호구총수
大垈里,호구총수
大垢鄕,특수구역
大城,역지사지LV3
大城串里,호구총수
大城山,세종실록지리지·호구총수
大城峴里,호구총수
大城里,호구총수
大基,호구총수
大基洞里,호구총수
大堀浦,신증동국여지승람
大堂北里,호구총수
大堤池,신증동국여지승람
大堤里,호구총수
大場村,호구총수
大場里,호구총수
大增里,호구총수
大墨場里,호구총수
大壯里,호구총수
大外,역지사지LV3
大外洞里,호구총수
大多坊北邊契,호구총수
大多里,호구총수
大夜味里,호구총수
大夜里,호구총수
大夢尙里,호구총수
大天峙里,호구총수
大夫洞,호구총수
大夫海里,호구총수
大夫里,호구총수
大夫陸里,호구총수
大孤臺,여지도서
大安,역지사지LV3·특수구역·호구총수
大安鄕,특수구역
大安里,호구총수
大安閭,호구총수
大安面,호구총수
大宗村,호구총수
大宗里,호구총수
大官里,호구총수
大定江,여지도서
大定里,호구총수
大家,역지사지LV3
大家洞里,호구총수
大家谷,역지사지LV3
大家谷坊,호구총수
大家谷里,호구총수
大富,군현역원
大富里,호구총수
大寧江,여지도서
大寶,역지사지LV3
大寶山,여지도서
大寺,역지사지LV3
大寺山,신증동국여지승람
大寺村,호구총수
大寺洞,역지사지LV3·호구총수
大寺洞一牌契,호구총수
大寺洞三牌契,호구총수
大寺洞二牌契,호구총수
大寺洞四牌契,호구총수
大寺洞里,호구총수
大寺洞面,호구총수
大寺田里,호구총수
大寺西洞,호구총수
大寺里,호구총수
大寺院,군현역원
大寺面,호구총수
大將山,여지도서
大將洞,호구총수
大將閭,호구총수
大小山,여지도서
大小山里,호구총수
大尺,역지사지LV3
大尺坊,호구총수
大尼,역지사지LV3
大屯,역지사지LV3
大屯山,여지도서
大屯里,호구총수
大山,군현역원·역지사지LV3·특수구역·호구총수
大山上村,호구총수
大山中村,호구총수
大山串,신증동국여지승람
大山內,호구총수
大山坊,호구총수
大山嶺里,호구총수
大山幕里,호구총수
大山津,여지도서
大山溪里,호구총수
大山西村,호구총수
大山部曲,특수구역
大山里,호구총수
大山面,호구총수
大岑里,호구총수
大岱洞,호구총수
大岳里,호구총수
大岾,역지사지LV3
大峙,여지도서·역지사지LV3·호구총수
大峙上里,호구총수
大峙下里,호구총수
大峙山,여지도서
大峙里,호구총수
大峩峙,여지도서
大峴,신증동국여지승람·여지도서·역지사지LV3
大峴村,호구총수
大峴里,호구총수
大峴面,호구총수
大崗,역지사지LV3
大嶺山里,호구총수
大嶺院,군현역원
大巖,호구총수
大巖山,여지도서
大巖村,호구총수
大巖里,호구총수
大川,신증동국여지승람·여지도서·역지사지LV3
大川坊,호구총수
大川村,호구총수
大川池,신증동국여지승람
大川洞里,호구총수
大川里,호구총수
大巨所里,호구총수
大巨洞,호구총수
大巨里,호구총수
大巷洞,호구총수
大平,군현역원·역지사지LV3·호구총수
大平坊,호구총수
大平村,호구총수
大平里,호구총수
大平面,호구총수
大平館契,호구총수
大幷,역지사지LV3
大庇洞,호구총수
大康,군현역원
大康里,호구총수
大廟洞,호구총수
大廟洞契,호구총수
大廳里,호구총수
大彌山,신증동국여지승람
大德,역지사지LV3
大德二,역지사지LV3
大德坊,호구총수
大德山,여지도서·역지사지LV3
大德山里,호구총수
大德山面,호구총수
大德洞,호구총수
大德洞里,호구총수
大德谷,호구총수
大德里,호구총수
大悅亭里,호구총수
大悲院,군현역원
大慈山,여지도서
大慈洞里,호구총수
大慈里,호구총수
大慈院,군현역원
大慶里,호구총수
大成洞,호구총수
大成里,호구총수
大房村,호구총수
大所,역지사지LV3
大所里,호구총수
大才村,호구총수
大才里,호구총수
大把,호구총수
大招,역지사지LV3
大招面,호구총수
大授里,호구총수
大接上里,호구총수
大接下里,호구총수
大支東,역지사지LV3
大攸山里,호구총수
大救,역지사지LV3
大斗尺里,호구총수
大斗役里,호구총수
大斤村,호구총수
大新里,호구총수
大方,역지사지LV3
大方村,호구총수
大方洞,호구총수
大方里,호구총수
大方面,호구총수
大於兼村,호구총수
大旨池,여지도서
大旺,역지사지LV3
大旺洞,호구총수
大旺里,호구총수
大旺面,호구총수
大昌,군현역원·역지사지LV3
大昌部曲,특수구역
大昌里,호구총수
大明,역지사지LV3
大明串,신증동국여지승람
大明山,신증동국여지승람
大明村里,호구총수
大明洞,역지사지LV3·호구총수
大明洞坊,호구총수
大明洞村,호구총수
大明里,호구총수
大曲,역지사지LV3
大曲坊,호구총수
大月,역지사지LV3·호구총수
大月里,호구총수
大月面,호구총수
大有洞,호구총수
大朔,군현역원
大朔院,군현역원
大朴九味,호구총수
大朴山,여지도서
大朴山里,호구총수
大朴村,호구총수
大朴谷,역지사지LV3
大朴谷坊,호구총수
大朴谷山,여지도서
大朴谷面,호구총수
大杏,역지사지LV3
大材鹽田,특수구역
大村,역지사지LV3·호구총수
大村里,호구총수
大東,역지사지LV3
大東江,역지사지LV3
大東江坊,호구총수
大東里,호구총수
大東門外,호구총수
大東閭,호구총수
大東面,호구총수
大松,군현역원·역지사지LV3
大松峙,여지도서
大松林里,호구총수
大松浦村,호구총수
大松里,호구총수
大松面,호구총수
大板場里,호구총수
大板里,호구총수
大林山,세종실록지리지·여지도서
大林里,호구총수
大枝,역지사지LV3
大枝山,여지도서
大枝山里,호구총수
大枝洞,역지사지LV3
大枝洞里,호구총수
大枝洞面,호구총수
大枝谷里,호구총수
大枝里,호구총수
大栗部曲,특수구역
大栗里,호구총수
大梧,역지사지LV3
大梧洞里,호구총수
大梯,역지사지LV3
大梯院,군현역원
大梯面,호구총수
大梳里,호구총수
大棗洞,호구총수
大棗里,호구총수
大棗院,군현역원
大楚里,호구총수
大業里,호구총수
大極內,역지사지LV3
大極外,역지사지LV3
大橋,호구총수
大橋川,신증동국여지승람·여지도서
大橋新村里,호구총수
大橋村,호구총수
大橋浦,여지도서
大橋溫井,여지도서
大橋里,호구총수
大橋項里,호구총수
大機,호구총수
大機里,호구총수
大橫看島,신증동국여지승람
大正洞里,호구총수
大武士乃,호구총수
大歲律里,호구총수
大母山,여지도서
大母川,여지도서
大毛池里,호구총수
大水湯里,호구총수
大水谷里,호구총수
大水里,호구총수
大汗里,호구총수
大江,여지도서·역지사지LV3
大江津里,호구총수
大江里,호구총수
大江面,호구총수
大池,신증동국여지승람·여지도서·역지사지LV3
大沙洞,호구총수
大沙邑串,신증동국여지승람
大沙里,호구총수
大河峴里,호구총수
大泉,여지도서
大泉洞,호구총수
大泉洞里,호구총수
大泉里,호구총수
大法里,호구총수
大注風,호구총수
大洑里,호구총수
大洞,역지사지LV3·호구총수
大洞上里,호구총수
大洞下里,호구총수
大洞中里,호구총수
大洞坊,호구총수
大洞山,신증동국여지승람
大洞村,호구총수
大洞橋項里,호구총수
大洞西里,호구총수
大洞里,호구총수
大洞陷井里,호구총수
大洞面,호구총수
大津,신증동국여지승람·여지도서·호구총수
大津村,호구총수
大津里,호구총수
大浦,신증동국여지승람·여지도서·역지사지LV3·호구총수
大浦囦里,호구총수
大浦坊,호구총수
大浦川里,호구총수
大浦洞,호구총수
大浦津,여지도서
大浦里,호구총수
大海,여지도서
大海山,여지도서
大海里,호구총수
大淑里,호구총수
大淵里,호구총수
大淸山,여지도서
大淸浦,여지도서
大淸里,호구총수
大淺井里,호구총수
大渚,역지사지LV3
大渚島,신증동국여지승람
大渚谷里,호구총수
大渚里,호구총수
大渚面,호구총수
大渠里,호구총수
大湖芝,역지사지LV3
大湜,신증동국여지승람
大溪里,호구총수
大澗洞里,호구총수
大濟院,군현역원
大灘,신증동국여지승람·여지도서
大灘里,호구총수
大烈里,호구총수
大物伊山,여지도서
大猪只島,여지도서
大猪島,신증동국여지승람
大猪項里,호구총수
大獨浦里,호구총수
大率里,호구총수
大玉溪里,호구총수
大王浦,여지도서
大現里,호구총수
大瓢里,호구총수
大瓮村里,호구총수
大甑山,여지도서
大甘介,역지사지LV3
大甘介面,호구총수
大甘勿也里,호구총수
大甘川里,호구총수
大甘浦里,호구총수
大甫里,호구총수
大田,역지사지LV3·호구총수
大田上里,호구총수
大田下里,호구총수
大田中里,호구총수
大田坊,호구총수
大田川,신증동국여지승람
大田新瓮店,호구총수
大田洞,호구총수
大田里,호구총수
大白,역지사지LV3
大白亦山,여지도서
大白巖里,호구총수
大皇堂山,여지도서
大盛里,호구총수
大目,역지사지LV3
大目島,호구총수
大目里,호구총수
大目面,호구총수
大眞,역지사지LV3
大睢谷里,호구총수
大睦山,여지도서
大睦里,호구총수
大知,역지사지LV3
大石,역지사지LV3
大石井里,호구총수
大石橋里,호구총수
大石谷,호구총수
大石里,호구총수
大石面,호구총수
大磨月島,신증동국여지승람
大神,역지사지LV3
大福村,호구총수
大禮洞,호구총수
大禾洞里,호구총수
大禾里,호구총수
大禿山,호구총수
大秋里,호구총수
大秋院里,호구총수
大租谷里,호구총수
大積,역지사지LV3
大站,역지사지LV3
大竹島,여지도서
大竹里,호구총수
大篁嶺村,호구총수
大篁里,호구총수
大紙方,호구총수
大羅村,호구총수
大羅洞里,호구총수
大美坪,호구총수
大美堂,호구총수
大美院里,호구총수
大義,역지사지LV3
大義里,호구총수
大翁店,호구총수
大老村,호구총수
大耳,호구총수
大耳山,여지도서
大耶山,여지도서
大聖,역지사지LV3
大聖山,여지도서
大聖里,호구총수
大自郞里,호구총수
大自里,호구총수
大興,군현역원·역지사지LV3·호구총수
大興堂里,호구총수
大興村,호구총수
大興村里,호구총수
大興洞,여지도서·호구총수
大興部,역지사지LV3
大興部坊,호구총수
大興里,호구총수
大興面,호구총수
大興龍洞,호구총수
大舌里,호구총수
大良化里,호구총수
大良坪,특수구역
大良坪部曲,특수구역
大良田里,호구총수
大芙蓉里,호구총수
大芚,세종실록지리지·역지사지LV3
大芚山,신증동국여지승람·여지도서
大芚川,여지도서
大芚村,호구총수
大芚里,호구총수
大芚面,호구총수
大花島,호구총수
大芳村,호구총수
大草,호구총수
大草島,신증동국여지승람
大草旨里,호구총수
大草田坊,호구총수
大草里,호구총수
大荊田里,호구총수
大荒川,여지도서
大莊里,호구총수
大莻加里,호구총수
大菴山,여지도서
大落島,호구총수
大藏山,여지도서
大藥山,여지도서
大藪山,여지도서
大藪里,호구총수
大蘆川,호구총수
大蘆洞,호구총수
大蘆洞里,호구총수
大蘇門里,호구총수
大蘭芝島里,호구총수
大蛇峙,여지도서
大蛇洞里,호구총수
大蜜洞,호구총수
大蝦山,여지도서
大西,역지사지LV3
大西里,호구총수
大西面,호구총수
大見峯,여지도서
大見洞,호구총수
大覺,역지사지LV3
大覺洞,호구총수
大角山,여지도서
大角村,호구총수
大角洞,호구총수
大角津,여지도서
大角里,호구총수
大訖里,호구총수
大論,역지사지LV3
大論谷里,호구총수
大谷,역지사지LV3·특수구역·호구총수
大谷上巨里,호구총수
大谷下巨里,호구총수
大谷坊,호구총수
大谷川,여지도서
大谷所,특수구역
大谷村,호구총수
大谷灘,여지도서
大谷部曲,특수구역
大谷里,호구총수
大谷面,호구총수
大豆西上里,호구총수
大豆西下里,호구총수
大豊里,호구총수
大賢洞,호구총수
大賢里,호구총수
大足里,호구총수
大路下里,호구총수
大路里,호구총수
大農所里,호구총수
大農村,호구총수
大述,역지사지LV3
大述里,호구총수
大迺山津,여지도서
大遊亭里,호구총수
大道上里,호구총수
大道下里,호구총수
大道里,호구총수
大遠,역지사지LV3
大還村,호구총수
大邱,역지사지LV3
大郞待洞,호구총수
大郞洞里,호구총수
大部島,신증동국여지승람
大部鄕,특수구역
大都峙里,호구총수
大都洞,호구총수
大酒島,여지도서
大里,역지사지LV3·호구총수
大里北洞,호구총수
大里坊,호구총수
大里村,호구총수
大野,역지사지LV3·호구총수
大野川,여지도서
大野川邊里,호구총수
大野洞,역지사지LV3
大野洞里,호구총수
大野洞面,호구총수
大野谷里,호구총수
大野里,호구총수
大金山,여지도서
大金郞里,호구총수
大釜山里,호구총수
大釜洞東里,호구총수
大釜洞里,호구총수
大釜谷村,호구총수
大銀洞,호구총수
大鎭,역지사지LV3
大長古島,호구총수
大長里,호구총수
大門,역지사지LV3
大門外里,호구총수
大門嶺,신증동국여지승람·여지도서
大門巨里,호구총수
大門洞,호구총수
大門洞里,호구총수
大門里,역지사지LV3·호구총수
大門面,호구총수
大開雲里,호구총수
大閭,호구총수
大關嶺,신증동국여지승람
大阜,역지사지LV3
大阜面,호구총수
大防洞,호구총수
大院洞,호구총수
大院洞里,호구총수
大院里,호구총수
大陰里,호구총수
大陽,역지사지LV3
大陽化,역지사지LV3
大陽化社,호구총수
大陽村,호구총수
大陽洞里,호구총수
大陽里,호구총수
大陽面,호구총수
大隱,군현역원
大隱巖,신증동국여지승람
大隱洞里,호구총수
大隱里,호구총수
大雅,역지사지LV3
大雅村里,호구총수
大雅洞,호구총수
大雅洞里,호구총수
大雅里,호구총수
大雅面,호구총수
大雙嶺,신증동국여지승람
大雲里,호구총수
大靑,역지사지LV3
大靑化新里,호구총수
大靑化里,호구총수
大靑島,신증동국여지승람
大靑部曲,특수구역
大靜,군현역원·역지사지LV3
大靜洞里,호구총수
大鞭里,호구총수
大項里,호구총수
大頭里,호구총수
大飛里,호구총수
大食洞,호구총수
大館,군현역원
大館林,여지도서
大馬,역지사지LV3
大驛,군현역원
大驛浦,호구총수
大高峯里,호구총수
大鳥,역지사지LV3
大鳥串里,호구총수
大鳥山里,호구총수
大鳥峴,여지도서
大鳥旨,역지사지LV3
大鳥旨面,호구총수
大鳥洞,호구총수
大鳥洞里,호구총수
大鳥谷,역지사지LV3
大鳥谷處,특수구역
大鳥谷面,호구총수
大鳥足里,호구총수
大鳥里,호구총수
大鳥飛里,호구총수
大鳳凰峴,여지도서
大鳴洞,호구총수
大鴈里,호구총수
大鶴洞,호구총수
大鶴浦,여지도서
大麻洞里,호구총수
大黑石里,호구총수
大龍井里,호구총수
大龍基里,호구총수
大龍山,여지도서·역지사지LV3
大龍山部曲,특수구역
大龍山里,호구총수
大龍山面,호구총수
大龍里,호구총수
大龜里,호구총수
大栗,특수구역
大栗部曲,특수구역
天下井里,호구총수
天乙里,호구총수
天仰書堂,호구총수
天佛山,여지도서
天光里,호구총수
天冠山,세종실록지리지·여지도서
天劍山,여지도서
天加,역지사지LV3
天南,역지사지LV3
天台,역지사지LV3
天台山,여지도서
天台里,호구총수
天吼山,여지도서
天城鎭里,호구총수
天基洞里,호구총수
天場里,호구총수
天壺山,여지도서
天壽院,군현역원
天奉山,여지도서
天子山,여지도서
天安,군현역원·역지사지LV3
天宜山里,호구총수
天寶山,세종실록지리지·여지도서
天將,역지사지LV3
天尾封山,여지도서
天尾川,여지도서
天尾里,호구총수
天山里,호구총수
天峙洞,호구총수
天峯山,여지도서
天峯山里,호구총수
天川,역지사지LV3
天庇山,여지도서
天府里,호구총수
天德山,여지도서
天成,역지사지LV3
天摩,역지사지LV3
天摩坊,호구총수
天摩山,여지도서
天摩里,호구총수
天放山,여지도서
天旺里,호구총수
天柱,역지사지LV3
天柱山,여지도서
天柱里,호구총수
天樂洞,호구총수
天機里,호구총수
天民川,신증동국여지승람
天氣洞,호구총수
天水里,호구총수
天池淵,여지도서
天燈山,여지도서
天燈里,호구총수
天王岾,여지도서
天王峯,여지도서
天生城山,여지도서
天登山,여지도서
天登洞,호구총수
天登里,호구총수
天皇山里,호구총수
天皇里,호구총수
天盖山,여지도서
天眞山,여지도서
天磨山,세종실록지리지·신증동국여지승람·여지도서
天神山,신증동국여지승람·여지도서
天福里,호구총수
天秀嶺,여지도서
天聖山,여지도서
天臺巖山,여지도서
天興里,호구총수
天莊里,호구총수
天蠶,특수구역
天蠶所,특수구역
天谷,역지사지LV3
天谷坊,호구총수
天谷里,호구총수
天陽里,호구총수
天雲山,여지도서
天雲村里,호구총수
天鳳山,세종실록지리지·신증동국여지승람·여지도서
天鵝洞里,호구총수
天鷄里,호구총수
天龍山,여지도서
天龍洞,호구총수
太一山,여지도서
太乙山,여지도서
太乙里,호구총수
太仁,역지사지LV3
太仁島,여지도서
太伯山,세종실록지리지
太古村里,호구총수
太古里,호구총수
太和江,여지도서
太子山,여지도서
太子山里,호구총수
太子巖,여지도서
太子院,군현역원
太學里,호구총수
太山,군현역원·역지사지LV3
太山部曲,특수구역
太平,역지사지LV3
太平亭,호구총수
太平洞,호구총수
太平社,호구총수
太平里,호구총수
太平院,군현역원
太平館里,호구총수
太廟里,호구총수
太文村,호구총수
太日山里,호구총수
太村,호구총수
太極,역지사지LV3
太極內,역지사지LV3
太極外,역지사지LV3
太白山,세종실록지리지·여지도서
太祖山,여지도서
太祖峯,여지도서
太自里,호구총수
太華山,여지도서
太華里,호구총수
夫人山,여지도서
夫人處,역지사지LV3
夫人處面,호구총수
夫仁里,호구총수
夫他洞里,호구총수
夫伊塔淵,여지도서
夫億里,호구총수
夫堂里,호구총수
夫妻洞里,호구총수
夫山,역지사지LV3·호구총수
夫山村,호구총수
夫山里,호구총수
夫山面,호구총수
夫巖里,호구총수
夫昌里,호구총수
夫朴谷里,호구총수
夫毛梯池,신증동국여지승람
夫毛谷,역지사지LV3
夫毛谷面,호구총수
夫毛里,호구총수
夫水洞里,호구총수
夫浦里,호구총수
夫火谷,역지사지LV3
夫王里,호구총수
夫界峴,신증동국여지승람
夫皇洞,호구총수
夫皇里,호구총수
夫石,역지사지LV3
夫石坊,호구총수
夫神堂,호구총수
夫神堂里,호구총수
夫老城山,여지도서
夫老山,여지도서
夫草里,호구총수
夫赤,역지사지LV3
夫迪里,호구총수
夫鉢,역지사지LV3
央土,군현역원
央土里,호구총수
失號嶺,신증동국여지승람
奄古介,호구총수
奄峙里,호구총수
奄峴里,호구총수
奄洞,호구총수
奄洞村,호구총수
奄洞里,호구총수
奄浦,호구총수
奄浦里,호구총수
奄致浦里,호구총수
奇世里,호구총수
奇亭里,호구총수
奇村,역지사지LV3
奇禮,역지사지LV3
奇禮坊,역지사지LV3
奈之里,호구총수
奈內里,호구총수
奈前里,호구총수
奈城,역지사지LV3
奈城縣,특수구역
奈山里,호구총수
奈峴里,호구총수
奈川,여지도서
奈川村,호구총수
奈村,역지사지LV3
奈洞,역지사지LV3
奈洞里,호구총수
奈灘里,호구총수
奈花村里,호구총수
奈赤里,호구총수
奈達里,호구총수
奈黃里,호구총수
奉化,군현역원
奉吉里,호구총수
奉城,역지사지LV3
奉城里,호구총수
奉城面,호구총수
奉天臺,신증동국여지승람
奉天里,호구총수
奉安,군현역원
奉山,역지사지LV3
奉山面,호구총수
奉常寺內契,호구총수
奉日村,호구총수
奉月里,호구총수
奉盖岳里,호구총수
奉知谷,호구총수
奉羽里,호구총수
奉行里,호구총수
奉隱洞里,호구총수
奉香,역지사지LV3
奉香面,호구총수
奉龍,군현역원
奎星里,호구총수
契里,호구총수
奔黃部曲,특수구역
奢井,역지사지LV3·특수구역
奢井處,특수구역
奢井面,호구총수
女婿項里,호구총수
女子池,신증동국여지승람
女屹洞,호구총수
女村,호구총수
女眞院,군현역원
奴乙道,특수구역
奴谷,군현역원
好亭里,호구총수
好仁,역지사지LV3
好善,군현역원
好德里,호구총수
好文,역지사지LV3
好文里,호구총수
好文面,호구총수
好梅谷,역지사지LV3
好梅谷面,호구총수
好楮,역지사지LV3
好每折,역지사지LV3
好每折面,호구총수
好生里,호구총수
好禮津里,호구총수
好禮里,호구총수
好美里,호구총수
好財,역지사지LV3
好賢,역지사지LV3
好賢社,호구총수
好賢面,호구총수
好近里,호구총수
好連川,여지도서
好野洞,역지사지LV3
好野洞社,호구총수
好音巨里,호구총수
好音橋里,호구총수
好音谷,호구총수
如來,호구총수
如來味里,호구총수
如來里,호구총수
如士洞里,호구총수
如尼山,여지도서
如屹,역지사지LV3
如屹島,호구총수
如屹里,호구총수
如思巖里,호구총수
如思旺里,호구총수
如思洞,호구총수
如思洞里,호구총수
如意,역지사지LV3
如意巖里,호구총수
如意洞,호구총수
如意津,여지도서
如意谷,호구총수
如意郞里,호구총수
如意里,호구총수
如意面,호구총수
如愚谷,호구총수
如林谷里,호구총수
如此洞,호구총수
如洞里,호구총수
如牛城里,호구총수
如蔘,호구총수
如雲里,호구총수
如鷄山,여지도서
妓洞里,호구총수
妙光池,신증동국여지승람
妙光里,호구총수
妙寂山,신증동국여지승람
妙山,역지사지LV3
妙峯山,여지도서
妙峰里,호구총수
妙巖里,호구총수
妙法里,호구총수
妙洞,역지사지LV3
妙洞里,호구총수
妙洞面,호구총수
妙覺洞川,여지도서
妙角里,호구총수
妙院洞里,호구총수
妙香山,세종실록지리지·여지도서
妙高山,여지도서
始川里,호구총수
始終,역지사지LV3
始興,군현역원
姑上店里,호구총수
姑城里,호구총수
姑堂山里,호구총수
姑堂里,호구총수
姑射山,여지도서
姑岑里,호구총수
姑島里,호구총수
姑未里,호구총수
姑蘇城里,호구총수
姑蘇山,여지도서
姑蘇里,호구총수
委峯山,여지도서
委延,역지사지LV3
委曲,역지사지LV3
委曲面,호구총수
委洞里,호구총수
委閑里,호구총수
姜德里,호구총수
姜氏峯,여지도서
威化,역지사지LV3
威化島,여지도서
威安里,호구총수
威遠,역지사지LV3
威遠面,호구총수
娚項院,군현역원
娛嬪,군현역원
娛賓,군현역원
娛賓里,호구총수
娥川里,호구총수
娥州里,호구총수
娥次里,호구총수
婁近里,호구총수
婦山,여지도서
婦巖,호구총수
婦貞川,여지도서
婦貞洞,호구총수
媒音島,호구총수
嫗堂洞里,호구총수
嫗潭川,여지도서
子午谷,호구총수
子南亭,호구총수
子川院,군현역원
子枹谷里,호구총수
子永,호구총수
子男山,여지도서
子美洞,호구총수
子菴山,여지도서
子黃里,호구총수
孔乙道所,특수구역
孔器里,호구총수
孔堂坊,호구총수
孔子洞里,호구총수
孔巖山,여지도서
孔巖津,신증동국여지승람
孔巖里,호구총수
孔德,역지사지LV3
孔德池,여지도서
孔德里,호구총수
孔德里契,호구총수
孔悌,역지사지LV3
孔村,특수구역
孔村所,특수구역
孔村里,호구총수
孔梯,역지사지LV3
孔梯面,호구총수
孔谷村,호구총수
孔谷里,호구총수
孔道,역지사지LV3
孔雀山,여지도서
孔音,역지사지LV3
孔顔里,호구총수
存傑里,호구총수
存江洞,호구총수
存浦里,호구총수
存義洞,호구총수
存道上里,호구총수
存道下里,호구총수
存道中里,호구총수
存里洞,호구총수
孝亭里,호구총수
孝仙里,호구총수
孝令,역지사지LV3
孝友村,호구총수
孝友洞,역지사지LV3
孝友洞里,호구총수
孝友里,호구총수
孝地洞,호구총수
孝子味北村,호구총수
孝子味南村,호구총수
孝子山洞內,호구총수
孝子新里,호구총수
孝子菴山,여지도서
孝子里,호구총수
孝子門里,호구총수
孝家里院,군현역원
孝實里,호구총수
孝巖里,호구총수
孝川部曲,특수구역
孝德里,호구총수
孝悌村,호구총수
孝悌洞,호구총수
孝旨山里,호구총수
孝村里,호구총수
孝東,역지사지LV3
孝東面,호구총수
孝林里,호구총수
孝橋龍洞,호구총수
孝池,역지사지LV3
孝池里,호구총수
孝泉,역지사지LV3
孝洞里,호구총수
孝浦里,호구총수
孝澗里,호구총수
孝睦洞,호구총수
孝禮村,호구총수
孝竹,호구총수
孝縣內,역지사지LV3
孝縣內面,호구총수
孝訪洞,호구총수
孝誼里,호구총수
孝谷里,호구총수
孝道里,호구총수
孝酒幕里,호구총수
孝門里,호구총수
孝陽院,군현역원
孝靈,역지사지LV3
孝靈縣,특수구역
孝養山,여지도서
孝龍洞,호구총수
孟上里,호구총수
孟下里,호구총수
孟中里,호구총수
孟仙里,호구총수
孟坪里,호구총수
孟城,호구총수
孟堂,호구총수
孟天里,호구총수
孟子亭,호구총수
孟子洞,호구총수
孟山,군현역원·역지사지LV3
孟山洞,호구총수
孟川,여지도서
孟州,군현역원
孟州里,호구총수
孟方,호구총수
孟泉里,호구총수
孟洞,역지사지LV3·호구총수
孟洞里,호구총수
孟洞面,호구총수
孟津浦,여지도서
孟津里,호구총수
孟谷里,호구총수
孟邑,특수구역
孟邑里,호구총수
孟骨島,호구총수
孤山,군현역원·여지도서·역지사지LV3
孤山洞內,호구총수
孤山臺,여지도서
孤山里,호구총수
孤島,역지사지LV3
孤島山,역지사지LV3
孤島山坊,호구총수
孤島江,신증동국여지승람
孤村,호구총수
孤松里,호구총수
孤柳洞里,호구총수
孤根山,여지도서
孤橋里,호구총수
孤竹洞,호구총수
孤雲山,여지도서
孫二洞里,호구총수
孫以安里,호구총수
孫佛,역지사지LV3
孫佛面,호구총수
孫全項里,호구총수
孫利,특수구역
孫利鄕,특수구역
孫吾洞村,호구총수
孫子山,여지도서
孫山津里,호구총수
孫山里,호구총수
孫廳灘,여지도서
孫木浦里,호구총수
孫栗川里,호구총수
孫梁村,호구총수
孫梁里,호구총수
孫氏村,호구총수
孫洞,역지사지LV3
孫洞里,호구총수
孫洞面,호구총수
孫福同契,호구총수
孫谷村,호구총수
孫谷里,호구총수
孫里,호구총수
孫馬,호구총수
學堂村,호구총수
學堂浦,여지도서
學堂里,호구총수
學士,호구총수
學士臺,여지도서
學田里,호구총수
宅前里,호구총수
宅定,역지사지LV3
宅定面,호구총수
宅巖里,호구총수
宅於奄里,호구총수
宅村,호구총수
宅村里,호구총수
宅村閭,호구총수
宅洞,호구총수
宅田里,호구총수
宅里,호구총수
宅里村,호구총수
宇子洞,호구총수
守亭,호구총수
守令洞,호구총수
守分里,호구총수
守北,역지사지LV3
守北里,호구총수
守坐洞,호구총수
守坪里,호구총수
守城洞里,호구총수
守太,특수구역
守太所,특수구역
守安山,여지도서
守安廢郡,특수구역
守屯里,호구총수
守山,군현역원·특수구역
守山津,여지도서
守山縣,특수구역
守山里,호구총수
守巖,호구총수
守念,역지사지LV3
守念面,호구총수
守杜,역지사지LV3
守杜面,호구총수
守東,역지사지LV3
守東面,호구총수
守正村,호구총수
守正里,호구총수
守約,호구총수
守縣內,역지사지LV3
守縣內面,호구총수
守道,특수구역
守道鄕,특수구역
安丁里,호구총수
安上,역지사지LV3
安上里,호구총수
安下,역지사지LV3
安下里,호구총수
安世里,호구총수
安之洞,호구총수
安乙里,호구총수
安井里,호구총수
安亭閭,호구총수
安仁,군현역원·역지사지LV3
安仁山直里,호구총수
安仁廢縣,특수구역
安仁洞,호구총수
安仁洞里,호구총수
安仁津里,호구총수
安仁浦,여지도서
安仁里,호구총수
安仁面,호구총수
安仁驛里,호구총수
安仲,역지사지LV3
安仲面,호구총수
安住,역지사지LV3
安住面,호구총수
安佐,역지사지LV3
安佳,역지사지LV3
安保,군현역원
安保鄕,특수구역
安保里,호구총수
安信,군현역원
安信里,호구총수
安偃,군현역원
安儀音洞,호구총수
安內,역지사지LV3
安內面,호구총수
安利,군현역원
安則谷,특수구역
安加里,호구총수
安化里,호구총수
安南,역지사지LV3
安南面,호구총수
安原,역지사지LV3
安原川,여지도서
安原社,호구총수
安古介,호구총수
安古介洞內,호구총수
安古里,호구총수
安味里,호구총수
安和,역지사지LV3
安和洞里,호구총수
安和面,호구총수
安嘉善里,호구총수
安圃洞,호구총수
安國,역지사지LV3
安國坊,호구총수
安國山,신증동국여지승람
安國洞,호구총수
安國洞契,호구총수
安國里,호구총수
安地里,호구총수
安坐岳,여지도서
安坐岳里,호구총수
安坪里,호구총수
安垈里,호구총수
安城,군현역원·역지사지LV3·특수구역
安城所,특수구역
安城洞里,호구총수
安城田西里,호구총수
安城里,호구총수
安城面,호구총수
安基,군현역원
安基村,호구총수
安基里,호구총수
安堰,군현역원
安壤,군현역원·역지사지LV3·특수구역
安壤鄕,특수구역
安壤面,호구총수
安壽,군현역원
安外,역지사지LV3
安大里,호구총수
安奇,군현역원
安奇里,호구총수
安好里,호구총수
安子山,호구총수
安定,군현역원·역지사지LV3
安定里,호구총수
安富,군현역원
安寧,역지사지LV3
安寧洞里,호구총수
安寧里,호구총수
安寧面,호구총수
安局洞,호구총수
安山,군현역원·역지사지LV3
安山洞,호구총수
安山里,호구총수
安岳,군현역원·역지사지LV3
安岳洞,호구총수
安峯里,호구총수
安峰村,호구총수
安峴里,호구총수
安島,여지도서·호구총수
安峽,군현역원·역지사지LV3
安巖洞契,호구총수
安川村,호구총수
安州,군현역원·역지사지LV3
安州里,호구총수
安巾里,호구총수
安幕谷,호구총수
安平,군현역원·역지사지LV3
安平山,여지도서
安平洞,호구총수
安平里,호구총수
安平面,호구총수
安平驛村,호구총수
安康,특수구역
安康縣,특수구역
安彦里,호구총수
安德,군현역원·역지사지LV3·특수구역
安德洞里,호구총수
安德縣,특수구역
安德西川,여지도서
安德里,호구총수
安心,역지사지LV3·특수구역
安心下里,호구총수
安心川,여지도서
安心所,특수구역
安心村,호구총수
安心洞,호구총수
安心洞里,호구총수
安心里,호구총수
安心面,호구총수
安戎,특수구역
安排嶺,여지도서
安昌,군현역원·역지사지LV3·특수구역
安昌島,신증동국여지승람·호구총수
安昌縣,특수구역
安昌面,호구총수
安是川里,호구총수
安時洞里,호구총수
安月里,호구총수
安望谷,호구총수
安村,호구총수
安東,군현역원·역지사지LV3
安東山里,호구총수
安東浦里,호구총수
安東里,호구총수
安林,군현역원·역지사지LV3
安林坊,호구총수
安林洞,호구총수
安林里,호구총수
安棲洞里,호구총수
安業,군현역원
安樂洞,호구총수
安樂洞里,호구총수
安樂里,호구총수
安正洞,호구총수
安氏里,호구총수
安民,군현역원
安民里,호구총수
安民院,군현역원
安水,역지사지LV3
安水洞,호구총수
安永洞,호구총수
安永里,호구총수
安波洞里,호구총수
安波里,호구총수
安泰,군현역원
安泰里,호구총수
安洞,군현역원
安洞村,호구총수
安洞東里,호구총수
安洞西里,호구총수
安洞里,호구총수
安淸,호구총수
安淸里,호구총수
安溪,군현역원·역지사지LV3
安溪里,호구총수
安澗里,호구총수
安營浦,여지도서
安琴里,호구총수
安由里,호구총수
安盤灘,여지도서
安眠,역지사지LV3
安眠串,신증동국여지승람
安眠所,특수구역
安眠里,호구총수
安眠面,호구총수
安知里,호구총수
安磵,군현역원·역지사지LV3
安磵里,호구총수
安禮洞里,호구총수
安竒,군현역원
安義,군현역원·역지사지LV3
安義里,호구총수
安義鎭,호구총수
安老,특수구역
安老廢縣,특수구역
安老村,호구총수
安興,군현역원·역지사지LV3
安興梁,신증동국여지승람
安興洞里,호구총수
安興部曲,특수구역
安興里,호구총수
安良,역지사지LV3
安良部曲,특수구역
安良里,호구총수
安茂谷里,호구총수
安衣谷,호구총수
安谷,군현역원·역지사지LV3
安谷三,역지사지LV3
安谷二,역지사지LV3
安谷坊,호구총수
安谷部曲,특수구역
安谷里,호구총수
安谷院,군현역원
安谷驛,호구총수
安豊,역지사지LV3
安豊里,호구총수
安貞縣,특수구역
安贊里,호구총수
安身,군현역원
安農,역지사지LV3
安迪村,호구총수
安逸王山,신증동국여지승람
安遂,군현역원
安道,역지사지LV3
安道面,호구총수
安邊,군현역원·역지사지LV3
安邑,특수구역
安邑村,호구총수
安邑縣,특수구역
安郊,군현역원
安都里山,여지도서
安里,호구총수
安金里,호구총수
安釜洞里,호구총수
安閑里,호구총수
安間,군현역원
安陰,군현역원
安陽川,여지도서
安陽洞,호구총수
安陽里,호구총수
安靈浦里,호구총수
安靜里,호구총수
安面,역지사지LV3
安頭堰里,호구총수
安風里,호구총수
安養,역지사지LV3
安養山,여지도서
安養里,호구총수
安驛里,호구총수
安骨鎭里,호구총수
安龍,역지사지LV3
安龍里,호구총수
宋串之里,호구총수
宋之淵,여지도서
宋五里,호구총수
宋令洞里,호구총수
宋儀洞里,호구총수
宋公村,호구총수
宋哥德里,호구총수
宋坪里,호구총수
宋垈里,호구총수
宋士里,호구총수
宋家澤,여지도서
宋寺里,호구총수
宋山所里,호구총수
宋池淵,호구총수
宋漢洞,호구총수
宋里,호구총수
完丁里,호구총수
完井里,호구총수
完亭里,호구총수
完匠洞,호구총수
完吉里,호구총수
完山,여지도서·역지사지LV3
完山面,호구총수
完巖里,호구총수
完洞里,호구총수
完田里,호구총수
完章洞,호구총수
完章里,호구총수
完里洞里,호구총수
宗化,역지사지LV3
宗化里,호구총수
宗北里,호구총수
宗南里,호구총수
宗坪里,호구총수
宗堂山,여지도서
宗安里,호구총수
宗山村,호구총수
宗山洞內,호구총수
宗川里,호구총수
宗廟,역지사지LV3
宗廟洞契,호구총수
宗德,역지사지LV3·특수구역
宗德莊,특수구역
宗德面,호구총수
宗排里,호구총수
宗敬里,호구총수
宗村里,호구총수
宗生里,호구총수
宗磵里,호구총수
宗花,역지사지LV3
宗莊,호구총수
宗谷里,호구총수
宗送山,여지도서
宗里,호구총수
宗野里,호구총수
宗防村,호구총수
宗項里,호구총수
官上里,호구총수
官之山里,호구총수
官亭里,호구총수
官仁,역지사지LV3
官仁面,호구총수
官住洞,호구총수
官前川,여지도서
官北村,호구총수
官北里,호구총수
官南洞里,호구총수
官坪村,호구총수
官坪里,호구총수
官垈里,호구총수
官城里,호구총수
官基店里,호구총수
官基里,호구총수
官墓里,호구총수
官奴洞川,여지도서
官婢山,여지도서
官寺洞里,호구총수
官屯里,호구총수
官山,역지사지LV3
官山面,호구총수
官峴里,호구총수
官嶺里,호구총수
官底里,호구총수
官廳下洞,호구총수
官廳伐里,호구총수
官廳島,호구총수
官廳巖里,호구총수
官廳里,호구총수
官後里,호구총수
官心里,호구총수
官息里,호구총수
官旨,호구총수
官村里,호구총수
官松村,호구총수
官栗,군현역원
官栗里,호구총수
官樹村,호구총수
官洞,역지사지LV3·호구총수
官洞村,호구총수
官洞里,호구총수
官洞面,호구총수
官田里,호구총수
官興里,호구총수
官西里,호구총수
官谷里,호구총수
官述嶺,여지도서
官邊,역지사지LV3·호구총수
官里,호구총수
官門前里,호구총수
官門里,호구총수
官鹽里,호구총수
定之,역지사지LV3
定北,역지사지LV3
定北面,호구총수
定只山,역지사지LV3
定只山里,호구총수
定坊,역지사지LV3
定坊面,호구총수
定夷山,여지도서
定安,역지사지LV3
定安西村里,호구총수
定安里,호구총수
定寧,군현역원
定山,군현역원·역지사지LV3
定山灘里,호구총수
定山里,호구총수
定州,군현역원·역지사지LV3
定平,군현역원·역지사지LV3
定東,역지사지LV3
定東面內東,호구총수
定東面外東,호구총수
定止,역지사지LV3
定止面,호구총수
定水山,여지도서
定水里,호구총수
定洞里,호구총수
定西,역지사지LV3
定西面,호구총수
定谷,역지사지LV3
定面,호구총수
宜仁廢縣,특수구역
宜仁里,호구총수
宜寧,역지사지LV3
宜山尉契,호구총수
宜川,군현역원
宜州,군현역원
宜州里,호구총수
宜東,역지사지LV3
宜東面,호구총수
宜西,역지사지LV3
宜西面,호구총수
宜寧,군현역원
宝林,역지사지LV3
客下里,호구총수
客中里,호구총수
客內里,호구총수
客坊里,호구총수
客基里,호구총수
客士里,호구총수
客寺洞,호구총수
客山,신증동국여지승람
客山里,호구총수
客峴里,호구총수
客浦洞,호구총수
客舍上里,호구총수
客舍中里,호구총수
客舍前里,호구총수
客舍洞,호구총수
客舍里,호구총수
宣化峙里,호구총수
宣化里,호구총수
宣化院,군현역원
宣安,군현역원
宣安里,호구총수
宣川,군현역원·역지사지LV3
宣州,군현역원
宣州院里,호구총수
宣德,군현역원·역지사지LV3·특수구역
宣德社,호구총수
宣德里,호구총수
宣惠廳契,호구총수
宣沙里,호구총수
宣興,역지사지LV3
宣興里,호구총수
宮坪洞,호구총수
宮坪里,호구총수
宮基,호구총수
宮基里,호구총수
宮堰里,호구총수
宮川里,호구총수
宮後里,호구총수
宮所,역지사지LV3
宮所面,호구총수
宮有里,호구총수
宮村,호구총수
宮村里,호구총수
宮東,역지사지LV3
宮東里,호구총수
宮東面,호구총수
宮枝里,호구총수
宮柳,역지사지LV3
宮機里,호구총수
宮洞,역지사지LV3·호구총수
宮洞里,호구총수
宮農所里,호구총수
宮近里,호구총수
宮里,호구총수
宮里洞,호구총수
宮龍里,호구총수
宰岳,세종실록지리지
宰岳山,여지도서
宰臣山,여지도서
宰臣洞里,호구총수
宴旨里,호구총수
宴舞亭里,호구총수
家舍洞,신증동국여지승람
家谷里,호구총수
宿乙比山,여지도서
宿仁,역지사지LV3
宿仁坊,호구총수
宿城,역지사지LV3
宿城面,호구총수
宿巖里,호구총수
宿星峴,신증동국여지승람
宿鴻,군현역원
宿龍坪里,호구총수
寅丘村,호구총수
寅川,여지도서
寅火石津,신증동국여지승람
寅目,역지사지LV3
寅目面,호구총수
寅石津院,군현역원
寅石院,군현역원
密串,호구총수
密九味里,호구총수
密勿里,호구총수
密山,여지도서·역지사지LV3
密山里,호구총수
密巖,여지도서
密巖里,호구총수
密洞里,호구총수
密津縣,특수구역
密田,군현역원·역지사지LV3
密登里,호구총수
密積浦,신증동국여지승람
密耳里,호구총수
密陽,군현역원·역지사지LV3
密陽村,호구총수
密陽里,호구총수
富丁里,호구총수
富上里,호구총수
富余谷,호구총수
富作洞,호구총수
富倉洞,호구총수
富倉里,호구총수
富元,특수구역
富元所,특수구역
富內,역지사지LV3
富利,역지사지LV3·특수구역
富北,역지사지LV3
富北面,호구총수
富南,역지사지LV3
富南里,호구총수
富南面,호구총수
富原廢縣,특수구역
富土山里,호구총수
富土里,호구총수
富坪,역지사지LV3
富坪里,호구총수
富坪面,호구총수
富城洞,호구총수
富城里,호구총수
富基,호구총수
富基里,호구총수
富壽洞里,호구총수
富多,군현역원
富多里,호구총수
富安,역지사지LV3·특수구역
富安串,신증동국여지승람
富安鄕,특수구역
富安面,호구총수
富寧,군현역원·역지사지LV3
富居,역지사지LV3
富居廢縣,특수구역
富山,역지사지LV3
富山部曲,특수구역
富山鄕,특수구역
富崇,역지사지LV3
富崇里,호구총수
富巖里,호구총수
富巨里,호구총수
富平,군현역원·역지사지LV3
富平里,호구총수
富店村,호구총수
富弼里,호구총수
富德,호구총수
富慶里,호구총수
富成里,호구총수
富新基,호구총수
富日里,호구총수
富昌,군현역원
富昌里,호구총수
富春,역지사지LV3
富春亭,호구총수
富春洞,호구총수
富春洞里,호구총수
富春里,호구총수
富智山,여지도서
富有,특수구역
富有廢縣,특수구역
富東,역지사지LV3
富東面,호구총수
富林,군현역원·역지사지LV3
富林驛,호구총수
富武谷,호구총수
富民,역지사지LV3
富民山,여지도서·호구총수
富民社,호구총수
富民里,호구총수
富民院,군현역원
富泉里,호구총수
富洞里,호구총수
富潤,특수구역
富珍里,호구총수
富田村,호구총수
富田里,호구총수
富盛,역지사지LV3
富睦村,호구총수
富石里,호구총수
富興,호구총수
富興寺,역지사지LV3
富興村,호구총수
富興洞里,호구총수
富興里,호구총수
富西,역지사지LV3
富西面,호구총수
富論,역지사지LV3
富論面,호구총수
富谷,역지사지LV3·호구총수
富谷上里,호구총수
富谷村,호구총수
富谷里,호구총수
富豊里,호구총수
富貴,역지사지LV3
富貴山,여지도서
富貴村,호구총수
富貴洞,호구총수
富貴洞里,호구총수
富貴里,호구총수
富近堂里,호구총수
富近洞,호구총수
富院里,호구총수
富陽里,호구총수
富項,호구총수
富項里,호구총수
富龍村,호구총수
富寧,군현역원
富利廢縣,특수구역
寒井里,호구총수
寒來我地里,호구총수
寒千里,호구총수
寒多谷里,호구총수
寒夜味,호구총수
寒大洞,호구총수
寒寺洞里,호구총수
寒寺里,호구총수
寒山村,호구총수
寒山里,호구총수
寒峙村,호구총수
寒巖里,호구총수
寒松里,호구총수
寒橋川,여지도서
寒水,역지사지LV3
寒水里,호구총수
寒沙洞,호구총수
寒沙田里,호구총수
寒沙里坪,신증동국여지승람
寒泉,역지사지LV3
寒泉洞里,호구총수
寒泉里,호구총수
寒洞里,호구총수
寒海洞,호구총수
寒溪山,신증동국여지승람
寒眉山,여지도서
寒節里,호구총수
寒衣里,호구총수
寒雲里,호구총수
寒食洞,호구총수
察破峴,신증동국여지승람
察訪洞里,호구총수
寢谷里,호구총수
實岾,특수구역
實德村,호구총수
實惠山,여지도서
實於里,호구총수
實村,역지사지LV3
實村面,호구총수
實業里,호구총수
實玉洞里,호구총수
實田里,호구총수
實良洞里,호구총수
實音巨里,호구총수
寧仁,역지사지LV3
寧仁社,특수구역
寧城,역지사지LV3
寧城鎭,호구총수
寧安,군현역원
寧川書院里,호구총수
寧朔里,호구총수
寧海,역지사지LV3
寧處里,호구총수
寧越,역지사지LV3
寧遠,역지사지LV3
寧邊,역지사지LV3
寧陽,군현역원
寨蛤洞,호구총수
審谷里,호구총수
寬仁,역지사지LV3
寬仁坊,호구총수
寬仁里,호구총수
寬化,군현역원
寬川,군현역원
寬洞,군현역원
寬洞里,호구총수
寬濟部曲,특수구역
寬谷洞,호구총수
寬谷里,호구총수
寶上,역지사지LV3
寶下,역지사지LV3
寶亭里,호구총수
寶信川,신증동국여지승람
寶光里,호구총수
寶加垈里,호구총수
寶化村,호구총수
寶化村里,호구총수
寶南里,호구총수
寶城,군현역원·역지사지LV3
寶城里,호구총수
寶多山,여지도서
寶寧洞閭,호구총수
寶山,군현역원·여지도서·역지사지LV3
寶山里,호구총수
寶山面,호구총수
寶岩,역지사지LV3
寶峯,군현역원
寶巖,역지사지LV3
寶巖山,여지도서
寶巖里,호구총수
寶巖面,호구총수
寶市嘉善里,호구총수
寶平里,호구총수
寶店里,호구총수
寶忠里,호구총수
寶恩山,여지도서
寶押里,호구총수
寶日味里,호구총수
寶昌浦里,호구총수
寶有,특수구역
寶有鄕,특수구역
寶材里,호구총수
寶林,역지사지LV3
寶林寺里,호구총수
寶林里,호구총수
寶江洞,호구총수
寶泉下里,호구총수
寶泉村,호구총수
寶泉灘,여지도서
寶浦里,호구총수
寶溪里,호구총수
寶玄,역지사지LV3
寶玄坊,호구총수
寶珍部曲,특수구역
寶珠里,호구총수
寶田,호구총수
寶田里,호구총수
寶登里,호구총수
寶盖山,여지도서
寶積山里,호구총수
寶積洞,호구총수
寶節,역지사지LV3
寶納山,여지도서
寶花里,호구총수
寶莊里,호구총수
寶蓋,역지사지LV3
寶蓋山,세종실록지리지
寶蓮山,여지도서
寶藏山,여지도서
寶角里,호구총수
寶談里,호구총수
寶貨村,호구총수
寶賢,호구총수
寶賢洞里,호구총수
寶賢里,호구총수
寶通里,호구총수
寶通院,군현역원
寶連山,신증동국여지승람·여지도서
寶連里,호구총수
寶進,특수구역
寶進部曲,특수구역
寶院部曲,특수구역
寶鳳山,신증동국여지승람
寶龍,군현역원
寺串,역지사지LV3
寺串坊,호구총수
寺伊巖莊,특수구역
寺奉,역지사지LV3
寺沙里,호구총수
寺法部曲,특수구역
寺洞,호구총수
寺洞村,호구총수
寺洞里,호구총수
寺田里,호구총수
寺盆里,호구총수
寺谷,역지사지LV3
寺谷所,특수구역
寺谷里,호구총수
寺谷面,호구총수
寺門里,호구총수
封仁,역지사지LV3
射亭,호구총수
射亭村,호구총수
射亭洞,호구총수
射亭里,호구총수
射倉里,호구총수
射場洞,호구총수
射嵒,군현역원
射廳里,호구총수
射斤里,호구총수
射村里,호구총수
射林所,특수구역
射田里,호구총수
射禮洞里,호구총수
射竹里,호구총수
射觀里,호구총수
將之山,여지도서
將判洞,호구총수
將坪里,호구총수
將垈里,호구총수
將官廳里,호구총수
將巖里,호구총수
將所,호구총수
將所里,호구총수
將拔軍里,호구총수
將村里,호구총수
將甘洞里,호구총수
將臺里,호구총수
將臺門里,호구총수
將興里,호구총수
將軍堂里,호구총수
將軍峯,신증동국여지승람
將軍島,여지도서
將軍川,여지도서
將軍川里,호구총수
將軍所,역지사지LV3
將軍所面,호구총수
將軍村,호구총수
將軍里,호구총수
將飛洞里,호구총수
專垈里,호구총수
尊洞里,호구총수
尊者山,여지도서
尋井里,호구총수
尋方里,호구총수
尋橋里,호구총수
尋眞里,호구총수
尋芳洞里,호구총수
尋芳里,호구총수
對巖里,호구총수
小䔲羅里,호구총수
小一里北井,호구총수
小七里,호구총수
小三橋里,호구총수
小三浦里,호구총수
小三里光法,호구총수
小上里,호구총수
小下海里,호구총수
小下陸里,호구총수
小中里,호구총수
小串,역지사지LV3
小串坊,호구총수
小串里,호구총수
小乭城里,호구총수
小亇入里,호구총수
小五里,호구총수
小井,역지사지LV3
小井里,호구총수
小井面,호구총수
小亨村,호구총수
小京島,신증동국여지승람·호구총수
小亭里,호구총수
小伐里,호구총수
小何全里,호구총수
小余古項,호구총수
小俗厚,역지사지LV3
小俗厚社,호구총수
小俗離山,여지도서
小八里孝五洞,호구총수
小公洞契,호구총수
小六里深洞,호구총수
小冬里,호구총수
小凝井,호구총수
小凡矣島,여지도서
小劒山里,호구총수
小加來川,여지도서
小化奪島,여지도서
小北,역지사지LV3
小十里,호구총수
小南,역지사지LV3
小南面,호구총수
小去火,역지사지LV3
小古介里,호구총수
小古介閭,호구총수
小台洞里,호구총수
小台里,호구총수
小吉堡里,호구총수
小向里,호구총수
小吹螺島,여지도서
小四里,호구총수
小回山里,호구총수
小土井里,호구총수
小坤里,호구총수
小坪里,호구총수
小垈里,호구총수
小城串里,호구총수
小城洞里,호구총수
小基里,호구총수
小堂北里,호구총수
小堂部曲,특수구역
小堂里,호구총수
小堡里,호구총수
小多坊北邊契,호구총수
小多坊南邊契,호구총수
小夜山里,호구총수
小夢尙里,호구총수
小大亭,호구총수
小大亭里,호구총수
小天峙里,호구총수
小夫洞,호구총수
小如來,호구총수
小孤臺,여지도서
小安閭,호구총수
小官廳,호구총수
小尺里,호구총수
小尼山,여지도서
小尼里,호구총수
小山川部曲,특수구역
小山幕洞,호구총수
小山洞,호구총수
小山洞里,호구총수
小山溪里,호구총수
小峴里,호구총수
小川,여지도서·역지사지LV3·특수구역
小川邊契,호구총수
小川部曲,특수구역
小川里,호구총수
小川面,호구총수
小庫內里,호구총수
小德利里,호구총수
小德洞,호구총수
小德里,호구총수
小慕城里,호구총수
小接里,호구총수
小撻里,호구총수
小斗役里,호구총수
小斗耳村,호구총수
小斤洞里,호구총수
小斤浦,호구총수
小斤浦里,호구총수
小斤筒里,호구총수
小新基里,호구총수
小時朗里,호구총수
小時郞洞里,호구총수
小朔,군현역원
小木郡,특수구역
小東,역지사지LV3
小東幕洞里,호구총수
小東里,호구총수
小東門外,호구총수
小東面,호구총수
小松峙,여지도서
小松林里,호구총수
小松浦村,호구총수
小板場里,호구총수
小林,역지사지LV3
小柳村里,호구총수
小柿洞里,호구총수
小栗里,호구총수
小桶里,호구총수
小梅場里,호구총수
小梨里,호구총수
小橋里,호구총수
小橫看島,신증동국여지승람
小檢島,여지도서·호구총수
小檢川,호구총수
小武士乃,호구총수
小水伊所,특수구역
小水口里,호구총수
小水湯里,호구총수
小汗里,호구총수
小江洞里,호구총수
小江津里,호구총수
小江里,호구총수
小池洞里,호구총수
小河峴里,호구총수
小注風閭,호구총수
小洞,호구총수
小洞上里,호구총수
小洞下里,호구총수
小洞中里,호구총수
小洞店里,호구총수
小洞里,호구총수
小洲院浦,여지도서
小浦里,호구총수
小浪島,호구총수
小海里,호구총수
小海鴨山,여지도서
小淺里,호구총수
小渚谷里,호구총수
小牛島,신증동국여지승람·호구총수
小牛谷,호구총수
小猪只島,여지도서
小琵琶里,호구총수
小甑山,여지도서
小甘勿也里,호구총수
小甘川里,호구총수
小男,군현역원
小畝洞里,호구총수
小白,역지사지LV3
小白亦山,여지도서
小白山,세종실록지리지·여지도서
小百巖里,호구총수
小盤洞里,호구총수
小眞儀,호구총수
小石井里,호구총수
小石谷,호구총수
小石里,호구총수
小禿山,호구총수
小穴,여지도서
小竹島,여지도서
小篁里,호구총수
小紙方里,호구총수
小美坪,호구총수
小興龍洞,호구총수
小舟里,호구총수
小良化里,호구총수
小良田里,호구총수
小芙蓉里,호구총수
小花島,호구총수
小茅島,신증동국여지승람
小茶井,호구총수
小草島,신증동국여지승람
小荊田里,호구총수
小落月島,호구총수
小葦嶺,여지도서
小蓬垈坊,호구총수
小薰豆,신증동국여지승람
小蘆川,호구총수
小蘆洞里,호구총수
小蘭芝島里,호구총수
小蛇洞里,호구총수
小蜜洞,호구총수
小西,역지사지LV3
小西面,호구총수
小見谷里,호구총수
小論谷里,호구총수
小谷里,호구총수
小豊山,여지도서
小貞洞契,호구총수
小農,역지사지LV3
小農社,호구총수
小遊亭里,호구총수
小達浦,여지도서
小都洞,호구총수
小酒島,여지도서
小長古島,호구총수
小長里,호구총수
小開雲里,호구총수
小防洞,호구총수
小防里,호구총수
小陳里,호구총수
小陵里,호구총수
小陽化,역지사지LV3
小陽化社,호구총수
小雙嶺,신증동국여지승람
小雪洞里,호구총수
小靑,역지사지LV3
小靑化里,호구총수
小靑島,신증동국여지승람
小靑部曲,특수구역
小靑里,호구총수
小非山,여지도서
小鞍峴里,호구총수
小飛里,호구총수
小館里,호구총수
小首,역지사지LV3
小首里,역지사지LV3
小首里面,호구총수
小馬坪里,호구총수
小馬島里,호구총수
小高峯里,호구총수
小魯里,호구총수
小鳥飛里,호구총수
小鶴浦,여지도서·역지사지LV3
小鶴浦面,호구총수
小鹿島,호구총수
小鹿里,호구총수
小黑石里,호구총수
小龍井里,호구총수
小龍山,호구총수
小龍山里,호구총수
小龍洞村,호구총수
小龍駄洞里,호구총수
少侍郞里,호구총수
少卵山,여지도서
少島,신증동국여지승람
少年洞里,호구총수
少林,역지사지LV3
少林坊,호구총수
少浦里,호구총수
少爲巡里,호구총수
少長里,호구총수
尔勿亦,역지사지LV3
尔卞保,역지사지LV3
尔子,역지사지LV3
尖察山,여지도서
尖山,여지도서
尖山蒲,호구총수
尙州,군현역원·역지사지LV3
尙州浦,여지도서
尙州浦里,호구총수
尙平里,호구총수
尙德里,호구총수
尙書洞,호구총수
尙深上里,호구총수
尙深下里,호구총수
尙道里,호구총수
尤億仇非里,호구총수
尤美洞,호구총수
尹安國舊基,특수구역
尹山所,호구총수
尹谷里,호구총수
尺五里,호구총수
尺井里,호구총수
尺令里,호구총수
尺前里,호구총수
尺古村,호구총수
尺古目里,호구총수
尺山中里,호구총수
尺山北里,호구총수
尺山東里,호구총수
尺山西里,호구총수
尺山里,호구총수
尺峙村,호구총수
尺峙里,호구총수
尺巖,호구총수
尺川,호구총수
尺文里,호구총수
尺旨山,여지도서
尺旨村,호구총수
尺旨里村,호구총수
尺村,호구총수
尺果果里,호구총수
尺槐谷里,호구총수
尺槐里,호구총수
尺沙村,호구총수
尺沙里,호구총수
尺洞,호구총수
尺洞村,호구총수
尺洞里,호구총수
尺浦村,호구총수
尺浦里,호구총수
尺火里,호구총수
尺谷里,호구총수
尺贊里,호구총수
尺達串里,호구총수
尺長里,호구총수
尼丘山,호구총수
尼勿峴,여지도서
尼城,군현역원
尼山,군현역원·역지사지LV3
尼波山,특수구역
尼邱山,여지도서
尾橋,호구총수
尾洞里,호구총수
尾老里,호구총수
尾院川,여지도서
尾頭山,여지도서
尾魚山里,호구총수
局亭里,호구총수
局長峴,여지도서
居乎谷,역지사지LV3
居乎谷里,호구총수
居乙山,역지사지LV3
居仁里,호구총수
居伐里,호구총수
居光谷里,호구총수
居兒島,신증동국여지승람
居兒島里,호구총수
居利,특수구역
居利鄕,특수구역
居呑所,특수구역
居呑里,호구총수
居呼谷,역지사지LV3
居呼谷面,호구총수
居士幕里,호구총수
居士洞里,호구총수
居士里,호구총수
居士里川,여지도서
居士院,호구총수
居寧,특수구역
居寧川,신증동국여지승람
居尺里,호구총수
居山,군현역원·역지사지LV3
居山社,호구총수
居山里,호구총수
居山面,호구총수
居島,신증동국여지승람
居平,역지사지LV3·특수구역
居平部曲,특수구역
居平面,호구총수
居昌,군현역원·역지사지LV3
居末里,호구총수
居次里,호구총수
居正里,호구총수
居無役里,호구총수
居留地,역지사지LV3
居禮里,호구총수
居等,역지사지LV3
居等面,호구총수
居羅池里,호구총수
居谷,역지사지LV3
居谷面,호구총수
居起村,호구총수
居邊,역지사지LV3·특수구역
居邊所,특수구역
居邊面,호구총수
居里,역지사지LV3
居開,특수구역
居開所,특수구역·호구총수
屈乃浦,여지도서
屈井,호구총수
屈伸浦里,호구총수
屈原里,호구총수
屈去里,호구총수
屈只里,호구총수
屈坡,역지사지LV3
屈埋里,호구총수
屈城山,신증동국여지승람
屈安里,호구총수
屈山里,호구총수
屈峙里,호구총수
屈島,여지도서
屈巖里,호구총수
屈巨里,호구총수
屈幕里,호구총수
屈於谷部曲,특수구역
屈於里,호구총수
屈木,역지사지LV3
屈木面,호구총수
屈村廢縣,특수구역
屈村里,호구총수
屈業島,호구총수
屈業里,호구총수
屈江,여지도서
屈浦南二里,호구총수
屈浦津里,호구총수
屈浦里,호구총수
屈火,군현역원
屈目村,호구총수
屈良里,호구총수
屈谷部曲,특수구역
屈院,군현역원
屈項里,호구총수
屈魚村,호구총수
屛城里,호구총수
屛山,여지도서
屛山里,호구총수
屛巖村,호구총수
屛巖里,호구총수
屛門川,여지도서
屛風坡里,호구총수
屛風山,세종실록지리지·여지도서
屛風島,여지도서·호구총수
屛風巖,여지도서
屛風洞里,호구총수
屛風里,호구총수
屠龍山里,호구총수
屠龍里,호구총수
屬溪,군현역원
屬邑里,호구총수
屯中里,호구총수
屯之,역지사지LV3
屯之坊,호구총수
屯之山,역지사지LV3
屯之山面,호구총수
屯之里,호구총수
屯內,역지사지LV3
屯內面,호구총수
屯南,역지사지LV3
屯台里,호구총수
屯地,호구총수
屯地里,호구총수
屯坊里,호구총수
屯垈,호구총수
屯垈里,호구총수
屯垈閭,호구총수
屯基里,호구총수
屯夜,역지사지LV3
屯夜里,호구총수
屯山里,호구총수
屯峴里,호구총수
屯德,역지사지LV3
屯德坊,호구총수
屯德山,여지도서
屯德灘,여지도서
屯德里,호구총수
屯德閭,호구총수
屯德面,호구총수
屯智山,신증동국여지승람
屯村,호구총수
屯村里,호구총수
屯栗里,호구총수
屯池川,여지도서
屯池洞,호구총수
屯洞里,호구총수
屯浦,역지사지LV3
屯湖里,호구총수
屯田,역지사지LV3
屯田坊,호구총수
屯田村,호구총수
屯田機院,군현역원
屯田洞里,호구총수
屯田里,호구총수
屯田閭,호구총수
屯知串,역지사지LV3
屯知串面,호구총수
屯知山,여지도서·역지사지LV3
屯谷里,호구총수
屯頭里,호구총수
屯馬里,호구총수
山㺚島,여지도서
山一,역지사지LV3
山一面,호구총수
山上里,호구총수
山下峙,호구총수
山下里,호구총수
山串洞,호구총수
山串里,호구총수
山二,역지사지LV3
山二面,호구총수
山五里,호구총수
山井,역지사지LV3
山井下里,호구총수
山井洞內,호구총수
山井里,호구총수
山井面,호구총수
山亭,호구총수
山亭村,호구총수
山亭村里,호구총수
山亭洞,호구총수
山亭里,호구총수
山仁,역지사지LV3
山令里,호구총수
山伊,역지사지LV3
山伊山里,호구총수
山伊島,여지도서
山伊川里,호구총수
山伊面,호구총수
山佐里,호구총수
山余洞,호구총수
山倉洞,신증동국여지승람
山儀谷,호구총수
山內,역지사지LV3
山內一,역지사지LV3
山內一邊,역지사지LV3
山內一面,호구총수
山內也之里,호구총수
山內二,역지사지LV3
山內二上,역지사지LV3
山內二下,역지사지LV3
山內二下面,호구총수
山內二邊,역지사지LV3
山內二面,호구총수
山內井里,호구총수
山內村,호구총수
山內東村,호구총수
山內里,호구총수
山內面,호구총수
山前,역지사지LV3
山前里,호구총수
山北,역지사지LV3
山北坊,호구총수
山北里,호구총수
山北面,호구총수
山南,역지사지LV3
山南坊,호구총수
山南里,호구총수
山南面,호구총수
山合洞內,호구총수
山圃亭,호구총수
山坊里,호구총수
山垈坊里,호구총수
山垈里,호구총수
山城,역지사지LV3·호구총수
山城一里,호구총수
山城山,여지도서
山城川,여지도서
山城里,호구총수
山城面,호구총수
山基,호구총수
山堂里,호구총수
山壇里,호구총수
山外,역지사지LV3
山外一,역지사지LV3
山外一邊,역지사지LV3
山外一面,호구총수
山外二,역지사지LV3
山外二邊,역지사지LV3
山外二面,호구총수
山外洞,호구총수
山外里,호구총수
山外面,호구총수
山安,호구총수
山安里,호구총수
山寺里,호구총수
山尺,역지사지LV3
山尺山里,호구총수
山尺洞,호구총수
山尺洞里,호구총수
山尺處,특수구역
山尺里,호구총수
山尺面,호구총수
山尼,역지사지LV3
山岑村,호구총수
山岳洞里,호구총수
山岾里,호구총수
山峙里,호구총수
山峯里,호구총수
山峴里,호구총수
山島閭,호구총수
山嶺,호구총수
山嶺田,호구총수
山川里,호구총수
山幕坊,호구총수
山幕新村,호구총수
山幕村,호구총수
山幕洞,역지사지LV3·호구총수
山幕洞里,호구총수
山幕洞面,호구총수
山幕西里,호구총수
山幕谷,역지사지LV3
山幕里,호구총수
山底,역지사지LV3
山底川,여지도서
山底村,호구총수
山底里,호구총수
山底面,호구총수
山店里,호구총수
山延坪島,여지도서
山影里,호구총수
山後,역지사지LV3
山後里,호구총수
山德里,호구총수
山房,여지도서
山所東,호구총수
山所洞,호구총수
山所洞里,호구총수
山所里,호구총수
山接里,호구총수
山斗里,호구총수
山方川,여지도서
山於,역지사지LV3
山於面,호구총수
山日,역지사지LV3
山旨坊,호구총수
山旨里,호구총수
山普光,역지사지LV3
山月乃里,호구총수
山本,호구총수
山本里,호구총수
山杏里,호구총수
山村,호구총수
山村浦,여지도서
山村里,호구총수
山東,역지사지LV3·호구총수
山東坊,호구총수
山東部曲,특수구역
山東里,호구총수
山東面,호구총수
山梁,군현역원
山梅里,호구총수
山橋里,호구총수
山歸里,호구총수
山水坊,호구총수
山水洞,호구총수
山水里,호구총수
山沙里,호구총수
山法里,호구총수
山注巖,호구총수
山洞,역지사지LV3·특수구역
山洞上里,호구총수
山洞中里,호구총수
山洞坊,호구총수
山洞里,호구총수
山洞院,군현역원
山浦,역지사지LV3
山深,특수구역
山深所,특수구역
山淸,군현역원·역지사지LV3
山溪,여지도서
山澤里,호구총수
山爐洞,호구총수
山獺里,호구총수
山玉泉村,호구총수
山甑山里,호구총수
山田,역지사지LV3
山田里,호구총수
山田面,호구총수
山申,호구총수
山界村,호구총수
山界洞里,호구총수
山界里,호구총수
山直,호구총수
山直亭,호구총수
山直北里,호구총수
山直村,호구총수
山直村里,호구총수
山直東里,호구총수
山直洞,호구총수
山直西里,호구총수
山直里,호구총수
山知,역지사지LV3
山知社,호구총수
山硯里,호구총수
山窮村,호구총수
山竹谷,호구총수
山竹里,호구총수
山篁里,호구총수
山羊巖,신증동국여지승람
山羊會鎭里,호구총수
山翼,역지사지LV3
山翼村,호구총수
山翼面,호구총수
山老里,호구총수
山腰院,군현역원
山臺里,호구총수
山花里,호구총수
山芳里,호구총수
山莊,호구총수
山行里,호구총수
山衣旨里,호구총수
山西,역지사지LV3
山西里,호구총수
山西面,호구총수
山計,특수구역
山計所,특수구역
山論浦,여지도서
山谷,역지사지LV3
山谷社,호구총수
山谷里,호구총수
山越里,호구총수
山足,역지사지LV3
山足面,호구총수
山里,호구총수
山長,호구총수
山長山,여지도서
山門洞,호구총수
山門里,호구총수
山間里,호구총수
山院洞里,호구총수
山陰,군현역원·역지사지LV3
山陰坊,호구총수
山陰村,호구총수
山陰洞,호구총수
山陰里,호구총수
山陵里,호구총수
山陽,군현역원·역지사지LV3·특수구역
山陽川,여지도서
山陽洞,호구총수
山陽縣,특수구역
山陽里,호구총수
山隅里,호구총수
山隔里,호구총수
山際里,호구총수
山雲,역지사지LV3
山雲里,호구총수
山雲面,호구총수
山頭村,호구총수
山頭洞,호구총수
山頭里,호구총수
山駄村,호구총수
山驛里,호구총수
山黃里,호구총수
屹山里,호구총수
屹汝只里,호구총수
屹浦,호구총수
屹紅,역지사지LV3
屹紅二,역지사지LV3
屹紅坊,호구총수
屼栗山,여지도서
岊嶺,군현역원
岐城,역지사지LV3·특수구역
岐城面,호구총수
岐山,역지사지LV3
岐山里,호구총수
岐山面,호구총수
岐川,역지사지LV3
岐於淺,특수구역
岐於淺所,특수구역
岐梧,역지사지LV3
岐洞村,호구총수
岐浦里,호구총수
岐淺鄕,특수구역
岐灘,신증동국여지승람·여지도서
岐灘洞,호구총수
岐灘里,호구총수
岐石里,호구총수
岐西牙,역지사지LV3
岐谷,역지사지LV3
岐里,호구총수
岐陽里,호구총수
岐音江,여지도서
岑兵里,호구총수
岩泰,역지사지LV3
岩浦,역지사지LV3
岱馬巖里,호구총수
岳沙里,호구총수
岳洞里,호구총수
岳陽,역지사지LV3·특수구역
岳陽縣,특수구역
岳陽面,호구총수
岸山里,호구총수
岾上里,호구총수
岾下里,호구총수
峓崙山,여지도서
峙村,호구총수
峙村里,호구총수
峙津里,호구총수
峙里,호구총수
峙馬於口,호구총수
峨山里,호구총수
峨嵋,역지사지LV3
峨嵋山,여지도서
峨嵯谷里,호구총수
峨詩洞里,호구총수
峩嵋山,여지도서
峩嵋里,호구총수
峩嵯山,신증동국여지승람
峩眉垈里,호구총수
峩眉山,여지도서
峩眉巖,여지도서
峩眉里,호구총수
峯上,역지사지LV3
峯上面,호구총수
峯五里,호구총수
峯山,군현역원·역지사지LV3
峯山里,호구총수
峯峴里,호구총수
峯巖里,호구총수
峯底里,호구총수
峯後里,호구총수
峯斤里,호구총수
峯村,호구총수
峯東里,호구총수
峯松,역지사지LV3
峯松面,호구총수
峯西里,호구총수
峯里,호구총수
峯門里,호구총수
峰山,역지사지LV3
峰山里,호구총수
峰村里,호구총수
峰松,역지사지LV3
峰潭,역지사지LV3
峴北,역지사지LV3
峴南,역지사지LV3
峴山里,호구총수
峴巖村,호구총수
峴里,호구총수
島中中里,호구총수
島中西里,호구총수
島中里,호구총수
島內,호구총수
島內里,호구총수
島加乃里,호구총수
島外,호구총수
島山,여지도서
島山里,호구총수
島山院,군현역원
島庄里,호구총수
島所里,호구총수
島明爾里,호구총수
島村,호구총수
島村里,호구총수
島法里,호구총수
島洞,역지사지LV3
島洞里,호구총수
島潭,여지도서
島潭里,호구총수
島澤里,호구총수
島田里,호구총수
島里,호구총수
島項里,호구총수
島飛山,여지도서
崇丁里,호구총수
崇仁,역지사지LV3
崇仁坊,호구총수
崇仁里,호구총수
崇信,역지사지LV3
崇信坊,호구총수
崇信洞契,호구총수
崇儒院,군현역원
崇化山,여지도서
崇善洞,호구총수
崇孝里,호구총수
崇寂山,세종실록지리지
崇山,역지사지LV3
崇山里,호구총수
崇山面,호구총수
崇巖,호구총수
崇巖新店,호구총수
崇巖里,호구총수
崇敎,역지사지LV3
崇敎坊,호구총수
崇正,역지사지LV3
崇禎里,호구총수
崇積山,신증동국여지승람
崇陵洞,호구총수
崑谷里,호구총수
崔上里,호구총수
崔吾峯里,호구총수
崔哥洞里,호구총수
崔洞里,호구총수
崔洪橋里,호구총수
崔童洞里,호구총수
崛坪里,호구총수
崛峴里,호구총수
崷崒山,여지도서
嵋山,역지사지LV3
嵋山坊,호구총수
嵐山,군현역원
嵐校,군현역원
嵐校驛,호구총수
嵐橋,군현역원
嵐谷,역지사지LV3·특수구역
嵐谷縣,특수구역
嵐谷面,호구총수
嵒舍,군현역원
嶌旨里,호구총수
嶺上里,호구총수
嶺下里,호구총수
嶺前里,호구총수
嶺北,역지사지LV3
嶺南,역지사지LV3
嶺城里,호구총수
嶺外,역지사지LV3
嶺外面,호구총수
嶺斤,역지사지LV3
嶺斤面,호구총수
嶺斥,역지사지LV3
嶺村,호구총수
嶺村里,호구총수
嶺東,군현역원
嶺東里,호구총수
嶺洞,호구총수
嶺院,군현역원
嶺院峴,신증동국여지승람
嶽堅山,여지도서
巍巖里,호구총수
巖下里,호구총수
巖井,호구총수
巖井里,호구총수
巖前村,호구총수
巖古介里,호구총수
巖右里,호구총수
巖回岱里,호구총수
巖回村,호구총수
巖回洞,호구총수
巖回達里,호구총수
巖回里,호구총수
巖坊里,호구총수
巖墮,역지사지LV3
巖多山,역지사지LV3
巖多山面,호구총수
巖寺洞,호구총수
巖山里,호구총수
巖峙,호구총수
巖峙里,호구총수
巖川里,호구총수
巖州里,호구총수
巖幕里,호구총수
巖底里,호구총수
巖新里,호구총수
巖木里,호구총수
巖泰,역지사지LV3
巖泰島,호구총수
巖洞里,호구총수
巖浦,역지사지LV3
巖浦坊,호구총수
巖淵里,호구총수
巖溪洞,호구총수
巖溪里,호구총수
巖谷山,여지도서
巖谷里,호구총수
巖赤川,여지도서
巖達里,호구총수
巖里,호구총수
巖頭里,호구총수
川上,역지사지LV3
川上里,호구총수
川上面,호구총수
川下,역지사지LV3
川下里,호구총수
川下面,호구총수
川世里,호구총수
川內,역지사지LV3
川內里,호구총수
川內面,호구총수
川前里,호구총수
川北,역지사지LV3
川北一,역지사지LV3
川北一道,역지사지LV3
川北一面,호구총수
川北二,역지사지LV3
川北二道,역지사지LV3
川北二面,호구총수
川北洞,호구총수
川北里,호구총수
川北面,호구총수
川南,역지사지LV3
川南一,역지사지LV3
川南一道,역지사지LV3
川南一面,호구총수
川南二,역지사지LV3
川南二道,역지사지LV3
川南二面,호구총수
川南洞,호구총수
川南里,호구총수
川南面,호구총수
川原,군현역원·역지사지LV3
川原社,호구총수
川原里,호구총수
川場部曲,특수구역
川外,역지사지LV3
川外面,호구총수
川寧,군현역원
川寧縣,특수구역
川岐,역지사지LV3
川岐音,역지사지LV3
川岐音面,호구총수
川延平里,호구총수
川彷里,호구총수
川德里,호구총수
川方里,호구총수
川月里,호구총수
川東,역지사지LV3
川東里,호구총수
川東面,호구총수
川栗里,호구총수
川椒島,여지도서
川沙里,호구총수
川洞里,호구총수
川游里,호구총수
川火,역지사지LV3
川火面,호구총수
川西,역지사지LV3
川西洞,호구총수
川西社,호구총수
川西里,호구총수
川西面,호구총수
川谷里,호구총수
川邊,호구총수
川邊契,호구총수
川邊村,호구총수
川邊里,호구총수
川邑,특수구역
川邑部曲,특수구역
川里,호구총수
川防里,호구총수
川院,군현역원
川面鳧里,호구총수
州中,역지사지LV3
州中面,호구총수
州內,역지사지LV3·호구총수
州內面,호구총수
州北坊,호구총수
州北社,호구총수
州北面,호구총수
州南坊,호구총수
州南社,호구총수
州南社府內,역지사지LV3
州南面,호구총수
州地,역지사지LV3
州外,역지사지LV3
州東社,호구총수
州翼,역지사지LV3
州西社,호구총수
巡威島,신증동국여지승람·호구총수
巢亭里,호구총수
巢安里,호구총수
巢平里,호구총수
巢洞里,호구총수
巢燕,호구총수
巢由洞,호구총수
巢農洞里,호구총수
巢野,역지사지LV3
巢野面,호구총수
巢隱洞里,호구총수
巢雲里,호구총수
巢鶴山,여지도서
巢鶴洞,호구총수
巢鶴洞里,호구총수
巢鶴里,호구총수
巢龍洞,호구총수
巢龍里,호구총수
工二,특수구역
工二鄕,특수구역
工以鄕,역지사지LV3·특수구역
工以鄕面,호구총수
工曹後洞契,호구총수
工章里,호구총수
左上里,호구총수
左下里,호구총수
左也里,호구총수
左億浦里,호구총수
左只島,여지도서
左右浦里,호구총수
左右道,호구총수
左右頭,호구총수
左城里,호구총수
左山內,역지사지LV3
左山內面,호구총수
左峴,여지도서
左川里,호구총수
左後里,호구총수
左栗,역지사지LV3
左洞,호구총수
左洞里,호구총수
左羅五乙,호구총수
左義里,호구총수
左翼上里,호구총수
左翼下里,호구총수
左翼中里,호구총수
左翼東里,호구총수
左耳,역지사지LV3
左耳田,역지사지LV3
左邊,역지사지LV3
左邊里,호구총수
左邊面,호구총수
左部,역지사지LV3
左部上端,역지사지LV3
左部上端面,호구총수
左部下端,역지사지LV3
左部里,호구총수
左部面,호구총수
左鄕,특수구역
左里,역지사지LV3
左里坊,호구총수
左陽,역지사지LV3
左面,호구총수
左驛里,호구총수
巨三里,호구총수
巨上村,호구총수
巨下洞,호구총수
巨串里,호구총수
巨之峙里,호구총수
巨乙亡浦,신증동국여지승람
巨乙山,역지사지LV3
巨乙雙山,여지도서
巨九火,역지사지LV3
巨九火面,호구총수
巨九里,호구총수
巨也里,호구총수
巨亇,역지사지LV3
巨亇面,호구총수
巨云之里,호구총수
巨亭里,호구총수
巨仁里,호구총수
巨仇火,역지사지LV3
巨仰里,호구총수
巨佐院里,호구총수
巨余,역지사지LV3
巨余未洞,호구총수
巨余面,호구총수
巨勿亦里,호구총수
巨勿億里,호구총수
巨勿所里,호구총수
巨勿谷里,호구총수
巨勿里,호구총수
巨南村,호구총수
巨南里,호구총수
巨呑川,여지도서
巨坊,군현역원
巨城洞,호구총수
巨城里,호구총수
巨墨洞里,호구총수
巨夜里,호구총수
巨大谷里,호구총수
巨察里,호구총수
巨屯里,호구총수
巨山,세종실록지리지·여지도서
巨山坊,호구총수
巨山里,호구총수
巨岾,역지사지LV3
巨峙,역지사지LV3
巨峴,호구총수
巨峴里,호구총수
巨巖里,호구총수
巨川,군현역원
巨才里,호구총수
巨文,역지사지LV3
巨文島里,호구총수
巨於里,호구총수
巨望里,호구총수
巨木谷里,호구총수
巨末洞,호구총수
巨村里,호구총수
巨林浦里,호구총수
巨林里,호구총수
巨橋里,호구총수
巨次乙浦,호구총수
巨次島,호구총수
巨次浦,여지도서
巨次牙里,호구총수
巨次里,호구총수
巨洛里,호구총수
巨洞村,호구총수
巨洞里,호구총수
巨津,역지사지LV3
巨津里,호구총수
巨流,역지사지LV3
巨浦里,호구총수
巨淵,여지도서
巨淵里,호구총수
巨濟,군현역원·역지사지LV3
巨濟洞,호구총수
巨物大里,호구총수
巨物於之里,호구총수
巨畓里,호구총수
巨皮洞里,호구총수
巨老洞里,호구총수
巨老里,호구총수
巨芝里,호구총수
巨落村,호구총수
巨谷里,호구총수
巨豐,군현역원
巨趨里島,신증동국여지승람
巨軍地,호구총수
巨逸里,호구총수
巨里,역지사지LV3·호구총수
巨里洞,호구총수
巨里谷,호구총수
巨里里,호구총수
巨里面,호구총수
巨野,특수구역
巨野廢縣,특수구역
巨野里,호구총수
巨門千里,호구총수
巨餘,역지사지LV3
巨首里,호구총수
巨馬山里,호구총수
巨馬川里,호구총수
巨馬村,호구총수
巨馬浦里,호구총수
巨麻,역지사지LV3
巨龍里,호구총수
差庄里,호구총수
己城山,여지도서
己谷,역지사지LV3
巳員,역지사지LV3
巳城山,신증동국여지승람
巳城里,호구총수
巳村,호구총수
巳梅,역지사지LV3
巳梯,역지사지LV3
巳洞,역지사지LV3
巳洞坊,호구총수
巳洞社,호구총수
巳洞里,호구총수
巳浦,역지사지LV3
巳浦里,호구총수
巳浦面,호구총수
巳省里,호구총수
巴乙串所,특수구역
巴只,역지사지LV3
巴只里,호구총수
巴叱,특수구역
巴叱部曲,특수구역
巴吐里,호구총수
巴城里,호구총수
巴山,여지도서
巴山嶺木柵巴山嶺柵舊址,특수구역
巴山嶺驛巴山嶺驛舊址,특수구역
巴山里,호구총수
巴岑里,호구총수
巴川,여지도서·역지사지LV3
巴川浦,여지도서
巴川部曲,특수구역
巴川里,호구총수
巴彌,역지사지LV3
巴旀,역지사지LV3
巴旀面,호구총수
巴水,군현역원·신증동국여지승람·호구총수
巴浦里,호구총수
巴溪,호구총수
巴爾,역지사지LV3
巴立,역지사지LV3
巴立田,역지사지LV3
巴立田面,호구총수
巴買處,특수구역
巷九味里,호구총수
巷洞里,호구총수
巷里,호구총수
巽垈里,호구총수
巽沙器店里,호구총수
巽陽,역지사지LV3
巾之山,신증동국여지승람·여지도서
巾之巖里,호구총수
巾子山所,특수구역
巾峴里,호구총수
巾川,여지도서
市南里,호구총수
市尺里,호구총수
市峰,역지사지LV3
市峰面,호구총수
市校洞,호구총수
市津浦,여지도서
市浦,신증동국여지승람·여지도서
市浦里,호구총수
市街里,호구총수
市衢里,호구총수
布川,신증동국여지승람·여지도서
布廛契,호구총수
布德里,호구총수
帆竹壇,호구총수
帆竹里,호구총수
帆縣洞,호구총수
希令仇味里,호구총수
希安里,호구총수
希岳山,여지도서
希平里,호구총수
希方里,호구총수
希易里,호구총수
希景里,호구총수
希望洞里,호구총수
希業里,호구총수
希福峴,여지도서
希福里,호구총수
希谷里,호구총수
希賢,역지사지LV3
帝石,역지사지LV3
帝石面,호구총수
帝釋,역지사지LV3
帝釋山,여지도서
師子山,세종실록지리지
師草村,호구총수
師谷,역지사지LV3
師賢,역지사지LV3
師贒,역지사지LV3
席北里,호구총수
席匠,역지사지LV3
席匠坊,호구총수
席卜,역지사지LV3
席坪里,호구총수
席屯里,호구총수
席島,신증동국여지승람·여지도서·역지사지LV3
席懸里,호구총수
席村里,호구총수
席毛,역지사지LV3
席毛老,역지사지LV3
席毛老島,호구총수
席毛老島,여지도서
席洞,역지사지LV3
席洞坊,호구총수
席洞村,호구총수
席洞里,호구총수
席田里,호구총수
席破嶺,여지도서
帰林,역지사지LV3
帳內里,호구총수
帳巖,여지도서
帳巖里,호구총수
帳機山,여지도서
帶川里,호구총수
帶曳里,호구총수
帶江,역지사지LV3
帶湖山,호구총수
帶美山,여지도서
常令,군현역원
常令里,호구총수
常坪里,호구총수
常安里,호구총수
常寧,군현역원
常山里,호구총수
常川里,호구총수
常平,군현역원·역지사지LV3
常平坊,호구총수
常平筒里,호구총수
常平里,호구총수
常慈院,군현역원
帽山里,호구총수
帽巖上里,호구총수
帽巖下里,호구총수
帽巖村,호구총수
帿一洞,호구총수
帿二洞,호구총수
帿垈洞,호구총수
帿廳里,호구총수
帿東里,호구총수
帿竹里,호구총수
幕佐里,호구총수
幕垈里,호구총수
幕山洞,호구총수
幕嶺里,호구총수
幕巖里,호구총수
幕村,호구총수
幕村里,호구총수
幕洞,호구총수
幕洞里,호구총수
幕谷里,호구총수
干上,역지사지LV3
干下,역지사지LV3
干井里,호구총수
干京里,호구총수
干北,역지사지LV3
干坡嶺,여지도서
干許川,여지도서
干谷,역지사지LV3
干飛烏山,여지도서
平上,역지사지LV3
平下,역지사지LV3
平丘,군현역원·특수구역
平丘部曲,특수구역
平丘里,호구총수
平之里,호구총수
平亭里,호구총수
平令里,호구총수
平伊島,여지도서
平倉里,호구총수
平元,군현역원
平光里,호구총수
平化村,호구총수
平化里,호구총수
平原,군현역원·역지사지LV3
平原里,호구총수
平古介里,호구총수
平地,호구총수
平地村,호구총수
平地洞,호구총수
平地里,호구총수
平地閭,호구총수
平地院,군현역원
平垠里,호구총수
平城山里,호구총수
平堂里,호구총수
平場里,호구총수
平壤,군현역원·역지사지LV3
平壤江,여지도서
平安,군현역원·특수구역
平安泉,여지도서
平安部曲,특수구역
平安里,호구총수
平安院,군현역원
平寧,군현역원
平居,군현역원·역지사지LV3
平居里,호구총수
平山,군현역원·역지사지LV3
平山廢縣,특수구역
平山村,호구총수
平山浦,여지도서
平山浦里,호구총수
平山部曲,특수구역
平山里,호구총수
平島里,호구총수
平巖,호구총수
平巖村,호구총수
平川,군현역원·여지도서·역지사지LV3
平川社,특수구역
平川里,호구총수
平州,군현역원
平床里,호구총수
平康,군현역원·역지사지LV3
平康洞里,호구총수
平德,특수구역
平德鄕,특수구역
平德里,호구총수
平恩,군현역원·역지사지LV3
平恩里,호구총수
平方里,호구총수
平日,역지사지LV3
平日島,호구총수
平日里,호구총수
平昌,군현역원·역지사지LV3
平木里,호구총수
平村,호구총수
平村里,호구총수
平林村,호구총수
平橋里,호구총수
平江,호구총수
平江上里,호구총수
平江下里,호구총수
平江中里,호구총수
平池里,호구총수
平沙,군현역원
平沙里,호구총수
平泉村,호구총수
平泉里,호구총수
平洞,역지사지LV3
平浦,군현역원·역지사지LV3
平浦社,호구총수
平海,군현역원·역지사지LV3
平湖,역지사지LV3
平湖里,호구총수
平湖面,호구총수
平澤,군현역원·역지사지LV3
平理,군현역원
平田,군현역원·호구총수
平田嶺,여지도서
平田里,호구총수
平登里,호구총수
平發里,호구총수
平皐,특수구역
平章,호구총수
平章洞,호구총수
平章里,호구총수
平等坊,호구총수
平能里,호구총수
平良里,호구총수
平蒼里,호구총수
平薪里,호구총수
平谷里,호구총수
平連,호구총수
平邱,군현역원
平邱院,군현역원
平里,역지사지LV3·호구총수
平限川,신증동국여지승람
平院里,호구총수
平陵,군현역원·역지사지LV3·호구총수
平陵部曲,특수구역
平陵面,호구총수
年亭里,호구총수
幷井,호구총수
幷川,여지도서
幷川里,호구총수
幷木,역지사지LV3
幷村,역지사지LV3
幷灘,여지도서
幷院里,호구총수
幸乙里,호구총수
幸安,역지사지LV3
幸安山,여지도서
幸安里,호구총수
幸州,군현역원
幽原,군현역원
幽山,군현역원
幽山里,호구총수
幽洞,군현역원
幽洞里,호구총수
幽篁里,호구총수
幽谷,군현역원·역지사지LV3
幽谷村,호구총수
幽谷驛,호구총수
幾層里,호구총수
幾浦里,호구총수
庇仁,군현역원·역지사지LV3
床笏,역지사지LV3
床足巖,여지도서
底月溪,호구총수
店上里,호구총수
店峴里,호구총수
店幕里,호구총수
店新中里,호구총수
店新里,호구총수
店方山,여지도서
店村,호구총수
店村里,호구총수
店洞里,호구총수
店里,호구총수
府一,역지사지LV3
府二,역지사지LV3
府內,역지사지LV3
府內一,역지사지LV3
府內三同,역지사지LV3
府內三部,역지사지LV3
府內上里,호구총수
府內二,역지사지LV3
府內二同,역지사지LV3
府內二面,호구총수
府內初同,역지사지LV3
府內坊,호구총수
府內社,호구총수
府內面,호구총수
府北北坪,역지사지LV3
府北北坪面,호구총수
府北見朴谷,역지사지LV3
府北見朴谷面,호구총수
府北面,호구총수
府南德彬,역지사지LV3
府南德彬面,호구총수
府南面,호구총수
府司後洞,호구총수
府司院里,호구총수
府君堂,호구총수
府君里,호구총수
府東山內,역지사지LV3
府東山內面,호구총수
府東面,호구총수
府紆,역지사지LV3
府紆面,호구총수
府羅,역지사지LV3
府西無乙洞,역지사지LV3
府西無乙洞面,호구총수
府西面,호구총수
府邑,역지사지LV3
府院洞里,호구총수
府院里,호구총수
庫上里,호구총수
庫下里,호구총수
庫中里,호구총수
庫內里,호구총수
庫基里,호구총수
庫巖回里,호구총수
庫底,역지사지LV3
庫底里,호구총수
庫後里,호구총수
庫方山,여지도서
庫旨洞,호구총수
庫洞里,호구총수
庫田里,호구총수
庫舍里,호구총수
庫莊閭,호구총수
康址村,호구총수
康太里,호구총수
康富,군현역원
康川,역지사지LV3
康川面,호구총수
康津,군현역원·역지사지LV3
康福,군현역원
康福驛里,호구총수
康翎,군현역원
康衢里,호구총수
廉倉山里,호구총수
廉倉里,호구총수
廉叟里,호구총수
廉士閭,호구총수
廉率部曲,특수구역
廟坡,역지사지LV3
廟坡社,호구총수
廟洞里,호구총수
廣上,호구총수
廣上里,호구총수
廣下里,호구총수
廣丘,호구총수
廣串,호구총수
廣乭里,호구총수
廣于川里,호구총수
廣井村,호구총수
廣井里,호구총수
廣仁院,군현역원
廣令里,호구총수
廣保里,호구총수
廣儀洞,호구총수
廣利,군현역원
廣利里,호구총수
廣化,역지사지LV3
廣化坊,호구총수
廣反石,특수구역
廣反石部曲,특수구역
廣品里,호구총수
廣因院,군현역원
廣地鄕,특수구역
廣坪,역지사지LV3·호구총수
廣坪洞,호구총수
廣坪里,호구총수
廣垈里,호구총수
廣城山,여지도서
廣城川,여지도서
廣城村,호구총수
廣城洞,호구총수
廣城里,호구총수
廣城院,군현역원
廣基里,호구총수
廣堡里,호구총수
廣大井里,호구총수
廣大山,여지도서
廣大村,호구총수
廣大里,호구총수
廣大院,호구총수
廣宗里,호구총수
廣寧里,호구총수
廣山,호구총수
廣山村,호구총수
廣山里,호구총수
廣峙里,호구총수
廣峴,여지도서
廣峴里,호구총수
廣巖,여지도서·호구총수
廣巖川,여지도서
廣巖村,호구총수
廣巖里,호구총수
廣川,여지도서·역지사지LV3·호구총수
廣川所,특수구역
廣川村,호구총수
廣川里,호구총수
廣川院,군현역원
廣川院洞內,호구총수
廣川面,호구총수
廣州,군현역원·역지사지LV3
廣州主人契,호구총수
廣庭,군현역원
廣德,역지사지LV3·특수구역
廣德山,여지도서
廣德里,호구총수
廣德面,호구총수
廣思洞里,호구총수
廣惠院,군현역원
廣惠院里,호구총수
廣方里,호구총수
廣明寺井,여지도서
廣星里,호구총수
廣春洞,호구총수
廣月里,호구총수
廣東山,여지도서
廣林山,여지도서
廣林里,호구총수
廣梁里,호구총수
廣橋里,호구총수
廣水院里,호구총수
廣汗里,호구총수
廣池里,호구총수
廣泉,여지도서·역지사지LV3
廣泉面,호구총수
廣法里,호구총수
廣洞里,호구총수
廣津,신증동국여지승람
廣津山,여지도서
廣津里,호구총수
廣津院,군현역원
廣浦,여지도서
廣浦村,호구총수
廣浦里,호구총수
廣淸,여지도서
廣淺所,특수구역
廣湖,여지도서
廣溪里,호구총수
廣濟里,호구총수
廣濟院,군현역원
廣灘,여지도서·역지사지LV3
廣灘川,여지도서
廣灘村,호구총수
廣灘津,여지도서
廣灘里,호구총수
廣灘院,군현역원
廣灘面,호구총수
廣火大里,호구총수
廣炤部曲,특수구역
廣生里,호구총수
廣田里,호구총수
廣石,역지사지LV3
廣石山,여지도서
廣石川,여지도서
廣石江,여지도서
廣石里,호구총수
廣石面,호구총수
廣福,역지사지LV3
廣福山,신증동국여지승람
廣福里,호구총수
廣程,군현역원
廣程里,호구총수
廣積,역지사지LV3
廣綾里,호구총수
廣縣里,호구총수
廣腹山,여지도서
廣興里,호구총수
廣谷,호구총수
廣谷村,호구총수
廣谷里,호구총수
廣通,역지사지LV3
廣通坊,호구총수
廣通院,군현역원
廣運洞,호구총수
廣達里,호구총수
廣酒幕里,호구총수
廣里,군현역원·호구총수
廣釘里,호구총수
廣陵,호구총수
廣頭院里,호구총수
廣齊里,호구총수
廳浦,역지사지LV3
廳浦面,호구총수
延上,역지사지LV3
延上里,호구총수
延下里,호구총수
延中里,호구총수
延命,역지사지LV3·특수구역
延命里,호구총수
延命面,호구총수
延坪,역지사지LV3
延坪坊,호구총수
延坪山,신증동국여지승람
延坪島,여지도서
延壽里,호구총수
延安,군현역원·역지사지LV3
延山,역지사지LV3
延山坊,호구총수
延山面,호구총수
延岩,역지사지LV3
延峯里,호구총수
延巖,역지사지LV3
延巖坊,호구총수
延州,군현역원
延希里,호구총수
延平,군현역원
延平山,신증동국여지승람
延平里,호구총수
延平院,군현역원
延德里,호구총수
延恩,역지사지LV3
延恩坊,호구총수
延日,군현역원·역지사지LV3
延春,군현역원
延曙,군현역원
延月村里,호구총수
延東村,호구총수
延津,여지도서
延津院,군현역원
延社,역지사지LV3
延禧,역지사지LV3
延禧坊,호구총수
延禧宮契,호구총수
延秋門契,호구총수
延章里,호구총수
延興里,호구총수
延花里,호구총수
延草,역지사지LV3
延草面,호구총수
延西村,호구총수
延西里,호구총수
延豊,군현역원·역지사지LV3
延豊亭村,호구총수
延豊島,여지도서
延豊川,여지도서
延豊里,호구총수
延陳洞里,호구총수
延陽,군현역원
延陽里,호구총수
延面,역지사지LV3
延香,군현역원
延鳳里,호구총수
建之化里,호구총수
建山里,호구총수
建巖里,호구총수
建川里,호구총수
建德,역지사지LV3
建德坊,호구총수
建法里,호구총수
建洞里,호구총수
建登,역지사지LV3
建登山,여지도서
建達山,여지도서
建達里,호구총수
建靈山,여지도서
廻山,여지도서
弁山里,호구총수
弄村,호구총수
弓上,역지사지LV3
弓下,역지사지LV3
弓位,역지사지LV3
弓位面,호구총수
弓宗里,호구총수
弓山,여지도서·특수구역·호구총수
弓山處,특수구역
弓山里,호구총수
弓峴里,호구총수
弓島,여지도서
弓月,역지사지LV3
弓月里,호구총수
弓村,역지사지LV3
弓村坊,호구총수
弓村里,호구총수
弓洞里,호구총수
弓津,특수구역
弓興,역지사지LV3
弓莊里,호구총수
弓角里,호구총수
弓谷所,특수구역
弓酒幕里,호구총수
弓頂閭,호구총수
弓項村,호구총수
弓項里,호구총수
引月,군현역원
引院,군현역원
引頸山,여지도서
引風亭店,호구총수
引風里,호구총수
弗寒嶺,여지도서
弘京里,호구총수
弘仁院,군현역원
弘化院,군현역원
弘天,역지사지LV3
弘慶川,여지도서
弘慶里,호구총수
弘慶院,군현역원
弘法山,여지도서
弘法洞,호구총수
弘洞里,호구총수
弘濟院,군현역원
弘濟院契,호구총수
弘濟院川,여지도서
弘福山,여지도서
弘農,역지사지LV3·특수구역
弘農山,여지도서
弘農部曲,특수구역
弘農面,호구총수
弘道洞里,호구총수
弘道院里,호구총수
弘門洞,호구총수
弘門里,호구총수
弩谷里,호구총수
張仇談契,호구총수
張萬戶契,호구총수
彈琴臺里,호구총수
彌串里,호구총수
彌乃,역지사지LV3
彌之串,역지사지LV3
彌仇村,호구총수
彌佗殿,호구총수
彌億里,호구총수
彌內,역지사지LV3
彌力,역지사지LV3·특수구역
彌力堂村,호구총수
彌力所,특수구역
彌力面,호구총수
彌助項,여지도서
彌助項里,호구총수
彌勒,세종실록지리지·역지사지LV3
彌勒坊,호구총수
彌勒堂洞里,호구총수
彌勒山,신증동국여지승람·여지도서
彌勒山里,호구총수
彌勒川,여지도서
彌勒洞,호구총수
彌勒里,호구총수
彌勒院,군현역원
彌十保,역지사지LV3
彌堂里,호구총수
彌時坡嶺,신증동국여지승람
彌智山,여지도서
彌栗,역지사지LV3
彌歷里,호구총수
彌法,역지사지LV3
彌法島,여지도서
彌法村,호구총수
彌浦部曲,특수구역
彌知串,역지사지LV3
彌磨山,여지도서
彌羅,역지사지LV3
彌羅山,여지도서·역지사지LV3
彌羅山面,호구총수
彌羅洞,호구총수
彌羅里,호구총수
彌羅院,군현역원
彌造川,여지도서
彌造浦,신증동국여지승람
彌陁山,여지도서
彔山,역지사지LV3
彔山面,호구총수
彔眞洞,호구총수
彔驛里,호구총수
彦下村,호구총수
彦別里,호구총수
彦峙,호구총수
彦州,역지사지LV3
彦州面,호구총수
彦建里,호구총수
彦溪里,호구총수
彦目里,호구총수
彦眞山,여지도서
彦訪洞里,호구총수
彦鎭山里,호구총수
彦陽,군현역원·역지사지LV3
彩平,군현역원
彩燈,역지사지LV3
彩雲,역지사지LV3
彩雲山,여지도서
彩雲浦,여지도서
彩雲鄕,특수구역
彩雲里,호구총수
彩雲面,호구총수
彬之巖里,호구총수
彭亨里,호구총수
彭伊村,호구총수
彭城,역지사지LV3
彭木亭,호구총수
彭梁里,호구총수
彰善,역지사지LV3
彰孝,역지사지LV3
彰孝里,호구총수
影堂,호구총수
影堂洞,호구총수
影堂里,호구총수
影浪里,호구총수
影鳳川,여지도서
往十里一契,호구총수
往十里二契,호구총수
待月村,호구총수
律學廳契,호구총수
後井里,호구총수
後亭里,호구총수
後勿里,호구총수
後北里,호구총수
後坊村,호구총수
後坪川,여지도서
後坪里,호구총수
後宗里,호구총수
後寺洞里,호구총수
後寺里,호구총수
後山上里,호구총수
後山下里,호구총수
後山里,호구총수
後峙,호구총수
後峯山,여지도서
後島里,호구총수
後巖里,호구총수
後川,여지도서
後川里,호구총수
後庭里,호구총수
後所,역지사지LV3
後所面,호구총수
後曾島,호구총수
後村里,호구총수
後泉味村,호구총수
後洞,호구총수
後洞內,호구총수
後洞村,호구총수
後洞里,호구총수
後津,신증동국여지승람
後浦,여지도서
後浦洞,호구총수
後浦里,호구총수
後溪,호구총수
後熊谷里,호구총수
後瓦里,호구총수
後破昆里,호구총수
後穎里,호구총수
後粟里,호구총수
後縣里,호구총수
後西江,여지도서
後谷上里,호구총수
後谷里,호구총수
後里,호구총수
後里峙,호구총수
後野里,호구총수
後雲亭里,호구총수
後頭尾里,호구총수
徐佳亭里,호구총수
徐千守契,호구총수
徐德村,호구총수
徐村,호구총수
徒內山,특수구역
徒內山鄕,특수구역
得三里,호구총수
得仁里,호구총수
得尹,역지사지LV3
得尹里,호구총수
得尹面,호구총수
得川里,호구총수
得延,군현역원
得文里,호구총수
得方院,군현역원
得樂里,호구총수
得熊,군현역원
得益里,호구총수
得粮,역지사지LV3
得良,역지사지LV3
得良山,호구총수
得良山里,호구총수
得良島,여지도서·호구총수
得良里,호구총수
得雲里,호구총수
得龍里,호구총수
從上洞,호구총수
從亭里,호구총수
從化,군현역원
從南,역지사지LV3
從培里,호구총수
從子洞里,호구총수
從政,역지사지LV3·특수구역
從政部曲,특수구역
從浦,군현역원·역지사지LV3
從浦坊北,역지사지LV3
從浦坊北面,호구총수
從浦坊南東,역지사지LV3
從浦坊南東面,호구총수
從浦坊西,역지사지LV3
從浦坊西面,호구총수
從浦洞里,호구총수
從浦里,호구총수
從牛村,호구총수
從禮洞,호구총수
從繩,군현역원
從義,특수구역
從西,역지사지LV3
從陵村,호구총수
御乘生岳,여지도서
御井,여지도서
御倉契,호구총수
御史,역지사지LV3
御史坊,호구총수
御床山,여지도서
御水井,여지도서
御營里,호구총수
御留洞,여지도서
御隱山,여지도서
復初里,호구총수
復安里,호구총수
復戶村,호구총수
復村,호구총수
復老洞,호구총수
復興里,호구총수
復陽里,호구총수
微塵浦,여지도서
德上里,호구총수
德丘里,호구총수
德中,역지사지LV3
德中面,호구총수
德之川里,호구총수
德井東里,호구총수
德井西里,호구총수
德井里,호구총수
德亭,호구총수
德亭里,호구총수
德仁里,호구총수
德今里,호구총수
德令洞里,호구총수
德令里,호구총수
德來村,호구총수
德典,호구총수
德加洞,호구총수
德化,역지사지LV3
德北,역지사지LV3
德北面,호구총수
德南,역지사지LV3
德南村,호구총수
德南面,호구총수
德古,역지사지LV3
德古介,역지사지LV3
德古介里,호구총수
德古坊,호구총수
德古里,호구총수
德只島,여지도서
德囦里,호구총수
德在,역지사지LV3
德地里,호구총수
德坪,역지사지LV3
德坪里,호구총수
德垈里,호구총수
德城,역지사지LV3·특수구역
德城社,호구총수
德城鄕,특수구역
德城里,호구총수
德堤里,호구총수
德大,호구총수
德大里,호구총수
德奇,군현역원
德奇里,호구총수
德奉院,군현역원
德安,역지사지LV3
德安面,호구총수
德實里,호구총수
德寧里,호구총수
德尙里,호구총수
德居里,호구총수
德山,군현역원·세종실록지리지·신증동국여지승람·여지도서·역지사지LV3·특수구역·호구총수
德山川,여지도서
德山村,호구총수
德山洞,여지도서·호구총수
德山浦,여지도서
德山社,호구총수
德山鄕,특수구역
德山里,호구총수
德山面,호구총수
德岩,역지사지LV3
德峙,역지사지LV3
德峙村,호구총수
德峙里,호구총수
德峙面,호구총수
德峯,호구총수
德峯部曲,특수구역
德峯里,호구총수
德峰村,호구총수
德峰里,호구총수
德峴里,호구총수
德島,여지도서
德峻里,호구총수
德崇山,여지도서
德嶺,군현역원
德嶺村,호구총수
德嶺里,호구총수
德巖,여지도서·역지사지LV3·특수구역·호구총수
德巖坊,호구총수
德巖山,여지도서
德巖所,특수구역
德巖里,호구총수
德川,군현역원·역지사지LV3·호구총수
德川村,호구총수
德川社,호구총수
德川里,호구총수
德川面,호구총수
德州,군현역원
德州里,호구총수
德巨亭里,호구총수
德巨里,호구총수
德平,역지사지LV3
德平鄕,특수구역
德平里,호구총수
德平面,호구총수
德建村,호구총수
德建里,호구총수
德彦,역지사지LV3
德德里,호구총수
德恩津,여지도서
德應州山,여지도서
德成,호구총수
德成洞,호구총수
德援,역지사지LV3
德支代里,호구총수
德文,역지사지LV3
德文面,호구총수
德新,군현역원
德新里,호구총수
德方,역지사지LV3
德方面,호구총수
德旨,역지사지LV3
德旨面,호구총수
德明,군현역원·역지사지LV3
德明里,호구총수
德明面,호구총수
德星山,여지도서
德星里,호구총수
德月山,여지도서
德望村,호구총수
德木里,호구총수
德村,호구총수
德村里,호구총수
德松里,호구총수
德林,군현역원·역지사지LV3·특수구역·호구총수
德林亭,호구총수
德林山,여지도서
德林所,특수구역
德林村,호구총수
德林洞,호구총수
德林里,호구총수
德林里坊,호구총수
德林閭,호구총수
德林面,호구총수
德果,역지사지LV3
德果里,호구총수
德柄里,호구총수
德栗里,호구총수
德樂,호구총수
德樹,군현역원
德水,역지사지LV3
德水巖,호구총수
德水川,여지도서
德水院,군현역원
德池,역지사지LV3·특수구역
德池灘,여지도서
德池面,호구총수
德泉,군현역원
德泉洞,호구총수
德泉鄕,특수구역
德泉里,호구총수
德洞,호구총수
德洞上里,호구총수
德洞下里,호구총수
德洞里,호구총수
德洞閭,호구총수
德津,여지도서·역지사지LV3·특수구역
德津下里,호구총수
德津中里,호구총수
德津村,호구총수
德津橋浦,여지도서
德津洞,호구총수
德津浦,여지도서
德津溟所,세종실록지리지
德津里,호구총수
德浦村,호구총수
德浦洞,호구총수
德浦里,호구총수
德海鄕,특수구역
德海院,군현역원
德淵村,호구총수
德淵里,호구총수
德湖,호구총수
德湖洞,호구총수
德湖里,호구총수
德源,군현역원
德溪里,호구총수
德濟院,군현역원
德田,호구총수
德田里,호구총수
德申里,호구총수
德留,군현역원
德留里,호구총수
德目里,호구총수
德相里,호구총수
德眞,역지사지LV3·호구총수
德眞池,여지도서
德眞面,호구총수
德石洞里,호구총수
德神,군현역원
德積,역지사지LV3
德積山,여지도서
德積島,신증동국여지승람
德積洞,호구총수
德積里,호구총수
德積鎭,호구총수
德立,역지사지LV3
德節里,호구총수
德美峙,호구총수
德美浦里,호구총수
德義山,여지도서
德義洞,호구총수
德耳里,호구총수
德至里,호구총수
德興,역지사지LV3·특수구역
德興洞,호구총수
德興社,호구총수
德興部曲,특수구역
德興里,호구총수
德興面,호구총수
德良,군현역원
德良里,호구총수
德裕山,신증동국여지승람·여지도서
德裕村,호구총수
德西,역지사지LV3
德許里,호구총수
德谷,역지사지LV3·호구총수
德谷坊,호구총수
德谷城,호구총수
德谷村,호구총수
德谷洞,호구총수
德谷里,호구총수
德谷面,호구총수
德豆里,호구총수
德豊里,호구총수
德豐,군현역원
德賢洞,호구총수
德賢里,호구총수
德通,군현역원
德通里,호구총수
德連里,호구총수
德進,역지사지LV3
德進里,호구총수
德進面,호구총수
德道,역지사지LV3
德達,역지사지LV3
德達坊,호구총수
德達浦,여지도서
德達里,호구총수
德里,호구총수
德重里,호구총수
德陰里,호구총수
德陽,군현역원·역지사지LV3
德陽里,호구총수
德陽閭,호구총수
德隅里,호구총수
德隣里,호구총수
德隱洞里,호구총수
德面,호구총수
德面里,호구총수
德音里,호구총수
德頭,역지사지LV3
德頭里,호구총수
德頭面,호구총수
德風里,호구총수
德高山,여지도서
德鳳山,여지도서
德龍山,신증동국여지승람·여지도서
德龍洞,호구총수
心元,역지사지LV3
心元面,호구총수
心妙,역지사지LV3
心妙面,호구총수
心性洞,호구총수
心谷,호구총수
心谷村,호구총수
心貞里,호구총수
心項山,여지도서
必密,역지사지LV3
必曳里,호구총수
必毛老里,호구총수
必蜜,역지사지LV3
忌憂里,호구총수
忍洞里,호구총수
志士,역지사지LV3
忘年里,호구총수
忘憂,역지사지LV3
忘憂里,역지사지LV3·호구총수
忘憂面,호구총수
忠上,역지사지LV3
忠下,역지사지LV3
忠信洞,호구총수
忠勳府內契,호구총수
忠勳府里,호구총수
忠化,역지사지LV3
忠原,군현역원
忠孝洞里,호구총수
忠峴山,여지도서
忠島,호구총수
忠州,군현역원·역지사지LV3
忠州山,여지도서
忠樂里,호구총수
忠洞,역지사지LV3
忠洞面,호구총수
忠烈祠,호구총수
忠烈祠里,호구총수
忠烈里,호구총수
忠節祠,호구총수
忠義洞,호구총수
忠谷里,호구총수
忠門里,호구총수
忠點里,호구총수
快山,여지도서
快樂,역지사지LV3
快賓亭,호구총수
念佛山,신증동국여지승람
念佛巖里,호구총수
念北里,호구총수
念峙,호구총수
念谷所,특수구역
忽里洞,호구총수
思仁里,호구총수
思堂里,호구총수
思惠里,호구총수
思曾里,호구총수
思末川里,호구총수
思美岳,여지도서
思美里,호구총수
思角,역지사지LV3
思角里,호구총수
思角面,호구총수
思谷里,호구총수
急水門,여지도서
性堂洞,호구총수
性齋里,호구총수
怪伊里,호구총수
恃寨,역지사지LV3
恃寨川,여지도서
恃寨面,호구총수
恒出道山,신증동국여지승람
恒月里,호구총수
恒沙洞,호구총수
恥齊洞,호구총수
恩山,군현역원·역지사지LV3
恩山里,호구총수
恩平,역지사지LV3
恩津,군현역원·역지사지LV3
恭儉,역지사지LV3
恭儉池,여지도서
恭川里,호구총수
息巖里,호구총수
息谷里,호구총수
息里,역지사지LV3
悅安止岳,여지도서
悅峙里,호구총수
悟心里,호구총수
悟洞,역지사지LV3
悟洞面,호구총수
悟道山,여지도서
悟道峯,여지도서
悟道嶺,신증동국여지승람·여지도서
悟里洞村,호구총수
情盡院,군현역원
惠一洞里,호구총수
惠利院,군현역원
惠山,군현역원·역지사지LV3
惠山嶺,신증동국여지승람
惠山江,여지도서
惠山社,호구총수
惠我山,여지도서
惠才山,신증동국여지승람
惠民署契,호구총수
惠民里,호구총수
惠陰嶺,신증동국여지승람·여지도서
惠陰院,군현역원
惡峴,여지도서
惡次串,호구총수
惶恐灘,여지도서
愁伊島,신증동국여지승람
愁太島,여지도서
愁德山,여지도서
愁德島,신증동국여지승람
愁智峯,여지도서
愁月浦,여지도서
愁歇院,군현역원
愁歇院里,호구총수
愁無洞里,호구총수
愁致,역지사지LV3
愁致島,신증동국여지승람·호구총수
愁越里,호구총수
愁離山,여지도서
愁離洞里,호구총수
愁音浦,신증동국여지승람
愚伏洞,호구총수
愚巷村,호구총수
愚村,호구총수
愚棄里,호구총수
愚浦洞,호구총수
愚溪,여지도서
愚磻新里,호구총수
愚磻西里,호구총수
愚萬洞內,호구총수
愚谷里,호구총수
愛友亭,호구총수
愛日堂里,호구총수
感恩亭里,호구총수
感恩岳,여지도서
愼生村,호구총수
慈上,역지사지LV3
慈下,역지사지LV3
慈仁,군현역원·역지사지LV3·특수구역
慈仁縣,특수구역
慈仁部曲,특수구역
慈仁院,군현역원
慈城,군현역원·역지사지LV3
慈山,군현역원·역지사지LV3
慈川,역지사지LV3
慈川面,호구총수
慈州,군현역원
慈恩,역지사지LV3
慈恩島,신증동국여지승람·호구총수
慈恩洞,호구총수
慈悲嶺,신증동국여지승람·여지도서
慈悲嶺慈悲嶺柵舊址,특수구역
慈悲嶺院,군현역원
慈悲院,군현역원
慈正山,여지도서
慈母山,여지도서
慈氏山,여지도서
慈燈山,신증동국여지승람
慈聖里,호구총수
慈航,군현역원
慕上里,호구총수
慕下里,호구총수
慕中里,호구총수
慕亭村,호구총수
慕儀,역지사지LV3
慕化洞,호구총수
慕古里,호구총수
慕城里,호구총수
慕峴里,호구총수
慕巖里,호구총수
慕巨里,호구총수
慕村里,호구총수
慕禮里,호구총수
慕科洞,호구총수
慕義,역지사지LV3
慕聖,역지사지LV3
慕聖坊,호구총수
慕聖巖,여지도서
慕谷,호구총수
慕谷里,호구총수
慕貞里,호구총수
慕賢,역지사지LV3
慕賢村,역지사지LV3
慕賢村面,호구총수
慕魯谷,호구총수
慕魯里,호구총수
慧目山,여지도서
慰禮城,여지도서
慶信,군현역원
慶元峯,여지도서
慶坡山,여지도서
慶坡里,호구총수
慶城里,호구총수
慶安,군현역원·역지사지LV3
慶安面,호구총수
慶山,군현역원·역지사지LV3
慶州,군현역원·역지사지LV3
慶幸,역지사지LV3
慶幸坊,호구총수
慶應里,호구총수
慶把山,세종실록지리지
慶指,특수구역
慶新,군현역원
慶旨部曲,특수구역
慶源,군현역원·역지사지LV3
慶石洞里,호구총수
慶福里,호구총수
慶興,군현역원·역지사지LV3
慶興里,호구총수
慶起坪,호구총수
慶關嶺,여지도서
慶陽,역지사지LV3
慶陽浦,신증동국여지승람
慶陽面,호구총수
慶雲里,호구총수
憂忘洞里,호구총수
憂無谷里,호구총수
憩峴,여지도서
憲垈村,호구총수
憶岐,역지사지LV3
憶岐山,역지사지LV3
憶岐山社,호구총수
應令里,호구총수
應南村,호구총수
應嶺,군현역원
應起洞,호구총수
懷仁,군현역원
懷北,역지사지LV3
懷南,역지사지LV3
懷寧,군현역원
懷德,군현역원·역지사지LV3
懷德里,호구총수
懷綏,군현역원·역지사지LV3
懷綏店,호구총수
懷義,특수구역
懷義村,호구총수
懷義部曲,특수구역
懷陽里,호구총수
懸內面,호구총수
懸德,여지도서
懸河部曲,특수구역
懸燈山,여지도서
懸碑巖,여지도서
懸鍾山,여지도서
戀國亭里,호구총수
戊良,호구총수
戍灘,여지도서
戍良洞,호구총수
成三問舊基,특수구역
成佛山,신증동국여지승람·여지도서
成佛里,호구총수
成吾,역지사지LV3
成均館契,호구총수
成大里,호구총수
成山所,호구총수
成峴,여지도서
成川,군현역원·역지사지LV3
成川契,호구총수
成川村,호구총수
成州,군현역원
成德里,호구총수
成德院里,호구총수
成戒里,호구총수
成才亭里,호구총수
成才洞里,호구총수
成朔州契,호구총수
成桃花里,호구총수
成歓,군현역원
成歡,군현역원·역지사지LV3
成歡內里,호구총수
成殷院,군현역원
成水洞,호구총수
成生浦,여지도서
成萬里,호구총수
成谷里,호구총수
成都,역지사지LV3
成里,호구총수
成陽里,호구총수
成龍,역지사지LV3
我利谷里,호구총수
我峴,신증동국여지승람
我州里,호구총수
我弄城里,호구총수
我田村,호구총수
我羅好里,호구총수
或別里,호구총수
戛然里,호구총수
戡蠻里,호구총수
戱靈山,여지도서
戴尼山,여지도서
戴溪里,호구총수
戶南,역지사지LV3
戶南面,호구총수
戶巖,호구총수
戶巖東村,호구총수
戶曹內契,호구총수
戶曹後洞契,호구총수
戶法,역지사지LV3
戶法面,호구총수
戶界里,호구총수
戶縣,역지사지LV3
戶縣內,역지사지LV3·호구총수
戶耳巖,역지사지LV3
戶西,역지사지LV3
戶西南,역지사지LV3
戶西面,호구총수
房高城,특수구역
所上里,호구총수
所下里,호구총수
所中里,호구총수
所串,군현역원·역지사지LV3
所串里,호구총수
所串面,호구총수
所丹洞,호구총수
所之方,호구총수
所乙下,역지사지LV3
所乙村,역지사지LV3
所乙村坊,호구총수
所乙洞閭,호구총수
所乙非浦,신증동국여지승람·여지도서
所乙非浦里,호구총수
所也,역지사지LV3
所也坊,호구총수
所也峴,여지도서
所也村,역지사지LV3
所也村面,호구총수
所也江,여지도서
所也洞,호구총수
所也洞里,호구총수
所也里,호구총수
所也面,호구총수
所亏音山,여지도서
所五達里,호구총수
所井,역지사지LV3
所井里,호구총수
所井面,호구총수
所仍林,특수구역
所仍林部曲,특수구역
所仕里,호구총수
所仙邊,호구총수
所件,역지사지LV3
所伊串里,호구총수
所伊古介,역지사지LV3
所伊古介坊,호구총수
所伊山,여지도서
所伊浦,역지사지LV3
所伊浦面,호구총수
所余洞,호구총수
所余里,호구총수
所來谷里,호구총수
所依達山,신증동국여지승람
所兒,역지사지LV3
所兒坊,호구총수
所兒川,여지도서
所入村,호구총수
所內,역지사지LV3
所內上洞,호구총수
所內下洞,호구총수
所內谷,역지사지LV3
所內谷坊,호구총수
所冬羅嶺,신증동국여지승람
所別里,호구총수
所利三里,호구총수
所加里,호구총수
所古,군현역원
所古之里,호구총수
所古介里,호구총수
所古基里,호구총수
所古夜里,호구총수
所古尼,역지사지LV3
所古尼面,호구총수
所古禮里,호구총수
所只川,호구총수
所可浦,신증동국여지승람
所台谷,호구총수
所台谷里,호구총수
所台里,호구총수
所呑,역지사지LV3
所呑所,특수구역
所呑面,호구총수
所味里,호구총수
所坡嶺,신증동국여지승람
所坪,군현역원
所堂洞,호구총수
所堂里,호구총수
所好里,호구총수
所如村,호구총수
所安,역지사지LV3
所安島,여지도서
所尺里,호구총수
所屎山里,호구총수
所屯山,여지도서
所山,신증동국여지승람·여지도서·역지사지LV3
所山里,호구총수
所山面,호구총수
所屹串浦,여지도서
所屹山,여지도서·역지사지LV3
所屹里,호구총수
所岩,역지사지LV3
所崑里,호구총수
所巖里,호구총수
所川,군현역원·역지사지LV3·호구총수
所川上里,호구총수
所川下里,호구총수
所川面,호구총수
所己,역지사지LV3
所思里,호구총수
所恥谷部曲,특수구역
所才里,호구총수
所斤,역지사지LV3
所斤垈里,호구총수
所斤浦,신증동국여지승람
所斤里,호구총수
所日里,호구총수
所旨,역지사지LV3
所月川里,호구총수
所月里,호구총수
所村,역지사지LV3
所樂里,호구총수
所江,신증동국여지승람
所江里,호구총수
所沓,역지사지LV3
所沙,역지사지LV3
所沙坊,호구총수
所沙洞里,호구총수
所沙里,호구총수
所法里,호구총수
所波嶺,신증동국여지승람
所洞里,호구총수
所浦里,호구총수
所湯面,호구총수
所火尺,특수구역
所火村,호구총수
所用洞,호구총수
所用洞里,호구총수
所用里,호구총수
所田,호구총수
所畓,역지사지LV3
所畓面,호구총수
所磨洞,여지도서
所禮村,호구총수
所等村,호구총수
所等里,호구총수
所羅,역지사지LV3
所羅山,신증동국여지승람
所羅本里,호구총수
所羅洞,역지사지LV3
所羅洞坊,호구총수
所羅谷里,호구총수
所羅里,호구총수
所義,역지사지LV3
所老山里,호구총수
所耳谷村,호구총수
所耶川,여지도서
所耶江,여지도서
所聲,역지사지LV3
所腰院,군현역원
所草,군현역원·역지사지LV3
所草坊,호구총수
所草院,군현역원
所草面,호구총수
所落只,호구총수
所衣山,신증동국여지승람
所要渚島,신증동국여지승람
所要里,호구총수
所要項里,호구총수
所谷,역지사지LV3
所谷山,여지도서
所谷里,호구총수
所谷面,호구총수
所農里,호구총수
所近藪,여지도서
所近里,호구총수
所退洞里,호구총수
所造田里,호구총수
所造里,호구총수
所達,역지사지LV3
所達里,역지사지LV3·호구총수
所達里面,호구총수
所遠,역지사지LV3
所里,호구총수
所里伐里,호구총수
所里島,여지도서·호구총수
所里洞里,호구총수
所陽,역지사지LV3
所陽山里,호구총수
所隱白伊山,여지도서
所非谷里,호구총수
所音山里,호구총수
所音方里,호구총수
所項里,호구총수
所鳥里,호구총수
所麻里,호구총수
所串,군현역원
扇子,호구총수
扉內里,호구총수
才人瀑,여지도서
才仁洞里,호구총수
才佳洞,호구총수
才公浦里,호구총수
才南,특수구역
才南所,특수구역
才南里,호구총수
才宮里,호구총수
才山,역지사지LV3·특수구역
才山縣,특수구역
才山面,호구총수
才峴里,호구총수
才望,호구총수
才盈洞里,호구총수
才谷,군현역원
才谷里,호구총수
才馬里,호구총수
托谷,역지사지LV3
扝夷船,역지사지LV3
扞城里,호구총수
扶之頭里,호구총수
扶助里,호구총수
扶南島,여지도서
扶士門里,호구총수
扶安,군현역원·역지사지LV3
扶寧,역지사지LV3
扶山里,호구총수
扶所地里,호구총수
扶月里,호구총수
扶村,호구총수
扶松洞里,호구총수
扶桑,군현역원
扶桑里,호구총수
扶梁,역지사지LV3
扶梁面,호구총수
扶田村,호구총수
扶等里,호구총수
扶老只里,호구총수
扶老島,호구총수
扶老洞里,호구총수
扶致村,호구총수
扶興,군현역원
扶蘇山,여지도서
扶蘇峙里,호구총수
扶蘇峴,여지도서
扶蘇島,신증동국여지승람·호구총수
扶西,역지사지LV3
扶西面,호구총수
扶餘,군현역원·역지사지LV3
扶餘頭里,호구총수
批峴,역지사지LV3
承在伐里,호구총수
承富洞,호구총수
承富里,호구총수
承寶院,군현역원
承彦里,호구총수
承德里,호구총수
承方洞,호구총수
承於谷里,호구총수
承旨洞里,호구총수
承昌里,호구총수
承法里,호구총수
承衣里,호구총수
技界里,호구총수
抄峯里,호구총수
抄秀村,호구총수
抄道洞,역지사지LV3
抄道洞坊,호구총수
把八里,호구총수
把古山,신증동국여지승람
把子廛契,호구총수
把所島,호구총수
把書幕里,호구총수
把洞里,호구총수
折尒島,여지도서
折尔,역지사지LV3
折栗里,호구총수
折江里,호구총수
折爾島,호구총수
折里島,호구총수
披木嶺,여지도서
披香亭里,호구총수
抱卵里,호구총수
抱川,군현역원·역지사지LV3
抱州,군현역원
抱香亭里,호구총수
抹地里,호구총수
押寺里,호구총수
押岐里,호구총수
押梁,군현역원·역지사지LV3
押海,역지사지LV3·특수구역
押海島,호구총수
押谷村,호구총수
押谷里,호구총수
抽島,호구총수
招逸里,호구총수
拜將里,호구총수
拜岾,여지도서
拜峙,여지도서
拜里,호구총수
拜音所,특수구역
拱北,역지사지LV3
拱北里,호구총수
拱手洞里,호구총수
拾田里,호구총수
指南,군현역원
指老里,호구총수
按廉巖,신증동국여지승람
振威,군현역원
挾山里,호구총수
捉馬亭,호구총수
捕盜幕里,호구총수
捕盜廳契,호구총수
捺已郡,특수구역
掃峙里,호구총수
掌土里,호구총수
掌樂內契,호구총수
排也洞里,호구총수
排也里,호구총수
排台洞,호구총수
排大里,호구총수
排屛洞,호구총수
排所洞里,호구총수
排方山,여지도서
排方里,호구총수
排星里,호구총수
排王洞里,호구총수
排班里,호구총수
排置里,호구총수
排舲浦,여지도서
排芳,역지사지LV3
排頓,군현역원
排龍里,호구총수
掘井浦,신증동국여지승람
掘井里,호구총수
掘山里,호구총수
掘峙里,호구총수
掘峴里,호구총수
掘浦里,호구총수
掘火,군현역원
掘禪山,여지도서
掘香里,호구총수
掛乃里,호구총수
掛也旨里,호구총수
掛島,여지도서
掛巖,호구총수
掛巖里,호구총수
掛平里,호구총수
掛弓,역지사지LV3
掛懸山,여지도서
掛日里,호구총수
掛榜山,여지도서
掛洞,호구총수
掛津里,호구총수
掛田里,호구총수
掛石里,호구총수
掛郞里,호구총수
掛金里,호구총수
掛鍾巖,여지도서
掛鎌里,호구총수
掛陵里,호구총수
掟坪村,호구총수
採蓮里,호구총수
採藥山,여지도서
接亭里,호구총수
接富峙里,호구총수
接尺谷里,호구총수
接峙,호구총수
接戰巖,여지도서
接支洞里,호구총수
接枝山里,호구총수
接止山,여지도서
接洞,역지사지LV3
接洞面,호구총수
接王里,호구총수
接芝村,호구총수
推㐏味,역지사지LV3
推吾未,역지사지LV3
推山里,호구총수
推火山,여지도서
推竹里,호구총수
掩亭里,호구총수
掩古介里,호구총수
掩湖村,호구총수
揄川,군현역원
提見,특수구역
揖峯,여지도서
揚武垈,역지사지LV3
揚翹山里,호구총수
揮厚里,호구총수
揮影里,호구총수
揮羅津里,호구총수
揮羅里,호구총수
揮里,호구총수
揷串里,호구총수
揷古介,호구총수
揷存里,호구총수
揷峙,호구총수
揷峙嶺,여지도서
揷峴,여지도서
揷嶺里,호구총수
揷時島,호구총수
揷橋,역지사지LV3
揷橋川水,여지도서
揷橋里,호구총수
揷浦里,호구총수
揷谷里,호구총수
損村所,특수구역
損竹島,여지도서
損竹島里,호구총수
損良川,여지도서
損項里,호구총수
搴芝山,여지도서
摘括,호구총수
摘括新酒幕里,호구총수
摩利山,세종실록지리지
摩尼山,여지도서
摩精里,호구총수
摩耶山,여지도서
摩訶川,여지도서
摹瑟岳,여지도서
撑石里,호구총수
撥所里,호구총수
撥里,호구총수
撫夷,역지사지LV3
撫夷社,호구총수
撫安,군현역원·역지사지LV3
撫安社,호구총수
撫寧,군현역원
撫山,역지사지LV3
撫山坊,호구총수
撫州,군현역원
撫抱里,호구총수
撫月里,호구총수
播春,역지사지LV3
播春社,호구총수
撲山所,특수구역
撻上里,호구총수
撻中里,호구총수
撿義德嶺,여지도서
擇仁里,호구총수
擊壤川,여지도서
擊壤洞,호구총수
擊壤里,호구총수
操約里,호구총수
擎天,역지사지LV3
擔山,여지도서
擧井,호구총수
擧井里,호구총수
擧城里,호구총수
擧岩,역지사지LV3
擧巖,역지사지LV3
擧巖坊,호구총수
擧巨頭里,호구총수
擧望里,호구총수
擧溫里,호구총수
擧火山里,호구총수
擧石里,호구총수
擧頭谷里,호구총수
擺撥嶺,여지도서
攀龍洞里,호구총수
攢翠巖,여지도서
支上里,호구총수
支下里,호구총수
支坪里,호구총수
支境巖,호구총수
支壯里,호구총수
支夫山里,호구총수
支居洞,호구총수
支山院,군현역원
支巖,호구총수
支巨里,호구총수
支平里,호구총수
支石,역지사지LV3·호구총수
支石上里,호구총수
支石中里,호구총수
支石村,호구총수
支石里,호구총수
支石院,군현역원
支石面,호구총수
支老之,호구총수
支谷里,호구총수
支那共和國居留地,역지사지LV3
收義洞里,호구총수
攸山里,호구총수
攸德里,호구총수
改名閭,호구총수
改承洞里,호구총수
放下串里,호구총수
放光,역지사지LV3·특수구역
放光山,세종실록지리지·여지도서
放光所,특수구역
放光里,호구총수
放光面,호구총수
放木里,호구총수
放牧村,호구총수
放逸川,여지도서
放逸里,호구총수
放鶴橋里,호구총수
放鶴湖,여지도서
放鼓村,호구총수
政山里,호구총수
政承契,호구총수
政洞,호구총수
政生洞,호구총수
政聲鄕,특수구역
敎防洞,호구총수
救實鄕,특수구역
救水洞里,호구총수
救生院,호구총수
散古乃里,호구총수
散珠里,호구총수
敦地里,호구총수
敦多山里,호구총수
敦大里,호구총수
敦寧上契,호구총수
敦寧下契,호구총수
敦德里,호구총수
敦池里,호구총수
敦浦里,호구총수
敦睦里,호구총수
敦義,역지사지LV3
敦義嶼浦,여지도서
敦義面,호구총수
敬天,군현역원·역지사지LV3
敬天坊,호구총수
敬天里,호구총수
敬所里,호구총수
敬陽,군현역원
數垈村,호구총수
數錄巖,호구총수
文上里,호구총수
文丘,역지사지LV3
文丘面,호구총수
文乙部曲,특수구역
文井,역지사지LV3
文井坊,호구총수
文井洞,호구총수
文井里,호구총수
文亭子,호구총수
文來山,호구총수
文光,역지사지LV3
文化,군현역원·역지사지LV3
文化里,호구총수
文區,역지사지LV3
文原里,호구총수
文和,군현역원
文善,역지사지LV3
文城里,호구총수
文士乃岳,신증동국여지승람
文太村,호구총수
文字里,호구총수
文宗里,호구총수
文宣王里,호구총수
文尺,역지사지LV3
文尺面,호구총수
文居,군현역원
文居里,호구총수
文山,군현역원·역지사지LV3·특수구역
文山三,역지사지LV3
文山二,역지사지LV3
文山社,호구총수
文山里,호구총수
文峀里,호구총수
文峙里,호구총수
文峯里,호구총수
文峴,역지사지LV3
文峴面,호구총수
文巖山,여지도서
文巖洞,호구총수
文巖里,호구총수
文川,군현역원·여지도서·역지사지LV3
文川里,호구총수
文川面,호구총수
文州,군현역원
文巷里,호구총수
文市,역지사지LV3
文希里,호구총수
文幕,역지사지LV3
文平,역지사지LV3
文德,역지사지LV3
文德里,호구총수
文忠里,호구총수
文憲,역지사지LV3
文憲坊,호구총수
文成里,호구총수
文房山,여지도서
文房村,호구총수
文方,역지사지LV3
文方里,호구총수
文方面,호구총수
文於洞,호구총수
文旨里,호구총수
文昌里,호구총수
文明里,호구총수
文星洞,호구총수
文星里,호구총수
文書山,여지도서
文朱,역지사지LV3
文朱里,호구총수
文朱面,호구총수
文村,호구총수
文村里,호구총수
文松,역지사지LV3
文松面,호구총수
文林里,호구총수
文橋里,호구총수
文武,역지사지LV3
文殊,역지사지LV3
文殊堂,역지사지LV3
文殊堂面,호구총수
文殊山,세종실록지리지·신증동국여지승람·여지도서
文殊川,여지도서
文殊洞,호구총수
文殊洞里,호구총수
文殊浦,호구총수
文殊菴里,호구총수
文殊里,호구총수
文法村,호구총수
文法里,호구총수
文洞里,호구총수
文浦川,여지도서
文海里,호구총수
文湖里,호구총수
文溪村,호구총수
文漢里,호구총수
文潮浦里,호구총수
文照鄕,특수구역
文玉,역지사지LV3
文田,역지사지LV3
文田面,호구총수
文甲,역지사지LV3
文甲島,호구총수
文畓里,호구총수
文登,특수구역
文登縣,특수구역
文登里,호구총수
文白,역지사지LV3
文知峴,역지사지LV3
文知島,여지도서
文石閭,호구총수
文祥里,호구총수
文章,역지사지LV3
文章面,호구총수
文筆山,여지도서
文筆峯,여지도서
文筆川,여지도서
文等谷,호구총수
文羅,군현역원
文義,군현역원·역지사지LV3
文義山,여지도서
文興,역지사지LV3
文興里,호구총수
文良,역지사지LV3
文良洞,호구총수
文良面,호구총수
文花,역지사지LV3
文蟻谷里,호구총수
文語里,호구총수
文谷,역지사지LV3
文谷坊,호구총수
文谷里,호구총수
文起里,호구총수
文起里洞,호구총수
文邱,역지사지LV3
文長,역지사지LV3
文院洞,호구총수
文陽里,호구총수
文項里,호구총수
文鶴,역지사지LV3
文鶴山,여지도서
斐串里,호구총수
斐旨山,여지도서
斐道所,특수구역
斐道洞里,호구총수
斑石,역지사지LV3
斑石坊,호구총수
斗之,호구총수
斗之村,호구총수
斗之洞,호구총수
斗之洞里,호구총수
斗乙山,역지사지LV3
斗乙山坊,호구총수
斗乙山里,호구총수
斗井里,호구총수
斗代里,호구총수
斗伊洞里,호구총수
斗余洞,호구총수
斗余里,호구총수
斗億,호구총수
斗北,역지사지LV3
斗升山,여지도서
斗南,역지사지LV3
斗南里,호구총수
斗只里,호구총수
斗吉里,호구총수
斗含洞,호구총수
斗含洞里,호구총수
斗呂里,호구총수
斗坊,역지사지LV3
斗垈里,호구총수
斗基谷,호구총수
斗審里,호구총수
斗尺,역지사지LV3
斗尺山,여지도서
斗尺里,호구총수
斗尾,역지사지LV3
斗尾面,호구총수
斗山岳,여지도서
斗山村,호구총수
斗山里,호구총수
斗岳里,호구총수
斗峴里,호구총수
斗嶺,역지사지LV3
斗嶺面,호구총수
斗巖,역지사지LV3
斗巖山,여지도서
斗巖里,호구총수
斗平里,호구총수
斗建,호구총수
斗應洞,호구총수
斗應洞里,호구총수
斗應浦里,호구총수
斗文里,호구총수
斗方里,호구총수
斗日,역지사지LV3
斗月,역지사지LV3
斗月社,호구총수
斗月里,호구총수
斗村,역지사지LV3·호구총수
斗村溪,여지도서
斗村里,호구총수
斗東,역지사지LV3
斗東里,호구총수
斗毛日里,호구총수
斗毛村,호구총수
斗毛洞,호구총수
斗毛洞里,호구총수
斗毛浦,호구총수
斗毛浦里,호구총수
斗毛谷,호구총수
斗毛谷里,호구총수
斗池村,호구총수
斗池里,호구총수
斗泉,여지도서
斗洞里,호구총수
斗流峯里,호구총수
斗流里,호구총수
斗滿,호구총수
斗滿山,여지도서
斗滿川,신증동국여지승람
斗滿村,호구총수
斗滿里,호구총수
斗牛里,호구총수
斗獨里,호구총수
斗玉洞,호구총수
斗目里,호구총수
斗福村,호구총수
斗立里,호구총수
斗羅,역지사지LV3
斗羅一,역지사지LV3
斗羅二,역지사지LV3
斗萬里,호구총수
斗落島,여지도서
斗落村,호구총수
斗西,역지사지LV3
斗谷里,호구총수
斗迷院,군현역원
斗違里,호구총수
斗郞里,호구총수
斗酒里,호구총수
斗里丘,호구총수
斗里山洞,호구총수
斗里島,호구총수
斗里島下里,호구총수
斗防村,호구총수
斗陵里,호구총수
斗險里,호구총수
斗音山里,호구총수
斗音方島,호구총수
斗音方里,호구총수
斗音谷,호구총수
斗音里,호구총수
斗馬洞,호구총수
斗魚,호구총수
斗龍里,호구총수
料洞里,호구총수
料谷里,호구총수
斜下洞川,여지도서
斜只川里,호구총수
斜只村,호구총수
斜川,여지도서
斜川里,호구총수
斜浦里,호구총수
斜羅耳里,호구총수
斜谷里,호구총수
斜陽,역지사지LV3
斜陽村,호구총수
斜陽洞里,호구총수
斜麻洞里,호구총수
斤谷里,호구총수
斥谷里,호구총수
斧山,여지도서·역지사지LV3
斧山坊,호구총수
新丁里,호구총수
新上,역지사지LV3
新上里,호구총수
新上面,호구총수
新下,역지사지LV3
新下里,호구총수
新下面,호구총수
新世里,호구총수
新中山里,호구총수
新中里,호구총수
新串里,호구총수
新九巖里,호구총수
新九淵村,호구총수
新也串島,신증동국여지승람
新乾,역지사지LV3
新乾元,역지사지LV3
新乾元社,호구총수
新乾原,역지사지LV3
新乾川里,호구총수
新乾谷里,호구총수
新亇老,역지사지LV3
新云里,호구총수
新五里,역지사지LV3
新五里面,호구총수
新井,역지사지LV3
新井坊,호구총수
新井村,호구총수
新井里,호구총수
新井里契,호구총수
新京里,호구총수
新亭,호구총수
新亭村,호구총수
新亭里,호구총수
新今里,호구총수
新仍伊所,특수구역
新仕里,호구총수
新伏里,호구총수
新余里,호구총수
新佛里,호구총수
新佳,호구총수
新保,군현역원
新修村,호구총수
新倉,역지사지LV3·호구총수
新倉內契,호구총수
新倉前里,호구총수
新倉津,신증동국여지승람·여지도서
新倉里,호구총수
新倉閭,호구총수
新儀店里,호구총수
新元堂,호구총수
新先里,호구총수
新光,역지사지LV3
新光里,호구총수
新光面,호구총수
新內,역지사지LV3
新內村,호구총수
新凡南里,호구총수
新別目里,호구총수
新創洞,호구총수
新加良部曲,특수구역
新助川里,호구총수
新化,역지사지LV3
新化坊,호구총수
新化洞里,호구총수
新北,역지사지LV3
新北里,호구총수
新北靑,역지사지LV3
新北面,호구총수
新南,역지사지LV3
新南村,호구총수
新南里,호구총수
新南面,호구총수
新卜里,호구총수
新卞老面,호구총수
新原里,호구총수
新古介,역지사지LV3
新古介面,호구총수
新古毛谷,호구총수
新古致里,호구총수
新右,역지사지LV3
新吉里,호구총수
新味洞,호구총수
新和,역지사지LV3
新咸里,호구총수
新囦里,호구총수
新國洞,호구총수
新地里,호구총수
新坊村,호구총수
新坊里,호구총수
新坡,역지사지LV3
新坪,역지사지LV3·호구총수
新坪外里,호구총수
新坪村,호구총수
新坪西里,호구총수
新坪里,호구총수
新垈,호구총수
新垈村,호구총수
新垈村閭,호구총수
新垈洞,호구총수
新垈里,호구총수
新垈閭,호구총수
新城,역지사지LV3·호구총수
新城山,여지도서
新城里,호구총수
新基,호구총수
新基上里,호구총수
新基下里,호구총수
新基島,호구총수
新基村,호구총수
新基村里,호구총수
新基東里,호구총수
新基武陵里,호구총수
新基洞,호구총수
新基西里,호구총수
新基西齋里,호구총수
新基里,호구총수
新基閭,호구총수
新堂,역지사지LV3
新堂北里,호구총수
新堂村,호구총수
新堂浦,역지사지LV3
新堂浦里,호구총수
新堂浦面,호구총수
新堂里,호구총수
新堤處,특수구역
新堤里,호구총수
新堰,호구총수
新堰村,호구총수
新場基村,호구총수
新場基里,호구총수
新場里,호구총수
新塔里,호구총수
新塘,역지사지LV3
新塘村,호구총수
新塘里,호구총수
新士內里,호구총수
新大平里,호구총수
新大谷,역지사지LV3
新大谷面,호구총수
新太洞里,호구총수
新好洞,호구총수
新孔德里,호구총수
新孝里,호구총수
新安,군현역원·역지사지LV3
新安坊,호구총수
新安州,역지사지LV3
新安村,호구총수
新安洞里,호구총수
新安津,여지도서
新安里,호구총수
新安院,군현역원
新安面,호구총수
新宗,역지사지LV3·특수구역
新宗部曲,특수구역
新宗面,호구총수
新定,군현역원
新定里,호구총수
新宮里,호구총수
新富里,호구총수
新寧,군현역원·역지사지LV3
新寧江,역지사지LV3
新寧江坊,호구총수
新寧縣,특수구역
新寶里,호구총수
新寸里,호구총수
新寺洞,호구총수
新寺洞契,호구총수
新寺洞里,호구총수
新導村,호구총수
新局里,호구총수
新屬,역지사지LV3
新屬面,호구총수
新屯,역지사지LV3
新屯之里,호구총수
新屯浦,호구총수
新山,호구총수
新山所,호구총수
新山洞,호구총수
新山直里,호구총수
新山越里,호구총수
新山里,호구총수
新屹里,호구총수
新岩,역지사지LV3
新岱洞,호구총수
新峙,호구총수
新峙里,호구총수
新峴,역지사지LV3
新峴里,호구총수
新島,신증동국여지승람·여지도서
新島里,호구총수
新巖村,호구총수
新巖莊里,호구총수
新巖里,호구총수
新川,여지도서·역지사지LV3·호구총수
新川上里,호구총수
新川下里,호구총수
新川中里,호구총수
新川尾里,호구총수
新川村,호구총수
新川洞里,호구총수
新川里,호구총수
新巢里,호구총수
新左,역지사지LV3
新巨里,호구총수
新巷村,호구총수
新幕,역지사지LV3
新平,역지사지LV3·특수구역
新平基里,호구총수
新平皐里,호구총수
新平縣,특수구역
新平部曲,특수구역
新平里,호구총수
新庄里,호구총수
新店村,호구총수
新店里,호구총수
新庚里,호구총수
新府,역지사지LV3
新府面,호구총수
新廣召里,호구총수
新廣巖里,호구총수
新引月里,호구총수
新彦垈里,호구총수
新後里,호구총수
新復縣,특수구역
新復里,호구총수
新德,역지사지LV3·호구총수
新德亭,호구총수
新德山,여지도서
新德峙,호구총수
新德洞,호구총수
新德里,호구총수
新德面,호구총수
新恩,군현역원
新恩川,여지도서
新惠院里,호구총수
新慶洞里,호구총수
新慶里,호구총수
新成洞,호구총수
新成里,호구총수
新所谷里,호구총수
新所鄕,특수구역
新拜里,호구총수
新文洞,호구총수
新方里,호구총수
新旺山村,호구총수
新旺店里,호구총수
新旺里,호구총수
新昌,군현역원·역지사지LV3
新昌仇味里,호구총수
新昌洞,호구총수
新昌里,호구총수
新明,군현역원
新明里,호구총수
新星里,호구총수
新是巖里,호구총수
新晩里,호구총수
新景里,호구총수
新智島,신증동국여지승람
新書院上里,호구총수
新書院下里,호구총수
新書院中里,호구총수
新書院里,호구총수
新會里,호구총수
新月村,호구총수
新月谷村,호구총수
新月里,호구총수
新月閭,호구총수
新望德,호구총수
新木,호구총수
新木洞里,호구총수
新木里,호구총수
新村,역지사지LV3·호구총수
新村上里,호구총수
新村下里,호구총수
新村所,특수구역
新村洞,호구총수
新村縣,특수구역
新村部曲,특수구역
新村里,호구총수
新村里契,호구총수
新村閭,호구총수
新村面,호구총수
新東,역지사지LV3
新東倉里,호구총수
新東山村,호구총수
新東村,호구총수
新東里,호구총수
新東面,호구총수
新松,호구총수
新松亭,호구총수
新松堂里,호구총수
新松里,호구총수
新松閭,호구총수
新板橋里,호구총수
新板淳坊,호구총수
新板里,호구총수
新林,역지사지LV3·호구총수
新林所,특수구역
新林村,호구총수
新林里,호구총수
新栗里,호구총수
新校,호구총수
新校村,호구총수
新校洞,호구총수
新校洞里,호구총수
新校里,호구총수
新根里,호구총수
新桂村,호구총수
新梅谷里,호구총수
新楓里,호구총수
新業里,호구총수
新樂洞,호구총수
新樹島里,호구총수
新橋川,여지도서
新橋里,호구총수
新機里,호구총수
新檢里,호구총수
新次乃里,호구총수
新欣里,호구총수
新正里,호구총수
新歸密里,호구총수
新歸村,호구총수
新民里,호구총수
新水鐵里契,호구총수
新永,특수구역
新永莊,특수구역
新池洞,호구총수
新池部曲,특수구역
新池里,호구총수
新沙月村,호구총수
新沙田,호구총수
新泉洞,호구총수
新泉里,호구총수
新法里,호구총수
新注里,호구총수
新泰仁,역지사지LV3
新洞,역지사지LV3·호구총수
新洞內,호구총수
新洞里,호구총수
新洞長谷山,여지도서
新洞面,호구총수
新津,군현역원
新津村,호구총수
新津驛村,호구총수
新洪里,호구총수
新浦,역지사지LV3
新浦洞里,호구총수
新浦里,호구총수
新浮里,호구총수
新海,역지사지LV3
新海倉里,호구총수
新海里,호구총수
新淵江,여지도서
新淵里,호구총수
新溪,군현역원·역지사지LV3·호구총수
新溪村,호구총수
新溪洞,호구총수
新溪里,호구총수
新溪閭,호구총수
新滿,역지사지LV3
新滿社,호구총수
新漢川,여지도서
新漢里,호구총수
新潭里,호구총수
新濟,역지사지LV3
新灘,여지도서
新灘里,호구총수
新炭里,호구총수
新熊里,호구총수
新牙浦里,호구총수
新現里,호구총수
新瓦里,호구총수
新瓮店,호구총수
新瓮店村,호구총수
新瓮店里,호구총수
新瓮里,호구총수
新甘里,호구총수
新田里,호구총수
新田頭村,호구총수
新界里,호구총수
新畓里,호구총수
新登吉里,호구총수
新登里,호구총수
新皮德里,호구총수
新盆里,호구총수
新盤惹洞里,호구총수
新目里,호구총수
新省里,호구총수
新石碧里,호구총수
新破里,호구총수
新硯里,호구총수
新磨洞,호구총수
新礖里,호구총수
新社稷,호구총수
新祭里,호구총수
新福星閭,호구총수
新福里,호구총수
新禮洞,호구총수
新禮洞里,호구총수
新禮院,군현역원
新立,군현역원
新站里,호구총수
新竹內里,호구총수
新竹村,호구총수
新竹里,호구총수
新等,역지사지LV3
新等里,호구총수
新等面,호구총수
新筒里,호구총수
新綱坊,호구총수
新綿川,호구총수
新繁,특수구역
新繁縣,특수구역
新羅峴,여지도서
新羅村,호구총수
新羅里,호구총수
新羊里,호구총수
新義州,역지사지LV3
新翼,역지사지LV3
新翼社,호구총수
新老,역지사지LV3
新耆老所里,호구총수
新耕里,호구총수
新臺里,호구총수
新興,군현역원·역지사지LV3·호구총수
新興亭,호구총수
新興亭閭,호구총수
新興山,여지도서
新興村,호구총수
新興洞,호구총수
新興洞里,호구총수
新興海里,호구총수
新興里,호구총수
新興閭,호구총수
新興陸里,호구총수
新興驛,호구총수
新舊邑里,호구총수
新舟里,호구총수
新船,호구총수
新良里,호구총수
新芳里,호구총수
新若山,호구총수
新茂里,호구총수
新茄,역지사지LV3
新茅,역지사지LV3
新茶熊里,호구총수
新草梁里,호구총수
新莞洞,호구총수
新蓮里,호구총수
新藍田,호구총수
新行,군현역원
新西,역지사지LV3
新西村,호구총수
新角洞,호구총수
新角里,호구총수
新言目里,호구총수
新訓鍊里,호구총수
新設,호구총수
新設契,호구총수
新設里,호구총수
新識里,호구총수
新谷,군현역원·역지사지LV3·호구총수
新谷里,호구총수
新谷面,호구총수
新豊,역지사지LV3·호구총수
新豊亭里,호구총수
新豊堂,호구총수
新豊村,호구총수
新豊里,호구총수
新豐,군현역원
新豐川站,군현역원
新貞,호구총수
新赤里,호구총수
新起洞,호구총수
新農,역지사지LV3
新農所,호구총수
新農所里,호구총수
新農里,호구총수
新迎浦,여지도서
新通里,호구총수
新邑,역지사지LV3·특수구역
新邑三里,호구총수
新邑四里,호구총수
新邑里,호구총수
新都廳里,호구총수
新鄕校里,호구총수
新酒幕,호구총수
新酒幕洞,호구총수
新酒幕里,호구총수
新里,역지사지LV3·호구총수
新里坊,호구총수
新里山,여지도서
新里村,호구총수
新里洞,호구총수
新里社,호구총수
新里面,호구총수
新野里,호구총수
新銀所,특수구역
新鍾山,호구총수
新鎭里,호구총수
新長林里,호구총수
新長里,호구총수
新門內契,호구총수
新門村,호구총수
新門里,호구총수
新門陣里,호구총수
新開川,호구총수
新阿山,역지사지LV3
新阿山社,호구총수
新院,군현역원·역지사지LV3·호구총수
新院川,신증동국여지승람·여지도서
新院洞,호구총수
新院洞內,호구총수
新院里,호구총수
新院院,군현역원
新陽,역지사지LV3·호구총수
新陽才洞里,호구총수
新陽村,호구총수
新陽洞里,호구총수
新陽部曲,특수구역
新陽里,호구총수
新隱川,여지도서
新雲基里,호구총수
新靑丹里,호구총수
新順里,호구총수
新風里,호구총수
新首山,호구총수
新驛,군현역원
新驛城里,호구총수
新驛村,호구총수
新驛里,호구총수
新高寺里,호구총수
新高山,역지사지LV3
新鳳里,호구총수
新鴻里,호구총수
新鶴洞,호구총수
新鶴谷,호구총수
新鷹里,호구총수
新黃龍里,호구총수
新龍亭,호구총수
新龍山,호구총수
新龍溪,호구총수
新龍里,호구총수
新龍頭,호구총수
斷俗,역지사지LV3
斷橋浦,여지도서
斷石山,여지도서
斷髮嶺,여지도서
方丈,역지사지LV3
方丈洞,호구총수
方丈里,호구총수
方上,역지사지LV3
方下,역지사지LV3
方下山,역지사지LV3
方下山社,호구총수
方下峙里,호구총수
方下橋,호구총수
方下洞,역지사지LV3·호구총수
方下洞里,호구총수
方下目里,호구총수
方下谷,호구총수
方下谷村,호구총수
方下谷里,호구총수
方下里,호구총수
方丑內里,호구총수
方丑洞,호구총수
方丑里,호구총수
方串之里,호구총수
方九味里,호구총수
方二洞里,호구총수
方井東佛堂,호구총수
方井東里,호구총수
方井西里,호구총수
方仁里,호구총수
方仇味里,호구총수
方介洞里,호구총수
方內里,호구총수
方午峙里,호구총수
方古介里,호구총수
方吉里,호구총수
方同村,호구총수
方哥垈里,호구총수
方圓里,호구총수
方基里,호구총수
方夢梅洞,호구총수
方孝洞,호구총수
方宗契,호구총수
方宗里,호구총수
方寺村,호구총수
方山,군현역원·역지사지LV3·특수구역
方山洞,호구총수
方山縣,특수구역
方山里,호구총수
方山面,호구총수
方峴,역지사지LV3
方峴坊,호구총수
方川,군현역원
方巨里村,호구총수
方席里,호구총수
方掛,호구총수
方旨里,호구총수
方是川里,호구총수
方梯川,여지도서
方橋里,호구총수
方正洞,호구총수
方洞,역지사지LV3·호구총수
方洞五里,호구총수
方洞坊,호구총수
方洞里,호구총수
方洞面,호구총수
方漁津,역지사지LV3
方甘里,호구총수
方生,역지사지LV3
方生洞,역지사지LV3
方生洞面,호구총수
方田里,호구총수
方登里,호구총수
方目里,호구총수
方石,호구총수
方禦旨里,호구총수
方竹,역지사지LV3
方竹洞,역지사지LV3
方竹洞坊,호구총수
方築,호구총수
方築東里,호구총수
方築洞,호구총수
方築洞里,호구총수
方築里,호구총수
方背里,호구총수
方致德里,호구총수
方臺,여지도서
方草,역지사지LV3
方荷洞,역지사지LV3
方荷洞里,호구총수
方蔡里,호구총수
方角洞,호구총수
方角里,호구총수
方谷村,호구총수
方谷里,호구총수
方近里,호구총수
方迪,호구총수
方達里,호구총수
方里,호구총수
方陽洞,호구총수
方項村,호구총수
方魚上里,호구총수
方魚下里,호구총수
方魚津,호구총수
方魚西里,호구총수
於丁淺院,군현역원
於丁灘,신증동국여지승람
於丁灘院,군현역원
於上川,역지사지LV3·특수구역
於上川縣,특수구역
於上川面,호구총수
於上端里,호구총수
於上里,호구총수
於下里,호구총수
於丘山,여지도서
於中端里,호구총수
於串里,호구총수
於丹里,호구총수
於乃,역지사지LV3
於之谷里,호구총수
於乍川村,호구총수
於乙亇山,신증동국여지승람
於乙洞,역지사지LV3
於云洞,역지사지LV3·호구총수
於云洞面,호구총수
於云里,호구총수
於五之里,호구총수
於五里,호구총수
於京洞里,호구총수
於京里,호구총수
於仁洞,호구총수
於仁浦,호구총수
於仇永里,호구총수
於今浦里,호구총수
於伊條里,호구총수
於侍郞洞里,호구총수
於儀柳里,호구총수
於內谷里,호구총수
於勿洞里,호구총수
於勿谷里,호구총수
於南里,호구총수
於厚,역지사지LV3
於厚面,호구총수
於反德村,호구총수
於口里,호구총수
於古里,호구총수
於叱島,신증동국여지승람
於叱達里,호구총수
於吾之里,호구총수
於在里,호구총수
於坡院,군현역원
於坪,호구총수
於城田里,호구총수
於城里,호구총수
於堤里,호구총수
於寧里,호구총수
於屯里,호구총수
於峙村,호구총수
於峙里,호구총수
於峴里,호구총수
於嶺里,호구총수
於川里,호구총수
於巨洞里,호구총수
於得里,호구총수
於德村,호구총수
於德村里,호구총수
於德里,호구총수
於恩洞,호구총수
於應洞,호구총수
於應赤島,여지도서
於斗雲里,호구총수
於方,역지사지LV3
於方里,호구총수
於日里,호구총수
於是山里,호구총수
於未曲部曲,특수구역
於東,역지사지LV3
於林洞,호구총수
於每洞,호구총수
於毛所,특수구역
於汀灘,여지도서
於沼里,호구총수
於洞,역지사지LV3
於浪洞,호구총수
於湖古介里,호구총수
於溫洞,호구총수
於溫洞里,호구총수
於溫浦里,호구총수
於火,역지사지LV3
於火峴,여지도서
於火面,호구총수
於牙部曲,특수구역
於王里,호구총수
於瑟峙里,호구총수
於田里,호구총수
於等山,역지사지LV3
於等山面,호구총수
於羅城里,호구총수
於羅山,여지도서
於羅山里,호구총수
於羅田里,호구총수
於羅里,호구총수
於義島,여지도서·호구총수
於義洞,호구총수
於義洞契,호구총수
於義洞里,호구총수
於義谷里,호구총수
於背洞里,호구총수
於背院,군현역원
於自里,호구총수
於良川里,호구총수
於色里,호구총수
於草里,호구총수
於萊山,여지도서
於萬里,호구총수
於蘭里,호구총수
於衣谷里,호구총수
於論里,호구총수
於谷,호구총수
於谷里,호구총수
於貌項里,호구총수
於賜川,여지도서
於賢里,호구총수
於赤島,여지도서
於逸里,호구총수
於運峴,신증동국여지승람
於道,호구총수
於道隱里,호구총수
於邑三里,호구총수
於郞山,여지도서
於里,호구총수
於里光里,호구총수
於里內山,여지도서
於里山,여지도서
於里山里,호구총수
於金里,호구총수
於陵洞,호구총수
於隱洞,역지사지LV3·호구총수
於隱洞里,호구총수
於雲,역지사지LV3
於雲洞,역지사지LV3
於雲洞里,호구총수
於雲里,호구총수
於靑島,호구총수
於非呑里,호구총수
於音里,호구총수
於音非里,호구총수
於項,역지사지LV3
於項右,역지사지LV3
於項坊,호구총수
於項左,역지사지LV3
施利,군현역원·역지사지LV3
施利社,호구총수
施禮里,호구총수
旀丁浦里,호구총수
旀乃,역지사지LV3
旀乃川里,호구총수
旀乃里,호구총수
旀乃面,호구총수
旀乙浦里,호구총수
旀內,역지사지LV3
旀內面,호구총수
旀力,역지사지LV3
旀力面,호구총수
旀南里,호구총수
旀城里,호구총수
旀屯里,호구총수
旀川里,호구총수
旀朔,호구총수
旀法島,호구총수
旀洞,호구총수
旀津坊,호구총수
旀田洞,호구총수
旀田里,호구총수
旀知串,역지사지LV3
旀知串面,호구총수
旀良里,호구총수
旀西里,호구총수
旀許里,호구총수
旀谷里,호구총수
旀農,호구총수
旀造井里,호구총수
旀達村,호구총수
旁林,역지사지LV3
旃檀山,여지도서
旅之洞,역지사지LV3
旅貞院,군현역원
旌善,군현역원·역지사지LV3
旌義,군현역원·역지사지LV3
旌門里,호구총수
旕山,역지사지LV3
旕山島,호구총수
旕茷洞,호구총수
旕里,호구총수
旗亭村,호구총수
旗田里,호구총수
旗足里,호구총수
日丁里,호구총수
日下,역지사지LV3
日九之里,호구총수
日伊洞里,호구총수
日光,역지사지LV3
日光里,호구총수
日出峯,여지도서
日古里,호구총수
日吉里,호구총수
日山,여지도서
日山島,호구총수
日山津里,호구총수
日岳洞里,호구총수
日建里,호구총수
日彦里,호구총수
日影臺契,호구총수
日愛堂里,호구총수
日新,군현역원·역지사지LV3
日新北川,신증동국여지승람
日新坊,호구총수
日新洞,호구총수
日新里,호구총수
日旺,역지사지LV3
日暮里,호구총수
日曆里,호구총수
日月,역지사지LV3
日月山,여지도서
日月洞,호구총수
日月里,호구총수
日王洞里,호구총수
日用,역지사지LV3
日興,군현역원
日良垈里,호구총수
日荊,역지사지LV3
日落,호구총수
日蓮池,역지사지LV3
日課岳,여지도서
日谿縣,특수구역
日豪里,호구총수
日連池,역지사지LV3
日連池坊,호구총수
日遊里,호구총수
日里,호구총수
日陽古里,호구총수
日陽洞里,호구총수
日飛里,호구총수
日馬谷,호구총수
旨內村,호구총수
旨北,역지사지LV3
旨南村,호구총수
旨卽寸,호구총수
旨寺里,호구총수
旨川,여지도서
旨村,호구총수
旨郞里,호구총수
旨音里,호구총수
早日里,호구총수
早栗里,호구총수
早發島,호구총수
早谷山,신증동국여지승람
早遯,호구총수
早遯津,여지도서
旬一里,호구총수
旬里,호구총수
旭上洞,호구총수
旭下洞,호구총수
旭谷里,호구총수
旱峙,호구총수
旺乙伊,역지사지LV3
旺井里,호구총수
旺亭里,호구총수
旺來,역지사지LV3
旺信里,호구총수
旺倫,역지사지LV3
旺內,역지사지LV3
旺內面,호구총수
旺升里,호구총수
旺地閭,호구총수
旺垈洞,호구총수
旺垈里,호구총수
旺堂里,호구총수
旺大洞,호구총수
旺山,역지사지LV3
旺山村,호구총수
旺山里,호구총수
旺岱洞,호구총수
旺巖佛堂里,호구총수
旺巖里,호구총수
旺巨里,호구총수
旺德里,호구총수
旺心山胎峯,여지도서
旺方里,호구총수
旺旨,역지사지LV3
旺旨面,호구총수
旺東里,호구총수
旺林洞里,호구총수
旺林里,호구총수
旺池洞里,호구총수
旺洞里,호구총수
旺津里,호구총수
旺澄,역지사지LV3
旺田里,호구총수
旺登島,호구총수
旺西里,호구총수
旺谷,역지사지LV3
旺谷上里,호구총수
旺谷下里,호구총수
旺谷里,호구총수
旺谷面,호구총수
旺道洞里,호구총수
旺都洞里,호구총수
旺野里,호구총수
昆一,역지사지LV3
昆一始,역지사지LV3
昆一始面,호구총수
昆一終,역지사지LV3
昆一終面,호구총수
昆二,역지사지LV3
昆二始,역지사지LV3
昆二始面,호구총수
昆二終,역지사지LV3
昆二終面,호구총수
昆南,군현역원
昆大洞內,호구총수
昆明,역지사지LV3
昆明村,호구총수
昆明面,호구총수
昆朱峴,호구총수
昆池厓,군현역원
昆法里,호구총수
昆湄,특수구역
昆湄廢縣,특수구역
昆達里,호구총수
昆里島,호구총수
昆陽,군현역원·역지사지LV3
昆陽津,여지도서
昇仙,역지사지LV3
昇天府津院,군현역원
昇天浦,신증동국여지승람·여지도서
昇天浦院,군현역원
昇峙里,호구총수
昇平里,호구총수
昇方里,호구총수
昇村,호구총수
昇荒洞,호구총수
昇黃島,신증동국여지승람
昇龍里,호구총수
昌亭,호구총수
昌仁,군현역원
昌仁坪,역지사지LV3
昌仁坪面,호구총수
昌仁里,호구총수
昌介里,호구총수
昌佐里,호구총수
昌保,군현역원·호구총수
昌儀里,호구총수
昌八里,호구총수
昌原,군현역원·역지사지LV3
昌善,역지사지LV3
昌善坊,호구총수
昌善村,호구총수
昌善洞一契,호구총수
昌善洞二契,호구총수
昌善里,호구총수
昌坪里,호구총수
昌城,군현역원·여지도서·역지사지LV3
昌城里,호구총수
昌寧,군현역원·역지사지LV3·호구총수
昌寧洞,호구총수
昌居,특수구역
昌居所,특수구역
昌山里,호구총수
昌屹,호구총수
昌屹院,군현역원
昌州,군현역원·역지사지LV3
昌平,군현역원·역지사지LV3
昌廛中路契,호구총수
昌廛行廊契,호구총수
昌德,군현역원·역지사지LV3
昌德宮昌慶宮,역지사지LV3
昌承里,호구총수
昌斗,역지사지LV3
昌新,군현역원
昌新里,호구총수
昌樂,군현역원·역지사지LV3
昌樂面,호구총수
昌武亭,호구총수
昌泰,군현역원
昌洞,호구총수
昌洲,군현역원·역지사지LV3
昌洲川,여지도서
昌洲面,호구총수
昌活,군현역원
昌活藪,신증동국여지승람
昌活里,호구총수
昌牛浦,호구총수
昌福里,호구총수
昌道,군현역원·역지사지LV3
昌道里,호구총수
昌陵里,호구총수
昌麟島,여지도서
昌麟里,호구총수
昌樂驛南院,군현역원
明之山里,호구총수
明之目店里,호구총수
明之目里,호구총수
明五里,호구총수
明井洞,호구총수
明今,역지사지LV3
明來洞,호구총수
明信里,호구총수
明原,군현역원
明友里,호구총수
明哲,역지사지LV3
明哲坊,호구총수
明地九里,호구총수
明堂洞內,호구총수
明堂里,호구총수
明場里,호구총수
明塘洞,호구총수
明孝,역지사지LV3
明孝社,호구총수
明山村,호구총수
明岩,역지사지LV3
明巖,역지사지LV3
明巖坊,호구총수
明川,군현역원
明川里,호구총수
明德山,여지도서
明德里,호구총수
明性里,호구총수
明敎里,호구총수
明文里,호구총수
明星堂里,호구총수
明星峴,여지도서
明星里,호구총수
明是乃里,호구총수
明智洞里,호구총수
明月,역지사지LV3
明月坊,호구총수
明月山,여지도서·호구총수
明月村,호구총수
明月浦,여지도서
明月縣,특수구역
明月里,호구총수
明月面,호구총수
明東里,호구총수
明松亭里,호구총수
明泉里,호구총수
明波,군현역원
明波川,여지도서
明波里,호구총수
明活山,여지도서
明海所,특수구역
明湖,역지사지LV3
明湖里,호구총수
明溪里,호구총수
明澗,역지사지LV3
明澗川,여지도서
明澗社,호구총수
明澗里,호구총수
明珍里,호구총수
明珠洞,호구총수
明禮,역지사지LV3
明禮坊,호구총수
明禮洞,호구총수
明禮洞契,호구총수
明莊洞坊,호구총수
明莊里,호구총수
明谷里,호구총수
明農里,호구총수
明通里,호구총수
明逸院洞,호구총수
明道里,호구총수
明達里,호구총수
明間川,여지도서
明龜,역지사지LV3
易呑,호구총수
易界山,여지도서
昔南里,호구총수
星下里,호구총수
星代,역지사지LV3
星代社,호구총수
星內,역지사지LV3
星南里,호구총수
星台,역지사지LV3
星台山,여지도서
星四里,호구총수
星坪村,호구총수
星垈,역지사지LV3
星垈里,호구총수
星奇,군현역원
星山,여지도서·역지사지LV3·호구총수
星山里,호구총수
星岱,역지사지LV3
星峙里,호구총수
星峴里,호구총수
星巖,호구총수
星巖村里,호구총수
星巖里,호구총수
星川,여지도서
星川里,호구총수
星州,군현역원·역지사지LV3
星州山,여지도서
星州里,호구총수
星摩嶺,여지도서
星松,역지사지LV3
星橋里,호구총수
星橋院,군현역원
星洞,역지사지LV3·호구총수
星洞里,호구총수
星洞面,호구총수
星湖里,호구총수
星省院,군현역원·호구총수
星知山,신증동국여지승람
星羅峴,여지도서
星萬里,호구총수
星谷里,호구총수
星里,호구총수
星院里,호구총수
春元,역지사지LV3
春元浦,여지도서
春元面,호구총수
春原,군현역원
春夫洞里,호구총수
春山,역지사지LV3
春川,군현역원·역지사지LV3
春州,군현역원
春明山,여지도서
春望亭,호구총수
春柳,역지사지LV3
春洞里,호구총수
春浦,여지도서·역지사지LV3
春浦面,호구총수
春甘,특수구역
春甘部曲,특수구역
春甘里,호구총수
春生,호구총수
春福里,호구총수
春谷,군현역원·역지사지LV3
春谷面,호구총수
春長里,호구총수
春院,군현역원
春陽,역지사지LV3·특수구역
春陽縣,특수구역
春陽面,호구총수
昧谷山,신증동국여지승람
昭台里,호구총수
昭君山,여지도서
昭文里,호구총수
昭泉,호구총수
昭里,호구총수
昭陽江,여지도서
是味村,호구총수
是洞里,호구총수
時上,역지사지LV3
時下,역지사지LV3
時中,역지사지LV3
時介,신증동국여지승람
時來山里,호구총수
時來里,호구총수
時倉里,호구총수
時化,군현역원
時化上里,호구총수
時化下里,호구총수
時南東村,호구총수
時南西村,호구총수
時南里,호구총수
時和,군현역원
時山,역지사지LV3
時才洞,호구총수
時新浦里,호구총수
時方洞,역지사지LV3
時旺,역지사지LV3
時旺洞,역지사지LV3
時旺洞面,호구총수
時旺里,호구총수
時時川,역지사지LV3
時時川坊上端,역지사지LV3
時時川坊上端面,호구총수
時時川坊下端,역지사지LV3
時時川坊下端面,호구총수
時時川院,군현역원
時洞里,호구총수
時禮里,호구총수
時羅山,역지사지LV3
時羅山坊,호구총수
時美洞,호구총수
時興,군현역원
時興里,호구총수
時良里,호구총수
時草,역지사지LV3
時落島,여지도서
時落浦,여지도서
時落浦里,호구총수
時間,역지사지LV3
時音里,호구총수
晉國里,호구총수
晉城,역지사지LV3
晉城部曲,특수구역
晉州,역지사지LV3
晋州,군현역원
晋州洞里,호구총수
晤道里,호구총수
晦洞村,호구총수
晨星里,호구총수
晩吉里,호구총수
晩旨洞里,호구총수
晩旨里,호구총수
晩春里,호구총수
晩智洞里,호구총수
晩村里,호구총수
晩洞里,호구총수
晩翠亭里,호구총수
晩者里,호구총수
晩舞里,호구총수
晩谷,역지사지LV3
晩谷里,호구총수
晩達,역지사지LV3
晩醒里,호구총수
晩陰里,호구총수
晩陽里,호구총수
晩雲里,호구총수
晩頂里,호구총수
晩項里,호구총수
普光,역지사지LV3
普光山,여지도서
普光村,호구총수
普光面,호구총수
普坪里,호구총수
普天,역지사지LV3
普惠,역지사지LV3
普施院,군현역원
普林,역지사지LV3
普濟院,군현역원
普濟院院,군현역원
普賢,역지사지LV3
普賢山,세종실록지리지·신증동국여지승람·여지도서
普賢山下流,여지도서
普賢峯,여지도서
普賢院,군현역원
普通,호구총수
普通院,군현역원
普門,역지사지LV3
普門山,여지도서
普門里,호구총수
普門面,호구총수
普院,역지사지LV3
普院坊,호구총수
普雲,역지사지LV3
景堤里,호구총수
景山,여지도서·역지사지LV3
景山村,호구총수
景峙里,호구총수
景巖,호구총수
景巖村,호구총수
景慕宮,역지사지LV3
景慕宮坊,호구총수
景明,특수구역
景明鄕,특수구역
景汀,여지도서
景汀津里,호구총수
景汀陸里,호구총수
景浦,신증동국여지승람·역지사지LV3
景浦社,호구총수
景申,군현역원
景福宮,역지사지LV3
景賢里,호구총수
景陵里,호구총수
景陽,군현역원·역지사지LV3
景雲,역지사지LV3
景雲里,호구총수
景項山,신증동국여지승람
晴川里,호구총수
晴川陣里,호구총수
晴日,역지사지LV3
晴日里,호구총수
晴日面,호구총수
晴湖,역지사지LV3
晴湖里,호구총수
晶湖,역지사지LV3
晶湖坊,호구총수
智仁里,호구총수
智佐坪里,호구총수
智來山,여지도서
智保,군현역원
智力山,여지도서
智勒山,여지도서
智品里,호구총수
智城,역지사지LV3
智壯洞,호구총수
智妙里,호구총수
智山,역지사지LV3
智島,신증동국여지승람·역지사지LV3·호구총수
智川里,호구총수
智德,역지사지LV3
智惠洞里,호구총수
智水,역지사지LV3·호구총수
智洞里,호구총수
智淵里,호구총수
智異山,세종실록지리지
智興洞,호구총수
智藏洞,호구총수
智谷,역지사지LV3
智谷村,호구총수
智谷洞,호구총수
智谷里,호구총수
智足垈里,호구총수
智足鄕里,호구총수
智雨山,여지도서
智靈山,여지도서
智音里,호구총수
智異山,신증동국여지승람·여지도서
暑洞里,호구총수
暗南里,호구총수
暗洞里,호구총수
暘亭,호구총수
暘社,역지사지LV3
暘谷里,호구총수
暮加,역지사지LV3
暮山,역지사지LV3
暮山面,호구총수
暮日里,호구총수
暮村,호구총수
暮烟臺里,호구총수
暮隱潭里,호구총수
暹安里,호구총수
曇花里,호구총수
曉別岳,신증동국여지승람
曉山村,호구총수
曉星山,여지도서
曉星岾,여지도서
曉星里,호구총수
曉洞村,호구총수
曉花里,호구총수
曉谷里,호구총수
曉鍾山,여지도서
曦陽山,세종실록지리지·여지도서
曲乭洞里,호구총수
曲亭里,호구총수
曲城里,호구총수
曲山,여지도서·특수구역
曲山鄕,특수구역
曲峴,여지도서
曲峴里,호구총수
曲巖里,호구총수
曲川里,호구총수
曲村,호구총수
曲松,역지사지LV3
曲松里,호구총수
曲柳村,호구총수
曲橋,여지도서
曲橋洞,호구총수
曲橋里,호구총수
曲水川,여지도서
曲水里,호구총수
曲江,여지도서·역지사지LV3
曲江里,호구총수
曲江面,호구총수
曲池里,호구총수
曲河,역지사지LV3
曲河坊上端,역지사지LV3
曲河坊上端面,호구총수
曲河坊下端,역지사지LV3
曲河坊下端面,호구총수
曲河池,호구총수
曲浦里,호구총수
曲淵里,호구총수
曲溪,신증동국여지승람
曲溪部曲,특수구역
曲溪里,호구총수
曲澗里,호구총수
曲火川,역지사지LV3
曲火川面,호구총수
曲谷上里,호구총수
曲谷中里,호구총수
曳下里,호구총수
曳仙,역지사지LV3
曳仙面,호구총수
曳城里,호구총수
曳尾村,호구총수
曳山,역지사지LV3
曳泥,호구총수
曳舟里,호구총수
曳谷里,호구총수
書之洞里,호구총수
書前里,호구총수
書員里,호구총수
書基村,호구총수
書堂,호구총수
書堂上里,호구총수
書堂下里,호구총수
書堂中里,호구총수
書堂仇非里,호구총수
書堂坪里,호구총수
書堂村,호구총수
書堂村里,호구총수
書堂洞,호구총수
書堂里,호구총수
書堂閭,호구총수
書巖里,호구총수
書經里,호구총수
書院,역지사지LV3·호구총수
書院上里,호구총수
書院下里,호구총수
書院中里,호구총수
書院基,호구총수
書院村,호구총수
書院里,호구총수
書頭里,호구총수
書齋洞里,호구총수
書齋里,호구총수
曹宗里,호구총수
曹溪,군현역원
曺世弘契,호구총수
曺判府事契,호구총수
曺峴村,호구총수
曺東山,여지도서
曺溪山,여지도서
曾一里,호구총수
曾坪,역지사지LV3
曾士洞,호구총수
曾子川里,호구총수
曾子洞,호구총수
曾子洞里,호구총수
曾居洞,호구총수
曾山,역지사지LV3
曾山里,호구총수
曾村里,호구총수
曾溪里,호구총수
曾谷里,호구총수
最頂山,여지도서
會仁洞,호구총수
會仙洞,호구총수
會仙洞里,호구총수
會倉,역지사지LV3
會元,군현역원
會元亭里,호구총수
會原古縣,특수구역
會台里,호구총수
會叱家川,여지도서
會同,군현역원
會和亭,호구총수
會安里,호구총수
會寧,역지사지LV3·특수구역
會寧鎭,호구총수
會寧面,호구총수
會島,호구총수
會德里,호구총수
會成洞,호구총수
會村,호구총수
會泉,역지사지LV3
會洞,군현역원
會洞里,호구총수
會津,특수구역
會津廢縣,특수구역
會湖亭,호구총수
會溪洞里,호구총수
會睦里,호구총수
會社,호구총수
會稽山,여지도서
會聖里,호구총수
會花亭,호구총수
會花里,호구총수
會華,역지사지LV3
會菴山,세종실록지리지
會話里,호구총수
會賢,역지사지LV3
會賢坊,호구총수
會賢洞,호구총수
會賢洞契,호구총수
會賢里,호구총수
會賢面,호구총수
會里,역지사지LV3
會陽里,호구총수
會面,호구총수
會麟,역지사지LV3
會龍,호구총수
會龍村,호구총수
會龍洞,호구총수
會龍洞里,호구총수
會龍里,호구총수
會寧,군현역원
會寧廢縣,특수구역
月下亭里,호구총수
月下山,여지도서·호구총수
月下山里,호구총수
月下村里,호구총수
月下洞,호구총수
月下端里,호구총수
月下里,호구총수
月串,역지사지LV3·호구총수
月串之里,호구총수
月串里,호구총수
月乃,호구총수
月乃洞里,호구총수
月乎山,신증동국여지승람
月乎洞,역지사지LV3
月乎洞面,호구총수
月也,역지사지LV3
月五川里,호구총수
月井峯,여지도서
月井里,호구총수
月亭里,호구총수
月仙洞里,호구총수
月令里,호구총수
月伊山,여지도서
月伊洞里,호구총수
月伊谷,특수구역
月伊谷部曲,특수구역
月休里,호구총수
月來川,여지도서
月來洞,호구총수
月來洞里,호구총수
月光里,호구총수
月入皮里,호구총수
月內洞,호구총수
月內浦,호구총수
月內里,호구총수
月內閭,호구총수
月出,세종실록지리지
月出山,여지도서
月出峯,여지도서
月化,역지사지LV3
月化里,역지사지LV3
月午,역지사지LV3
月午洞,역지사지LV3·호구총수
月午洞面,호구총수
月南村,호구총수
月南里,호구총수
月去里,호구총수
月古之里,호구총수
月古里,호구총수
月呼里,호구총수
月單,호구총수
月嘉興里,호구총수
月坪里,호구총수
月垈里,호구총수
月城,역지사지LV3
月城堂本村,호구총수
月城山,신증동국여지승람
月城洞,호구총수
月城里,호구총수
月堂里,호구총수
月塢里,호구총수
月外里,호구총수
月安里,호구총수
月封山,여지도서
月對村,호구총수
月尾山,여지도서
月尾島,호구총수
月屈里,호구총수
月山,여지도서·역지사지LV3·호구총수
月山洞里,호구총수
月山里,호구총수
月山面,호구총수
月岑里,호구총수
月岳,역지사지LV3
月岳山,여지도서
月岳里,호구총수
月岳面,호구총수
月峙,호구총수
月峙里,호구총수
月峯,여지도서·호구총수
月峯山,여지도서
月峯里,호구총수
月峰山,여지도서
月峰里,호구총수
月峴里,호구총수
月嶽,세종실록지리지
月嶽山,여지도서
月巖,호구총수
月巖山,여지도서
月巖洞,호구총수
月巖里,호구총수
月川,여지도서·역지사지LV3·호구총수
月川洞里,호구총수
月川里,호구총수
月幕里,호구총수
月平里,호구총수
月底洞里,호구총수
月延里,호구총수
月弄,호구총수
月引洞,호구총수
月弦里,호구총수
月影垈,호구총수
月影洞,호구총수
月影臺,신증동국여지승람
月影里,호구총수
月恒,역지사지LV3
月所,호구총수
月掘里,호구총수
月新洞里,호구총수
月新里,호구총수
月昌里,호구총수
月明垈,호구총수
月明山,여지도서
月明村,호구총수
月明村里,호구총수
月明洞里,호구총수
月明潭,여지도서
月明里,호구총수
月星里,호구총수
月暈里,호구총수
月朗里,호구총수
月未,역지사지LV3
月未村,호구총수
月村,역지사지LV3·호구총수
月村里,호구총수
月村面,호구총수
月東村,호구총수
月松亭,호구총수
月松亭村,호구총수
月松亭里,호구총수
月松里,호구총수
月林里,호구총수
月桂里,호구총수
月梅里,호구총수
月梧里,호구총수
月橋村,호구총수
月正山,여지도서
月永里,호구총수
月江里,호구총수
月河洞,호구총수
月泉洞,호구총수
月波村,호구총수
月洞,역지사지LV3·호구총수
月洞村,호구총수
月洞里,호구총수
月流洞,호구총수
月浦,역지사지LV3
月浦川,여지도서
月浦村,호구총수
月浦洞,호구총수
月浦里,호구총수
月浦面,호구총수
月海村,호구총수
月淵村,호구총수
月淸,호구총수
月湖新里,호구총수
月湖村,호구총수
月湖里,호구총수
月溪,호구총수
月溪遷,여지도서
月溪里,호구총수
月溪院,군현역원
月溫峴,호구총수
月漢,호구총수
月澄峴,호구총수
月瀨灘,여지도서
月灘,역지사지LV3
月灘坊,호구총수
月灘里,호구총수
月火村,호구총수
月照里,호구총수
月燈,역지사지LV3
月牙丘介浦,호구총수
月牙山,여지도서
月牙谷,호구총수
月牙部曲,특수구역
月牛洞,역지사지LV3
月瓮山,여지도서
月甘里,호구총수
月甫里,호구총수
月田里,호구총수
月登,역지사지LV3
月登里,호구총수
月登面,호구총수
月盈淵,여지도서
月盈里,호구총수
月盤,호구총수
月眉山,호구총수
月祿,역지사지LV3
月移山里,호구총수
月窟山,여지도서
月窟里,호구총수
月籠,역지사지LV3
月籠山,여지도서
月精洞川,여지도서
月羅井池,신증동국여지승람
月羅山,신증동국여지승람
月羅山里,호구총수
月羅岳,여지도서
月羅村,호구총수
月羅里,호구총수
月老上里,호구총수
月老下里,호구총수
月老島,신증동국여지승람
月老洞,여지도서·호구총수
月老里,호구총수
月背,역지사지LV3
月背里,호구총수
月背面,호구총수
月臨,호구총수
月興里,호구총수
月良垈里,호구총수
月良村,역지사지LV3
月良村面,호구총수
月良谷,역지사지LV3
月良谷坊,호구총수
月華,역지사지LV3
月華亭,호구총수
月華面,호구총수
月落村,호구총수
月落灘,여지도서
月落里,호구총수
月西村里,호구총수
月見里,호구총수
月谷,역지사지LV3·호구총수
月谷坪,호구총수
月谷所,특수구역
月谷村,호구총수
月谷里,호구총수
月谷閭,호구총수
月谷面,호구총수
月赤里,호구총수
月輪里,호구총수
月近亭,호구총수
月通里,호구총수
月連臺,호구총수
月郞村,호구총수
月郞洞閭,호구총수
月郞里,호구총수
月里,호구총수
月陽村,역지사지LV3
月隱,호구총수
月隱乃嶺,여지도서
月隱亭,호구총수
月隱洞里,호구총수
月隱里,호구총수
月雲川里,호구총수
月雲村,호구총수
月雲洞里,호구총수
月雲里,호구총수
月音里,호구총수
月項里,호구총수
月飛,호구총수
月飛上村,호구총수
月飛下村,호구총수
月餘串,역지사지LV3
月餘串面,호구총수
月鶴里,호구총수
有亭洞,호구총수
有亭里,호구총수
有仁,역지사지LV3
有仁里,호구총수
有今里,호구총수
有信,역지사지LV3
有信洞里,호구총수
有信社,호구총수
有司洞,호구총수
有土洞村,호구총수
有垈里,호구총수
有實部曲,특수구역
有德,역지사지LV3
有德山里,호구총수
有恥,역지사지LV3·특수구역
有恥鄕,특수구역
有恥面,호구총수
有治,역지사지LV3
有率,특수구역
有眞里,호구총수
有良洞,호구총수
有道巖里,호구총수
有隣,군현역원
有麟,군현역원
有龍洞,호구총수
朋友里,호구총수
朔善洞里,호구총수
朔安,군현역원
朔寧,군현역원·역지사지LV3
朔寧渡,여지도서
朔州,군현역원·역지사지LV3
朔是里,호구총수
朔邑里,호구총수
朔面,역지사지LV3
朔面坊,호구총수
朗山,역지사지LV3
朗月里,호구총수
望下西里,호구총수
望亭洞,호구총수
望亭洞內,호구총수
望亭里,호구총수
望仙洞,호구총수
望北亭,호구총수
望北洞,호구총수
望友亭,호구총수
望古,호구총수
望唐山,여지도서
望地里,호구총수
望坪里,호구총수
望城,역지사지LV3
望宗里,호구총수
望山里,호구총수
望峙里,호구총수
望峙閭,호구총수
望川里,호구총수
望帝山,여지도서
望德山,신증동국여지승람
望德洞,호구총수
望德里,호구총수
望心山,여지도서
望所村,호구총수
望所里,호구총수
望敵山,여지도서
望日,호구총수
望日山,여지도서
望日峯,여지도서
望日菴里,호구총수
望日里,호구총수
望昌,군현역원
望昌山,여지도서
望星,역지사지LV3
望星里,호구총수
望晉山,여지도서
望月亭里,호구총수
望月山,여지도서
望月峯,여지도서
望月村,호구총수
望月洞,호구총수
望月洞里,호구총수
望月里,호구총수
望東里,호구총수
望林里,호구총수
望氣山,여지도서
望汀,군현역원
望沓上里,호구총수
望沓下里,호구총수
望洋里,호구총수
望洞,호구총수
望洞里,호구총수
望洞閭,호구총수
望浦里,호구총수
望海,역지사지LV3
望海亭里,호구총수
望海山,신증동국여지승람·여지도서
望海洞,호구총수
望海洞里,호구총수
望海里,호구총수
望湖亭,호구총수
望田里,호구총수
望祥,역지사지LV3
望祥面,호구총수
望耳山,여지도서
望表洞里,호구총수
望谷里,호구총수
望辰里,호구총수
望遠亭一契,호구총수
望遠亭三契,호구총수
望遠亭二契,호구총수
望里,호구총수
望長,역지사지LV3
望闕,역지사지LV3
望闕面,호구총수
望隣,군현역원
望雲,역지사지LV3·특수구역
望雲山,여지도서
望雲部曲,특수구역
望雲里,호구총수
望雲院,군현역원
望雲面,호구총수
望高臺,여지도서
望齋巖村,호구총수
朝天,역지사지LV3
朝天浦,여지도서
朝天里,호구총수
朝宗,역지사지LV3
朝宗上,역지사지LV3
朝宗上面,호구총수
朝宗下,역지사지LV3
朝宗下面,호구총수
朝宗縣,특수구역
朝會洞,호구총수
朝東,군현역원
朝珍,군현역원
朝珍里,호구총수
朝貢川,여지도서
朝貢浦,여지도서
朝陽,역지사지LV3·호구총수
朝陽坊,호구총수
朝陽山,여지도서
朝陽里,호구총수
朝雲,역지사지LV3
朝驛里,호구총수
木三里,호구총수
木上里,호구총수
木下里,호구총수
木中里,호구총수
木串里,호구총수
木井里,호구총수
木伐里,호구총수
木億村,호구총수
木城里,호구총수
木子里,호구총수
木宗里,호구총수
木寺洞,역지사지LV3·호구총수
木寺洞面,호구총수
木寺里,호구총수
木尺里,호구총수
木山,역지사지LV3
木山里,호구총수
木山面,호구총수
木岳,역지사지LV3·특수구역
木岳部曲,특수구역
木岳里,호구총수
木岳面,호구총수
木川,군현역원·역지사지LV3
木州,군현역원
木忠,역지사지LV3
木所里,호구총수
木接洞里,호구총수
木旺里,호구총수
木村,역지사지LV3·호구총수
木村所,특수구역
木村部曲,특수구역
木村里,호구총수
木村面,호구총수
木果,역지사지LV3
木果亭里,호구총수
木果村,호구총수
木果洞,역지사지LV3·호구총수
木果洞里,호구총수
木果洞面,호구총수
木果里,호구총수
木枝里,호구총수
木柳器店,호구총수
木桶村,호구총수
木梯川,여지도서
木橋,호구총수
木橋里,호구총수
木洞,역지사지LV3·호구총수
木洞村,호구총수
木洞里,호구총수
木洞面,호구총수
木津里,호구총수
木浦,역지사지LV3
木浦里,호구총수
木淵,역지사지LV3
木淵里,호구총수
木淵面,호구총수
木溪,군현역원
木瓜,역지사지LV3
木甘,역지사지LV3
木甘坊,호구총수
木甘里,호구총수
木甫里,호구총수
木田,역지사지LV3
木田面,호구총수
木界,군현역원
木界里,호구총수
木稀里,호구총수
木花田里,호구총수
木花谷里,호구총수
木落村,호구총수
木落里,호구총수
木蓮里,호구총수
木薪里,호구총수
木街里,호구총수
木覓,세종실록지리지
木覓山,신증동국여지승람·여지도서
木谷,역지사지LV3
木谷坊,호구총수
木谷里,호구총수
木達里,호구총수
木金里,호구총수
木閣村,호구총수
木霜里,호구총수
木麥村,호구총수
未九里,호구총수
未力里,호구총수
未原洞,역지사지LV3
未屹村,호구총수
未源,역지사지LV3
未牙鄕,특수구역
未石,역지사지LV3
未老,역지사지LV3
未老里,역지사지LV3
未老里面,호구총수
未草栗嶺,신증동국여지승람
未要,역지사지LV3
未面里,호구총수
末乙上串,여지도서
末乙川院,군현역원
末亦,역지사지LV3
末亦村,역지사지LV3
末亦村面,호구총수
末亭里,호구총수
末傑里,호구총수
末兀浦,여지도서
末前里,호구총수
末只毛里,호구총수
末只里,호구총수
末呑山,여지도서
末土里,역지사지LV3
末地洞內,호구총수
末山村,호구총수
末山里,호구총수
末屹山,신증동국여지승람·여지도서·호구총수
末屹山契,호구총수
末屹洞,호구총수
末岩,역지사지LV3
末峙,호구총수
末巖,역지사지LV3
末巖里,호구총수
末巖面,호구총수
末川,역지사지LV3
末川坊,호구총수
末川里,호구총수
末巨里峙,여지도서
末應山,여지도서
末應達山,여지도서
末應里,호구총수
末文,역지사지LV3
末文里,호구총수
末斤鄕,특수구역
末斤里,호구총수
末方村,호구총수
末方里,호구총수
末暉嶺,신증동국여지승람
末村,역지사지LV3
末武致,호구총수
末汗里,호구총수
末沙,호구총수
末源,역지사지LV3
末源坊,호구총수
末灘里,호구총수
末田里,호구총수
末由里,호구총수
末聾洞,호구총수
末訖大里,호구총수
末訖山,신증동국여지승람
末訖川,여지도서
末訖川坪,신증동국여지승람
末訖灘,여지도서
末訖羅山,여지도서
末谷,역지사지LV3
末谷鄕,특수구역
末谷里,호구총수
末輝里,호구총수
末阿,특수구역
末院,군현역원
末音里,호구총수
本上里,호구총수
本下里,호구총수
本井,특수구역
本井村,호구총수
本井鄕,특수구역
本休知村,호구총수
本儀谷里,호구총수
本南谷村,호구총수
本南里,호구총수
本堰里,호구총수
本大招村,호구총수
本大谷村,호구총수
本宮里,호구총수
本山部曲,특수구역
本山里,호구총수
本席卜村,호구총수
本府,특수구역
本德上里,호구총수
本德谷村,호구총수
本德里,호구총수
本新村,호구총수
本昌樂村,호구총수
本村,역지사지LV3·호구총수
本村里,호구총수
本栗洞,호구총수
本汗里,호구총수
本法谷,호구총수
本洞,호구총수
本洞內,호구총수
本洞里,호구총수
本洞閭,호구총수
本浦里,호구총수
本漁村,호구총수
本牙,역지사지LV3
本牙里,역지사지LV3
本牙里坊,호구총수
本白峴,호구총수
本目里,호구총수
本竹谷里,호구총수
本良,역지사지LV3
本遊長村,호구총수
本郁谷里,호구총수
本部,역지사지LV3
本部面,호구총수
本里,호구총수
本雅,역지사지LV3
本驛里,호구총수
本黃屯里,호구총수
本黃里,호구총수
朱串里,호구총수
朱乙溫,역지사지LV3
朱乙溫川,여지도서
朱令里,호구총수
朱伊,역지사지LV3
朱伊社,호구총수
朱北,역지사지LV3
朱北面,호구총수
朱南,역지사지LV3
朱原島,여지도서
朱友洞里,호구총수
朱地,역지사지LV3
朱地社,호구총수
朱城,역지사지LV3
朱城面,호구총수
朱子川,여지도서·호구총수
朱安,역지사지LV3
朱安面,호구총수
朱岸,역지사지LV3
朱岸山,여지도서
朱巖里,호구총수
朱川,역지사지LV3
朱德里,호구총수
朱村,군현역원·역지사지LV3·호구총수
朱村坊,호구총수
朱村社,호구총수
朱東,역지사지LV3
朱東面,호구총수
朱林,역지사지LV3
朱氷山,여지도서
朱田海里,호구총수
朱田里,호구총수
朱砂里,호구총수
朱礗里,호구총수
朱西,역지사지LV3
朱西面,호구총수
朱訖川,신증동국여지승람
朱雀山,여지도서
朱雁,역지사지LV3
朴丁里,호구총수
朴乃宗契,호구총수
朴井契,호구총수
朴井里,호구총수
朴亭子里,호구총수
朴儒山,여지도서
朴加利山,여지도서
朴勳里,호구총수
朴南里,호구총수
朴古介里,호구총수
朴只,역지사지LV3
朴只山,신증동국여지승람·역지사지LV3
朴只山里,호구총수
朴只島,신증동국여지승람·호구총수
朴只谷津,여지도서
朴吉島,여지도서
朴吉里,호구총수
朴哥洞里,호구총수
朴城里,호구총수
朴執山,여지도서
朴山,군현역원·세종실록지리지·신증동국여지승람·여지도서·호구총수
朴山所,호구총수
朴山所里,호구총수
朴山村,호구총수
朴山洞里,호구총수
朴山部曲,특수구역
朴山里,호구총수
朴峙里,호구총수
朴川洞里,호구총수
朴己守契,호구총수
朴德山,호구총수
朴忠洞里,호구총수
朴成谷里,호구총수
朴成里,호구총수
朴抹島,여지도서
朴排浦,여지도서
朴月里,호구총수
朴木里,호구총수
朴村,호구총수
朴江洞,호구총수
朴洞,호구총수
朴洞里,호구총수
朴津,여지도서
朴淵,신증동국여지승람·여지도서
朴淵里,호구총수
朴石谷,호구총수
朴管里,호구총수
朴繼孫契,호구총수
朴萬島,신증동국여지승람
朴谷,역지사지LV3
朴谷坊,호구총수
朴谷村,호구총수
朴谷里,호구총수
朴谷面,호구총수
朴達山,여지도서
朴達村,호구총수
朴達里,호구총수
朴邑村,호구총수
朴里,호구총수
朴面,호구총수
机山里,호구총수
朽內,역지사지LV3
朽巖村,호구총수
朽斤渡,신증동국여지승람·여지도서
朽浦,여지도서
朽石里,호구총수
朽船,역지사지LV3
朽船坊,호구총수
杆城,군현역원·역지사지LV3
杆曲所,특수구역
杇石村,호구총수
李培德里,호구총수
李太洞里,호구총수
李富德里,호구총수
李尙里,호구총수
李山所,호구총수
李山所里,호구총수
李巳井里,호구총수
李方嶺,신증동국여지승람
李方院,군현역원
李松橋里,호구총수
李永水洞里,호구총수
李盛峯,여지도서
李蔚洞里,호구총수
李陽院,호구총수
杏乬里,호구총수
杏井,역지사지LV3
杏井里,호구총수
杏井面,호구총수
杏亭,역지사지LV3·호구총수
杏亭城,호구총수
杏亭里,호구총수
杏亭院,군현역원
杏壇里,호구총수
杏子亭,호구총수
杏山坪,호구총수
杏山東,호구총수
杏山西,호구총수
杏山里,호구총수
杏岾,여지도서
杏峴里,호구총수
杏村,역지사지LV3·호구총수
杏村坊,호구총수
杏村里,호구총수
杏樹亭里,호구총수
杏洞里,호구총수
杏源里,호구총수
杏灘,여지도서
杏琴里,호구총수
杏田里,호구총수
杏禾里,호구총수
杏竹亭,호구총수
杏花村,호구총수
杏花里,호구총수
杏谷里,호구총수
材谷,군현역원
村上里,호구총수
村介所,특수구역
村內,호구총수
村墻村里,호구총수
村邑,역지사지LV3
村邑面,호구총수
村里,호구총수
杖鼓島,신증동국여지승람
杜倉里,호구총수
杜園里,호구총수
杜山,여지도서
杜峙里,호구총수
杜川洞內,호구총수
杜斗於里,호구총수
杜村,호구총수
杜村洞,호구총수
杜梅里,호구총수
杜母里,호구총수
杜洞里,호구총수
杜浦里,호구총수
杜牧里,호구총수
杜目洞,호구총수
杜舞里,호구총수
杜花里,호구총수
杜西里,호구총수
杜谷村,호구총수
杜谷里,호구총수
杜門洞,여지도서
杜門洞里,호구총수
杜門谷里,호구총수
杜門里,호구총수
杜陵,역지사지LV3
杜陵下里,호구총수
杜陵洞里,호구총수
杜陵里,호구총수
杜陽里,호구총수
杜霧洞里,호구총수
杜鳴里,호구총수
杞城,역지사지LV3
杞溪,역지사지LV3·특수구역
杞溪縣,특수구역
杞溪面,호구총수
束三洞,호구총수
束古川里,호구총수
束沙串里,호구총수
束沙東里,호구총수
束沙洞里,호구총수
束沙里,호구총수
束津里,호구총수
束溪里,호구총수
束草,역지사지LV3
束草洞里,호구총수
束草里,호구총수
束莎洞里,호구총수
束高山,여지도서
条里洞,역지사지LV3
杭佳山里,호구총수
杯川里,호구총수
杯方里,호구총수
杯洞,호구총수
東一導,역지사지LV3
東一運,역지사지LV3
東一道,역지사지LV3
東一面,호구총수
東三平,역지사지LV3
東三運,역지사지LV3
東三部,호구총수
東三里栗串,호구총수
東三面,호구총수
東上,역지사지LV3
東上洞里,호구총수
東上端,호구총수
東上里,호구총수
東上面,호구총수
東下,역지사지LV3
東下目里,호구총수
東下里,호구총수
東下面,호구총수
東世平里,호구총수
東中,역지사지LV3
東中里,호구총수
東中面,호구총수
東主峯,여지도서
東之山里,호구총수
東九山里,호구총수
東也里,호구총수
東二導,역지사지LV3
東二運,역지사지LV3
東二道,역지사지LV3
東二部,호구총수
東二面,호구총수
東五池里,호구총수
東井,역지사지LV3
東井坊,호구총수
東井村,호구총수
東井里,호구총수
東京渡,여지도서
東京里,호구총수
東亭,호구총수
東亭子,호구총수
東亭里,호구총수
東今里,호구총수
東令村,호구총수
東令里,호구총수
東伐桂里,호구총수
東伐里,호구총수
東佐里,호구총수
東作村,호구총수
東來院,군현역원
東信谷里,호구총수
東倉,역지사지LV3
東倉下大川,여지도서
東倉里,호구총수
東倉面,호구총수
東元,역지사지LV3
東元平,역지사지LV3
東元平社,호구총수
東元里,호구총수
東先,역지사지LV3
東先面,호구총수
東內,역지사지LV3
東內洞里,호구총수
東內蓮池里,호구총수
東內面,호구총수
東冷井里,호구총수
東加平,역지사지LV3
東加平社,호구총수
東助里,호구총수
東化,역지사지LV3
東化里,호구총수
東北洞,호구총수
東北面,호구총수
東原,역지사지LV3
東古三里,호구총수
東古介,호구총수
東古川,역지사지LV3
東古旨,호구총수
東台里,호구총수
東吾禮村,호구총수
東吾里,호구총수
東四面,호구총수
東圓,역지사지LV3
東圓面,호구총수
東土洞里,호구총수
東土里,호구총수
東地境里,호구총수
東地莊,호구총수
東坡,군현역원
東坡嶺,신증동국여지승람
東坡里,호구총수
東坪里,호구총수
東垈里,호구총수
東城川,여지도서
東城里,호구총수
東堂峰里,호구총수
東堂里,호구총수
東場里,호구총수
東大,역지사지LV3
東大公,역지사지LV3
東大公里,역지사지LV3
東大公里坊,호구총수
東大山,여지도서
東大川,여지도서
東太里,호구총수
東奄里,호구총수
東奈村,역지사지LV3
東奈村面,호구총수
東始,역지사지LV3
東子山,호구총수
東子院里,호구총수
東孟里,호구총수
東學內契,호구총수
東學洞,호구총수
東學洞契,호구총수
東學洞里,호구총수
東安,군현역원
東安津,여지도서
東安郡,특수구역
東安里,호구총수
東官廳,호구총수
東宣德,역지사지LV3
東少爲里,호구총수
東尾里,호구총수
東山,군현역원·여지도서·역지사지LV3·호구총수
東山內,호구총수
東山坊,호구총수
東山城,호구총수
東山外,역지사지LV3
東山外一作,역지사지LV3
東山外一作面,호구총수
東山外二作,역지사지LV3
東山外二作面,호구총수
東山峙里,호구총수
東山村,호구총수
東山村里,호구총수
東山案,호구총수
東山洞,호구총수
東山洞里,호구총수
東山浦,신증동국여지승람
東山色里,호구총수
東山里,호구총수
東山閭,호구총수
東山面,호구총수
東岐,역지사지LV3
東岐社,호구총수
東峯山,호구총수
東峯里,호구총수
東島,호구총수
東島里,호구총수
東崗洞,호구총수
東嶺村,호구총수
東嶺林里,호구총수
東嶺洞,호구총수
東嶺洞契,호구총수
東嶺洞里,호구총수
東嶺里,호구총수
東嶺面,호구총수
東巖,역지사지LV3
東巖里,호구총수
東川,신증동국여지승람·여지도서·역지사지LV3
東川里,호구총수
東州,군현역원·역지사지LV3
東州內,역지사지LV3
東州內面,호구총수
東州坊,호구총수
東巡里,호구총수
東巨次里,호구총수
東巨里,호구총수
東市巨里,호구총수
東帳藪,신증동국여지승람
東幕,호구총수
東幕村,호구총수
東幕洞,호구총수
東幕洞里,호구총수
東幕里,호구총수
東平,역지사지LV3·특수구역·호구총수
東平縣,특수구역
東平院,군현역원
東幸信里,호구총수
東床里,호구총수
東彌勒里,호구총수
東後,역지사지LV3
東後面,호구총수
東德里,호구총수
東忠里,호구총수
東所井,역지사지LV3
東所井面,호구총수
東所里,호구총수
東指院,군현역원
東掛津里,호구총수
東擊壤里,호구총수
東文里,호구총수
東斗村,역지사지LV3
東斗村面,호구총수
東新,역지사지LV3
東新里,호구총수
東方,호구총수
東方川,신증동국여지승람
東方村,호구총수
東方松里,호구총수
東方洞里,호구총수
東方浦,여지도서
東方里,호구총수
東日里,호구총수
東昇里,호구총수
東明,역지사지LV3
東明院里,호구총수
東月南,호구총수
東月谷里,호구총수
東村,역지사지LV3·호구총수
東村上里,호구총수
東村中里,호구총수
東村書院里,호구총수
東村里,호구총수
東村面,호구총수
東杻洞里,호구총수
東松,역지사지LV3
東松亭,호구총수
東松里,호구총수
東板井,호구총수
東林,역지사지LV3·호구총수
東林山,여지도서
東林洞里,호구총수
東林社,호구총수
東林里,호구총수
東柱峯,여지도서
東柴北谷面,호구총수
東楮山里,호구총수
東橋,호구총수
東橋里,호구총수
東檢,역지사지LV3
東每,역지사지LV3
東水洞,호구총수
東永登里,호구총수
東江,신증동국여지승람·여지도서·역지사지LV3
東江上里,호구총수
東江下里,호구총수
東江中里,호구총수
東江倉,역지사지LV3
東江倉坊,호구총수
東池,여지도서
東池浦村,호구총수
東沙里,호구총수
東泉里,호구총수
東法里,호구총수
東洛川,여지도서
東洛里,호구총수
東洞,호구총수
東洞內,호구총수
東洞灘里,호구총수
東洞里,호구총수
東津,신증동국여지승람·여지도서·역지사지LV3
東津里,호구총수
東津院,군현역원
東浦池,여지도서
東海,역지사지LV3
東海山,여지도서
東海幕里,호구총수
東海平里,호구총수
東海店里,호구총수
東海洞,호구총수
東海面,호구총수
東深山,신증동국여지승람
東湖,호구총수
東湖里,호구총수
東源里,호구총수
東溟,역지사지LV3
東溟社,호구총수
東溪,군현역원·역지사지LV3
東溪里,호구총수
東灘,역지사지LV3
東烘爐,역지사지LV3
東烘爐里,호구총수
東烘爐面,호구총수
東無等里,호구총수
東牌里,호구총수
東狐里,호구총수
東玉山,호구총수
東珍山里,호구총수
東瑞石,역지사지LV3
東瑞石面,호구총수
東甫靑,역지사지LV3
東田村,호구총수
東田里,호구총수
東登里,호구총수
東白峴,호구총수
東皐地,호구총수
東皐村,호구총수
東石川里,호구총수
東神里,호구총수
東福洞,호구총수
東禮村,호구총수
東立巖里,호구총수
東米里,호구총수
東終,역지사지LV3
東終面,호구총수
東縣內,역지사지LV3
東縣內面,호구총수
東義貴里,호구총수
東老洞里,호구총수
東耋,호구총수
東背谷,호구총수
東臣里,호구총수
東自逸里,호구총수
東臺里,호구총수
東興,역지사지LV3
東興村,호구총수
東興里,호구총수
東舊上里,호구총수
東良,역지사지LV3
東良洞,역지사지LV3
東良洞面,호구총수
東良谷,호구총수
東艾里,호구총수
東花山里,호구총수
東花村里,호구총수
東花洞,호구총수
東花洞里,호구총수
東芿島,호구총수
東草,역지사지LV3
東草里,호구총수
東華北里,호구총수
東華山南,호구총수
東華山里,호구총수
東華里,호구총수
東華院里,호구총수
東萊,군현역원·역지사지LV3
東萊院,군현역원
東蓮花,역지사지LV3
東蘆洞里,호구총수
東蘇峙里,호구총수
東虛門里,호구총수
東行廊契,호구총수
東衙村,호구총수
東西面,호구총수
東西面夫山里,호구총수
東觀正里,호구총수
東角,역지사지LV3
東言目,호구총수
東谷,역지사지LV3·호구총수
東谷村,호구총수
東谷里,호구총수
東豆山里,호구총수
東豊,역지사지LV3
東豊社,호구총수
東退湖,역지사지LV3
東退潮,역지사지LV3
東道,군현역원·역지사지LV3
東道洞里,호구총수
東道羅之里,호구총수
東道里,호구총수
東道院,호구총수
東道面,호구총수
東達田,호구총수
東邊,역지사지LV3·호구총수
東邊洞,호구총수
東邊里,호구총수
東邊面,호구총수
東邑,역지사지LV3·호구총수
東邑內,역지사지LV3·호구총수
東邑內面,호구총수
東邑里,호구총수
東郊,여지도서
東郡內,역지사지LV3
東部,역지사지LV3·호구총수
東部仁興,역지사지LV3
東部坊,호구총수
東部里,호구총수
東部面,호구총수
東酉村,호구총수
東里坊,호구총수
東里面,호구총수
東金剛山,여지도서
東金巖里,호구총수
東金鷄,호구총수
東鉢山,호구총수
東鉢里,호구총수
東錦山里,호구총수
東鎭里,호구총수
東長里,호구총수
東門下里,호구총수
東門中里,호구총수
東門內,호구총수
東門內路上一洞,호구총수
東門內路上二洞,호구총수
東門內路下一洞,호구총수
東門內路下二洞,호구총수
東門內里,호구총수
東門外,호구총수
東門外一洞,호구총수
東門外三洞,호구총수
東門外上里,호구총수
東門外下里,호구총수
東門外二洞,호구총수
東門外堂,호구총수
東門外契,호구총수
東門外村,호구총수
東門外里,호구총수
東門東里,호구총수
東門洞,호구총수
東門洞里,호구총수
東門西里,호구총수
東門里,호구총수
東閑峯里,호구총수
東院津,여지도서
東陽,역지사지LV3
東陽村,호구총수
東陽院,군현역원
東隅,역지사지LV3
東雙洞,호구총수
東雙里,호구총수
東雲,역지사지LV3
東雲田,역지사지LV3
東雲閭,호구총수
東面,역지사지LV3·호구총수
東面一導,역지사지LV3·호구총수
東面三所旨里,호구총수
東面上加南,호구총수
東面上大谷里,호구총수
東面下加南,호구총수
東面下大谷里,호구총수
東面乫田里,호구총수
東面二導,역지사지LV3·호구총수
東面加東,호구총수
東面加西,호구총수
東面古毛峴,호구총수
東面召古龍里,호구총수
東面坊,호구총수
東面城內里,호구총수
東面大站里,호구총수
東面奇禮坊里,호구총수
東面巨峙里,호구총수
東面景陽里,호구총수
東面東部,호구총수
東面東部坊,호구총수
東面正洞里,호구총수
東面泉谷里,호구총수
東面洛西里,호구총수
東面漁火里,호구총수
東面爾卞保里,호구총수
東面片坊里,호구총수
東面牛峙里,호구총수
東面田太里,호구총수
東面石保里,호구총수
東面石堤里,호구총수
東面禾谷里,호구총수
東面芝山里,호구총수
東面蛙只里,호구총수
東面道下,역지사지LV3
東面道下社,호구총수
東面里,호구총수
東面陰石,호구총수
東面馬池里,호구총수
東面黃界里,호구총수
東面黑石里,호구총수
東頭,역지사지LV3
東頭坊,호구총수
東頭渚,신증동국여지승람
東頭里,호구총수
東頭面,호구총수
東顧山,여지도서
東餘鼠島,여지도서
東館村,호구총수
東首村,호구총수
東馬,역지사지LV3
東高川,역지사지LV3
東高川社,호구총수
東高遷,역지사지LV3
東高開里,호구총수
東魯,역지사지LV3
東鳳里,호구총수
東鴨里,호구총수
東鶴里,호구총수
東麻洞,호구총수
東齋洞,호구총수
東龜巖,여지도서
杵澤里,호구총수
杵臼村,호구총수
杻上里,호구총수
杻令里,호구총수
杻內里,호구총수
杻城山,여지도서
杻場里,호구총수
杻山,특수구역
杻山堂,호구총수
杻山里,호구총수
杻峙里,호구총수
杻峴里,호구총수
杻嶺里,호구총수
杻村里,호구총수
杻東里,호구총수
杻洞,역지사지LV3
杻洞里,호구총수
杻浦,신증동국여지승람
杻田,역지사지LV3
杻田里,호구총수
杻西里,호구총수
杻谷,역지사지LV3
杻谷里,호구총수
杻項里,호구총수
松一里,호구총수
松丁村,호구총수
松丁里,호구총수
松三里,호구총수
松上,역지사지LV3
松上洞里,호구총수
松上里,호구총수
松下,역지사지LV3
松下里,호구총수
松丘,호구총수
松中里,호구총수
松串上里,호구총수
松串下里,호구총수
松串之,호구총수
松串里,호구총수
松乃村,호구총수
松五之里,호구총수
松五里,역지사지LV3·호구총수
松五里面,호구총수
松井村,호구총수
松井部曲,특수구역
松亭,역지사지LV3·호구총수
松亭坊,호구총수
松亭村,호구총수
松亭洞,호구총수
松亭里,호구총수
松亭閭,호구총수
松亭面,호구총수
松伐里,호구총수
松元堂,역지사지LV3
松元堂面,호구총수
松光,역지사지LV3
松內,역지사지LV3·호구총수
松內坊,호구총수
松內村,호구총수
松內里,호구총수
松內面,호구총수
松加里,호구총수
松北里,호구총수
松南,역지사지LV3
松南面,호구총수
松印巖里,호구총수
松原里,호구총수
松古介里,호구총수
松只川,신증동국여지승람
松只西里,호구총수
松吉坊,호구총수
松吉浦,여지도서
松坡,호구총수
松坡村,호구총수
松坡洞,호구총수
松坡里,호구총수
松坪中里,호구총수
松坪東上里,호구총수
松坪里,호구총수
松城里,호구총수
松基洞里,호구총수
松基里,호구총수
松堂,역지사지LV3
松堂上里,호구총수
松堂下里,호구총수
松堂中里,호구총수
松堂里,호구총수
松塘里,호구총수
松塢洞里,호구총수
松塢里,호구총수
松壇里,호구총수
松外里,호구총수
松如洞里,호구총수
松始,역지사지LV3
松安里,호구총수
松宗里,호구총수
松官山,여지도서
松家,역지사지LV3
松家島,신증동국여지승람
松家島里,호구총수
松山,신증동국여지승람·여지도서·역지사지LV3·호구총수
松山村,호구총수
松山洞,호구총수
松山洞里,호구총수
松山處,특수구역
松山里,호구총수
松山閭,호구총수
松山面,호구총수
松岩,역지사지LV3
松岳,세종실록지리지·여지도서·역지사지LV3
松岳山,여지도서
松岳里,호구총수
松岺里,호구총수
松峙,여지도서·호구총수
松峙村,호구총수
松峙里,호구총수
松峙院,군현역원
松峯里,호구총수
松峴,신증동국여지승람·여지도서·역지사지LV3·호구총수
松峴三里,호구총수
松峴四里,호구총수
松峴契,호구총수
松峴廢縣,특수구역
松峴村,호구총수
松峴洞,호구총수
松峴里,호구총수
松峴院,군현역원
松峴面,호구총수
松島,신증동국여지승람·여지도서·호구총수
松島里,호구총수
松崖里,호구총수
松嶺村,호구총수
松嶺洞,호구총수
松嶺里,호구총수
松嶽,여지도서·역지사지LV3
松巖,역지사지LV3·호구총수
松巖洞,호구총수
松巖里,호구총수
松巖面,호구총수
松川,여지도서·역지사지LV3·호구총수
松川上里,호구총수
松川下里,호구총수
松川村,호구총수
松川里,호구총수
松川閭,호구총수
松巨里,호구총수
松幕里,호구총수
松平里,호구총수
松庄,역지사지LV3
松庄面,호구총수
松廣,역지사지LV3
松廣山,신증동국여지승람
松廣面,호구총수
松德里,호구총수
松慈部曲,특수구역
松折院,군현역원
松方里,호구총수
松旨,역지사지LV3·특수구역
松旨始,역지사지LV3
松旨始面,호구총수
松旨村,호구총수
松旨終,역지사지LV3
松旨終面,호구총수
松旨部曲,특수구역
松旨里,호구총수
松會洞,호구총수
松會里,호구총수
松本里,호구총수
松村,호구총수
松村里,호구총수
松東里,호구총수
松林,역지사지LV3·특수구역·호구총수
松林坊,호구총수
松林山,여지도서
松林村,호구총수
松林洞,호구총수
松林部曲,특수구역
松林里,호구총수
松枝洞,호구총수
松枝洞里,호구총수
松枝谷,역지사지LV3
松枝谷面,호구총수
松樹洞,호구총수
松樹里,호구총수
松橋洞,호구총수
松汀,역지사지LV3
松汀村,호구총수
松汀里,호구총수
松汗里,호구총수
松江仇味里,호구총수
松江洞,호구총수
松江里,호구총수
松池,여지도서
松池浦,여지도서
松池筒,호구총수
松泉,역지사지LV3·호구총수
松泉坊,호구총수
松泉山,여지도서
松泉里,호구총수
松洞,여지도서·역지사지LV3
松洞嶺,신증동국여지승람
松洞里,호구총수
松洞面,호구총수
松津,여지도서
松浦,신증동국여지승람·역지사지LV3
松浦里,호구총수
松海,역지사지LV3
松淵里,호구총수
松湖亭,호구총수
松湖里,호구총수
松源,호구총수
松溪,신증동국여지승람·호구총수
松溪川,여지도서
松溪村,호구총수
松溪村里,호구총수
松溪洞,호구총수
松溪部曲,특수구역
松溪里,호구총수
松溪閭,호구총수
松溫洞,호구총수
松灘,호구총수
松灘里,호구총수
松灘院,군현역원
松炭,역지사지LV3
松烏村里,호구총수
松牙里,호구총수
松生廢縣,특수구역
松生里,호구총수
松田,여지도서·역지사지LV3
松田村,호구총수
松田洞,호구총수
松田里,호구총수
松田閭,호구총수
松田面,호구총수
松界村,호구총수
松界部曲,특수구역
松皐村,호구총수
松直里,호구총수
松眞山,여지도서
松眞洞里,호구총수
松眞浦里,호구총수
松石,역지사지LV3
松禾,군현역원·역지사지LV3
松端里,호구총수
松竹,역지사지LV3
松竹亭,호구총수
松竹村,역지사지LV3
松竹村面,호구총수
松竹洞,호구총수
松竹里,호구총수
松筒中一里,호구총수
松筒東一里,호구총수
松節里,호구총수
松終,역지사지LV3
松羅,군현역원·역지사지LV3
松羅亭,호구총수
松羅洞,역지사지LV3
松羅洞里,호구총수
松羅灘,신증동국여지승람·여지도서
松羅谷,호구총수
松羅谷里,호구총수
松羅里,호구총수
松老臺里,호구총수
松耳島,여지도서·호구총수
松臺山,여지도서
松臺村,호구총수
松臺里,호구총수
松興里,호구총수
松良里,호구총수
松花洞內,호구총수
松茸山,여지도서
松莊,역지사지LV3
松莊部曲,특수구역
松萬里,호구총수
松蘿,군현역원
松西,역지사지LV3
松西里,호구총수
松西面,호구총수
松谷,역지사지LV3·호구총수
松谷所,특수구역
松谷洞,호구총수
松谷鄕,특수구역
松谷里,호구총수
松谷面,호구총수
松賢里,호구총수
松蹄,군현역원
松蹄里,호구총수
松逢,역지사지LV3
松道,군현역원
松道里,호구총수
松邊廢縣,특수구역
松邊里,호구총수
松邑里,호구총수
松都,역지사지LV3
松里,역지사지LV3·호구총수
松里洞里,호구총수
松里面,호구총수
松長,역지사지LV3
松長面,호구총수
松門里,호구총수
松閒,군현역원
松間里,호구총수
松院,호구총수
松院里,호구총수
松陰,역지사지LV3
松陵里,호구총수
松隅里,호구총수
松雉洞里,호구총수
松雲洞,호구총수
松靑,역지사지LV3
松面,역지사지LV3·호구총수
松面下里,호구총수
松面中里,호구총수
松面坊,호구총수
松面坪里,호구총수
松面里,호구총수
松音里,호구총수
松館里,호구총수
松魚上里,호구총수
松魚下里,호구총수
松魚九未坊,호구총수
松鶴,역지사지LV3
松鶴亭里,호구총수
松鶴洞,호구총수
松鶴里,호구총수
板上,역지사지LV3
板下,역지사지LV3
板下川,여지도서
板乙浦,역지사지LV3
板乙浦岳,신증동국여지승람
板乙浦里,호구총수
板乙浦面,호구총수
板云之里,호구총수
板云里,호구총수
板井,호구총수
板井契,호구총수
板井里,호구총수
板北里,호구총수
板喬,역지사지LV3
板喬洞里,호구총수
板喬面,호구총수
板墻里,호구총수
板夜里,호구총수
板孔坊,호구총수
板它里,호구총수
板富,역지사지LV3
板尾里,호구총수
板山,역지사지LV3
板山里,호구총수
板山面,호구총수
板峙里,호구총수
板峴,신증동국여지승람
板巖里,호구총수
板幕山,여지도서
板幕峴,신증동국여지승람
板幕嶺,여지도서
板幕嶺院,군현역원
板幕川,신증동국여지승람
板幕洞,호구총수
板幕里,호구총수
板幕院,군현역원
板新村,호구총수
板方里,호구총수
板於里,호구총수
板村里,호구총수
板校里,호구총수
板梯,역지사지LV3
板梯面,호구총수
板橋,군현역원·역지사지LV3·호구총수
板橋二,역지사지LV3
板橋坊,호구총수
板橋川,여지도서
板橋村,호구총수
板橋村里,호구총수
板橋浦,여지도서
板橋藪,여지도서
板橋里,호구총수
板橋院,군현역원
板機里,호구총수
板洞里,호구총수
板浦,여지도서
板浦里,호구총수
板浮里,호구총수
板矣里,호구총수
板積川,여지도서
板積院,군현역원
板芚里,호구총수
板莊里,호구총수
板藪里,호구총수
板谷里,호구총수
板郞里,호구총수
板長,역지사지LV3
板長社,호구총수
板門里,호구총수
板院,호구총수
板院里,호구총수
板面,호구총수
板項里,호구총수
极番里,호구총수
枇仇味里,호구총수
枇峴,역지사지LV3
枇峴面,호구총수
枌社洞里,호구총수
枕溪里,호구총수
林上里,호구총수
林下洞,호구총수
林下里,호구총수
林中坊,호구총수
林中里,호구총수
林丹,군현역원
林丹里,호구총수
林亭,호구총수
林亭村,호구총수
林亭里,호구총수
林仙,호구총수
林信里,호구총수
林儀谷里,호구총수
林內里,호구총수
林原,군현역원·역지사지LV3
林原坊,호구총수
林只,역지사지LV3
林只刀部曲,특수구역
林只面,호구총수
林土鎭里,호구총수
林坡,역지사지LV3
林坡坊,호구총수
林城里,호구총수
林基里,호구총수
林堂里,호구총수
林堰部曲,특수구역
林塘里,호구총수
林子坡院,군현역원
林山里,호구총수
林川,역지사지LV3
林川里,호구총수
林己孫契,호구총수
林延世洞里,호구총수
林成里,호구총수
林方里,호구총수
林村,역지사지LV3·호구총수
林村里,호구총수
林村閭,호구총수
林村面,호구총수
林樹洞里,호구총수
林水里,호구총수
林泉,역지사지LV3
林泉山,신증동국여지승람
林泉洞,호구총수
林泉洞里,호구총수
林泉里,호구총수
林洞,호구총수
林洞里,호구총수
林浦里,호구총수
林溪,호구총수
林溪里,호구총수
林田里,호구총수
林畔,군현역원
林盛洞川,여지도서
林端里,호구총수
林花里,호구총수
林草里,호구총수
林草院,군현역원
林谷,역지사지LV3
林谷所,특수구역
林谷村,호구총수
林谷里,호구총수
林里,호구총수
林野,호구총수
林閑里,호구총수
林隱里,호구총수
林雲,군현역원
林魚水洞里,호구총수
果仁里,호구총수
果內,역지사지LV3
果內面,호구총수
果商山里,호구총수
果園村,호구총수
果外,역지사지LV3
果外面,호구총수
果安里,호구총수
果峙,호구총수
果川,군현역원·역지사지LV3
果州,군현역원
果木村,호구총수
果木里,호구총수
果海里,호구총수
果田洞,호구총수
果禮里,호구총수
果谷,역지사지LV3
果谷內,역지사지LV3
果谷外,역지사지LV3
果里,호구총수
果院村,호구총수
果雙洞上里,호구총수
果雙洞下里,호구총수
枝內,역지사지LV3
枝內村所,특수구역
枝內里,호구총수
枝內面,호구총수
枝北里,호구총수
枝大里,호구총수
枝峴,여지도서
枝川,역지사지LV3
枝底里,호구총수
枝村里,호구총수
枝橋村,호구총수
枝洞里,호구총수
枝灘里,호구총수
枝界里,호구총수
枝竹,역지사지LV3
枝竹面,호구총수
枝谷,역지사지LV3
枝谷里,호구총수
枝貢,역지사지LV3
枝貢里,호구총수
枯上里,호구총수
枯下里,호구총수
枯栢津里,호구총수
枳城,역지사지LV3
架山,여지도서·역지사지LV3
枾木岳,여지도서
柄山,여지도서
柄山里,호구총수
柄谷,군현역원·역지사지LV3
柄谷上里,호구총수
柄谷下里,호구총수
柄谷內里,호구총수
柄谷津,호구총수
柄谷浦,여지도서
柄谷陸里,호구총수
柄項村,호구총수
柉島,신증동국여지승람
柏吐,역지사지LV3
柏山,역지사지LV3
柏梁,역지사지LV3
柏洞,역지사지LV3
柏田,역지사지LV3
柏谷,역지사지LV3
某山里,호구총수
某老里,호구총수
柑山里,호구총수
柒井部曲,특수구역
柒加里,호구총수
柒木里,호구총수
柒枝洞,호구총수
柒洞,호구총수
柒洞村,호구총수
柒洞里,호구총수
柒浦,호구총수
柒浦里,호구총수
柒田里,호구총수
柒石,역지사지LV3
柔浦,역지사지LV3
柔谷里,호구총수
柔遠,역지사지LV3
柔遠面,호구총수
柔院,역지사지LV3
柔院鎭北,역지사지LV3
柔院鎭北面,호구총수
柔院鎭南,역지사지LV3
柔院鎭南面,호구총수
柔院鎭東,역지사지LV3
柔院鎭東面,호구총수
柔院鎭西,역지사지LV3
柔院鎭西面,호구총수
柗長,역지사지LV3
柚子亭里,호구총수
柚子洞,호구총수
柯亭,호구총수
柯亭上里,호구총수
柯亭中里,호구총수
柯亭子里,호구총수
柯亭子院,군현역원
柯亭里,호구총수
柯坪里,호구총수
柯山里,호구총수
柯川村,호구총수
柯木亭,호구총수
柯木亭里,호구총수
柯木洞里,호구총수
柯木里,호구총수
柯枝洞里,호구총수
柯樹,호구총수
柯樹院村,호구총수
柯橋里,호구총수
柯田村,호구총수
柯田里,호구총수
柯谷里,호구총수
柰城,특수구역
柰川,여지도서
柰川里,호구총수
柰洞,역지사지LV3
柰洞里,호구총수
柱潭里,호구총수
柱石,특수구역
柱石鄕,특수구역
柳䒭谷,역지사지LV3
柳上洞,호구총수
柳上里,호구총수
柳下,역지사지LV3
柳下村,호구총수
柳下洞,호구총수
柳下里,호구총수
柳中洞,호구총수
柳串里,호구총수
柳井里,호구총수
柳亭,호구총수
柳亭村,호구총수
柳亭里,호구총수
柳光里,호구총수
柳加,역지사지LV3
柳加面,호구총수
柳器匠,호구총수
柳器匠人里,호구총수
柳器匠村,호구총수
柳器匠里,호구총수
柳器店,호구총수
柳器店里,호구총수
柳器村,호구총수
柳器村里,호구총수
柳器洞,호구총수
柳器里,호구총수
柳土仇味里,호구총수
柳坪里,호구총수
柳垌洞,호구총수
柳垌里,호구총수
柳城洞峴中嶺,신증동국여지승람
柳堤里,호구총수
柳塘里,호구총수
柳大里,호구총수
柳尺里,호구총수
柳山所,호구총수
柳山洞,호구총수
柳山里,호구총수
柳岸洞,호구총수
柳峴,신증동국여지승람
柳島里,호구총수
柳川,역지사지LV3·호구총수
柳川洞,호구총수
柳川洞里,호구총수
柳川里,호구총수
柳川面,호구총수
柳店里,호구총수
柳德木里,호구총수
柳月峙里,호구총수
柳木,호구총수
柳木丁里,호구총수
柳木亭,호구총수
柳村,역지사지LV3·호구총수
柳村里,호구총수
柳村面,호구총수
柳東村,호구총수
柳林,역지사지LV3
柳林村,호구총수
柳林洞里,호구총수
柳林里,호구총수
柳枝洞里,호구총수
柳橋村,호구총수
柳橋里,호구총수
柳江里,호구총수
柳池洞,호구총수
柳泉洞,호구총수
柳洞,역지사지LV3·호구총수
柳洞坊,호구총수
柳洞里,호구총수
柳浦,신증동국여지승람·역지사지LV3
柳浦川,신증동국여지승람
柳浦里,호구총수
柳浦面,호구총수
柳溪,호구총수
柳溪里,호구총수
柳田村,호구총수
柳田洞里,호구총수
柳田灘,여지도서
柳田里,호구총수
柳笥里,호구총수
柳等,역지사지LV3
柳等也,역지사지LV3
柳等也里,호구총수
柳等也面,호구총수
柳等井里,호구총수
柳等坊,호구총수
柳等川,역지사지LV3
柳等川里,호구총수
柳等川面,호구총수
柳等所,특수구역
柳等村,역지사지LV3·특수구역·호구총수
柳等村坊,호구총수
柳等洞,역지사지LV3
柳等洞坊,호구총수
柳等洞里,호구총수
柳等浦,역지사지LV3
柳等谷,역지사지LV3
柳等谷里,호구총수
柳等谷面,호구총수
柳等里,호구총수
柳等面,호구총수
柳筒里,호구총수
柳花堂里,호구총수
柳谷,역지사지LV3
柳谷村,호구총수
柳谷里,호구총수
柳野,역지사지LV3
柳陰里,호구총수
柳驛里,호구총수
柴倪味里,호구총수
柴北,역지사지LV3
柴北谷,역지사지LV3
柴寺,호구총수
柴工洞,호구총수
柴榮村,호구총수
柴洞,호구총수
柴田里,호구총수
柴甲洞里,호구총수
柴芚,역지사지LV3
柴花山,호구총수
柴谷里,호구총수
柴足,역지사지LV3
柴足坊,호구총수
柴門城,호구총수
柴陽里,호구총수
査五倫,호구총수
査村,역지사지LV3
柿井里,호구총수
柿亭村,호구총수
柿嶺,여지도서
柿嶺山,여지도서
柿巖里,호구총수
柿木,호구총수
柿木亭,호구총수
柿木村,호구총수
柿木洞,호구총수
柿木洞里,호구총수
柿木里,호구총수
柿洞里,호구총수
柿田里,호구총수
柿谷,호구총수
柿谷里,호구총수
栍伊,역지사지LV3
栍伊坊,호구총수
栍川,여지도서·역지사지LV3
栍川里,호구총수
栍洞川,신증동국여지승람
栍谷,군현역원
栖雲山,신증동국여지승람
栗上里,호구총수
栗下里,호구총수
栗世里,호구총수
栗串,역지사지LV3
栗串坊,호구총수
栗串里,호구총수
栗串面,호구총수
栗井里,호구총수
栗亦,역지사지LV3
栗亦里,호구총수
栗亦面,호구총수
栗亭,호구총수
栗亭村,호구총수
栗亭里,호구총수
栗仙洞里,호구총수
栗加里,호구총수
栗北,역지사지LV3
栗北里,호구총수
栗北面,호구총수
栗原,군현역원
栗古介,호구총수
栗吉里,호구총수
栗地里,호구총수
栗垈里,호구총수
栗堂,역지사지LV3
栗寺,역지사지LV3
栗寺洞里,호구총수
栗寺里,호구총수
栗山,호구총수
栗山里,호구총수
栗山閭,호구총수
栗岳部曲,특수구역
栗峙洞,호구총수
栗峙里,호구총수
栗峙閭,호구총수
栗峯,군현역원
栗峯下里,호구총수
栗峯中里,호구총수
栗峴,신증동국여지승람
栗峴村,호구총수
栗峴洞,호구총수
栗峴洞內,호구총수
栗峴里,호구총수
栗島,신증동국여지승람·호구총수
栗島契,호구총수
栗巖,호구총수
栗川里,호구총수
栗所里,호구총수
栗於,역지사지LV3
栗於面,호구총수
栗日里,호구총수
栗木,역지사지LV3
栗木亭,호구총수
栗木亭里,호구총수
栗木坊,호구총수
栗木洞,호구총수
栗木洞里,호구총수
栗木里,호구총수
栗村,역지사지LV3·특수구역·호구총수
栗村部曲,특수구역
栗村里,호구총수
栗村面,호구총수
栗林,신증동국여지승람·역지사지LV3
栗林村,호구총수
栗林里,호구총수
栗林面,호구총수
栗枝,역지사지LV3
栗枝坊,호구총수
栗枝洞,역지사지LV3·호구총수
栗枝洞面,호구총수
栗枝里,호구총수
栗枝閭,호구총수
栗橋里,호구총수
栗洞,역지사지LV3·호구총수
栗洞里,호구총수
栗洞面,호구총수
栗津,역지사지LV3
栗津面,호구총수
栗浦,신증동국여지승람
栗浦上里,호구총수
栗浦下里,호구총수
栗浦村,호구총수
栗浦谷里,호구총수
栗浦里,호구총수
栗浦鎭下里,호구총수
栗溪,역지사지LV3
栗溪里,호구총수
栗灘,역지사지LV3
栗灘坊,호구총수
栗灘里,호구총수
栗田,호구총수
栗田村,호구총수
栗田洞,호구총수
栗田里,호구총수
栗界,역지사지LV3
栗界里,호구총수
栗皮村,호구총수
栗致里,호구총수
栗藪里,호구총수
栗谷,역지사지LV3·특수구역·호구총수
栗谷所,특수구역
栗谷村,호구총수
栗谷池,신증동국여지승람
栗谷部曲,특수구역
栗谷里,호구총수
栗赤,역지사지LV3
栗逸里,호구총수
栗邊村,호구총수
栗邊里,호구총수
栗里,역지사지LV3·호구총수
栗里坊,호구총수
栗里洞,호구총수
栗里閭,호구총수
栗里面,호구총수
栗院,군현역원·역지사지LV3
栗院村,호구총수
栗院里,호구총수
栗陽,군현역원
校下里,호구총수
校中里,호구총수
校前洞,호구총수
校前里,호구총수
校村,호구총수
校村里,호구총수
校東里,호구총수
校洞,호구총수
校洞上里,호구총수
校洞下里,호구총수
校洞里,호구총수
校理洞里,호구총수
校西里,호구총수
校里,호구총수
校防洞里,호구총수
校院,역지사지LV3
校項里,호구총수
栢亦里,호구총수
栢亭,호구총수
栢冬里,호구총수
栢叱洞,역지사지LV3
栢叱洞面,호구총수
栢吐,역지사지LV3
栢吐里,호구총수
栢土里,역지사지LV3
栢土里面,호구총수
栢子山,여지도서
栢子洞,호구총수
栢子洞里,호구총수
栢子田,호구총수
栢子田里,호구총수
栢子里,호구총수
栢寺里,호구총수
栢屯里,호구총수
栢山,여지도서·역지사지LV3
栢山里,호구총수
栢山面,호구총수
栢峴,호구총수
栢峴里,호구총수
栢峴院,군현역원
栢幕嶺,여지도서
栢木里,호구총수
栢村里,호구총수
栢板里,호구총수
栢林洞里,호구총수
栢梁,역지사지LV3
栢梁面,호구총수
栢樹峯,여지도서
栢沙,역지사지LV3
栢洞,역지사지LV3
栢洞村,호구총수
栢洞里,호구총수
栢淵村,호구총수
栢田,역지사지LV3
栢田上里,호구총수
栢田下里,호구총수
栢田中里,호구총수
栢田新基,호구총수
栢田新安里,호구총수
栢田洞內,호구총수
栢田里,호구총수
栢種里,호구총수
栢芳山,여지도서
栢谷,역지사지LV3·호구총수
栢谷里,호구총수
栢谷面,호구총수
栢面,역지사지LV3·호구총수
栢面坊,호구총수
根村里,호구총수
根洞里,호구총수
根谷,호구총수
根谷部曲,특수구역
根谷里,호구총수
格浦一里,호구총수
格浦三里,호구총수
格浦二里,호구총수
格浦四里,호구총수
栽松坪,여지도서
栽松浦,여지도서
栽松里,호구총수
栽松院,군현역원
栽玉里,호구총수
桂南,역지사지LV3
桂城,역지사지LV3
桂城川,여지도서
桂城廢縣,특수구역
桂場洞里,호구총수
桂塘里,호구총수
桂尺里,호구총수
桂山里,호구총수
桂巖里,호구총수
桂月里,호구총수
桂木里,호구총수
桂村,역지사지LV3
桂東山,여지도서
桂林村里,호구총수
桂林洞,호구총수
桂洞,호구총수
桂洞村,호구총수
桂洞里,호구총수
桂潭里,호구총수
桂珍里,호구총수
桂生洞契,호구총수
桂肆,역지사지LV3
桂良,호구총수
桂良村,호구총수
桂良里,호구총수
桂蓮洞,호구총수
桂街里,호구총수
桂谷里,호구총수
桂陽,역지사지LV3
桂陽山,여지도서
桂鶴里,호구총수
桃串,신증동국여지승람
桃坪部曲,특수구역
桃夭淵,신증동국여지승람
桃峴,여지도서
桃川村,호구총수
桃川里,호구총수
桃平,특수구역
桃昌,군현역원
桃木,호구총수
桃木閭,호구총수
桃李亭,호구총수
桃李山,여지도서
桃李島里,호구총수
桃李洞里,호구총수
桃李浦,여지도서
桃李浦里,호구총수
桃李源里,호구총수
桃村所,특수구역
桃根里,호구총수
桃楮洞契,호구총수
桃洞里,호구총수
桃津里,호구총수
桃源,군현역원·역지사지LV3
桃源亭里,호구총수
桃源村,호구총수
桃源村里,호구총수
桃源洞,호구총수
桃源里,호구총수
桃溪里,호구총수
桃田部曲,특수구역
桃界部曲,특수구역
桃花,역지사지LV3
桃花洞,호구총수
桃花洞內契,호구총수
桃花洞外契,호구총수
桃花洞里,호구총수
桃花谷,역지사지LV3
桃花面,호구총수
桃若谷里,호구총수
桃葉里,호구총수
桃谷面,호구총수
桃開,역지사지LV3
桃開里,호구총수
案山洞,호구총수
案山里,호구총수
桐亭里,호구총수
桐山,신증동국여지승람·여지도서
桐林洞里,호구총수
桐林里,호구총수
桐梧里,호구총수
桐江,여지도서
桐泉里,호구총수
桐裡山,여지도서
桐谷,역지사지LV3
桐谷所,특수구역
桐谷洞,호구총수
桐谷里,호구총수
桑串,역지사지LV3
桑串里,호구총수
桑串面,호구총수
桑坡里,호구총수
桑島,여지도서
桑川里,호구총수
桑木洞里,호구총수
桑林里,호구총수
桑樹,군현역원
桑里,호구총수
桴同北里,호구총수
桴同西二里,호구총수
桴同西南二里,호구총수
桶丁里,호구총수
桶井,호구총수
桶井里,호구총수
桶安里,호구총수
桶川里,호구총수
桶木里,호구총수
桶泉里,호구총수
桶泉閭,호구총수
桶洞里,호구총수
桶浦山直村,호구총수
桶浦細雲洞,호구총수
桶谷,호구총수
桶里,호구총수
梁上里,호구총수
梁下里,호구총수
梁內里,호구총수
梁呑所,특수구역
梁哲里契,호구총수
梁坡里,호구총수
梁堤里,호구총수
梁山,역지사지LV3
梁山里,호구총수
梁川,역지사지LV3
梁川社,호구총수
梁巨里,호구총수
梁文,군현역원
梁文里,호구총수
梁永,역지사지LV3
梁泉里,호구총수
梁浦坊,호구총수
梁浦洞,호구총수
梁淵里,호구총수
梁舊洞,호구총수
梁谷里,호구총수
梁越里,호구총수
梁項村,호구총수
梁骨所,특수구역
梅下,역지사지LV3
梅下面,호구총수
梅余里,호구총수
梅內,역지사지LV3
梅南,호구총수
梅南里,호구총수
梅原村,호구총수
梅呑里,호구총수
梅坡里,호구총수
梅城上里,호구총수
梅城下里,호구총수
梅城中里,호구총수
梅堂里,호구총수
梅安島,호구총수
梅實里,호구총수
梅山,호구총수
梅山里,호구총수
梅山閭,호구총수
梅岳里,호구총수
梅岸,역지사지LV3
梅岸坊,호구총수
梅岸里,호구총수
梅峯里,호구총수
梅峴里,호구총수
梅嶺里,호구총수
梅巖,호구총수
梅巖里,호구총수
梅朴里,호구총수
梅村,호구총수
梅村里,호구총수
梅松,역지사지LV3
梅柳洞,호구총수
梅橋里,호구총수
梅洞,호구총수
梅洞里,호구총수
梅浦,역지사지LV3·호구총수
梅浦里,호구총수
梅湖上里,호구총수
梅湖中里,호구총수
梅田,역지사지LV3
梅竹亭,호구총수
梅老里,호구총수
梅花亭,호구총수
梅花村,호구총수
梅花村里,호구총수
梅花洞,호구총수
梅花洞里,호구총수
梅花谷,호구총수
梅花里,호구총수
梅菊亭,호구총수
梅谷,역지사지LV3·호구총수
梅谷村,호구총수
梅谷里,호구총수
梅酌里,호구총수
梅里,호구총수
梅野,호구총수
梅閣村,호구총수
梅院川,여지도서
梅院里,호구총수
梅陽,역지사지LV3
梅隱洞里,호구총수
梅香,역지사지LV3
梅鶴洞里,호구총수
梅鹽里,호구총수
梓亦,특수구역
梓木山,세종실록지리지·여지도서
梓洞里,호구총수
條平里,호구총수
條旁里,호구총수
條里,역지사지LV3
條里洞,역지사지LV3
條里洞面,호구총수
梧井,역지사지LV3
梧井坊,호구총수
梧井里,호구총수
梧井面,호구총수
梧亭村,호구총수
梧亭里,호구총수
梧倉,역지사지LV3
梧內村,호구총수
梧垈,역지사지LV3
梧城,역지사지LV3
梧堂里,호구총수
梧寺里,호구총수
梧山,역지사지LV3
梧山里,호구총수
梧峙,역지사지LV3
梧峴,역지사지LV3
梧峴里,호구총수
梧峴面,호구총수
梧島,호구총수
梧川,역지사지LV3
梧川里,호구총수
梧所洞,호구총수
梧支,역지사지LV3
梧朔村,호구총수
梧木洞里,호구총수
梧木臺,여지도서
梧木里,호구총수
梧木院,군현역원
梧村,역지사지LV3
梧村里,호구총수
梧枝,역지사지LV3
梧枝里,호구총수
梧枝面,호구총수
梧柳洞,호구총수
梧柳洞里,호구총수
梧根洞,호구총수
梧根津,여지도서
梧桐,역지사지LV3
梧桐坊,호구총수
梧桐坊里,호구총수
梧桐山,여지도서
梧桐島,여지도서
梧桐川,호구총수
梧桐村,호구총수
梧桐里,호구총수
梧梅洞里,호구총수
梧梅里,호구총수
梧梨洞里,호구총수
梧樹洞,호구총수
梧沙村,호구총수
梧洞,역지사지LV3·호구총수
梧洞島,호구총수
梧洞里,호구총수
梧津,여지도서
梧理洞,호구총수
梧琴,역지사지LV3
梧琴里,호구총수
梧琴面,호구총수
梧目只里,호구총수
梧秋洞,호구총수
梧竹南里,호구총수
梧竹東里,호구총수
梧竹西里,호구총수
梧耳芳,호구총수
梧耳里,호구총수
梧裡洞,호구총수
梧谷,역지사지LV3
梧谷里,호구총수
梧谷面,호구총수
梧里,역지사지LV3·호구총수
梧里坊,호구총수
梧里峴,여지도서
梧里桐里,호구총수
梧里洞,호구총수
梧里洞里,호구총수
梧里浦,여지도서·호구총수
梧野村,호구총수
梧野谷,호구총수
梧釜,역지사지LV3
梧院,군현역원
梧雲,역지사지LV3
梧音里,호구총수
梧鬱里,호구총수
梧鳳里,호구총수
梧鹿,역지사지LV3
梧麓,역지사지LV3
梨丘里,호구총수
梨五里,호구총수
梨井洞,호구총수
梨井里,호구총수
梨亭里,호구총수
梨倉,호구총수
梨北,역지사지LV3
梨原院,군현역원
梨園,역지사지LV3
梨坡坪里,호구총수
梨坡里,호구총수
梨坪,역지사지LV3
梨坪里,호구총수
梨城里,호구총수
梨堤里,호구총수
梨大洞,호구총수
梨太洞里,호구총수
梨太院契,호구총수
梨實洞里,호구총수
梨寺里,호구총수
梨山坡里,호구총수
梨岳鄕,특수구역
梨峙里,호구총수
梨峴,신증동국여지승람·역지사지LV3·호구총수
梨峴坊,호구총수
梨峴洞,호구총수
梨峴里,호구총수
梨嶺,군현역원·신증동국여지승람
梨川山,신증동국여지승람
梨川里,호구총수
梨川院,군현역원
梨巨里院,군현역원
梨德里,호구총수
梨房,역지사지LV3
梨房面,호구총수
梨方所,특수구역
梨旁,역지사지LV3
梨旨,역지사지LV3
梨旨銀所,특수구역
梨旨面,호구총수
梨月,역지사지LV3
梨木九味閭,호구총수
梨木亭,호구총수
梨木亭里,호구총수
梨木所,특수구역
梨木洞,호구총수
梨木洞里,호구총수
梨木里,호구총수
梨木院,군현역원
梨村,특수구역·호구총수
梨村部曲,특수구역
梨村里,호구총수
梨松洞,호구총수
梨樹浦里,호구총수
梨橋村,호구총수
梨氷洞里,호구총수
梨泰院,군현역원
梨洞,여지도서·호구총수
梨洞川,신증동국여지승람
梨洞村,호구총수
梨洞里,호구총수
梨津,호구총수
梨津里,호구총수
梨浦,신증동국여지승람·역지사지LV3·특수구역
梨浦洞,호구총수
梨浦津,신증동국여지승람
梨浦部曲,특수구역
梨浦里,호구총수
梨浦面,호구총수
梨湖里,호구총수
梨滿洞里,호구총수
梨灘里,호구총수
梨田,군현역원
梨田坪里,호구총수
梨田里,호구총수
梨臺里,호구총수
梨花亭里,호구총수
梨花村里,호구총수
梨花洞,호구총수
梨花洞里,호구총수
梨花里,호구총수
梨谷,역지사지LV3·호구총수
梨谷上里,호구총수
梨谷下里,호구총수
梨谷洞,호구총수
梨谷里,호구총수
梨谷面,호구총수
梨邑,호구총수
梨長里,호구총수
梨院,군현역원
梨陽,역지사지LV3
梨隅里,호구총수
梨音,역지사지LV3
梨食亭里,호구총수
梯八村,호구총수
梯末里,호구총수
梯梧地里,호구총수
梳原里,호구총수
梳臺里,호구총수
梳頭村,호구총수
梵魚川,여지도서
棄仕里,호구총수
棗亭里,호구총수
棗山里,호구총수
棗木閭,호구총수
棘城嶺,여지도서
棠內,호구총수
棠山,여지도서
棠山村,호구총수
棠山里,호구총수
棠木里,호구총수
棠洞里,호구총수
棠溪里,호구총수
棠花里,호구총수
棠谷里,호구총수
森北,역지사지LV3
森北面,호구총수
森南,역지사지LV3
森南面,호구총수
森峙,호구총수
森島,여지도서
森村,호구총수
森汙里,호구총수
森洞,역지사지LV3
森洞村,호구총수
森溪,역지사지LV3·특수구역
森溪廢縣,특수구역
森田里,호구총수
森西,역지사지LV3
森逵里,호구총수
棯汗村,호구총수
棲遲谷,호구총수
棲鳳,역지사지LV3
棲鳳坊,호구총수
棲鳳山,여지도서
棲鳳里,호구총수
植松,역지사지LV3
植松村,호구총수
植松里,호구총수
植松鎭,호구총수
植栗里,호구총수
椒井,여지도서·역지사지LV3
椒井里,호구총수
椒子,특수구역
椒峴,신증동국여지승람
椒島,신증동국여지승람·역지사지LV3
椒平里,호구총수
椒水,여지도서
椒水井,여지도서
椒泉,신증동국여지승람
椒皮山,여지도서
椒皮島,신증동국여지승람
椒里,호구총수
椧末閭,호구총수
椧橋里,호구총수
椧洞里,호구총수
椧谷里,호구총수
椵峴里,호구총수
椵島,신증동국여지승람
椵東山里,호구총수
椽島,여지도서
椽木里,호구총수
楊上,역지사지LV3
楊上面,호구총수
楊下,역지사지LV3
楊下面,호구총수
楊之村,호구총수
楊井,역지사지LV3
楊亭村,호구총수
楊亭里,호구총수
楊光,역지사지LV3
楊化,군현역원
楊原,군현역원
楊口,군현역원·역지사지LV3
楊命浦,여지도서
楊坪里,호구총수
楊山,여지도서
楊川,군현역원·역지사지LV3
楊川里,호구총수
楊州,군현역원·역지사지LV3
楊州里,호구총수
楊干,역지사지LV3·특수구역
楊干處,특수구역
楊干面,호구총수
楊平,역지사지LV3
楊德里,호구총수
楊村下里,호구총수
楊村中里,호구총수
楊村二里,호구총수
楊村里,호구총수
楊東,역지사지LV3
楊林山,여지도서
楊林村,호구총수
楊林洞里,호구총수
楊林里,호구총수
楊柳井里,호구총수
楊柳村,호구총수
楊梁里,호구총수
楊武垈,역지사지LV3
楊武垈坊,호구총수
楊江,군현역원·역지사지LV3
楊江院,군현역원
楊洞里,호구총수
楊津,신증동국여지승람
楊淵,군현역원
楊淵里,호구총수
楊溪,군현역원
楊澗,역지사지LV3
楊甘,역지사지LV3
楊等代里,호구총수
楊等所,특수구역
楊等村處,특수구역
楊等良,특수구역
楊等里,호구총수
楊花,군현역원
楊花亭里,호구총수
楊花洞,호구총수
楊花津,여지도서
楊花浦,호구총수
楊花渡,신증동국여지승람
楊花渡里,호구총수
楊花渡院,군현역원
楊花驛,호구총수
楊西,역지사지LV3
楊谷里,호구총수
楓上,역지사지LV3
楓上坊,호구총수
楓上端,역지사지LV3
楓下,역지사지LV3
楓下坊,호구총수
楓下端,역지사지LV3
楓井澤,여지도서
楓井里,호구총수
楓山,여지도서
楓岑,역지사지LV3
楓岑坊,호구총수
楓島,신증동국여지승람·여지도서
楓巖,호구총수
楓巖里,호구총수
楓川,군현역원·신증동국여지승람·여지도서
楓川里,호구총수
楓川院,군현역원
楓村里,호구총수
楓林里,호구총수
楓枝所,특수구역
楓橋閭,호구총수
楓洞,역지사지LV3·호구총수
楓洞坊,호구총수
楓洞村,호구총수
楓洞里,호구총수
楓浦里,호구총수
楓湖,여지도서
楓湖村,호구총수
楓灘津,여지도서
楓田,역지사지LV3
楓田洞,호구총수
楓田里,호구총수
楓谷部曲,특수구역
楓谷里,호구총수
楓長山,여지도서
楓長鄕,특수구역
楓項里,호구총수
楚丘,역지사지LV3
楚丘坊,호구총수
楚丘里,호구총수
楚坪,역지사지LV3
楚城里,호구총수
楚山,군현역원·역지사지LV3
楚山里,호구총수
楚臥,역지사지LV3
楚邱,역지사지LV3
楡下里,호구총수
楡井,여지도서
楡井里,호구총수
楡亭村,호구총수
楡倉,역지사지LV3
楡南山,여지도서
楡坡里,호구총수
楡城里,호구총수
楡山,여지도서
楡峙里,호구총수
楡峴,여지도서
楡峴里,호구총수
楡嶺里,호구총수
楡川,군현역원·여지도서
楡川里,호구총수
楡川院,군현역원
楡朱山,여지도서
楡村里,호구총수
楡林所,특수구역
楡林里,호구총수
楡梯,특수구역
楡梯處,특수구역
楡楊,군현역원
楡正里,호구총수
楡水部曲,특수구역
楡泗里,호구총수
楡洞里,호구총수
楡津,신증동국여지승람·여지도서·역지사지LV3
楡津水,여지도서
楡津里,호구총수
楡津面,호구총수
楡田,역지사지LV3
楡田里,호구총수
楡田面,호구총수
楡谷,특수구역
楡谷部曲,특수구역
楡谷里,호구총수
楡邑里,호구총수
楡面,호구총수
楡頭,역지사지LV3
楡頭倉,역지사지LV3·호구총수
楡頭倉坊,호구총수
業子洞,호구총수
業木洞,호구총수
業洞里,호구총수
業淸江,신증동국여지승람
業窟峯,여지도서
業面,역지사지LV3
業面坊,호구총수
楮串里,호구총수
楮代部曲,특수구역
楮八里,역지사지LV3
楮八里面,호구총수
楮垈里,호구총수
楮城里,호구총수
楮夜味里,호구총수
楮子山,여지도서
楮子島,신증동국여지승람·호구총수
楮山里,호구총수
楮島,신증동국여지승람·호구총수
楮島里,호구총수
楮巖洞,호구총수
楮旨所,특수구역
楮浦,역지사지LV3
楮浦里,호구총수
楮田一牌里,호구총수
楮田二牌里,호구총수
楮田村,호구총수
楮田洞,역지사지LV3·호구총수
楮田洞里,호구총수
楮田洞面,호구총수
楮田里,호구총수
楮田閭,호구총수
楮硯里,호구총수
楮谷,역지사지LV3
楮谷村,호구총수
楮谷里,호구총수
楮走里,호구총수
楮輪里,호구총수
楮里,호구총수
楮項里,호구총수
極智里,호구총수
極樂,역지사지LV3
極浦,특수구역
極浦部曲,특수구역
極樂山,여지도서
楸上洞,호구총수
楸下村,호구총수
楸下里,호구총수
楸井,호구총수
楸亭里,호구총수
楸同里,호구총수
楸坪里,호구총수
楸子,역지사지LV3·호구총수
楸子島,여지도서
楸子島部曲,특수구역
楸子所,특수구역
楸子谷所,특수구역
楸山里,호구총수
楸峴,여지도서
楸峴里,호구총수
楸峴院,군현역원
楸島,여지도서·역지사지LV3
楸島里,호구총수
楸島面,호구총수
楸嶺,신증동국여지승람·여지도서
楸巖里,호구총수
楸川,호구총수
楸明里,호구총수
楸木洞里,호구총수
楸木里,호구총수
楸池,여지도서
楸池嶺,신증동국여지승람·여지도서
楸洞,호구총수
楸洞村,호구총수
楸洞洞,호구총수
楸洞洞內,호구총수
楸洞里,호구총수
楸津里,호구총수
楸灘,역지사지LV3
楸灘坊,호구총수
楸田里,호구총수
楸羅島,여지도서
楸谷洞,호구총수
楸谷里,호구총수
榛丘里,호구총수
榛串里,호구총수
榛仇非里,호구총수
榛代,역지사지LV3
榛伐,역지사지LV3
榛伐里,호구총수
榛伐面,호구총수
榛子村,호구총수
榛子里,호구총수
榛屯地里,호구총수
榛山里,호구총수
榛峴,신증동국여지승람
榛接,역지사지LV3
榛林,군현역원
榛田,군현역원·호구총수
榛田里,호구총수
榛谷里,호구총수
榛隅,호구총수
榜峴里,호구총수
榟田,군현역원
榧子洞,호구총수
榧子院,군현역원
榮壤,역지사지LV3
榮山,역지사지LV3·특수구역
榮山廢縣,특수구역
榮山浦,역지사지LV3
榮川,군현역원
榮川里,호구총수
榮州,역지사지LV3
榮洞里,호구총수
榮親洞里,호구총수
榻峴里,호구총수
槇根亭,호구총수
槌介東里,호구총수
槌介西里,호구총수
槎村里,호구총수
槐井里,호구총수
槐亭,호구총수
槐亭村里,호구총수
槐亭里,호구총수
槐台吉串,신증동국여지승람
槐坪里,호구총수
槐堂里,호구총수
槐山,군현역원·역지사지LV3
槐巖里,호구총수
槐州,군현역원
槐庇里,호구총수
槐旺里,호구총수
槐木亭,호구총수
槐木亭上里,호구총수
槐木亭下里,호구총수
槐木亭坊,호구총수
槐木亭里,호구총수
槐木洞里,호구총수
槐木里,호구총수
槐木閭,호구총수
槐村里,호구총수
槐林山,여지도서
槐洞里,호구총수
槐津,여지도서
槐花亭里,호구총수
槐花里,호구총수
槐苔里,호구총수
槐葉里,호구총수
槐谷里,호구총수
槐音里,호구총수
槽巖里,호구총수
槽川里,호구총수
槽延村,호구총수
槽洞,역지사지LV3
槽洞村,호구총수
槽洞里,호구총수
槽谷,역지사지LV3
槽項里,호구총수
樂五里,호구총수
樂亭,호구총수
樂倉,역지사지LV3
樂倉里,호구총수
樂只里,호구총수
樂善,역지사지LV3
樂善坊,호구총수
樂坪里,호구총수
樂壤,역지사지LV3
樂壽,군현역원
樂天亭,호구총수
樂天洞,호구총수
樂天里,호구총수
樂安,역지사지LV3
樂山,역지사지LV3
樂山坊,호구총수
樂山里,호구총수
樂山面,호구총수
樂川洞里,호구총수
樂新,군현역원
樂春里,호구총수
樂本里,호구총수
樂村里,호구총수
樂民,역지사지LV3
樂水,군현역원
樂洞,호구총수
樂生,군현역원·역지사지LV3
樂生面,호구총수
樂興,역지사지LV3
樂豐,군현역원
樂道,역지사지LV3
樂里,호구총수
樂隣洞里,호구총수
樂隱里,호구총수
樊川,호구총수
樊川里,호구총수
樓下村,호구총수
樓台里,호구총수
樓底村,호구총수
樓底里,호구총수
樓後里,호구총수
樓村,호구총수
樓板里,호구총수
樓橋里,호구총수
樓洞里,호구총수
樓里,호구총수
樓門上里,호구총수
樓門里,호구총수
樓閣里,호구총수
樓院店,군현역원
樓院里,호구총수
樓雲下里,호구총수
樓雲里,호구총수
標石里,호구총수
樵溪里,호구총수
樸坪所,특수구역
樸山所,특수구역
樹介村,호구총수
樹多里,호구총수
樹州,군현역원
樹林村,호구총수
樹谷洞,호구총수
樹谷里,호구총수
樹里,호구총수
樺洞里,호구총수
樺皮里,호구총수
樺谷里,호구총수
樽山里,호구총수
樽巖,여지도서
橋上村,호구총수
橋上洞,호구총수
橋上里,호구총수
橋下洞,호구총수
橋下里,호구총수
橋亭,호구총수
橋來里,호구총수
橋內山,여지도서
橋巖里,호구총수
橋柯,군현역원
橋次里,호구총수
橋洞,호구총수
橋洞里,호구총수
橋浦里,호구총수
橋田里,호구총수
橋谷,호구총수
橋谷山,여지도서
橋越里,호구총수
橋路里,호구총수
橋邊里,호구총수
橋項村,호구총수
橋項水南里,호구총수
橋項洞,호구총수
橋項里,호구총수
橋頓里,호구총수
機亭里,호구총수
機勿里,호구총수
機堤里,호구총수
機山里,호구총수
機張,군현역원·역지사지LV3
機池,신증동국여지승람·여지도서·역지사지LV3
機池坊,호구총수
機池里,호구총수
機洞里,호구총수
機浦里,호구총수
橡林,군현역원
橫城,군현역원·역지사지LV3
橫山村,호구총수
橫山里,호구총수
橫峙里,호구총수
橫巖里,호구총수
橫川,역지사지LV3·특수구역
橫川嶺,여지도서
橫川所,특수구역
橫川社,호구총수
橫川里,호구총수
橫川面,호구총수
橫建島,신증동국여지승람
橫步里,호구총수
橫浦,군현역원
橫浦川,신증동국여지승람
橫溪,군현역원
橫溪山,여지도서
橫溪村,호구총수
橫灘,여지도서
橫看島,여지도서·호구총수
橫程所,특수구역
橫里閭,호구총수
檜㫆山,신증동국여지승람
檜上端里,호구총수
檜下端里,호구총수
檜串,역지사지LV3
檜原里,호구총수
檜寺洞里,호구총수
檜屯里,호구총수
檜山,여지도서
檜山里,호구총수
檜岩,역지사지LV3
檜峴,신증동국여지승람
檜嶺,신증동국여지승람
檜巖,역지사지LV3
檜巖面,호구총수
檜木里,호구총수
檜村里,호구총수
檜泉,역지사지LV3
檜洞,호구총수
檜洞里,호구총수
檜灘,여지도서
檜田里,호구총수
檜石里,호구총수
檜耳里,호구총수
檜花亭,호구총수
檜花亭里,호구총수
檜花里,호구총수
檜谷里,호구총수
檜院,군현역원
檟峴里,호구총수
檢丁洞村,호구총수
檢下浦里,호구총수
檢丹,역지사지LV3
檢丹坊,호구총수
檢丹村,호구총수
檢丹洞,호구총수
檢丹里,호구총수
檢亭里,호구총수
檢做里,호구총수
檢卜里,호구총수
檢吉里,호구총수
檢同川,여지도서
檢坪里,호구총수
檢垈里,호구총수
檢城里,호구총수
檢多串洞,호구총수
檢太里,호구총수
檢寺里,호구총수
檢山,여지도서·역지사지LV3
檢山坊,호구총수
檢山蛙,호구총수
檢山里,호구총수
檢山面,호구총수
檢屹串里,호구총수
檢巖,호구총수
檢巖山,여지도서
檢巖里,호구총수
檢川,여지도서·호구총수
檢川里,호구총수
檢柳里,호구총수
檢汗里,호구총수
檢洞,호구총수
檢洞里,호구총수
檢省里,호구총수
檢知里,호구총수
檢神里,호구총수
檢義德洞,여지도서
檢詳洞,호구총수
檢詳洞里,호구총수
檢谷里,호구총수
檢遜里,호구총수
檢金,호구총수
檢長洞里,호구총수
檻古介里,호구총수
檻峴村,호구총수
櫓島村,호구총수
櫓溪里,호구총수
櫛幕里,호구총수
櫛林,역지사지LV3
櫛林里,호구총수
櫟山,군현역원·역지사지LV3
櫟山社,호구총수
櫟泉里,호구총수
櫟陽,역지사지LV3
櫟陽面,호구총수
櫻嶺,신증동국여지승람
櫻谷,군현역원
權先,역지사지LV3
權先面,호구총수
權古郞里,호구총수
權善里,호구총수
權山所,호구총수
權山里,호구총수
權布里,호구총수
權政丞契,호구총수
權洞里,호구총수
權近舊基,특수구역
權達洞,호구총수
權長里,호구총수
次三里,호구총수
次上里,호구총수
次下里,호구총수
次中里,호구총수
次乃村,호구총수
次乃里,호구총수
次北,역지사지LV3
次北面,호구총수
次堂谷里,호구총수
次日里,호구총수
次洞里,호구총수
次西里,호구총수
次道里,호구총수
次邑,역지사지LV3
次邑內,역지사지LV3
次邑內面,호구총수
次里,역지사지LV3
次音山,여지도서
欣巖洞,호구총수
欣浪里,호구총수
欣皇里,호구총수
欣谷里,호구총수
欲知島,여지도서
歌曲里,호구총수
歌樂洞里,호구총수
歌絃山,여지도서
歌舞洞里,호구총수
歙谷,군현역원·역지사지LV3
歡喜城里,호구총수
歡喜山,여지도서
歡喜里,호구총수
歡城,역지사지LV3
止善里,호구총수
止屎洞里,호구총수
止峴里,호구총수
止洞里,호구총수
正之安,역지사지LV3
正之安面,호구총수
正伊里,호구총수
正住洞里,호구총수
正光村,호구총수
正南,역지사지LV3
正可村,호구총수
正吐村,호구총수
正坐山里,호구총수
正垈里,호구총수
正壯里,호구총수
正壽巖,호구총수
正守,군현역원·역지사지LV3
正安,역지사지LV3
正安里,호구총수
正安面,호구총수
正尺中里,호구총수
正尺北里,호구총수
正尺南里,호구총수
正尺東里,호구총수
正尺西里,호구총수
正峴里,호구총수
正州里,호구총수
正左山,신증동국여지승람
正平里,호구총수
正往山,여지도서
正往里,호구총수
正方,역지사지LV3·특수구역
正方內部里,호구총수
正方外部里,호구총수
正方山,여지도서
正方淵,여지도서
正方鄕,특수구역
正明川,여지도서
正明里,호구총수
正月洞里,호구총수
正村里,호구총수
正東,역지사지LV3
正林,역지사지LV3
正林里,호구총수
正林面,호구총수
正果實里,호구총수
正樹,군현역원
正水,역지사지LV3
正水里,호구총수
正泉里,호구총수
正法里,호구총수
正洞,역지사지LV3
正莊里,호구총수
正菴里,호구총수
正覺里,호구총수
正角山里,호구총수
正角村,호구총수
正谷,군현역원·역지사지LV3·호구총수
正谷里,호구총수
正路里,호구총수
正邊,역지사지LV3
正邊社,호구총수
正陽,군현역원
正陽山,여지도서
正陽里,호구총수
正骨,특수구역
正骨部曲,특수구역
此谷里,호구총수
此道乙迫里,호구총수
步兵洞里,호구총수
步川,호구총수
武下里,호구총수
武井洞里,호구총수
武仁里,호구총수
武侍郞里,호구총수
武壯里,호구총수
武夷山,여지도서·호구총수
武夷川里,호구총수
武學堂,호구총수
武學堂里,호구총수
武安,역지사지LV3
武尙里,호구총수
武崇里,호구총수
武建里,호구총수
武才洞里,호구총수
武會村,호구총수
武村里,호구총수
武洞,호구총수
武洞里,호구총수
武溪澤,여지도서
武溪里,호구총수
武珍,군현역원
武科洞里,호구총수
武等里,호구총수
武羅里,호구총수
武良里,호구총수
武豆只里,호구총수
武貞,역지사지LV3
武金洞里,호구총수
武陵,역지사지LV3
武陵坊,호구총수
武陵山,여지도서
武陵武陵里,호구총수
武陵洞,호구총수
武陵里,호구총수
歧音江,여지도서
歸仁里,호구총수
歸介里,호구총수
歸來村里,호구총수
歸來洞,호구총수
歸來洞里,호구총수
歸來谷,호구총수
歸信里,호구총수
歸化部曲,특수구역
歸厚,군현역원·역지사지LV3
歸厚坊,호구총수
歸味村,호구총수
歸密院,군현역원
歸川里,호구총수
歸州洞,여지도서
歸德浦,여지도서
歸德縣,특수구역
歸德里,호구총수
歸林,역지사지LV3
歸林社,호구총수
歸歟里,호구총수
歸老里,호구총수
歸良谷,호구총수
歸落里,호구총수
歸道里,호구총수
歸間里,호구총수
歸龍山,여지도서
歸龍里,호구총수
歸龍山,여지도서
殖里,역지사지LV3
殖里面,호구총수
殘松山,호구총수
殘洞里,호구총수
殘風,호구총수
殷山,군현역원·역지사지LV3
殷峯里,호구총수
殷州,군현역원
殷栗,역지사지LV3
殷豊東川,여지도서
殷豊西川,여지도서
殷栗,군현역원
殿不里,호구총수
毋岳,세종실록지리지
毋嶽,신증동국여지승람
母后山,신증동국여지승람·여지도서
母后谷,호구총수
母子,세종실록지리지
母子山,여지도서
母孝洞里,호구총수
母山,역지사지LV3
母山堂浦,신증동국여지승람
母山里,호구총수
母岳山,여지도서
母岳川,여지도서
母村,역지사지LV3
母村面,호구총수
母津江,여지도서
每也之里,호구총수
每也村,호구총수
每士郞,호구총수
每安洞里,호구총수
每安谷閭,호구총수
每橋里,호구총수
每每島,여지도서
每洞,역지사지LV3
每洞坊,호구총수
每睦里,호구총수
每里,호구총수
毒古赤里,호구총수
比化洞里,호구총수
比召,역지사지LV3
比召谷,역지사지LV3
比召谷面,호구총수
比史谷,역지사지LV3
比史谷所,특수구역
比史里所,특수구역
比安,군현역원·역지사지LV3
比村,호구총수
比谷,역지사지LV3
比谷面,호구총수
毗瑟山,세종실록지리지
毗盧峯,여지도서
毘田,여지도서
毛之乞里,호구총수
毛乙山,여지도서
毛也島,호구총수
毛五里,호구총수
毛亭里,호구총수
毛伊峴院,군현역원
毛兒,역지사지LV3
毛兒里,호구총수
毛其大里,호구총수
毛助,특수구역
毛助部曲,특수구역
毛古里村,호구총수
毛只,역지사지LV3
毛只社,호구총수
毛可亭,호구총수
毛可頭里,호구총수
毛台,역지사지LV3
毛台洞里,호구총수
毛台谷,역지사지LV3
毛台面,호구총수
毛坤所,특수구역
毛女峴,여지도서
毛好,역지사지LV3
毛好里,호구총수
毛好音里,호구총수
毛宗里,호구총수
毛密項,호구총수
毛山,역지사지LV3·특수구역·호구총수
毛山部曲,특수구역
毛山里,호구총수
毛山面,호구총수
毛廛契,호구총수
毛方洞,호구총수
毛昌洞內,호구총수
毛時村,호구총수
毛會里,호구총수
毛月串,역지사지LV3
毛月串面,호구총수
毛果仇味,호구총수
毛沓浦,여지도서
毛沙,역지사지LV3
毛沙洞,역지사지LV3
毛沙閭,호구총수
毛沼里,호구총수
毛泰里,호구총수
毛洞,신증동국여지승람
毛火里,호구총수
毛瑟浦,신증동국여지승람
毛瑟浦里,호구총수
毛界里,호구총수
毛略會里,호구총수
毛看,역지사지LV3
毛看里,호구총수
毛砂,역지사지LV3
毛禮村,호구총수
毛等谷部曲,특수구역
毛箭里,호구총수
毛羅谷里,호구총수
毛羅里,호구총수
毛老,역지사지LV3
毛老亭里,호구총수
毛老峴,신증동국여지승람
毛老峴里,호구총수
毛老川里,호구총수
毛老村,역지사지LV3
毛老村面,호구총수
毛老谷,호구총수
毛老里,호구총수
毛致里,호구총수
毛良界里,호구총수
毛良里,호구총수
毛西里,호구총수
毛谷,역지사지LV3
毛谷里,호구총수
毛赤里,호구총수
毛邑端里,호구총수
毛邑谷村,호구총수
毛邑里,호구총수
毛郞浦,신증동국여지승람
毛郞浦村,호구총수
毛郞浦里,호구총수
毛都音谷,호구총수
毛雪巖里,호구총수
毛首,역지사지LV3
毛骨,신증동국여지승람
毫谷村,호구총수
毬場里,호구총수
氏山,호구총수
氏橋里,호구총수
民地里,호구총수
民峙里,호구총수
民村,호구총수
民村里,호구총수
民湯里,호구총수
民頭村,호구총수
水三派,여지도서
水上,역지사지LV3
水上位里,호구총수
水上洞,호구총수
水上社,호구총수
水上里,호구총수
水下,역지사지LV3
水下洞,호구총수
水下洞契,호구총수
水下社,호구총수
水下里,호구총수
水下面,호구총수
水中洞,호구총수
水中臺里,호구총수
水中里,호구총수
水串山,여지도서
水丹里,호구총수
水也里,호구총수
水于山,여지도서
水井洞,호구총수
水井里,호구총수
水仁,군현역원
水仁里,호구총수
水余村,호구총수
水余里,호구총수
水億里,호구총수
水元村,호구총수
水光山,여지도서
水入,역지사지LV3·특수구역
水入縣,특수구역
水入里,호구총수
水入面,호구총수
水內,역지사지LV3
水內谷里,호구총수
水內里,호구총수
水八里,호구총수
水凉川里,호구총수
水出洞里,호구총수
水出里,호구총수
水分峙里,호구총수
水分峴,신증동국여지승람
水分里,호구총수
水分院,군현역원
水則,여지도서
水前里,호구총수
水助里,호구총수
水化,역지사지LV3
水北,역지사지LV3
水北村,호구총수
水北里,호구총수
水南,역지사지LV3
水南村,호구총수
水南里,호구총수
水南面,호구총수
水原,군현역원·역지사지LV3
水原川里,호구총수
水原洞里,호구총수
水原里,호구총수
水口,역지사지LV3·호구총수
水口坊,호구총수
水口村,호구총수
水口洞里,호구총수
水口皮里,호구총수
水口里,호구총수
水右,역지사지LV3
水合里,호구총수
水呑,역지사지LV3
水呑面,호구총수
水周,역지사지LV3
水周面,역지사지LV3·호구총수
水回,역지사지LV3
水回坊,호구총수
水回川,여지도서
水回里,호구총수
水回面,호구총수
水圍里,호구총수
水圖里,호구총수
水坪村,호구총수
水坪洞內,호구총수
水坪里,호구총수
水城岳,여지도서
水城村,호구총수
水城閭,호구총수
水域里,호구총수
水塘村,호구총수
水墮,특수구역
水多,역지사지LV3·특수구역
水多伊所,특수구역
水多所,특수구역
水多村,호구총수
水多洞,호구총수
水多洞里,호구총수
水多海里,호구총수
水多谷,역지사지LV3
水多谷所,특수구역
水多谷里,호구총수
水多部曲,특수구역
水多里,호구총수
水多面,호구총수
水大谷,역지사지LV3
水大谷所,특수구역
水大谷里,호구총수
水大谷面,호구총수
水大里,호구총수
水安,군현역원
水安里,호구총수
水寒洞,호구총수
水尺洞里,호구총수
水尺里,호구총수
水局陽亭里,호구총수
水山,군현역원·여지도서·역지사지LV3
水山村,호구총수
水山洞,호구총수
水山洞內,호구총수
水山洞里,호구총수
水山里,호구총수
水山面,호구총수
水岐里,호구총수
水岳,여지도서
水岾,신증동국여지승람
水島,여지도서·호구총수
水島里,호구총수
水巖里,호구총수
水川,역지사지LV3·호구총수
水川坊,호구총수
水川里,호구총수
水州,군현역원
水平村,호구총수
水店,호구총수
水店里,호구총수
水庫山,여지도서
水德里,호구총수
水心臺,여지도서
水息,역지사지LV3
水息面,호구총수
水成村,호구총수
水旀里,호구총수
水日山,신증동국여지승람
水日里,호구총수
水旨,역지사지LV3
水旨坊,호구총수
水星洞里,호구총수
水春村,호구총수
水晶,역지사지LV3
水晶堂上里,호구총수
水晶堂下里,호구총수
水晶峰,여지도서
水晶川,여지도서
水晶泉,여지도서
水晶洞,호구총수
水晶洞里,호구총수
水晶浦里,호구총수
水晶里,호구총수
水曲所,특수구역
水曲里,호구총수
水曳里,호구총수
水月村,호구총수
水月洞,호구총수
水月浦里,호구총수
水月里,호구총수
水有尾里,호구총수
水望川,여지도서
水望里,호구총수
水朴洞,호구총수
水村,호구총수
水村里,호구총수
水東,역지사지LV3
水東洞,호구총수
水東里,호구총수
水枝,역지사지LV3
水染里,호구총수
水桶里,호구총수
水楊村,호구총수
水標東邊契,호구총수
水橋里,호구총수
水永洞里,호구총수
水永里,호구총수
水汗,역지사지LV3
水汗里,호구총수
水汗面,호구총수
水汰島,호구총수
水沈里,호구총수
水治巖里,호구총수
水泊里,호구총수
水波里,호구총수
水泥洞里,호구총수
水泰里,호구총수
水洞,여지도서·역지사지LV3·호구총수
水洞上里,호구총수
水洞下里,호구총수
水洞中里,호구총수
水洞社,호구총수
水洞里,호구총수
水洞面,호구총수
水津山,여지도서
水津洞里,호구총수
水津里,호구총수
水流,역지사지LV3
水流川里,호구총수
水流面,호구총수
水浦里,호구총수
水淨洞里,호구총수
水淨里,호구총수
水深洞內,호구총수
水淸,역지사지LV3·호구총수
水淸洞,호구총수
水淸洞里,호구총수
水淸里,호구총수
水淸面,호구총수
水湖洞里,호구총수
水湯浦,여지도서
水湯里,호구총수
水湯院,군현역원
水源山,여지도서
水源洞,호구총수
水源洞里,호구총수
水潮山,여지도서
水潮里,호구총수
水濟里,호구총수
水瀑臺,여지도서
水營東,역지사지LV3
水營東邊里,호구총수
水營東面,호구총수
水田栗洞閭,호구총수
水田里,호구총수
水白里,호구총수
水皮里,호구총수
水眞,역지사지LV3
水眞乞里,호구총수
水眞洞里,호구총수
水眞面,호구총수
水石洞里,호구총수
水石里,호구총수
水砧洞,호구총수
水砧洞里,호구총수
水砧里,호구총수
水硯里,호구총수
水站里,호구총수
水精山,여지도서
水精遷院,군현역원
水自次里,호구총수
水自洞里,호구총수
水良村,호구총수
水色里契,호구총수
水芹畓契,호구총수
水落,호구총수
水落只,호구총수
水落山,여지도서
水落巖,여지도서
水落洞,호구총수
水落里,호구총수
水蘇野洞內,호구총수
水西,역지사지LV3
水西下里,호구총수
水西中里,호구총수
水西里,호구총수
水訥,역지사지LV3
水訥坊,호구총수
水谷,역지사지LV3·호구총수
水谷所,특수구역
水谷洞,호구총수
水谷部曲,특수구역
水谷里,호구총수
水谷面,호구총수
水豆谷里,호구총수
水豊,역지사지LV3
水走赫里,호구총수
水越洞里,호구총수
水越里,호구총수
水踰大川,여지도서
水踰洞里,호구총수
水踰里,호구총수
水退山,여지도서
水逾村契,호구총수
水道洞里,호구총수
水達里,호구총수
水邊洞里,호구총수
水邊里,호구총수
水鄕,군현역원
水里,호구총수
水金,역지사지LV3
水金鄕,특수구역
水金面,호구총수
水鎭,역지사지LV3
水鎭面,호구총수
水鐵店,호구총수
水鐵店里,호구총수
水鐵洞里,호구총수
水鐵里,호구총수
水鐵里契,호구총수
水鐵院,호구총수
水長洞里,호구총수
水門外里,호구총수
水門村,호구총수
水門洞,호구총수
水門洞契,호구총수
水門洞里,호구총수
水門浦,호구총수
水門浦村,호구총수
水門里,호구총수
水閑里,호구총수
水閣里,호구총수
水陰里,호구총수
水雄里,호구총수
水雲,특수구역
水雲洞里,호구총수
水靑,세종실록지리지
水靑里,호구총수
水頂岳,여지도서
水餘,역지사지LV3
水餘浦里,호구총수
水餘里,호구총수
水餘面,호구총수
水鳴里,호구총수
水龍洞里,호구총수
水龍里,호구총수
水金,특수구역
水靈岳,여지도서
氷丁,호구총수
氷亭里,호구총수
氷債里,호구총수
氷山,여지도서·역지사지LV3
氷山面,호구총수
氷島里,호구총수
氷巖里,호구총수
氷庫,호구총수
氷庫峴,호구총수
氷庫洞里,호구총수
氷庫登,호구총수
氷庫里,호구총수
氷梁里,호구총수
氷穴,여지도서
氷素洞里,호구총수
氷鐵里,호구총수
永丑里,호구총수
永中,역지사지LV3
永仁,역지사지LV3
永仁社,호구총수
永保,군현역원
永保洞,호구총수
永信洞,호구총수
永信里,호구총수
永倉村,호구총수
永元,역지사지LV3
永北,역지사지LV3
永可,특수구역
永可部曲,특수구역
永吉里,호구총수
永同,군현역원·역지사지LV3
永吾,역지사지LV3
永善,특수구역
永善縣,특수구역
永善里,호구총수
永坪里,호구총수
永壽,특수구역
永壽部曲,특수구역
永壽閭,호구총수
永安,군현역원
永安下里,역지사지LV3
永安下里社,호구총수
永安村,호구총수
永安洞,호구총수
永安洞里,호구총수
永安里,호구총수
永宗,역지사지LV3
永宗營下,역지사지LV3
永宗營下面,호구총수
永寧,역지사지LV3
永寧廢縣,특수구역
永寧村,호구총수
永山,역지사지LV3
永山島,호구총수
永峙里,호구총수
永峯里,호구총수
永川,군현역원·역지사지LV3
永川村,호구총수
永川洞,호구총수
永川里,호구총수
永州,군현역원
永平,군현역원
永平山,여지도서
永平里,호구총수
永庫里,호구총수
永康,군현역원
永康站里,호구총수
永德里,호구총수
永忠,역지사지LV3
永慕亭,호구총수
永慕亭里,호구총수
永慕里,호구총수
永新,군현역원·특수구역
永新里,호구총수
永旨,역지사지LV3
永昌,군현역원
永春,군현역원·역지사지LV3
永春洞里,호구총수
永春社,호구총수
永春里,호구총수
永智山面,호구총수
永村里,호구총수
永東上里,호구총수
永東末里,호구총수
永林里,호구총수
永柔,군현역원·역지사지LV3
永樂,역지사지LV3
永歸美,역지사지LV3
永歸美面,호구총수
永歸里,호구총수
永江里,호구총수
永洞,역지사지LV3
永洞村,호구총수
永洞里,호구총수
永洞面,호구총수
永津,역지사지LV3
永津坊,호구총수
永津里,호구총수
永浪湖,여지도서
永浪里,호구총수
永海洞,호구총수
永淸,역지사지LV3
永淸洞,호구총수
永湖亭,호구총수
永爾,역지사지LV3
永瓦,역지사지LV3
永申,군현역원
永申里,호구총수
永申院,군현역원
永登山,여지도서
永登浦,역지사지LV3
永登浦里,호구총수
永登里,호구총수
永登鎭下里,호구총수
永竹洞,호구총수
永綏,역지사지LV3
永縣,역지사지LV3
永縣里,호구총수
永耳谷,역지사지LV3
永耳谷里,호구총수
永興,군현역원·역지사지LV3
永興里,호구총수
永落里,호구총수
永谷里,호구총수
永豊,역지사지LV3·특수구역
永豊倉,역지사지LV3
永豊倉面,호구총수
永豊社,호구총수
永豊鄕,특수구역
永豊里,호구총수
永豊面,호구총수
永貞洞,호구총수
永迪洞,호구총수
永達,역지사지LV3
永達洞,역지사지LV3·호구총수
永達面,호구총수
永酒院里,호구총수
永鎭,역지사지LV3
永靑洞,호구총수
永順,역지사지LV3·특수구역
永順廢縣,특수구역
永順面,호구총수
永高,역지사지LV3
永高山,역지사지LV3
汀浦里,호구총수
汀石里,호구총수
汀羅,호구총수
汀頭里,호구총수
汁浦,역지사지LV3
求井站,군현역원
求仁里,호구총수
求仙洞里,호구총수
求去非里,호구총수
求密洞,호구총수
求寧浦里,호구총수
求所要,역지사지LV3
求所要里,호구총수
求所要面,호구총수
求智,역지사지LV3
求智山,역지사지LV3
求永洞坊,호구총수
求王洞,호구총수
求知,역지사지LV3
求知道,역지사지LV3
求知道面,호구총수
求神里,호구총수
求禮,군현역원·역지사지LV3
求禮洞,호구총수
求禮里,호구총수
求索里,호구총수
求美洞里,호구총수
求腐,호구총수
求訥里,호구총수
求道里,호구총수
汗亭,호구총수
汗伐村,호구총수
汗儀洞,호구총수
汗內里,호구총수
汗厚里,호구총수
汗厚里生鐵店,호구총수
汗地幕里,호구총수
汗坪里,호구총수
汗川里,호구총수
汗橋里,호구총수
汗水亭,호구총수
汗水川里,호구총수
汗江里,호구총수
汗田里,호구총수
汗者津里,호구총수
汗谷里,호구총수
汗赤洞,호구총수
汙三川里,호구총수
汙三洞,호구총수
汙田里,호구총수
汝乙旀里,호구총수
汝五介里,호구총수
汝仁,역지사지LV3
汝仁社,호구총수
汝伊洞里,호구총수
汝凡里,호구총수
汝勒里,호구총수
汝南里,호구총수
汝口里,호구총수
汝呑里,호구총수
汝土谷里,호구총수
汝斤里,호구총수
汝東里洞,호구총수
汝次乙浦里,호구총수
汝海津里,호구총수
汝矣島契,호구총수
汝耳位里,호구총수
汝背里,호구총수
汝自島里,호구총수
汝草里,호구총수
汝草里村,호구총수
汝解串津,여지도서
汝里洞里,호구총수
汝隱德里,호구총수
汝音朱島,여지도서
汝音里,호구총수
江上,역지사지LV3
江下,역지사지LV3
江之里,호구총수
江井山里,호구총수
江井洞里,호구총수
江京村,호구총수
江亭村,호구총수
江亭里,호구총수
江倉浦,여지도서
江倉里,호구총수
江停里,호구총수
江內,역지사지LV3
江北,역지사지LV3
江北面,호구총수
江南,역지사지LV3·호구총수
江南伐村,호구총수
江南谷,호구총수
江南面,호구총수
江口,역지사지LV3
江口社,호구총수
江口里,호구총수
江古山里,호구총수
江古縣,역지사지LV3
江古縣面,호구총수
江古里,호구총수
江坪里,호구총수
江城,호구총수
江城洞里,호구총수
江城里,호구총수
江堂里,호구총수
江境里,호구총수
江壯里,호구총수
江外,역지사지LV3
江外面,호구총수
江太亭里,호구총수
江山寺里,호구총수
江山里,호구총수
江島里,호구총수
江巖村,호구총수
江川,역지사지LV3
江川里,호구총수
江州浦,신증동국여지승람
江巳里,호구총수
江後洞,호구총수
江所洞里,호구총수
江文里,호구총수
江新,역지사지LV3
江景,역지사지LV3·호구총수
江景山,여지도서
江景津,신증동국여지승람
江景浦,여지도서
江東,군현역원·역지사지LV3
江東里,호구총수
江東面,호구총수
江林里,호구총수
江樓村,호구총수
江沙橋里,호구총수
江沙里,호구총수
江注村里,호구총수
江洞,역지사지LV3
江洞村,호구총수
江洞里,호구총수
江津,역지사지LV3
江津洞里,호구총수
江津里,호구총수
江津面,호구총수
江洲浦,여지도서
江淸,호구총수
江淸下里,호구총수
江淸村,호구총수
江淸洞里,호구총수
江淸里,호구총수
江爭里,호구총수
江琴坊,호구총수
江琴里,호구총수
江界,군현역원·역지사지LV3
江界村,호구총수
江界洞里,호구총수
江界田,호구총수
江石里,호구총수
江華,군현역원·역지사지LV3
江華坪,여지도서
江萬里,호구총수
江西,군현역원·역지사지LV3
江西山,여지도서
江西後里,호구총수
江西里,호구총수
江西面,호구총수
江越里,호구총수
江連里,호구총수
江道巖,호구총수
江達里,호구총수
江邊,호구총수
江邊村,호구총수
江邊里,호구총수
江里,호구총수
江金洞里,호구총수
江鎭,역지사지LV3
江門里,호구총수
江陰,군현역원
江陵,군현역원·역지사지LV3
江陵山,여지도서
江陽,군현역원·역지사지LV3
江陽里,호구총수
江隅里,호구총수
江面,호구총수
江龍山,세종실록지리지
池上,호구총수
池上里,호구총수
池下契,호구총수
池乃里,호구총수
池九里,호구총수
池五里,호구총수
池亭,호구총수
池仇味里,호구총수
池來里,호구총수
池內,역지사지LV3·호구총수
池內北里,호구총수
池內村,호구총수
池內洞,호구총수
池內里,호구총수
池內面,호구총수
池城,역지사지LV3
池城山,여지도서
池堂里,호구총수
池塘里,호구총수
池外里,호구총수
池宗新里,호구총수
池宗里,호구총수
池官里,호구총수
池山所,호구총수
池山村,호구총수
池山洞里,호구총수
池山里,호구총수
池峙里,호구총수
池川里,호구총수
池底,호구총수
池本,호구총수
池村,역지사지LV3
池村坊,호구총수
池村鄕,특수구역
池梁,역지사지LV3
池梁坊,호구총수
池波里,호구총수
池洞,역지사지LV3·호구총수
池洞村,호구총수
池洞里,호구총수
池洞面,호구총수
池浦,여지도서·역지사지LV3
池浦里,호구총수
池浦面,호구총수
池淵里,호구총수
池漢,역지사지LV3
池濕浦里,호구총수
池登里,호구총수
池羅里,호구총수
池莊里,호구총수
池莫只山,여지도서
池谷,역지사지LV3
池谷村,호구총수
池谷洞,호구총수
池谷里,호구총수
池達村,호구총수
池邊村,호구총수
池邊里,호구총수
池閑,역지사지LV3
池雲,역지사지LV3
汪津,여지도서
汭陽江,여지도서
汱下村,호구총수
汲泉,군현역원
汴浦,역지사지LV3
汴浦面,호구총수
汶山里,호구총수
汶谷里,호구총수
決雲里,호구총수
汾川,여지도서
汾川里,호구총수
汾江里,호구총수
汾津廢縣,특수구역
沃下里,호구총수
沃原,군현역원
沃原驛,호구총수
沃只川里,호구총수
沃川,군현역원·역지사지LV3
沃浦里,호구총수
沃溝,군현역원·역지사지LV3
沃田鄕,특수구역
沃野,역지사지LV3·특수구역
沃野廢縣,특수구역
沃野村,호구총수
沃野縣,특수구역
沃野面,호구총수
沈坊,호구총수
沈方洞,호구총수
沈方里,호구총수
沈橋里,호구총수
沈水島,신증동국여지승람
沈洞里,호구총수
沈防里,호구총수
沍門里,호구총수
沐川里,호구총수
沐洞里,호구총수
沐浴里,호구총수
沒雲臺,여지도서
沒雲里,호구총수
沓上里,호구총수
沓毛老里,호구총수
沓洞村,호구총수
沓洞里,호구총수
沓田里,호구총수
沓谷,역지사지LV3
沓谷所,특수구역
沓谷津,여지도서
沓谷部,특수구역
沓谷部曲,특수구역
沔川,군현역원·역지사지LV3
沙㐊串里,호구총수
沙一邊,역지사지LV3
沙一邊面,호구총수
沙上,역지사지LV3
沙下,역지사지LV3
沙丘所里,호구총수
沙中,역지사지LV3
沙串浦,여지도서
沙串里,호구총수
沙乃之,호구총수
沙乙閑村,호구총수
沙乙閑里,호구총수
沙也只村里,호구총수
沙也只津里,호구총수
沙也時里,호구총수
沙也村,호구총수
沙也洞里,호구총수
沙也老里,호구총수
沙也谷里,호구총수
沙也部曲,특수구역
沙二邊,역지사지LV3
沙二邊面,호구총수
沙五介里,호구총수
沙五火里,호구총수
沙五郞店里,호구총수
沙五郞里,호구총수
沙井里,호구총수
沙亭村,호구총수
沙亭東里,호구총수
沙亭里,호구총수
沙介里,호구총수
沙伊,역지사지LV3
沙伊浦,역지사지LV3
沙伊浦面,호구총수
沙伊谷,역지사지LV3
沙伊谷坊,호구총수
沙伊谷里,호구총수
沙伐,역지사지LV3
沙余洞,호구총수
沙佛郞,호구총수
沙來里,호구총수
沙八赤灘,여지도서
沙几未面,호구총수
沙別里,호구총수
沙加谷,호구총수
沙北,역지사지LV3
沙北面,호구총수
沙古村,호구총수
沙只坊,호구총수
沙只里,호구총수
沙吾村,호구총수
沙吾郞里,호구총수
沙呑里,호구총수
沙味,역지사지LV3
沙品里,호구총수
沙器,역지사지LV3·호구총수
沙器㯖嶺,여지도서
沙器上里,호구총수
沙器坊,호구총수
沙器幕洞,호구총수
沙器幕里,호구총수
沙器店,호구총수
沙器店村,호구총수
沙器店里,호구총수
沙器廛契,호구총수
沙器德里,호구총수
沙器所,호구총수
沙器所村,호구총수
沙器所里,호구총수
沙器村里,호구총수
沙器洞,호구총수
沙器洞里,호구총수
沙器里,호구총수
沙器閭,호구총수
沙土里,호구총수
沙地村,호구총수
沙地里,호구총수
沙坪村,호구총수
沙坪里,호구총수
沙城里,호구총수
沙堤,역지사지LV3
沙堤村,역지사지LV3
沙堤面,호구총수
沙場,호구총수
沙場里,호구총수
沙士里,호구총수
沙外里,호구총수
沙多,역지사지LV3
沙多山,역지사지LV3
沙多山面,호구총수
沙大洞里,호구총수
沙夫洞內,호구총수
沙夫良洞內,호구총수
沙夫里,호구총수
沙寒里,호구총수
沙將山,여지도서
沙屛里,호구총수
沙屯,호구총수
沙屯地里,호구총수
沙屯里,호구총수
沙山里,호구총수
沙屹乃里,호구총수
沙屹川里,호구총수
沙岸串,호구총수
沙岸浦,신증동국여지승람
沙峙里,호구총수
沙峩洞里,호구총수
沙峯里,호구총수
沙峴,신증동국여지승람·여지도서·역지사지LV3
沙峴刈里,호구총수
沙峴里,호구총수
沙峴面,호구총수
沙島,여지도서·호구총수
沙嶺里,호구총수
沙巖村,호구총수
沙巖里,호구총수
沙川,군현역원·신증동국여지승람·여지도서·역지사지LV3·호구총수
沙川里,호구총수
沙川里洞內,호구총수
沙川面,호구총수
沙工巖,신증동국여지승람
沙平里,호구총수
沙平院,군현역원
沙店里,호구총수
沙彌川,여지도서
沙德里,호구총수
沙文里,호구총수
沙斤,군현역원·역지사지LV3
沙斤乃院,군현역원
沙斤寺,역지사지LV3·호구총수
沙斤寺里,호구총수
沙斤寺面,호구총수
沙斤川,여지도서
沙斤橋里,호구총수
沙斤浦里,호구총수
沙斤里,호구총수
沙斤院,군현역원
沙方里,호구총수
沙於,특수구역
沙於曲部曲,특수구역
沙於谷,특수구역
沙於谷部曲,특수구역
沙於鄕,특수구역
沙日里,호구총수
沙旨村,호구총수
沙旨里,호구총수
沙月,역지사지LV3
沙月南里,호구총수
沙月村,호구총수
沙月洞內,호구총수
沙月里,호구총수
沙村,호구총수
沙村下里,호구총수
沙村里,호구총수
沙村里契,호구총수
沙杷里,호구총수
沙梁,특수구역
沙梨,역지사지LV3
沙樹里,호구총수
沙橋里,호구총수
沙正里,호구총수
沙比良里,호구총수
沙水里,호구총수
沙汀里,호구총수
沙江洞,호구총수
沙汰村,호구총수
沙汰洞,호구총수
沙汰洞封山,여지도서
沙汰洞里,호구총수
沙泊里,호구총수
沙泥村,호구총수
沙洞,역지사지LV3
沙洞洞內,호구총수
沙洞里,호구총수
沙洞面,호구총수
沙津,역지사지LV3
沙津坊,호구총수
沙津浦,여지도서
沙津里,호구총수
沙浦,여지도서
沙浦里,호구총수
沙浪里,호구총수
沙淵里,호구총수
沙湖津,여지도서
沙湖浦里,호구총수
沙溪,여지도서
沙溪里,호구총수
沙潭里,호구총수
沙灘,여지도서
沙灘里,호구총수
沙火,역지사지LV3
沙火伊,역지사지LV3
沙火山,여지도서
沙火浦,여지도서
沙火郞里,호구총수
沙火里,호구총수
沙火面,호구총수
沙烏里,호구총수
沙爲浦,신증동국여지승람
沙玉,역지사지LV3
沙玉島,호구총수
沙玉里,호구총수
沙現里,호구총수
沙瑟峙里,호구총수
沙瑟峴,여지도서
沙田,역지사지LV3
沙田之里,호구총수
沙田浦里,호구총수
沙田里,호구총수
沙登里,호구총수
沙盤,호구총수
沙積洞里,호구총수
沙竹,역지사지LV3
沙竹里,호구총수
沙笠頭里,호구총수
沙等,역지사지LV3
沙等串,역지사지LV3
沙等串坊,호구총수
沙等村,특수구역
沙等村部曲,특수구역
沙等浦,여지도서
沙等良部曲,특수구역
沙等良里,호구총수
沙等谷,역지사지LV3
沙等谷坊,호구총수
沙等里,호구총수
沙等面,호구총수
沙羅谷,역지사지LV3
沙羅里,호구총수
沙背也峴,여지도서
沙背里,호구총수
沙致,역지사지LV3
沙致島,신증동국여지승람·호구총수
沙良村部曲,특수구역
沙良渚處,특수구역
沙良部曲,특수구역
沙芝,역지사지LV3
沙草里,호구총수
沙葛峙里,호구총수
沙西良部曲,특수구역
沙訴島,호구총수
沙谷,역지사지LV3
沙谷村,호구총수
沙谷洞,호구총수
沙谷里,호구총수
沙谷面,호구총수
沙近橋里,호구총수
沙近里,호구총수
沙道谷,호구총수
沙道谷里,호구총수
沙邑古里,호구총수
沙邑沙里,호구총수
沙郞里,호구총수
沙里,군현역원·호구총수
沙里串峴,신증동국여지승람
沙里垈,역지사지LV3
沙里大,역지사지LV3
沙里大面,호구총수
沙里洞,호구총수
沙里浦,역지사지LV3
沙里院,군현역원·역지사지LV3
沙釜里,호구총수
沙鉢里,호구총수
沙銅山,신증동국여지승람
沙鐵店,호구총수
沙鐵店里,호구총수
沙鐵里,호구총수
沙閑,역지사지LV3
沙間,역지사지LV3
沙阿里契,호구총수
沙院,역지사지LV3
沙院坊,호구총수
沙隅里,호구총수
沙項,호구총수
沙飛大津,여지도서
沙飛村里,호구총수
沙飛谷,호구총수
沙飛龍里,호구총수
沙鬼,역지사지LV3
沙鳧里,호구총수
沛川,여지도서
河五里,호구총수
河佐郞里,호구총수
河北,역지사지LV3
河北面,호구총수
河南,역지사지LV3·호구총수
河南部曲,특수구역
河南里,호구총수
河南面,호구총수
河原宮里,호구총수
河吾里,호구총수
河回里,호구총수
河圖里,호구총수
河坪里,호구총수
河壤部曲,특수구역
河多里,호구총수
河大里,호구총수
河山,역지사지LV3
河山里,호구총수
河岾,역지사지LV3
河峰里,호구총수
河川里,호구총수
河撲島,여지도서
河新,역지사지LV3
河村,호구총수
河東,군현역원·역지사지LV3·호구총수
河洞面,호구총수
河海部曲,특수구역
河淸,역지사지LV3
河淸北里,호구총수
河淸南里,호구총수
河淸洞里,호구총수
河淸浦,여지도서
河淸部曲,특수구역
河淸里,호구총수
河濱,역지사지LV3·특수구역
河羅背里,호구총수
河致谷里,호구총수
河落口里,호구총수
河衣島,신증동국여지승람
河西,역지사지LV3
河西面,호구총수
河豊津,여지도서
河豊里,호구총수
河賓縣,특수구역
河逸洞,호구총수
河邑廢縣,특수구역
河陰,역지사지LV3·특수구역
河陰廢縣,특수구역
河陰面,호구총수
河陽,군현역원·역지사지LV3
河陽洞,호구총수
河順元契,호구총수
沸流水,여지도서
沸流江,여지도서
油岾山,신증동국여지승람
油峙里,호구총수
油梗里,호구총수
油洞里,호구총수
油谷里,호구총수
油鞭里,호구총수
治匠里,호구총수
治洞里,호구총수
治躬里,호구총수
沼上,역지사지LV3
沼下,역지사지LV3
沼壽,역지사지LV3
沽玉亭,호구총수
沽藏,역지사지LV3
沾襟處,특수구역
泉丘里,호구총수
泉乃上里,호구총수
泉乃下里,호구총수
泉井里,호구총수
泉仇味,호구총수
泉南,군현역원
泉南里,호구총수
泉味里,호구총수
泉坪里,호구총수
泉坪閭,호구총수
泉宿部曲,특수구역
泉岐里,호구총수
泉岸里,호구총수
泉岾,역지사지LV3
泉峙里,호구총수
泉峴,신증동국여지승람·역지사지LV3
泉峴內,역지사지LV3
泉峴內牌,역지사지LV3
泉峴外,역지사지LV3
泉峴外牌,역지사지LV3
泉峴里,호구총수
泉峴面,호구총수
泉川,역지사지LV3
泉川里,호구총수
泉川面,호구총수
泉平里,호구총수
泉底里,호구총수
泉所里,호구총수
泉旀里,호구총수
泉旨里,호구총수
泉村里,호구총수
泉水洞里,호구총수
泉決,역지사지LV3
泉決坊,호구총수
泉洞,역지사지LV3·호구총수
泉洞峴,여지도서
泉洞川,신증동국여지승람
泉洞村,호구총수
泉洞里,호구총수
泉洞面,호구총수
泉浦,신증동국여지승람·역지사지LV3·호구총수
泉浦面,호구총수
泉溢,호구총수
泉潔,역지사지LV3
泉甘,군현역원
泉甘院,군현역원
泉田里,호구총수
泉興里,호구총수
泉谷,역지사지LV3·호구총수
泉谷坊,호구총수
泉谷村,호구총수
泉谷洞,호구총수
泉谷里,호구총수
泉谷面,호구총수
泉邊里,호구총수
泉邑里,호구총수
泉里,호구총수
泉頭,군현역원
泊浦,여지도서·호구총수
法丁里,호구총수
法串里,호구총수
法乎峴,신증동국여지승람
法內里,호구총수
法典里,호구총수
法勿,역지사지LV3
法勿也,역지사지LV3
法勿也面,호구총수
法化,역지사지LV3
法化坊,역지사지LV3
法化里,호구총수
法化面,호구총수
法古村,호구총수
法古谷里,호구총수
法古里,호구총수
法吉里,호구총수
法周里,호구총수
法坪村,호구총수
法守,역지사지LV3
法守山,여지도서
法尙洞,호구총수
法山,역지사지LV3
法山里,호구총수
法川里,호구총수
法弘山,여지도서
法旺,역지사지LV3
法旺面,호구총수
法村里,호구총수
法東浦里,호구총수
法止洞里,호구총수
法水洞里,호구총수
法水里,호구총수
法泉里,호구총수
法注里,호구총수
法洞,호구총수
法洞里,호구총수
法派村,호구총수
法王,역지사지LV3
法田,역지사지LV3
法田里,호구총수
法義里,호구총수
法聖,역지사지LV3
法聖浦,여지도서
法聖里,호구총수
法興里,호구총수
法舊里,호구총수
法花,역지사지LV3
法華,역지사지LV3
法華山,여지도서
法華里,호구총수
法谷里,호구총수
法貴里,호구총수
法還浦,여지도서
法還里,호구총수
法里,역지사지LV3·호구총수
法里面,호구총수
法首山里,호구총수
法首峴里,호구총수
泗南,역지사지LV3
泗川,군현역원·역지사지LV3
泗川里,호구총수
泗州,군현역원
泗東,역지사지LV3
泗東里,호구총수
泗東面,호구총수
泗水,여지도서
泗水村,호구총수
泗水灘,여지도서
泗水里,호구총수
泗洙川里,호구총수
泗洲村里,호구총수
泗陽里,호구총수
泚筆巖,여지도서
泛川,역지사지LV3
泛川里,호구총수
泛川面,호구총수
泛棹淵,호구총수
泛槎村,호구총수
泛舫里,호구총수
泛魚川,여지도서
泛魚洞,호구총수
波乃灘,여지도서
波之大,역지사지LV3
波之大面,호구총수
波坪里,호구총수
波大,역지사지LV3
波市田,여지도서
波浪洞里,호구총수
波淸,군현역원
波濤只里,호구총수
波連巖,여지도서
波道,역지사지LV3
波道社,호구총수
波鎭山,여지도서
波靑,군현역원
泣川,여지도서
泥八谷,호구총수
泥兮,역지사지LV3
泥坪里,호구총수
泥城,역지사지LV3
泥城坊,호구총수
泥城里,호구총수
泥場村,호구총수
泥峴契,호구총수
泥峴里,호구총수
泥川里,호구총수
泥村里,호구총수
泥橋,호구총수
泥橋村,호구총수
泥橋里,호구총수
泥池里,호구총수
泥波山所,특수구역
泥洞里,호구총수
泥浦,신증동국여지승람
泥浦里,호구총수
泥湖亭,호구총수
泥田村,호구총수
泥田里,호구총수
泥穀,역지사지LV3
泥谷,역지사지LV3
泥谷社,호구총수
泥院里,호구총수
注之目里,호구총수
注乙串里,호구총수
注乙浦里,호구총수
注來里,호구총수
注允里,호구총수
注兒,역지사지LV3
注兒山,여지도서
注兒里,호구총수
注兒面,호구총수
注切洞里,호구총수
注叱島,신증동국여지승람
注字洞,호구총수
注山里,호구총수
注川,여지도서
注川里,호구총수
注文,역지사지LV3
注文伊所,특수구역
注文山,여지도서
注文島,여지도서·호구총수
注文津,여지도서·역지사지LV3
注文里,호구총수
注暫里,호구총수
注池,역지사지LV3
注波院,군현역원
注洞里,호구총수
注津,신증동국여지승람·여지도서
注津里,호구총수
注火串,역지사지LV3
注火串面,호구총수
注老谷里,호구총수
注自旺里,호구총수
注葉山,신증동국여지승람·여지도서
注葉里,호구총수
注谷里,호구총수
注進里,호구총수
注邑里,호구총수
注院里,호구총수
注面村,호구총수
注龍里,호구총수
泮浦村,호구총수
泰仁,군현역원·역지사지LV3
泰仁洞,호구총수
泰來,군현역원
泰和里,호구총수
泰安,군현역원·역지사지LV3
泰尺里,호구총수
泰山,여지도서
泰山里,호구총수
泰川,군현역원·역지사지LV3
泰川里,호구총수
泰州,군현역원
泰平,역지사지LV3
泰康,군현역원
泰東,역지사지LV3
泰林里,호구총수
泰江,역지사지LV3·특수구역
泰江廢縣,특수구역
泰玄里,호구총수
泰福里,호구총수
泰興里,호구총수
泰華山,여지도서
泰西,역지사지LV3
泰鶴里,호구총수
泳東,역지사지LV3
泳泉,역지사지LV3
洑作,호구총수
洑內村,호구총수
洑坪里,호구총수
洑基巖,호구총수
洑宗里,호구총수
洑巖里,호구총수
洑平里,호구총수
洑毛老里,호구총수
洑洞村,호구총수
洑浦里,호구총수
洑谷里,호구총수
洑隅里,호구총수
洒嶺,신증동국여지승람
洗井山,여지도서
洗姑灘,신증동국여지승람
洗川里,호구총수
洗心里,호구총수
洗浦里,호구총수
洗淸洞,호구총수
洙南,역지사지LV3
洛下里,호구총수
洛仙洞閭,호구총수
洛加洞里,호구총수
洛原,군현역원
洛原中里,호구총수
洛原里,호구총수
洛山,군현역원
洛山里,호구총수
洛川,역지사지LV3
洛平,군현역원
洛昇,군현역원
洛昇里,호구총수
洛月,역지사지LV3
洛東,군현역원·역지사지LV3
洛東里,호구총수
洛水,군현역원·호구총수
洛水洞里,호구총수
洛河渡,신증동국여지승람
洛河院,군현역원
洛洞,역지사지LV3
洛浦里,호구총수
洛源,군현역원
洛西,군현역원·역지사지LV3
洛陽,군현역원·역지사지LV3·호구총수
洛陽洞里,호구총수
洛陽里,호구총수
洞下谷上里,호구총수
洞下谷下里,호구총수
洞下里,호구총수
洞串里,호구총수
洞五里,호구총수
洞仙,군현역원·역지사지LV3
洞仙坊,호구총수
洞仙嶺,여지도서
洞內,역지사지LV3
洞內里,호구총수
洞北,호구총수
洞口村,호구총수
洞口里,호구총수
洞基里,호구총수
洞壺洞里,호구총수
洞山,여지도서·특수구역
洞山縣,특수구역
洞岳山,여지도서
洞州,군현역원
洞德里,호구총수
洞村,호구총수
洞水里,호구총수
洞江,역지사지LV3
洞津皐里,호구총수
洞溪里,호구총수
洞田村,호구총수
洞里,호구총수
洞銅邊里,호구총수
洞陰,군현역원
洞陰溫泉,신증동국여지승람
洞頭里,호구총수
津上,역지사지LV3
津上面,호구총수
津下,역지사지LV3
津下山,역지사지LV3
津下面,호구총수
津串里,호구총수
津北,역지사지LV3
津北面,호구총수
津南,역지사지LV3
津坪里,호구총수
津夫村,호구총수
津夫里,호구총수
津山,신증동국여지승람
津新里,호구총수
津月,역지사지LV3
津村,역지사지LV3·호구총수
津村面,호구총수
津東,역지사지LV3
津東面,호구총수
津洞,호구총수
津浦里,호구총수
津縣內,역지사지LV3
津縣內面,호구총수
津西,역지사지LV3
津邊,호구총수
津邊村,호구총수
津邊里,호구총수
津里,역지사지LV3·호구총수
津里面,호구총수
津頭二里,호구총수
津頭里,호구총수
洪上,역지사지LV3
洪上里,호구총수
洪仁,역지사지LV3
洪仁社,호구총수
洪介坪里,호구총수
洪化,역지사지LV3
洪北,역지사지LV3
洪原,군현역원·역지사지LV3·특수구역
洪原串,여지도서
洪原里,호구총수
洪哥洞里,호구총수
洪城,역지사지LV3
洪城串里,호구총수
洪天,역지사지LV3
洪天里,호구총수
洪安松,역지사지LV3
洪安松面,호구총수
洪山,역지사지LV3
洪山里,호구총수
洪山面,호구총수
洪巖里,호구총수
洪川,군현역원·역지사지LV3
洪川里,호구총수
洪川面,호구총수
洪州,군현역원·역지사지LV3
洪希洞,호구총수
洪德里,호구총수
洪新,호구총수
洪村,호구총수
洪東,역지사지LV3
洪法里,호구총수
洪海,호구총수
洪海村,호구총수
洪涯里,호구총수
洪源里,호구총수
洪濟里,호구총수
洪濟院,군현역원
洪濟院院,군현역원
洪瑞鳳舊基,특수구역
洪長,역지사지LV3
洪長坊,호구총수
洪陽,역지사지LV3
活城里,호구총수
活山里,호구총수
活巖里,호구총수
活川,역지사지LV3
活川村,호구총수
活川面,호구총수
活村部曲,특수구역
活洞里,호구총수
活淵,호구총수
活草里洞,호구총수
活里,군현역원
派川,역지사지LV3·특수구역
流井里,호구총수
流峯,호구총수
流嶽山,세종실록지리지
流巖村,호구총수
流巖里,호구총수
流川里,호구총수
流林里,호구총수
流民山,여지도서
流水洞里,호구총수
流津里,호구총수
流渭里,호구총수
流湯里,호구총수
流火里,호구총수
流興里,호구총수
流里,역지사지LV3
流里洞,역지사지LV3
流里洞面,호구총수
流離店里,호구총수
流風院,호구총수
浣堂里,호구총수
浣沙,군현역원
浣溪里,호구총수
浣紗,군현역원
浦上里,호구총수
浦下里,호구총수
浦中里,호구총수
浦串里,호구총수
浦元山里,호구총수
浦內,역지사지LV3·호구총수
浦內上里,호구총수
浦內下里,호구총수
浦內川,여지도서
浦內彌,특수구역
浦內彌部曲,특수구역
浦內里,호구총수
浦內面,호구총수
浦前里,호구총수
浦北里,호구총수
浦升,역지사지LV3
浦南驛里,호구총수
浦口山,여지도서
浦吾川,여지도서
浦唐頭里,호구총수
浦坪里,호구총수
浦城垈里,호구총수
浦堂村,호구총수
浦外里,호구총수
浦山村,호구총수
浦島里,호구총수
浦川里,호구총수
浦底里,호구총수
浦旀里,호구총수
浦日里,호구총수
浦春里,호구총수
浦村,호구총수
浦村川,여지도서
浦村洞,호구총수
浦村里,호구총수
浦林里,호구총수
浦次里,호구총수
浦水玉里,호구총수
浦沙里,호구총수
浦洞里,호구총수
浦津里,호구총수
浦涯里,호구총수
浦灘津,여지도서
浦田里,호구총수
浦畓里,호구총수
浦花亭,호구총수
浦莫洞,호구총수
浦落里,호구총수
浦谷,역지사지LV3
浦豆村,호구총수
浦通川,여지도서
浦邊里,호구총수
浦里,호구총수
浦里津,여지도서
浦院里,호구총수
浦陽里,호구총수
浦隅里,호구총수
浦項,역지사지LV3
浦項灘,신증동국여지승람
浦項里,호구총수
浦項面,호구총수
浦頭,역지사지LV3
浦頭村,호구총수
浦頭院,군현역원
浦頭面,호구총수
浩滿里,호구총수
浩然亭里,호구총수
浩然村,호구총수
浩然洞店,호구총수
浩然洞里,호구총수
浪城皮村,호구총수
浪城里,호구총수
浪汀里,호구총수
浪浦里,호구총수
浪金里,호구총수
浮屠洞,호구총수
浮屯里,호구총수
浮山,여지도서
浮山里,호구총수
浮岩,역지사지LV3
浮巖,역지사지LV3
浮橋里,호구총수
浮津,여지도서
浮灘里,호구총수
浮瑞川,여지도서
浮白山,여지도서
浮白里,호구총수
浮石,역지사지LV3
浮石里,호구총수
浮碧亭里,호구총수
浮羅院,군현역원
浮落浦,신증동국여지승람
浮蜂山,여지도서
浮邊里,호구총수
浮雲里,호구총수
浮鴨山,여지도서
浴實川,여지도서
浴谷,호구총수
海上,역지사지LV3
海上伊所,특수구역
海上面,호구총수
海京洞,호구총수
海亭里,호구총수
海保,역지사지LV3
海保面,호구총수
海倉村,호구총수
海倉東邊里,호구총수
海倉西邊里,호구총수
海倉里,호구총수
海倉閭,호구총수
海利縣,특수구역
海南,군현역원·역지사지LV3
海南坊,호구총수
海印寺洞里,호구총수
海坪里,호구총수
海城,역지사지LV3
海堂草里,호구총수
海堂里,호구총수
海夫里,호구총수
海安,역지사지LV3
海安坊,호구총수
海安里,호구총수
海寧鄕,특수구역
海尺里,호구총수
海尺院里,호구총수
海山,역지사지LV3
海山里,호구총수
海岸,역지사지LV3
海岸山,여지도서
海岸社,호구총수
海岸里,호구총수
海岸面,호구총수
海峰里,호구총수
海島,호구총수
海州,군현역원·역지사지LV3
海平,역지사지LV3·특수구역
海平縣,특수구역
海平面,호구총수
海弄閭,호구총수
海明里,호구총수
海晏,역지사지LV3
海月,역지사지LV3
海朗里,호구총수
海望山,여지도서
海望里,호구총수
海村,역지사지LV3
海村處,특수구역
海村里,호구총수
海村面,호구총수
海東村,호구총수
海東里,호구총수
海松亭里,호구총수
海林村,호구총수
海栗,역지사지LV3
海栗面,호구총수
海汀,역지사지LV3
海汀社,호구총수
海洋洞里,호구총수
海洞里,호구총수
海津,역지사지LV3
海津社,호구총수
海浪洞里,호구총수
海淸里,호구총수
海濱部曲,특수구역
海珍,군현역원
海等,역지사지LV3
海等村,역지사지LV3
海等村面,호구총수
海美,군현역원·역지사지LV3
海蘇,역지사지LV3
海衣里,호구총수
海西里,호구총수
海谷里,호구총수
海豊,군현역원
海豊君契,호구총수
海邊臺,여지도서
海里,역지사지LV3·호구총수
海門,군현역원
海門洞,호구총수
海陽江,여지도서
海際,역지사지LV3·특수구역·호구총수
海際廢縣,특수구역
海際後山,여지도서
海雲,역지사지LV3
海雲山,신증동국여지승람
海雲臺里,호구총수
海靈山,여지도서
海面,역지사지LV3
海鴨,역지사지LV3
海鴨山,여지도서
海龍,역지사지LV3·호구총수
海龍山,신증동국여지승람·여지도서
消怪山,여지도서
涉川,역지사지LV3
涉川里,호구총수
涉河,역지사지LV3
涉河坊,호구총수
涑溪,호구총수
涑溪里,호구총수
涪溪上,역지사지LV3
涪溪下,역지사지LV3
涯月,역지사지LV3
涯月浦,여지도서
涯月縣,특수구역
涯月里,호구총수
涯月面,호구총수
淄川里,호구총수
淄潭,군현역원
淈里,호구총수
淑川院,군현역원
淑泉里,호구총수
淑洞里,호구총수
淑眞洞里,호구총수
淙川浦,신증동국여지승람
淡巖,호구총수
淡方里,호구총수
淡花里,호구총수
淡谷村,호구총수
淡谷里,호구총수
淡頂山,여지도서
淥山,군현역원
淨光里,호구총수
淨土,역지사지LV3
淨土山,여지도서
淨塘里,호구총수
淨巖山,여지도서
淨東,역지사지LV3
淨東面,호구총수
淨水里,호구총수
淨泉里,호구총수
淨界,역지사지LV3
淨雨,역지사지LV3
淨鷄里,호구총수
淮陽,군현역원·역지사지LV3
深井,특수구역
深井部曲,특수구역
深井里,호구총수
深仇味里,호구총수
深原,군현역원
深原里,호구총수
深口洞里,호구총수
深壑,역지사지LV3
深壑坊,호구총수
深寂里,호구총수
深岳山,여지도서
深岳廢縣,특수구역
深岳江,신증동국여지승람
深川,여지도서·역지사지LV3
深川中里,호구총수
深川北里,호구총수
深川南里,호구총수
深川津,여지도서
深川西里,호구총수
深川里,호구총수
深川面,호구총수
深村,호구총수
深松谷村,호구총수
深水里,호구총수
深池洞,호구총수
深洞,군현역원·호구총수
深洞村,호구총수
深洞里,호구총수
深浦,역지사지LV3
深浦里,호구총수
深渠村,호구총수
深源,역지사지LV3
深源山,여지도서
深田,역지사지LV3
深田面,호구총수
深草谷里,호구총수
深谷,특수구역
深谷山,여지도서
深谷處,특수구역
深谷里,호구총수
深里,호구총수
深院,호구총수
深院村,호구총수
淳昌,군현역원·역지사지LV3
淵井里,호구총수
淵亭里,호구총수
淵呑處,특수구역
淵岳山,여지도서
淵嶽里,호구총수
淵洞里,호구총수
淵澄山,여지도서
淵灘,신증동국여지승람
淵火津,여지도서
淵登里,호구총수
淵谷里,호구총수
淸上里,호구총수
淸下里,호구총수
淸京,군현역원
淸元,역지사지LV3
淸凉,역지사지LV3
淸凉山,여지도서
淸凉洞,호구총수
淸凉里,호구총수
淸凉里契,호구총수
淸凉面,호구총수
淸原里,호구총수
淸城洞,호구총수
淸堂里,호구총수
淸塘,역지사지LV3
淸塘洞,호구총수
淸塘里,호구총수
淸安,군현역원·역지사지LV3
淸峴川,여지도서
淸巖里,호구총수
淸川,여지도서·역지사지LV3
淸川江,여지도서
淸川里,호구총수
淸州,군현역원·역지사지LV3
淸州主人契,호구총수
淸州巨里,호구총수
淸平山,세종실록지리지·여지도서
淸所,호구총수
淸明山,여지도서
淸景,군현역원
淸景山,여지도서
淸松里,호구총수
淸水,역지사지LV3
淸水川,여지도서
淸水洞,호구총수
淸水里,역지사지LV3
淸水里坊,호구총수
淸水院里,호구총수
淸江,여지도서
淸江里,호구총수
淸池,역지사지LV3
淸河,군현역원·역지사지LV3
淸河面,호구총수
淸泠浦,여지도서
淸波,군현역원
淸波里,호구총수
淸泯川,여지도서
淸洞,호구총수
淸洞里,호구총수
淸津,역지사지LV3
淸流部曲,특수구역
淸浦,역지사지LV3
淸涼,역지사지LV3
淸涼山,세종실록지리지·여지도서
淸淵,군현역원
淸淵里,호구총수
淸渼,역지사지LV3
淸湖里,호구총수
淸源,역지사지LV3
淸源坊,호구총수
淸溪,역지사지LV3
淸溪山,여지도서
淸溪水,여지도서
淸溪洞,호구총수
淸溪洞里,호구총수
淸溪里,호구총수
淸溪面,호구총수
淸潭,호구총수
淸潭里,호구총수
淸澄淵,여지도서
淸澗,군현역원
淸澗里,호구총수
淸澗驛里,호구총수
淸端,군현역원
淸良,역지사지LV3
淸薪亭,호구총수
淸蘇川,여지도서
淸豊,역지사지LV3
淸豊里,호구총수
淸通,군현역원·역지사지LV3
淸道,군현역원·역지사지LV3
淸道院里,호구총수
淸鏡,역지사지LV3
淸隱里,호구총수
淸風,군현역원·역지사지LV3
淸風里,호구총수
淸香亭閭,호구총수
淸龍里,호구총수
淺乙,역지사지LV3
淺乙伊川,여지도서
淺乙里坊,호구총수
淺乙面,호구총수
淺村,호구총수
渚谷,역지사지LV3
渚谷面,호구총수
渠內里,호구총수
渠基里,호구총수
渠末屹里,호구총수
渠村里,호구총수
渠谷里,호구총수
渠里,호구총수
渠面村,호구총수
渡染里,호구총수
渡灘臺里,호구총수
渡迷津,신증동국여지승람
渡迷院,군현역원
渡陽,역지사지LV3
渭上里,호구총수
渭下里,호구총수
渭原,군현역원·역지사지LV3
渭城,역지사지LV3
渭岸洞,호구총수
渭川,군현역원·여지도서·역지사지LV3
渭川里,호구총수
渭川驛,호구총수
渭州,군현역원
渭松,역지사지LV3
渭水,여지도서
渭水洞里,호구총수
渭洞里,호구총수
渭院,호구총수
渭面,역지사지LV3
渭面坊,호구총수
渴山里,호구총수
渴烏池,호구총수
渴馬,호구총수
渴馬村,호구총수
渴馬池里,호구총수
渴馬洞,역지사지LV3·호구총수
渴馬洞里,호구총수
渴馬谷,호구총수
渴馬谷里,호구총수
渴馬里,호구총수
渴馬閭,호구총수
渴龍村,호구총수
渴龜池里,호구총수
游筒所,특수구역
渼湖里,호구총수
渼金,역지사지LV3
渼陰,역지사지LV3
渼音,역지사지LV3
渾陽里,호구총수
湖乙浦,여지도서
湖南,역지사지LV3
湖南里,호구총수
湖巖里,호구총수
湖平里,호구총수
湖村,호구총수
湖東,역지사지LV3
湖洞,호구총수
湖滿浦,여지도서
湖滿浦里,호구총수
湖通里,호구총수
湖邊里,호구총수
湖陽村里,호구총수
湖隱洞里,호구총수
湘月下洞,호구총수
湘水,군현역원·여지도서
湘水里,호구총수
湧川,역지사지LV3
湧川里,호구총수
湧州,역지사지LV3
湧泉村,호구총수
湧泉洞,호구총수
湧珍山,신증동국여지승람
湫巖,호구총수
湫巖津,호구총수
湯中旨里,호구총수
湯井,역지사지LV3
湯方,역지사지LV3
湯滓里,호구총수
源中浦,신증동국여지승람
源川,신증동국여지승람·역지사지LV3
源川坊,호구총수
源川部曲,특수구역
源川里,호구총수
源泉里,호구총수
源浦,군현역원
源浦部曲,특수구역
源通里,호구총수
準香里,호구총수
溝堂里,호구총수
溟州,군현역원
溟珍廢縣,특수구역
溟珍浦,여지도서
溟珍部曲,특수구역
溢守,군현역원
溪上,역지사지LV3
溪上社,호구총수
溪下,역지사지LV3
溪下社,호구총수
溪內,역지사지LV3
溪北,역지사지LV3
溪南,역지사지LV3
溪南里,호구총수
溪東,역지사지LV3
溪林里,호구총수
溪洞村,호구총수
溪流山,여지도서
溪浦里,호구총수
溪西,역지사지LV3
溪谷,역지사지LV3
溪雲里,호구총수
溪龍,호구총수
溫上里,호구총수
溫串里,호구총수
溫之淵,여지도서
溫乭串洞,호구총수
溫井,군현역원·여지도서·역지사지LV3
溫井坊,호구총수
溫井嶺,여지도서
溫井川,신증동국여지승람·여지도서
溫井洞里,호구총수
溫井里,호구총수
溫井院,군현역원
溫倉,역지사지LV3
溫倉里,호구총수
溫公里,호구총수
溫北,역지사지LV3
溫南,역지사지LV3
溫和,역지사지LV3
溫塔,호구총수
溫多勿里,호구총수
溫夜味,호구총수
溫夜里,호구총수
溫山,군현역원·역지사지LV3
溫山所里,호구총수
溫山里,호구총수
溫山院,군현역원
溫川洞,호구총수
溫川里,호구총수
溫幕里,호구총수
溫店里,호구총수
溫得里,호구총수
溫惠里,호구총수
溫方里,호구총수
溫月部曲,특수구역
溫月里,호구총수
溫水,군현역원·역지사지LV3
溫水坊,호구총수
溫水洞,호구총수
溫水洞里,호구총수
溫水里,호구총수
溫泉,군현역원·신증동국여지승람·여지도서·역지사지LV3
溫泉里,호구총수
溫泉面,호구총수
溫溪里,호구총수
溫申里,호구총수
溫造里,호구총수
溫陽,군현역원·역지사지LV3
溫陽面,호구총수
溫鳥村,호구총수
滄巖里,호구총수
滄川,여지도서
滄汀里,호구총수
滄洲,역지사지LV3
滄洲坊,호구총수
滄浪淵,여지도서
滄海郡,특수구역
滄湖里,호구총수
滅巖里,호구총수
滅惡山,세종실록지리지·여지도서
滋伏浦,호구총수
滋恩,역지사지LV3
滌煩亭里,호구총수
滿卿縣,특수구역
滿地村,호구총수
滿地里,호구총수
滿子洞,호구총수
滿德里,호구총수
滿月,호구총수
滿月門里,호구총수
滿水洞,호구총수
滿浦,역지사지LV3
滿浦里,호구총수
滿浦鎭,호구총수
滿載里,호구총수
漁上里,호구총수
漁下,역지사지LV3
漁亭里,호구총수
漁佃里,호구총수
漁化島,여지도서
漁南,역지사지LV3
漁卽,역지사지LV3
漁大,역지사지LV3
漁大津,역지사지LV3
漁夫里,호구총수
漁山里,호구총수
漁巖里,호구총수
漁川里,호구총수
漁村,역지사지LV3·호구총수
漁村里,호구총수
漁村面,호구총수
漁東村,호구총수
漁毛老里,호구총수
漁汀灘,여지도서
漁浦里,호구총수
漁浪里,호구총수
漁灘,역지사지LV3
漁火,역지사지LV3
漁社,역지사지LV3
漁蘆,역지사지LV3
漁郞,역지사지LV3
漁郞社,호구총수
漁里,호구총수
漁隱洞,역지사지LV3·호구총수
漁隱洞村,호구총수
漁隱洞里,호구총수
漁隱浦,호구총수
漁隱里,호구총수
漁雷,역지사지LV3
漁雷坊上端,역지사지LV3
漁雷坊上端面,호구총수
漁雷坊下端,역지사지LV3
漁雷坊下端面,호구총수
漁雷坊中端,역지사지LV3
漁雷坊中端面,호구총수
漁雷院,군현역원
漁鮮里,호구총수
漁龍里,호구총수
漆倉部曲,특수구역
漆北,역지사지LV3
漆原,군현역원·역지사지LV3
漆器里,호구총수
漆山里,호구총수
漆峙里,호구총수
漆峴村,호구총수
漆峴里,호구총수
漆川,여지도서
漆川島,여지도서·호구총수
漆方里,호구총수
漆木里,호구총수
漆枝里,호구총수
漆洞里,호구총수
漆津,여지도서
漆浦,호구총수
漆浦里,호구총수
漆田,역지사지LV3·호구총수
漆田坊,호구총수
漆田里,호구총수
漆石,역지사지LV3
漆笠里,호구총수
漆西,역지사지LV3
漆谷,군현역원·역지사지LV3
漆谷洞,호구총수
漏泉,역지사지LV3
漏泉面,호구총수
漏項,신증동국여지승람
漑溪里,호구총수
漕洞,역지사지LV3
漢三川,여지도서
漢三浦里,호구총수
漢上,역지사지LV3
漢上里,호구총수
漢下,역지사지LV3
漢下里,호구총수
漢中里,호구총수
漢井里,호구총수
漢人村,호구총수
漢仇味里,호구총수
漢南村,호구총수
漢原宮內契,호구총수
漢原東邊契,호구총수
漢原西邊契,호구총수
漢城,군현역원
漢城府內契,호구총수
漢城府後洞契,호구총수
漢城銀杏亭里,호구총수
漢夜里,호구총수
漢峴里,호구총수
漢川,여지도서·역지사지LV3
漢川里,호구총수
漢拏,세종실록지리지
漢江,신증동국여지승람·역지사지LV3
漢江坊,호구총수
漢江契,호구총수
漢洞里,호구총수
漢美山,여지도서
漢芝,역지사지LV3
漢陽里,호구총수
漢面,역지사지LV3
漢面坊,호구총수
漢麓山,여지도서
漢拏山,여지도서
漣川,역지사지LV3
潘南,역지사지LV3·특수구역
潘南廢縣,특수구역
潘南面,호구총수
潘巖村,호구총수
潘橋里,호구총수
潘溪里,호구총수
潘灘里,호구총수
潛平里,호구총수
潛水浦里,호구총수
潛洞里,호구총수
潛谷,호구총수
潛谷里,호구총수
潤洞,역지사지LV3
潤洞里,호구총수
潭陽,군현역원·역지사지LV3
潮江米里,호구총수
潮泉,여지도서
潮田里,호구총수
潮落里,호구총수
潮頭里,호구총수
潯陽里,호구총수
潺水,군현역원·여지도서
潺水津,신증동국여지승람·여지도서
潺水院,군현역원
潼關,역지사지LV3
潼關小川,신증동국여지승람
潼關社,호구총수
澄心川,여지도서
澄波渡,여지도서
澄波里,호구총수
澄淸,역지사지LV3
澄淸坊,호구총수
澄衣島,호구총수
澗尺里,호구총수
澗洞里,호구총수
澗良里,호구총수
澗赤村,호구총수
澤坪所,특수구역
澤洞里,호구총수
澤谷,여지도서
澮尾,특수구역
澮縣,역지사지LV3
濁井里,호구총수
濂坊,역지사지LV3
濂浦,역지사지LV3
濕也里,호구총수
濕洞里,호구총수
濟人,군현역원
濟仁,군현역원
濟仁浦,여지도서
濟仁里,호구총수
濟倉村,호구총수
濟元,군현역원
濟北里,호구총수
濟南,역지사지LV3
濟原,군현역원·역지사지LV3
濟巖里,호구총수
濟川里,호구총수
濟州,군현역원·역지사지LV3
濟州仇味,호구총수
濟扶島,신증동국여지승람
濟救寧里,호구총수
濟旀里,호구총수
濟民院,군현역원
濟洞里,호구총수
濟津里,호구총수
濟物院,군현역원
濟用下契,호구총수
濟谷里,호구총수
濟賢,역지사지LV3
濟龍,호구총수
濯洞里,호구총수
濯纓潭,여지도서
濯纓里,호구총수
濯錦亭,호구총수
濱渟里,호구총수
濶洞,역지사지LV3
瀑布,여지도서
瀛原,군현역원
瀛州里,호구총수
瀛洲山,여지도서
瀯川,여지도서
瀼川,여지도서
灆溪,여지도서
灌木,군현역원
灌栗,군현역원
灌濟部曲,특수구역
灑泉里,호구총수
灘川,역지사지LV3
灘川里,호구총수
灘浦里,호구총수
灘項契,호구총수
灘龍臺,호구총수
火串里,호구총수
火之洞里,호구총수
火五里,호구총수
火垈里,호구총수
火士乙浦,호구총수
火大洞里,호구총수
火山里,호구총수
火岾里,호구총수
火峙里,호구총수
火峴,신증동국여지승람
火島東邊里,호구총수
火島西邊里,호구총수
火所村,호구총수
火方村,호구총수
火洞里,호구총수
火燈,군현역원
火王,세종실록지리지
火王山,여지도서
火田里,호구총수
火矢山,여지도서
火石,역지사지LV3
火竹里,호구총수
火等川,여지도서
火等枝,신증동국여지승람
火等里,호구총수
火者浦,여지도서
火薪古介里,호구총수
火蟻里,호구총수
火谷所,특수구역
火谷村,호구총수
火谷里,호구총수
火陳里,호구총수
火飛峴,신증동국여지승람
火鼎里,호구총수
灰古介里,호구총수
灰山里,호구총수
灰巖里,호구총수
灰洞里,호구총수
灰田里,호구총수
灼桃洞里,호구총수
炤堂部曲,특수구역
炭上里,호구총수
炭下里,호구총수
炭串,신증동국여지승람
炭串里,호구총수
炭九味里,호구총수
炭井里,호구총수
炭古介里,호구총수
炭坊里,호구총수
炭堂里,호구총수
炭屯山,여지도서
炭山,여지도서
炭山里,호구총수
炭峙,호구총수
炭峙里,호구총수
炭峴,신증동국여지승람·역지사지LV3
炭峴洞,호구총수
炭峴里,호구총수
炭島,신증동국여지승람
炭島里,호구총수
炭幕里,호구총수
炭方村,호구총수
炭村,호구총수
炭村部曲,특수구역
炭村里,호구총수
炭枝里,호구총수
炭毛老島,신증동국여지승람
炭洞,역지사지LV3·호구총수
炭洞池,신증동국여지승람
炭洞里,호구총수
炭洞面,호구총수
炭浦,신증동국여지승람·역지사지LV3
炭浦面,호구총수
炭祠里,호구총수
炭縣,역지사지LV3
炭谷里,호구총수
炭釜,역지사지LV3
炭釜巖里,호구총수
炭釜里,호구총수
炭釜面,호구총수
炭項所,특수구역
烈山,특수구역
烈山里,호구총수
烏丁部曲,특수구역
烏之山,호구총수
烏余里,호구총수
烏保,역지사지LV3
烏保海里,호구총수
烏保部曲,특수구역
烏保陸里,호구총수
烏加伊鄕,특수구역
烏原,군현역원
烏原里,호구총수
烏史,역지사지LV3
烏史所,특수구역
烏史面,호구총수
烏城山,여지도서
烏城洞里,호구총수
烏壤,군현역원
烏壤浦,여지도서
烏山,세종실록지리지·여지도서·역지사지LV3
烏山外,역지사지LV3
烏山村,호구총수
烏山東里,호구총수
烏山西里,호구총수
烏山里,호구총수
烏山院,군현역원
烏山面,호구총수
烏峙里,호구총수
烏峴,여지도서
烏島,호구총수
烏嶺,세종실록지리지
烏川,여지도서·역지사지LV3
烏川洞,호구총수
烏川里,호구총수
烏巢嶺,여지도서
烏忽部曲,특수구역
烏惠山,여지도서
烏於,역지사지LV3
烏於谷,역지사지LV3
烏晶里,호구총수
烏木村,호구총수
烏木浦,여지도서
烏松里,호구총수
烏林,군현역원
烏林村,호구총수
烏林里,호구총수
烏栖山,여지도서
烏栖里,호구총수
烏梅川,여지도서
烏梅里,호구총수
烏棲山,여지도서
烏棲村,호구총수
烏沐川,여지도서
烏洞里,호구총수
烏浦里,호구총수
烏淵,여지도서
烏渴峙里,호구총수
烏甲山,여지도서
烏甲洞,호구총수
烏知遷川,신증동국여지승람
烏石山,여지도서
烏碣巖,여지도서
烏等部曲,특수구역
烏耳島里,호구총수
烏舌,역지사지LV3
烏舌面,호구총수
烏葛里,호구총수
烏西,역지사지LV3
烏谷村,호구총수
烏谷里,호구총수
烏赤里,호구총수
烏里,역지사지LV3
烏里串,역지사지LV3
烏里串面,호구총수
烏里谷,역지사지LV3
烏金洞,호구총수
烏院,군현역원
烏院大川,여지도서
烏頂,특수구역
烏頂山,여지도서
烏項村,호구총수
烏項洞,호구총수
烏項里,호구총수
烏頭山,여지도서
烏頭山里,호구총수
烏頭峙里,호구총수
烏頭里,호구총수
烏鳩谷里,호구총수
烏鴨山,세종실록지리지·여지도서
烏鵲山,여지도서
烘爐川,여지도서
烘爐縣,특수구역
烟北里,호구총수
烟南里,호구총수
烟多山里,호구총수
烟山里,호구총수
烟島,여지도서
烟島里,호구총수
烟後里,호구총수
烟洞,호구총수
烟洞里,호구총수
烟渚里,호구총수
烟竹洞里,호구총수
烟臺北里,호구총수
烟臺南里,호구총수
烟臺島里,호구총수
烟臺洞,호구총수
烟臺里,호구총수
烟興山,여지도서
烟興洞,호구총수
烟蘿洞,호구총수
烟起洞里,호구총수
烟霞洞里,호구총수
烽下里,호구총수
烽串村,호구총수
烽五里,호구총수
烽候里,호구총수
烽山,여지도서
烽山里,호구총수
烽峴里,호구총수
烽底里,호구총수
烽火川,여지도서
烽燧山里,호구총수
烽燧峙里,호구총수
烽燧村,호구총수
烽燧洞,호구총수
烽燧洞坊,호구총수
烽燧洞里,호구총수
烽燧里,호구총수
烽臺里,호구총수
烽谷,군현역원
焚修院,군현역원
焚脩院,군현역원
無乙洞,역지사지LV3
無乙洞里,호구총수
無仇,역지사지LV3
無仇里,역지사지LV3·호구총수
無仇里面,호구총수
無伊洞,역지사지LV3
無伊洞里,호구총수
無伊洞面,호구총수
無來,역지사지LV3
無來面,호구총수
無依,역지사지LV3
無依面,호구총수
無去來里,호구총수
無屯谷村,호구총수
無屯里,호구총수
無屹,군현역원
無屹里,호구총수
無巨洞,호구총수
無常里,호구총수
無形里,호구총수
無怠里,호구총수
無愁川,여지도서
無愁川里,호구총수
無愁村,호구총수
無愁洞,호구총수
無愁洞里,호구총수
無愁里,호구총수
無憂亭,호구총수
無憂實里,호구총수
無憂臺里,호구총수
無憂里,호구총수
無應仇里院,군현역원
無懷里,호구총수
無時山里,호구총수
無極,군현역원·역지사지LV3
無極里,호구총수
無極面,호구총수
無注浦里,호구총수
無盡里,호구총수
無等,세종실록지리지
無等上里,호구총수
無等下里,호구총수
無等山,신증동국여지승람·여지도서
無等浦里,호구총수
無等谷,역지사지LV3
無等谷里,호구총수
無老谷里,호구총수
無芚村,호구총수
無落山,여지도서
無葉里,호구총수
無衣島,신증동국여지승람
無訖,군현역원
無訖灘,여지도서
無谷里,호구총수
無路島,여지도서
無里,호구총수
無里龍山,여지도서
無量山,여지도서
無量洞,호구총수
無限山,신증동국여지승람
無限川,여지도서
無雙洞里,호구총수
無音川,여지도서
無骨島,여지도서
無骨里,호구총수
無魚山里,호구총수
無魚洞,호구총수
無鼓方村,호구총수
焦谷里,호구총수
焰焇浦里,호구총수
然貴里,호구총수
煙臺島,여지도서
煤音,역지사지LV3
煤音島,여지도서
照朴洞里,호구총수
照海里,호구총수
照濟里,호구총수
照禮洞,호구총수
照華峯,여지도서
照谷里,호구총수
照門里,호구총수
照陽里,호구총수
照骨山,여지도서
照鶻山,신증동국여지승람
熊上,역지사지LV3
熊下,역지사지LV3
熊中,역지사지LV3
熊倉里,호구총수
熊南,역지사지LV3
熊坪村,호구총수
熊基村里,호구총수
熊壤,군현역원
熊山,여지도서·특수구역
熊岾,신증동국여지승람·특수구역
熊岾所,특수구역
熊峙,여지도서·역지사지LV3
熊峙里,호구총수
熊峙面,호구총수
熊峴,여지도서·호구총수
熊峴里,호구총수
熊島,여지도서
熊島里,호구총수
熊巖川,신증동국여지승람
熊巖里,호구총수
熊川,군현역원·여지도서·역지사지LV3·호구총수
熊川里,호구총수
熊川面,호구총수
熊望山,세종실록지리지·여지도서
熊村,역지사지LV3
熊村面,호구총수
熊東,역지사지LV3
熊林所,특수구역
熊水里,호구총수
熊洞村,호구총수
熊洞里,호구총수
熊津渡,신증동국여지승람
熊津都督府,특수구역
熊津里,호구총수
熊浦,여지도서·역지사지LV3
熊浦江,여지도서
熊浦里,호구총수
熊淵里,호구총수
熊溪里,호구총수
熊潭,여지도서
熊潭里,호구총수
熊灘,역지사지LV3
熊猪峴,여지도서
熊獐里,호구총수
熊田山,여지도서
熊田里,호구총수
熊神,특수구역
熊耳,군현역원·역지사지LV3
熊耳山,여지도서
熊耳嶺,신증동국여지승람
熊耳川,여지도서
熊耳社,호구총수
熊西,역지사지LV3
熊谷村,호구총수
熊谷池,여지도서
熊谷部曲,특수구역
熊谷里,호구총수
熊起里,호구총수
熊邑,역지사지LV3
熊里,호구총수
熊陰,특수구역
熊陰所,특수구역
熊陽,역지사지LV3
熊陽里,호구총수
熊骨山,여지도서
熙川,군현역원·역지사지LV3
熙州里,호구총수
熙州院,군현역원
燈光村,호구총수
燈山里,호구총수
燈明里,호구총수
燈燧洞里,호구총수
燒橋川,여지도서
燕喜,역지사지LV3
燕垌,역지사지LV3
燕基,군현역원
燕子島,여지도서
燕尾洞,호구총수
燕山,여지도서
燕岐,군현역원
燕川所,특수구역
燕川里,호구총수
燕巢村,호구총수
燕洞,역지사지LV3
燕湖,역지사지LV3
燕谷里,호구총수
燕飛山,여지도서
燕飛院,군현역원
營上里,호구총수
營下,역지사지LV3
營下里,호구총수
營前里,호구총수
營垈洞,호구총수
營垈里,호구총수
營屯里,호구총수
營廳後里,호구총수
營村,호구총수
營殿里,호구총수
營田洞,호구총수
營田洞里,호구총수
營田里,호구총수
營老洞里,호구총수
燧院,군현역원
燭臺峯,여지도서
燻巖里,호구총수
爛山里,호구총수
爭光洞里,호구총수
爭卵村,호구총수
爭巖里,호구총수
爭忽,역지사지LV3·특수구역
爭悤面,호구총수
爭田里,호구총수
爲美浦,여지도서
爲美里,호구총수
爲麻里,호구총수
爵止洞里,호구총수
父子淵,여지도서
爾勿,역지사지LV3
爾勿亦坊,호구총수
爾子面,호구총수
爾屹里,호구총수
爾谷里,호구총수
爾雉里,호구총수
片前里,호구총수
片坊,역지사지LV3
片方,역지사지LV3
片月里,호구총수
片雲山,여지도서
牒住里,호구총수
牙之浦里,호구총수
牙也味里,호구총수
牙仁鄕,특수구역
牙伊洞里,호구총수
牙南里,호구총수
牙善山,세종실록지리지·여지도서
牙安洞,호구총수
牙山,군현역원·호구총수
牙山里,호구총수
牙峴里,호구총수
牙川,군현역원·역지사지LV3
牙川里,호구총수
牙州,군현역원
牙幕下里,호구총수
牙方村,호구총수
牙時方里,호구총수
牙村,역지사지LV3
牙村面,호구총수
牙橋川水,여지도서
牙次日里,호구총수
牙次洞里,호구총수
牙次谷里,호구총수
牙洞,호구총수
牙浦,역지사지LV3
牙浦面,호구총수
牙甘里,호구총수
牙致串里,호구총수
牙致里,호구총수
牙谷里,호구총수
牙里金村,호구총수
牙音里,호구총수
牙項島,여지도서
牙項里,호구총수
牛不方村,호구총수
牛串村,호구총수
牛井,여지도서·역지사지LV3
牛井村,호구총수
牛井里,호구총수
牛井院,군현역원
牛井面,호구총수
牛仇,역지사지LV3
牛今里,호구총수
牛件里,호구총수
牛伏岳,여지도서
牛保里,역지사지LV3
牛劒里,호구총수
牛十橋池,신증동국여지승람
牛口末里,호구총수
牛口洞里,호구총수
牛古介里,호구총수
牛叱屯里,호구총수
牛坡,역지사지LV3
牛坪,호구총수
牛坪里,호구총수
牛城,역지사지LV3
牛堤里,호구총수
牛場,군현역원·역지사지LV3
牛場山,여지도서
牛場嶺,여지도서
牛場川,여지도서
牛場里,호구총수
牛場院,군현역원
牛墨,역지사지LV3
牛墨島,호구총수
牛墳里,호구총수
牛尾署,호구총수
牛山,여지도서·역지사지LV3·호구총수
牛山村,호구총수
牛山洞,호구총수
牛山津,여지도서
牛山浦,신증동국여지승람
牛山里,호구총수
牛山閭,호구총수
牛岾,신증동국여지승람·역지사지LV3
牛峙,역지사지LV3·호구총수
牛峙村,호구총수
牛峙里,호구총수
牛峙面,호구총수
牛峯,군현역원·역지사지LV3·호구총수
牛峯里,호구총수
牛峴,신증동국여지승람·역지사지LV3·호구총수
牛峴嶺,여지도서
牛峴所,특수구역
牛峴里,호구총수
牛峴面,호구총수
牛島,신증동국여지승람·여지도서
牛島村,호구총수
牛島里,호구총수
牛嶺里,호구총수
牛嶺院,군현역원
牛巖,호구총수
牛巖倉里,호구총수
牛巖里,호구총수
牛川,여지도서
牛川村,호구총수
牛川里,호구총수
牛幕,호구총수
牛建里,호구총수
牛形洞里,호구총수
牛惠洞,호구총수
牛斤里,호구총수
牛於洞里,호구총수
牛昆,역지사지LV3
牛昆面,호구총수
牛月里,호구총수
牛朴里,호구총수
牛村,역지사지LV3
牛村坊,호구총수
牛東村,호구총수
牛橋村,호구총수
牛橋洞,호구총수
牛橋里,호구총수
牛歇里,호구총수
牛毛峙里,호구총수
牛毛店里,호구총수
牛毛谷,호구총수
牛毛里,호구총수
牛江,역지사지LV3
牛池,여지도서
牛池洞,호구총수
牛洞里,호구총수
牛浦,여지도서
牛浦上里,호구총수
牛浦下里,호구총수
牛浦里,호구총수
牛潭里,호구총수
牛灘,여지도서
牛灣浦,여지도서
牛牧浦,호구총수
牛甘洞,호구총수
牛甫山,여지도서
牛界院,군현역원
牛登里,호구총수
牛目丘尾里,호구총수
牛目里,호구총수
牛眠山,여지도서
牛眠里,호구총수
牛童山,여지도서
牛筒里,호구총수
牛羅牛羅,호구총수
牛羅里,호구총수
牛老谷里,호구총수
牛耳,역지사지LV3
牛耳契,호구총수
牛耳山,여지도서
牛耳島,호구총수
牛耳里,호구총수
牛臥,호구총수
牛臥大里,호구총수
牛臥皮里,호구총수
牛臥谷村,호구총수
牛臥里,호구총수
牛臥陂,여지도서
牛莊,역지사지LV3
牛萬村,호구총수
牛藏,역지사지LV3
牛藏面,호구총수
牛西村,호구총수
牛谷,군현역원·역지사지LV3
牛谷村,호구총수
牛谷洞內,호구총수
牛谷部曲,특수구역
牛谷里,역지사지LV3·호구총수
牛谷里面,호구총수
牛谷面,호구총수
牛谷驛,역지사지LV3
牛跡里,호구총수
牛路里,호구총수
牛車洞,호구총수
牛郞洞,호구총수
牛郞里,호구총수
牛里洞,호구총수
牛開,역지사지LV3
牛院,군현역원
牛院院,군현역원
牛隻里,호구총수
牛項堤,신증동국여지승람
牛項里,호구총수
牛頭上里,호구총수
牛頭下里,호구총수
牛頭山,여지도서
牛頭川,역지사지LV3
牛頭洞,호구총수
牛頭里,호구총수
牛頭閭,호구총수
牛馬峴,여지도서
牛馬里,호구총수
牛鳴村,호구총수
牛鳴里,호구총수
牛鼻里,호구총수
牛齡山,여지도서
牟井里,호구총수
牟場洞里,호구총수
牟山村,호구총수
牟山洞,호구총수
牟山里,호구총수
牟村里,호구총수
牟東,역지사지LV3
牟東面,호구총수
牟梁,군현역원
牟洞里,호구총수
牟田里,호구총수
牟良,군현역원
牟西,역지사지LV3
牟西面,호구총수
牟谷,호구총수
牟谷里,호구총수
牟額里,호구총수
牧上里,호구총수
牧下里,호구총수
牧中里,호구총수
牧丹,역지사지LV3
牧使垈里,호구총수
牧北村,호구총수
牧南村,호구총수
牧場,역지사지LV3
牧場里,호구총수
牧場面,호구총수
牧島,신증동국여지승람
牧東村,호구총수
牧洞,호구총수
牧牛乃里,호구총수
牧牛川,호구총수
牧甘,역지사지LV3
牧甘坊,호구총수
牧甘里,호구총수
牧甘院,군현역원
牧監,역지사지LV3
牧菴里,호구총수
牧西村,호구총수
牧養洞,호구총수
牧養里,호구총수
牧館里,호구총수
牧丹峯,여지도서
物外村,호구총수
物如大里,호구총수
物興里,호구총수
物落里,호구총수
物野,역지사지LV3
物閑里,호구총수
牲呑里,호구총수
牲地里,호구총수
牲川,역지사지LV3
特谷里,호구총수
牽牛,군현역원
犁丘山里,호구총수
犂丘山,여지도서
犇灘,여지도서
犬城山,신증동국여지승람
犬川,여지도서
犬灘,여지도서
犬灘里,호구총수
犬遷,여지도서
犬門山,여지도서
犬項津,여지도서
犬頭山,여지도서
犬首山,신증동국여지승람
犬齒山,여지도서
犯斤乃浦,여지도서
狄峙,호구총수
狄巖川,여지도서
狄村鄕,특수구역
狄栗院,군현역원
狄橋浦,여지도서
狄橋院,군현역원
狄洞,호구총수
狄踰,군현역원
狄踰嶺,신증동국여지승람·여지도서
狄踰院,군현역원
狄踰館,군현역원
狌山,여지도서
狎水洞,호구총수
狐串里,호구총수
狐井里,호구총수
狐山,호구총수
狐山里,호구총수
狐峙里,호구총수
狐峴嶺,여지도서
狐峴洞,호구총수
狐峴里,호구총수
狐島,호구총수
狐島里,호구총수
狐巖閭,호구총수
狐川,신증동국여지승람
狐川洞,호구총수
狐川里,호구총수
狐村,역지사지LV3
狐村川,여지도서
狐村里,호구총수
狐村面,호구총수
狐毛老里,호구총수
狐池,신증동국여지승람
狐洞,호구총수
狐洞村,호구총수
狐洞里,호구총수
狐浦,여지도서
狐浦里,호구총수
狐項嶺,여지도서
狐頭,호구총수
狐頭浦,신증동국여지승람
狐頭里,호구총수
狐頭閭,호구총수
狗山里,호구총수
狗峴里,호구총수
狗嶺,여지도서
狗浦,여지도서
狗足里,호구총수
狗項里,호구총수
狗頭里,호구총수
狸只部曲,특수구역
狸岾灘,신증동국여지승람
狸島村,호구총수
狸巖洞,호구총수
狸谷里,호구총수
狹島,호구총수
狻猊,군현역원
狼島,호구총수
狼踰里,호구총수
猉獜,군현역원
猉獜山,여지도서
猉獜嶺,여지도서
猉獜洞,호구총수
猊來浦,신증동국여지승람
猊來縣,특수구역
猗蘭里,호구총수
猪井所,특수구역
猪仇末里,호구총수
猪仇灘,여지도서
猪內浦,여지도서
猪口村,호구총수
猪垈里,호구총수
猪城里,호구총수
猪堤里,호구총수
猪山,군현역원·여지도서
猪山里,호구총수
猪岳,신증동국여지승람
猪岾,여지도서
猪島,신증동국여지승람·여지도서
猪島里,호구총수
猪嶺,여지도서
猪巖,호구총수
猪巖里,호구총수
猪川,여지도서
猪後里,호구총수
猪捉里,호구총수
猪旨里,호구총수
猪村所,특수구역
猪池里,호구총수
猪洞,역지사지LV3
猪洞村,호구총수
猪洞里,호구총수
猪津里,호구총수
猪浦,여지도서·역지사지LV3
猪浦面,호구총수
猪深里,호구총수
猪淵,여지도서
猪灘,신증동국여지승람·여지도서
猪田,호구총수
猪田里,호구총수
猪谷川,여지도서
猪谷里,호구총수
猪達洞里,호구총수
猪音里,호구총수
猪項村,호구총수
猪項部曲,특수구역
猪項里,호구총수
猪頭浦里,호구총수
猪頭里,호구총수
猪鳴山,여지도서
猫峙洞里,호구총수
猫島,여지도서
猫川,여지도서
猫川里,호구총수
猿山,여지도서·특수구역
猿山鄕,특수구역
猿岩,군현역원
猿島,신증동국여지승람
獄下里,호구총수
獄前上里,호구총수
獄前下里,호구총수
獄前里,호구총수
獄北里,호구총수
獄峴,호구총수
獄巨里,호구총수
獄後里,호구총수
獄洞,호구총수
獄里,호구총수
獅子山,신증동국여지승람·여지도서
獅子峯,여지도서
獅子島,신증동국여지승람
獅子巖山,신증동국여지승람
獅子洞,호구총수
獐串里,호구총수
獐之里,호구총수
獐基里,호구총수
獐山,세종실록지리지·여지도서
獐山里,호구총수
獐岳,신증동국여지승람
獐峙閭,호구총수
獐島,여지도서·호구총수
獐島里,호구총수
獐巖里,호구총수
獐川里,호구총수
獐望山,여지도서
獐望山里,호구총수
獐本,역지사지LV3
獐本里,호구총수
獐本面,호구총수
獐村,호구총수
獐洞,호구총수
獐洞里,호구총수
獐浦,여지도서
獐浦里,호구총수
獐田洞,호구총수
獐田里,호구총수
獐舌里,호구총수
獐谷里,호구총수
獐隱洞,호구총수
獐項,역지사지LV3·호구총수
獐項峴,신증동국여지승람
獐項廢縣,특수구역
獐項村,호구총수
獐項津,여지도서
獐項津里,호구총수
獐項里,호구총수
獐項院,군현역원
獐項面,호구총수
獐頭里,호구총수
獒樹,군현역원
獒樹院,군현역원
獒樹驛里,호구총수
獜峯里,호구총수
獜洞,역지사지LV3
獜洞坊,호구총수
獜角里,호구총수
獜蹄閭,호구총수
獨上里,호구총수
獨下里,호구총수
獨中里,호구총수
獨井里,호구총수
獨亭里,호구총수
獨仇味里,호구총수
獨仇非里,호구총수
獨吉里,호구총수
獨坪里,호구총수
獨垈里,호구총수
獨子山,여지도서
獨子洞里,호구총수
獨將山,여지도서
獨將洞,호구총수
獨山,신증동국여지승람·여지도서·역지사지LV3
獨山坊,호구총수
獨山村,호구총수
獨山聖仁洞,여지도서
獨山里,호구총수
獨島,여지도서
獨巖回里,호구총수
獨巖里,호구총수
獨巨島,호구총수
獨所村,호구총수
獨方里,호구총수
獨木洞,호구총수
獨松亭里,호구총수
獨樂亭里,호구총수
獨正里,호구총수
獨洞里,호구총수
獨浦里,호구총수
獨火浦坊,호구총수
獨石,호구총수
獨谷里,호구총수
獨豆川,여지도서
獨貴美里,호구총수
獨里,호구총수
獺巖里,호구총수
獺川院,군현역원
獺溪,군현역원
獻垈里,호구총수
獻德里,호구총수
獻海川,여지도서
獻舞亭里,호구총수
玄作新里,호구총수
玄作里,호구총수
玄倉村,호구총수
玄化,역지사지LV3
玄化里,호구총수
玄化面,호구총수
玄圃,역지사지LV3
玄岩,역지사지LV3
玄峯里,호구총수
玄嵒,군현역원
玄巖,역지사지LV3
玄巖里,호구총수
玄川里,호구총수
玄川閭,호구총수
玄德,역지사지LV3
玄慶,역지사지LV3
玄武池,여지도서
玄武縣,특수구역
玄浦洞,호구총수
玄浦里,호구총수
玄溪山,여지도서
玄溪書院里,호구총수
玄眉里,호구총수
玄石里,호구총수
玄谷里,호구총수
玄風,군현역원·역지사지LV3
玆乙阿川,여지도서
玆味洞里,호구총수
玆新洞里,호구총수
率亭洞,호구총수
率伊島里,호구총수
率峯,호구총수
率禮里,호구총수
率賢里,호구총수
率郞里,호구총수
玉上里,호구총수
玉下里,호구총수
玉串里,호구총수
玉井,역지사지LV3
玉井洞,호구총수
玉井洞里,호구총수
玉井里,호구총수
玉井面,호구총수
玉兒,군현역원
玉出山,여지도서
玉出山廢城,특수구역
玉包,군현역원
玉只上里,호구총수
玉只中里,호구총수
玉只谷,호구총수
玉可谷里,호구총수
玉吉里,호구총수
玉味井里,호구총수
玉嘗,역지사지LV3
玉埋山,여지도서
玉城,역지사지LV3
玉城里,호구총수
玉基村,호구총수
玉女峯,여지도서
玉始,역지사지LV3
玉宗,역지사지LV3
玉尙,역지사지LV3
玉尙面,호구총수
玉屛里,호구총수
玉山,세종실록지리지·여지도서·역지사지LV3·특수구역
玉山廢縣,특수구역
玉山村,호구총수
玉山洞,호구총수
玉山洞里,호구총수
玉山浦里,호구총수
玉山里,호구총수
玉山面,호구총수
玉岩,역지사지LV3
玉峙里,호구총수
玉峯,역지사지LV3
玉峯里,호구총수
玉峰,역지사지LV3
玉峴里,호구총수
玉島里,호구총수
玉崑里,호구총수
玉巖,역지사지LV3
玉巖里,호구총수
玉巖面,호구총수
玉川,여지도서·역지사지LV3
玉川山,여지도서
玉川洞,호구총수
玉巨里,호구총수
玉庖,군현역원
玉弼里,호구총수
玉敍村,호구총수
玉斗村,호구총수
玉方村,호구총수
玉明浦里,호구총수
玉明里,호구총수
玉杯里,호구총수
玉東,역지사지LV3
玉林山,여지도서
玉果,군현역원·역지사지LV3
玉梅洞里,호구총수
玉梳洞里,호구총수
玉橋村里,호구총수
玉橋里,호구총수
玉毛,역지사지LV3
玉水山,여지도서
玉江,여지도서
玉江店,군현역원
玉江津,여지도서
玉江站,군현역원
玉江里,호구총수
玉池,군현역원
玉泉,역지사지LV3·특수구역
玉泉始,역지사지LV3
玉泉始面,호구총수
玉泉山,여지도서
玉泉廢縣,특수구역
玉泉村,호구총수
玉泉洞,호구총수
玉泉洞里,호구총수
玉泉終,역지사지LV3
玉泉終面,호구총수
玉泉里,호구총수
玉泡,군현역원
玉洞,군현역원·호구총수
玉洞村,호구총수
玉洞里,호구총수
玉流洞里,호구총수
玉流館,군현역원
玉浦,역지사지LV3
玉浦村,호구총수
玉浦洞,호구총수
玉浦里,호구총수
玉浦鎭下里,호구총수
玉浦面,호구총수
玉溜泉,여지도서
玉溪,군현역원·여지도서·역지사지LV3
玉溪亭里,호구총수
玉溪山,여지도서
玉溪川,여지도서
玉溪村,호구총수
玉溪里,호구총수
玉溪面,호구총수
玉燭洞,호구총수
玉獐里,호구총수
玉琴里,호구총수
玉璽峯,여지도서
玉田,역지사지LV3
玉田里,호구총수
玉田面,호구총수
玉盆里,호구총수
玉石里,호구총수
玉積里,호구총수
玉笛洞,호구총수
玉筍峯,여지도서
玉終,역지사지LV3
玉花洞,호구총수
玉花洞里,호구총수
玉花臺,호구총수
玉華臺里,호구총수
玉萬里,호구총수
玉蓮洞,호구총수
玉蓮洞里,호구총수
玉蟹里,호구총수
玉谷,역지사지LV3
玉谷山,여지도서
玉谷峴,여지도서
玉谷所,특수구역
玉谷里,호구총수
玉谷院,군현역원
玉谷面,호구총수
玉賜金所,특수구역
玉踰里,호구총수
玉里,호구총수
玉關,군현역원
玉隱里,호구총수
玉鞍洞,호구총수
玉項里,호구총수
玉馬山,여지도서
玉馬洞里,호구총수
玉鷄里,호구총수
玉鼎村,호구총수
玉龍,역지사지LV3
玉龍村,호구총수
玉龍面,호구총수
王上里,호구총수
王下里,호구총수
王之田,역지사지LV3
王之田坊,호구총수
王乙伊,역지사지LV3
王井後洞契,호구총수
王井里契,호구총수
王亭里,호구총수
王仁里,호구총수
王介洞里,호구총수
王令串,호구총수
王來,역지사지LV3
王倫,역지사지LV3
王倫面,호구총수
王吉里,호구총수
王地里,호구총수
王堂里,호구총수
王大村,호구총수
王太洞,호구총수
王字山,여지도서
王宮,역지사지LV3
王宮井,신증동국여지승람
王宿灘,여지도서
王山,신증동국여지승람·여지도서
王山峯,여지도서
王山里,호구총수
王岐音部曲,특수구역
王峙,역지사지LV3
王島,호구총수
王巖里,호구총수
王師峯,여지도서
王忠里,호구총수
王所旨,역지사지LV3
王方山,여지도서
王旨,역지사지LV3
王時郞里,호구총수
王樂里,호구총수
王池浦里,호구총수
王浦,역지사지LV3
王灘川,여지도서
王珠里,호구총수
王生島,여지도서
王登山,여지도서
王登島,여지도서
王老所里,호구총수
王臺,여지도서
王草里,호구총수
王蛛頭里,호구총수
王逢廢縣,특수구역
王避峴里,호구총수
王邦山,여지도서
王陵里,호구총수
王馬洞里,호구총수
玖洞里,호구총수
玖玉洞里,호구총수
珍下山,여지도서·역지사지LV3
珍化,군현역원
珍原,군현역원·역지사지LV3
珍城,군현역원
珍富,군현역원·역지사지LV3
珍富面,호구총수
珍山,군현역원·역지사지LV3·특수구역
珍山里,호구총수
珍島,군현역원·역지사지LV3
珍村里,호구총수
珍源大也峙村,호구총수
珍羅院,군현역원
珍良,역지사지LV3
珍餘部曲,특수구역
珠坪里,호구총수
珠山,역지사지LV3·호구총수
珠山里,호구총수
珠峴里,호구총수
珠崒山,신증동국여지승람·여지도서
珠巖,호구총수
珠川里,호구총수
珠珀村里,호구총수
珠簾山里,호구총수
珠英里,호구총수
班也洞里,호구총수
班介里,호구총수
班城,역지사지LV3·특수구역
班城縣,특수구역
班城里,호구총수
班巖里,호구총수
班庄里,호구총수
班時里,호구총수
班村,호구총수
班牙谷里,호구총수
班石,군현역원·역지사지LV3
班石里,호구총수
班硯里,호구총수
班竹里,호구총수
班衣谷里,호구총수
班道實店里,호구총수
現洞村,호구총수
現洞里,호구총수
球瑟院,군현역원
琅城,역지사지LV3
理城里,호구총수
理巖洞里,호구총수
理灰村,호구총수
理省里,호구총수
理興,군현역원
理輔院,군현역원
理門里,호구총수
理陽里,호구총수
琚瑟岬山,세종실록지리지·여지도서
琴北里,호구총수
琴召,군현역원
琴召川,여지도서
琴召里,호구총수
琴吹里,호구총수
琴坪里,호구총수
琴城里,호구총수
琴山,역지사지LV3
琴山村,호구총수
琴山里,호구총수
琴峙里,호구총수
琴崗里,호구총수
琴川,군현역원
琴川里,호구총수
琴床洞,호구총수
琴昌里,호구총수
琴曹,군현역원
琴松里,호구총수
琴汀里,호구총수
琴江村,호구총수
琴江里,호구총수
琴洞,호구총수
琴湖,여지도서·역지사지LV3
琴湖江,여지도서
琴潭里,호구총수
琴田,군현역원
琴臺里,호구총수
琴谷村,호구총수
琴谷里,호구총수
琴閑里,호구총수
琵琶串,여지도서
琵琶山,여지도서
琵琶川,여지도서
琵琶洞契,호구총수
琵琶潭,여지도서
琵琶院,군현역원
琵琶項里,호구총수
琵瑟山,여지도서
琶山里,호구총수
琶川里,호구총수
琶龜里,호구총수
琹村里,호구총수
瑜伽,역지사지LV3
瑜伽面,호구총수
瑜珈,역지사지LV3
瑞南里,호구총수
瑞和,역지사지LV3·특수구역
瑞和縣,특수구역
瑞和里,호구총수
瑞和面,호구총수
瑞坊,역지사지LV3
瑞寧,역지사지LV3
瑞山,군현역원·역지사지LV3
瑞東村,호구총수
瑞河,역지사지LV3
瑞石,역지사지LV3
瑞石山,신증동국여지승람
瑞穗,역지사지LV3
瑞興,군현역원·역지사지LV3
瑞興里,호구총수
瑞草井,여지도서·호구총수
瑞蓮洞,호구총수
瑞谷,역지사지LV3·특수구역
瑞谷山,여지도서
瑞谷里,호구총수
瑞陽,역지사지LV3
瑞陽洞,호구총수
瑞雲,군현역원·역지사지LV3
瑞雲山,여지도서
瑞雲村,호구총수
瑞雲洞里,호구총수
瑞雲里,호구총수
瑞麟,역지사지LV3
瑞麟坊,호구총수
瑞麟峯,신증동국여지승람
瑞龍山,여지도서
瑞龍洞,호구총수
瑟山里,호구총수
瑟峙里,호구총수
瑟梅洞村,호구총수
瑟泉里,호구총수
瑟項洞,호구총수
瑟項里,호구총수
瑤池,군현역원
瑤草里,호구총수
瑪瑙,군현역원
璧新洞,호구총수
環刀山,여지도서
環坪里,호구총수
環官洞,호구총수
環山,여지도서·호구총수
瓚谷里,호구총수
瓢井里,호구총수
瓢山,여지도서
瓦串里,호구총수
瓦也上里,호구총수
瓦也下里,호구총수
瓦也串之,호구총수
瓦也幕里,호구총수
瓦也洞里,호구총수
瓦也登里,호구총수
瓦也里,호구총수
瓦于洞里,호구총수
瓦井里,호구총수
瓦余伐里,호구총수
瓦余里,호구총수
瓦冶村,호구총수
瓦冶洞,호구총수
瓦冶里,호구총수
瓦坪里,호구총수
瓦垈里,호구총수
瓦孔,역지사지LV3
瓦孔面,호구총수
瓦宇里,호구총수
瓦宗里,호구총수
瓦峙里,호구총수
瓦峴,여지도서
瓦川里,호구총수
瓦方,역지사지LV3
瓦方面,호구총수
瓦旨里,호구총수
瓦旨閭,호구총수
瓦有洞里,호구총수
瓦有豆里契,호구총수
瓦村,역지사지LV3·특수구역·호구총수
瓦村川,여지도서
瓦村所,특수구역
瓦村里,호구총수
瓦村面,호구총수
瓦橋村,호구총수
瓦治里,호구총수
瓦洞,역지사지LV3·호구총수
瓦洞山,여지도서
瓦洞里,호구총수
瓦洞院,군현역원
瓦洞面,호구총수
瓦浦,신증동국여지승람·여지도서
瓦登村,호구총수
瓦石,역지사지LV3
瓦硯,호구총수
瓦窟,호구총수
瓦等郞里,호구총수
瓦署契,호구총수
瓦耳洞,호구총수
瓦耳里,호구총수
瓦腰山里,호구총수
瓦臥里,호구총수
瓦草池,신증동국여지승람
瓦草里,호구총수
瓦西面,호구총수
瓦要里,호구총수
瓦谷,역지사지LV3
瓦谷部曲,특수구역
瓦谷里,호구총수
瓦邑里,호구총수
瓦里,역지사지LV3·호구총수
瓦里面,호구총수
瓦野里,호구총수
瓦釜灘,여지도서
瓦阜,역지사지LV3
瓦院,호구총수
瓦雲山,호구총수
瓦頭里,호구총수
瓮上店里,호구총수
瓮上里,호구총수
瓮下里,호구총수
瓮中里,호구총수
瓮井,역지사지LV3
瓮井上里,호구총수
瓮井下里,호구총수
瓮井山亭里,호구총수
瓮井新里,호구총수
瓮井舊里,호구총수
瓮井越里,호구총수
瓮井里,호구총수
瓮北洞里,호구총수
瓮匠里,호구총수
瓮器,호구총수
瓮器店,호구총수
瓮器店里,호구총수
瓮垈里門契,호구총수
瓮城山,여지도서
瓮城里,호구총수
瓮子井里,호구총수
瓮山,여지도서
瓮山里,호구총수
瓮峙洞,호구총수
瓮巖,호구총수
瓮巖村,호구총수
瓮巖里,호구총수
瓮幕,호구총수
瓮幕里,호구총수
瓮店,호구총수
瓮店村,호구총수
瓮店浦,호구총수
瓮店里,호구총수
瓮東,역지사지LV3
瓮池,역지사지LV3
瓮池面,호구총수
瓮泉里,호구총수
瓮洞上里,호구총수
瓮洞里,호구총수
瓮津里,호구총수
瓮浦,여지도서
瓮遷,군현역원
瓮里,호구총수
瓮里上契,호구총수
瓮里下契,호구총수
瓮里中契,호구총수
甁山,여지도서
甁山里,호구총수
甁村,역지사지LV3
甁村面,호구총수
甁谷,역지사지LV3
甑城里,호구총수
甑履山,여지도서
甑山,군현역원·세종실록지리지·신증동국여지승람·여지도서·역지사지LV3·호구총수
甑山坊,호구총수
甑山島,여지도서
甑山川,신증동국여지승람·여지도서
甑山洞,호구총수
甑山浦,여지도서
甑山里,호구총수
甑山里契,호구총수
甑山面,호구총수
甑岳山,여지도서
甑岳里,호구총수
甑峯,여지도서
甑峯里,호구총수
甑島,여지도서
甑巖里,호구총수
甑擊山,세종실록지리지·여지도서
甑淵,신증동국여지승람
甑石里,호구총수
甑里,호구총수
甕巖村,호구총수
甕店,호구총수
甕店里,호구총수
甕池,역지사지LV3
甕泉,군현역원
甕津,군현역원·역지사지LV3
甕遷,신증동국여지승람
甘丁洞,호구총수
甘三里,호구총수
甘井,군현역원
甘井洞,호구총수
甘亭洞,호구총수
甘仁堂里,호구총수
甘勿,역지사지LV3
甘勿也鄕,특수구역
甘勿倉津,여지도서
甘勿內,역지사지LV3
甘勿內彌部曲,특수구역
甘勿內旀,역지사지LV3
甘勿吐,특수구역
甘勿吐所,특수구역
甘勿岳,역지사지LV3
甘勿嶽,역지사지LV3
甘勿川,신증동국여지승람·역지사지LV3
甘勿川面,호구총수
甘勿谷部曲,특수구역
甘勿里,호구총수
甘卓里,호구총수
甘南只里,호구총수
甘同浦,여지도서
甘味,역지사지LV3
甘味洞,역지사지LV3
甘味洞面,호구총수
甘味谷,역지사지LV3
甘味谷面,호구총수
甘坡里,호구총수
甘城,역지사지LV3
甘城里,호구총수
甘城面,호구총수
甘堂里,호구총수
甘存里,호구총수
甘寺谷里,호구총수
甘山,역지사지LV3
甘山川,신증동국여지승람
甘山村,호구총수
甘山里,호구총수
甘山面,호구총수
甘岳里,호구총수
甘峙山,여지도서
甘崖里,호구총수
甘嶺里,호구총수
甘巖,역지사지LV3
甘巖回里,호구총수
甘巖里,호구총수
甘巖面,호구총수
甘川,여지도서·역지사지LV3
甘川里,호구총수
甘彌呑部曲,특수구역
甘德,호구총수
甘排島,신증동국여지승람
甘文,역지사지LV3
甘文山,여지도서
甘文里,호구총수
甘木亭,호구총수
甘朴,역지사지LV3
甘朴洞,역지사지LV3
甘朴洞坊,호구총수
甘村里,호구총수
甘梨洞里,호구총수
甘棠,역지사지LV3
甘棠坊,호구총수
甘棠村,호구총수
甘棠里,호구총수
甘橋里,호구총수
甘泉,군현역원·역지사지LV3·특수구역
甘泉洞,호구총수
甘泉縣,특수구역
甘泉里,호구총수
甘泉面,호구총수
甘洞,호구총수
甘洞里,호구총수
甘浦,역지사지LV3
甘浦里,호구총수
甘淵里,호구총수
甘湯仇味津,여지도서
甘湯嶺,여지도서
甘湯村,호구총수
甘湯津里,호구총수
甘湯里,호구총수
甘湯項里,호구총수
甘物內旀面,호구총수
甘田里,호구총수
甘祥津,여지도서
甘積山,신증동국여지승람
甘紺里,호구총수
甘若里,호구총수
甘苽里,호구총수
甘草,역지사지LV3
甘草坊,호구총수
甘草洞里,호구총수
甘草院,군현역원
甘谷,역지사지LV3
甘谷洞,호구총수
甘谷部曲,특수구역
甘谷里,호구총수
甘遯里,호구총수
甘閑,역지사지LV3
甘閑里,호구총수
甘閑面,호구총수
甘雨所里,호구총수
生古介,역지사지LV3
生古介面,호구총수
生峴,역지사지LV3
生峴里,호구총수
生川,특수구역
生川鄕,특수구역
生川里,호구총수
生巾,역지사지LV3
生巾里,호구총수
生巾面,호구총수
生拙川,신증동국여지승람
生斤里,호구총수
生日,역지사지LV3
生旨里,호구총수
生旺里,호구총수
生昌,군현역원
生村,호구총수
生松里,호구총수
生林,역지사지LV3
生林里,호구총수
生林面,호구총수
生比良,역지사지LV3
生比良面,호구총수
生民里,호구총수
生水洞,호구총수
生沙里,호구총수
生泉洞里,호구총수
生泉里,호구총수
生法山,역지사지LV3
生洞,호구총수
生物上里,호구총수
生物部曲,특수구역
生獐里,호구총수
生芝里,호구총수
生草,역지사지LV3
生草田里,호구총수
生薑,특수구역
生谷里,호구총수
生達里,호구총수
生采洞,호구총수
生里,호구총수
生金村里,호구총수
生鐵店,호구총수
生鐵店里,호구총수
生鐵里,호구총수
生陽,군현역원
生陽洞里,호구총수
生陽里,호구총수
生鳥伐,역지사지LV3
生鳥伐坊,호구총수
生鴨渡,여지도서
生龍洞,호구총수
用和鄕,특수구역
用安,군현역원
用家,군현역원
用巖里,호구총수
用川,역지사지LV3
用川面,호구총수
用文,역지사지LV3
用文面,호구총수
用村里,호구총수
用珍,역지사지LV3
用珍坊,호구총수
用虎洞里,호구총수
用里,호구총수
用雲里,호구총수
甫上坊,호구총수
甫上里,호구총수
甫下里,호구총수
甫中村,호구총수
甫中里,호구총수
甫乙,역지사지LV3
甫乙下一里,역지사지LV3
甫乙下二里,역지사지LV3
甫也里,호구총수
甫充洞,호구총수
甫勿里,호구총수
甫十內契,호구총수
甫十外契,호구총수
甫十里,호구총수
甫南村,호구총수
甫口串,역지사지LV3
甫口串里,호구총수
甫口串面,호구총수
甫古島,호구총수
甫古谷里,호구총수
甫吉,역지사지LV3
甫吉島,여지도서
甫坡里,호구총수
甫多會山,여지도서
甫峴里,호구총수
甫川坊,호구총수
甫川里,호구총수
甫新里,호구총수
甫木洞,호구총수
甫木里,호구총수
甫洞,역지사지LV3
甫洞社,호구총수
甫洞里,호구총수
甫羅山里,호구총수
甫羅里,호구총수
甫老知里,호구총수
甫薪里,호구총수
甫薪院,군현역원
甫西村,호구총수
甫角村,호구총수
甫谷里,호구총수
甫豆八里,호구총수
甫豆冬里,호구총수
甫通洞,호구총수
甫通洞里,호구총수
甫遜里,호구총수
甫里,역지사지LV3·호구총수
甫里坊,호구총수
甫里山,신증동국여지승람
甫陽里,호구총수
甫靑,역지사지LV3
甫靑中下里,호구총수
甫靑社,호구총수
甫音島,호구총수
田中里,호구총수
田井里,호구총수
田佐,호구총수
田佐里,호구총수
田倉,역지사지LV3
田儉丹閭,호구총수
田原,군현역원
田反,역지사지LV3
田反面,호구총수
田地山里,호구총수
田地村,호구총수
田坪里,호구총수
田堂里,호구총수
田太,역지사지LV3
田子洞,역지사지LV3
田字洞,호구총수
田川里,호구총수
田旨里,호구총수
田旺,역지사지LV3
田月里,호구총수
田洞里,호구총수
田浦保,특수구역
田浦里,호구총수
田灘里,호구총수
田王,역지사지LV3
田王面,호구총수
田莫,역지사지LV3
田莫坊,호구총수
田莫知,역지사지LV3
田谷,군현역원
田谷川,여지도서
田谷里,호구총수
田返,역지사지LV3
田里,호구총수
田頭里,호구총수
田齋宮里,호구총수
由原,군현역원
由太,역지사지LV3
由山驛,호구총수
由谷,역지사지LV3
甲串洞,호구총수
甲串津,신증동국여지승람
甲串津院,군현역원
甲串院,군현역원
甲乙嶺,여지도서
甲乙村,호구총수
甲古介里,호구총수
甲堤里,호구총수
甲士洞村,호구총수
甲屯里,호구총수
甲山,군현역원·신증동국여지승람·역지사지LV3
甲山村,호구총수
甲山里,호구총수
甲山面,호구총수
甲岩川,여지도서
甲岳鄕,특수구역
甲峴,여지도서
甲巖,호구총수
甲巖里,호구총수
甲川,여지도서·역지사지LV3
甲川里,호구총수
甲川面,호구총수
甲村,호구총수
甲村所,특수구역
甲校村,호구총수
甲池,여지도서
甲火,특수구역
甲破店,호구총수
甲破里,호구총수
甲鄕,역지사지LV3·특수구역
甲鄕里,호구총수
甲鄕面,호구총수
甲長山,여지도서
甲馬保,역지사지LV3
申上,역지사지LV3
申上面,호구총수
申下,역지사지LV3
申下面,호구총수
申乭里,호구총수
申伏里,호구총수
申內河,특수구역
申內洞所,특수구역
申城洞,호구총수
申城里,호구총수
申尼,역지사지LV3
申尼谷,역지사지LV3
申山洞內,호구총수
申峙里,호구총수
申庵山,여지도서
申德,특수구역
申德所,특수구역
申方里,호구총수
申枝村,호구총수
申洞村,호구총수
申石里,호구총수
申谷,역지사지LV3
申谷面,호구총수
申里洞,호구총수
界下里,호구총수
界寺,역지사지LV3
界寺面,호구총수
界山,역지사지LV3
界山面,호구총수
界峙,호구총수
界峙里,호구총수
界村,역지사지LV3
界流里,호구총수
界火島,여지도서
界火島上里,호구총수
界火島下里,호구총수
界火島中里,호구총수
界畔山,신증동국여지승람
界畔川,신증동국여지승람
界畔院,군현역원
界義里,호구총수
界谷里,호구총수
界邑川,호구총수
界銀川,특수구역
界銀川所,특수구역
畓內,역지사지LV3
畓內面,호구총수
畓坪里,호구총수
畓多谷里,호구총수
畓洞,호구총수
畓洞里,호구총수
畓谷,역지사지LV3·특수구역
畓谷部曲,특수구역
畓谷里,호구총수
畓谷面,호구총수
畓里,호구총수
留京洞,호구총수
留仙里,호구총수
留城里,호구총수
留往里,호구총수
留春,군현역원
留鳳里,호구총수
留鶴里,호구총수
留麗王山,신증동국여지승람
留龍里,호구총수
畝村,호구총수
畝洞,호구총수
畝洞村,호구총수
畝洞里,호구총수
畝良,역지사지LV3
畝谷,역지사지LV3
畝谷部曲,특수구역
畝谷里,호구총수
畝長,역지사지LV3
畝長面,호구총수
番作里,호구총수
番只,호구총수
番垈里,호구총수
番大坊里,호구총수
番山村,호구총수
番峴里,호구총수
番巖院,군현역원
番川,역지사지LV3
番川面,호구총수
番布里,호구총수
番晩里,호구총수
番浦里,호구총수
番石里,호구총수
番自里,호구총수
番谷店里,호구총수
番谷里,호구총수
番道里,호구총수
番頭洞,호구총수
畵巖,여지도서
當夫,역지사지LV3
當峨院,군현역원
當項浦,여지도서
當頭里,호구총수
疎己,역지사지LV3
疎巳坊,호구총수
疎懶里,호구총수
疎正里,호구총수
疏鑿里,호구총수
癸串地里,호구총수
癸田里,호구총수
癸石堂,호구총수
登丘里,호구총수
登串里,호구총수
登京里,호구총수
登億里,호구총수
登光村,호구총수
登光里,호구총수
登公里,호구총수
登加,호구총수
登古里,호구총수
登垈山里,호구총수
登垈村,호구총수
登城里,호구총수
登基里,호구총수
登堂里,호구총수
登山,호구총수
登山串,여지도서
登山里,호구총수
登岡山,여지도서
登巖里,호구총수
登州,군현역원
登德,호구총수
登旨里,호구총수
登村,호구총수
登村洞,호구총수
登林村,호구총수
登水所,특수구역
登洞村,호구총수
登洞里,호구총수
登瀛里,호구총수
登神,역지사지LV3
登神莊,특수구역
登禾山,세종실록지리지·여지도서
登臥,호구총수
登自里,호구총수
登谷里,호구총수
登路里,호구총수
登里,호구총수
登長,호구총수
登雲山,세종실록지리지
登高里,호구총수
登龍洞里,호구총수
登龍里,호구총수
登龜里,호구총수
發大里,호구총수
發峴,여지도서
發幕里,호구총수
發桂里,호구총수
發梅里,호구총수
發河里,호구총수
發立里,호구총수
發興里,호구총수
發郞里,호구총수
發陽里,호구총수
白丁村,호구총수
白丁里,호구총수
白三,역지사지LV3
白三社,호구총수
白上里,호구총수
白中里,호구총수
白也,역지사지LV3·호구총수
白也只,호구총수
白也峙,여지도서·호구총수
白也島,신증동국여지승람·호구총수
白也村,호구총수
白也洞里,호구총수
白也里,호구총수
白也串,여지도서
白乭里,호구총수
白二,역지사지LV3
白二社,호구총수
白五介,호구총수
白亭川,여지도서
白余洞里,호구총수
白作里,호구총수
白冬,군현역원
白冬音里,호구총수
白初,역지사지LV3
白初社,호구총수
白加里,호구총수
白午介里,호구총수
白原,군현역원
白原部曲,특수구역
白古介里,호구총수
白君子,역지사지LV3
白呂子川,신증동국여지승람
白呂字,역지사지LV3
白呂字面,호구총수
白土巷里,호구총수
白土洞里,호구총수
白土里,호구총수
白地里,호구총수
白坪里,호구총수
白塔里,호구총수
白壁山,여지도서
白夜山,신증동국여지승람
白如大里,호구총수
白如峙,호구총수
白安上里,호구총수
白安下里,호구총수
白安洞里,호구총수
白寺洞里,호구총수
白寺浦,여지도서
白屛山,여지도서
白山,세종실록지리지·여지도서·역지사지LV3
白山村,호구총수
白山里,호구총수
白山面,호구총수
白岩,역지사지LV3
白岫,역지사지LV3
白岳,세종실록지리지
白岳山,여지도서
白岳洞里,호구총수
白岳瀑布,여지도서
白峙里,호구총수
白峴里,호구총수
白峴閭,호구총수
白峴院,군현역원
白島里,호구총수
白嵓,세종실록지리지
白嶺,군현역원·여지도서
白嶺山,여지도서
白嶺里,호구총수
白嶽,신증동국여지승람
白嶽山,여지도서
白巖,역지사지LV3·호구총수
白巖上上里,호구총수
白巖坊,호구총수
白巖山,여지도서
白巖洞,호구총수
白巖洞里,호구총수
白巖里,호구총수
白巖院,군현역원
白巖面,호구총수
白川,군현역원
白川村,호구총수
白川洞,호구총수
白州,군현역원
白州治,특수구역
白市洞里,호구총수
白德,호구총수
白德山,신증동국여지승람·여지도서
白德里,호구총수
白日島,호구총수
白日洞,호구총수
白易山,여지도서
白月山,여지도서
白杻里,호구총수
白栗亭里,호구총수
白梁山,신증동국여지승람
白楊村,호구총수
白楊洞里,호구총수
白楊里,호구총수
白業洞,호구총수
白樹亭,호구총수
白橋里,호구총수
白歟只里,호구총수
白毛老院,군현역원
白水村,호구총수
白水洞,호구총수
白氷山,여지도서
白沙,역지사지LV3
白沙亭,호구총수
白沙亭里,호구총수
白沙峯,여지도서
白沙汀,신증동국여지승람
白沙面,호구총수
白河里,호구총수
白泉里,호구총수
白波,역지사지LV3·특수구역
白波坊,호구총수
白波鄕,특수구역
白洛,역지사지LV3
白洛面,호구총수
白洞里,호구총수
白浦里,호구총수
白浪部曲,특수구역
白湖川,여지도서
白潭里,호구총수
白牙,역지사지LV3
白牙島,호구총수
白玉洞,호구총수
白玉浦,호구총수
白用村,호구총수
白石,역지사지LV3
白石上里,호구총수
白石串,호구총수
白石山,여지도서
白石山里,호구총수
白石汀,여지도서
白石洞,호구총수
白石洞里,호구총수
白石津里,호구총수
白石浦里,호구총수
白石處,특수구역
白石部曲,특수구역
白石里,호구총수
白石陸里,호구총수
白石面,호구총수
白砂,역지사지LV3
白礖里,호구총수
白羊洞,호구총수
白羊洞里,호구총수
白羊里,호구총수
白翎,역지사지LV3
白老洞,호구총수
白耳里,호구총수
白興里,호구총수
白良洞里,호구총수
白良里,호구총수
白草里,호구총수
白華山,세종실록지리지·여지도서
白華書堂,호구총수
白葛上里,호구총수
白葛下里,호구총수
白蓮山,여지도서
白蓮店,호구총수
白蓮洞,호구총수
白蓮洞里,호구총수
白蓮里,호구총수
白蘋,역지사지LV3
白蘋里,호구총수
白蘋面,호구총수
白虎里,호구총수
白谷,역지사지LV3
白谷洞,호구총수
白谷里,호구총수
白谷面,호구총수
白連村,호구총수
白連洞里,호구총수
白道,역지사지LV3
白道面,호구총수
白銀灘,여지도서
白阿谷里,호구총수
白陽洞里,호구총수
白隅院,군현역원
白階音山,여지도서
白雁里,호구총수
白雨潭,여지도서
白雲,역지사지LV3·호구총수
白雲亭,호구총수
白雲坊,호구총수
白雲山,세종실록지리지·여지도서
白雲川里,호구총수
白雲洞,신증동국여지승람·여지도서·호구총수
白雲洞里,호구총수
白雲臺,여지도서
白雲臺里,호구총수
白雲菴佛堂,호구총수
白雲里,호구총수
白頭山,신증동국여지승람·여지도서
白馬,역지사지LV3
白馬山,세종실록지리지·여지도서
白馬峯,여지도서
白馬村,호구총수
白馬江,여지도서
白鵝山,여지도서
白鵝谷里,호구총수
白鶴,호구총수
白鶴山,여지도서
白鶴巖,여지도서
白鶴洞,호구총수
白鶴洞里,호구총수
白鶴里,호구총수
白鷄,세종실록지리지
白鷄山,신증동국여지승람
白鷄里,호구총수
白鷗,역지사지LV3
白鷺,역지사지LV3
白鷺洲,여지도서
白鷺面,호구총수
白鹿山,여지도서
白鹿洞,호구총수
白鹿里,호구총수
白鼠山,세종실록지리지
白龍亭里,호구총수
白龍山,여지도서
白龍洞村,호구총수
百丈嶺,여지도서
百丈洞,호구총수
百仁里,호구총수
百原里,호구총수
百味洞,호구총수
百塔洞,여지도서
百安里,호구총수
百峴里,호구총수
百嶺,군현역원·역지사지LV3
百嶺坊,호구총수
百嶺里,호구총수
百川洞,여지도서
百工山,여지도서
百年洞里,호구총수
百忍洞,호구총수
百忍里,호구총수
百房山,여지도서
百椧里,호구총수
百源里,호구총수
百畝里,호구총수
百石里,호구총수
百福里,호구총수
百花洞里,호구총수
百蓮洞里,호구총수
百賢里,호구총수
百足山,여지도서
百鶴,역지사지LV3
皆丹,특수구역
皆丹部曲,특수구역
皆丹里,호구총수
皆也項所,특수구역
皆呑所,특수구역
皆品,특수구역
皆品部曲,특수구역
皆睦里,호구총수
皆谷里,호구총수
皇下里,호구총수
皇南里,호구총수
皇吾里,호구총수
皇甫廢城,특수구역
皇華,역지사지LV3
皇華亭,호구총수
皇華坊,호구총수
皇華山,여지도서
皇華川,여지도서
皇風亭里,호구총수
皮井里,호구총수
皮兒,역지사지LV3
皮兒面,호구총수
皮前里,호구총수
皮匠村,호구총수
皮匠里,호구총수
皮吐部曲,특수구역
皮土部曲,특수구역
皮堤,역지사지LV3·특수구역
皮堤部曲,특수구역
皮堤面,호구총수
皮山里,호구총수
皮峴,역지사지LV3
皮巖里,호구총수
皮文岳,신증동국여지승람
皮朴里,호구총수
皮村,호구총수
皮村鄕,특수구역
皮村里,호구총수
皮東村,호구총수
皮沙里,호구총수
皮浦,신증동국여지승람
皮盤大嶺,신증동국여지승람
皮破里,호구총수
皮西村,호구총수
皮里,호구총수
皮門里,호구총수
盃山,여지도서
盃致洞,호구총수
盆山,세종실록지리지·여지도서
盆店里,호구총수
盆村,특수구역
盆村鄕,특수구역
盆梅村,호구총수
盆梅洞,호구총수
盆池,역지사지LV3
盆浦,여지도서
盆浦里,호구총수
盆知,역지사지LV3
盆知面,호구총수
盆石山,여지도서
盆石里,호구총수
盈倉里,호구총수
盈德,군현역원·역지사지LV3
盈德里,호구총수
益今峙里,호구총수
益口,역지사지LV3
益口谷,역지사지LV3
益口谷面,호구총수
益山,군현역원·역지사지LV3
益新,군현역원
益浦,역지사지LV3
益浦里,호구총수
益申,군현역원
益申村,호구총수
益谷里,호구총수
益貴谷,역지사지LV3
盖井,호구총수
盖井契,호구총수
盖井洞,호구총수
盖井里,호구총수
盖冬里,호구총수
盖尺里,호구총수
盖山里,호구총수
盖島,여지도서·호구총수
盖幕山,여지도서
盖福洞里,호구총수
盖草里,호구총수
盖阜院,군현역원
盖雲里,호구총수
盛德,호구총수
盛德里,호구총수
盛應,호구총수
盛才洞里,호구총수
盛才里,호구총수
盞巖里,호구총수
盤丘里,호구총수
盤乳,군현역원
盤亭里,호구총수
盤介澤,여지도서
盤凝岳,여지도서
盤城里,호구총수
盤大里,호구총수
盤如里,호구총수
盤山里,호구총수
盤峙里,호구총수
盤巖,여지도서
盤巖村,호구총수
盤巖里,호구총수
盤市里,호구총수
盤店里,호구총수
盤惹洞里,호구총수
盤於里,호구총수
盤村,호구총수
盤松,역지사지LV3·호구총수
盤松亭,호구총수
盤松亭里,호구총수
盤松坊,호구총수
盤松村,호구총수
盤松洞里,호구총수
盤松里,호구총수
盤池里,호구총수
盤泉里,호구총수
盤浦里,호구총수
盤溪村,호구총수
盤溪里,호구총수
盤灘里,호구총수
盤石,군현역원·역지사지LV3
盤石亭,호구총수
盤石坊,호구총수
盤石川,여지도서
盤石里,호구총수
盤自洞里,호구총수
盤草里,호구총수
盤西里,호구총수
盤谷,역지사지LV3
盤谷村,호구총수
盤谷洞,호구총수
盤谷里,호구총수
盤谷閭,호구총수
盤谷面,호구총수
盤龍,호구총수
盤龍井里,호구총수
盤龍山,세종실록지리지·여지도서
盤龍所,특수구역
盤龍洞,호구총수
盤龍浦,신증동국여지승람·여지도서
盤龍里,호구총수
盤龜山,여지도서
盤龍山,여지도서
盧僉正契,호구총수
盧原,군현역원
盧洞里,호구총수
目井里,호구총수
目只里,호구총수
目島里,호구총수
目所山,여지도서
目里,호구총수
直下里,호구총수
直串里,호구총수
直亭里,호구총수
直古介里,호구총수
直山,호구총수
直山洞,호구총수
直峙里,호구총수
直峴,신증동국여지승람
直峴洞里,호구총수
直旨川,여지도서
直木,군현역원
直木亭里,호구총수
直木村,호구총수
直木驛,호구총수
直村,호구총수
直注里,호구총수
直洞,역지사지LV3·호구총수
直洞上里,호구총수
直洞下里,호구총수
直洞坊,호구총수
直洞川,여지도서
直洞里,호구총수
直洞院,군현역원
直浦,여지도서
直浦里,호구총수
直灘,신증동국여지승람
直申洞里,호구총수
直等洞嶺,여지도서
直等里,호구총수
直節里,호구총수
直谷部曲,특수구역
直谷里,호구총수
直隱洞里,호구총수
直頭里,호구총수
相上里,호구총수
相中里,호구총수
相公里,호구총수
相思洞契,호구총수
相思洞里,호구총수
相揖里,호구총수
相知院,군현역원
相約村,호구총수
相西里,호구총수
省之川,호구총수
省乙山,역지사지LV3
省乙山里,호구총수
省乙良部曲,특수구역
省仍,군현역원
省台,역지사지LV3
省台洞,역지사지LV3
省台洞里,호구총수
省台陽,역지사지LV3
省台面,호구총수
省坪谷,역지사지LV3
省坪谷面,호구총수
省太谷村,호구총수
省夫部曲,특수구역
省夫里,호구총수
省峴,군현역원·여지도서·호구총수
省峴新里,호구총수
省峴茶芳里,호구총수
省峴路上里,호구총수
省峴路下里,호구총수
省峴金洞里,호구총수
省峴陽地里,호구총수
省川,신증동국여지승람
省平谷,역지사지LV3
省村,호구총수
省法,군현역원
省法伊,특수구역
省法伊部曲,특수구역
省法山,역지사지LV3
省法山坊,호구총수
省法里,호구총수
省洞,역지사지LV3
省洞里,호구총수
省洞面,호구총수
省火,역지사지LV3
省火川,여지도서
省火帖所,특수구역
省火禮鄕,특수구역
省火里,호구총수
省石里,호구총수
省草,군현역원
省草里,호구총수
省諸乙里,호구총수
省谷,역지사지LV3
省谷里,호구총수
眉山,여지도서·역지사지LV3·호구총수
眉山村,호구총수
眉山里,호구총수
眉村,호구총수
眉羊洞,호구총수
看入里,호구총수
看尺,역지사지LV3
看尺川,여지도서
看尺面,호구총수
看月島,신증동국여지승람
看月島里,호구총수
看東,역지사지LV3
看東坊,호구총수
眞三洞,호구총수
眞乾,역지사지LV3
眞井洞,호구총수
眞井洞里,호구총수
眞亭,호구총수
眞元里,호구총수
眞坪里,호구총수
眞堤,호구총수
眞官,역지사지LV3
眞官里,호구총수
眞官面,호구총수
眞定村,호구총수
眞寶,군현역원·역지사지LV3
眞尺村,호구총수
眞山村,호구총수
眞山里,호구총수
眞島,역지사지LV3
眞川村,호구총수
眞川洞里,호구총수
眞川里,호구총수
眞從里,호구총수
眞新,호구총수
眞方里,호구총수
眞明里,호구총수
眞月里,호구총수
眞木,군현역원·역지사지LV3
眞木亭,호구총수
眞木亭村,호구총수
眞木亭里,호구총수
眞木洞,호구총수
眞木浦,신증동국여지승람
眞木灘,여지도서
眞木谷里,호구총수
眞木里,호구총수
眞木里里,호구총수
眞木閭,호구총수
眞梳里,호구총수
眞梳里契,호구총수
眞池,호구총수
眞泉村,호구총수
眞洞里,호구총수
眞溪里,호구총수
眞爵里,호구총수
眞珠堂里,호구총수
眞珠池,여지도서
眞田,역지사지LV3
眞田里,호구총수
眞界上村,호구총수
眞界中村,호구총수
眞石浦,여지도서
眞石浦里,호구총수
眞石里,호구총수
眞等,역지사지LV3
眞等面,호구총수
眞絲洞里,호구총수
眞苽里,호구총수
眞莊仇味里,호구총수
眞言里,호구총수
眞谷,호구총수
眞谷里,호구총수
眞面,호구총수
眞風,역지사지LV3
眞鳥里,호구총수
眠谷村,호구총수
睡押島,여지도서
睡鶴里,호구총수
督井里,호구총수
睦忠,역지사지LV3
睦忠面,호구총수
睦族洞里,호구총수
矗石江,여지도서
矛島里,호구총수
矢峙里,호구총수
矢川,역지사지LV3
矢川里,호구총수
矢方里,호구총수
矢梁里,호구총수
矢洞里,호구총수
矢灘里,호구총수
矢里,호구총수
矢門里,호구총수
矢項里,호구총수
知世浦鎭下里,호구총수
知乙峴,여지도서
知乙里,호구총수
知代,역지사지LV3
知代面,호구총수
知保,군현역원·역지사지LV3
知保上里,호구총수
知保下里,호구총수
知保中里,호구총수
知保里,호구총수
知和洞,호구총수
知品,역지사지LV3
知品部曲,특수구역
知品里,호구총수
知士,역지사지LV3
知士里,호구총수
知巖川,특수구역
知新,군현역원
知本里,호구총수
知村里,호구총수
知止洞里,호구총수
知止陳里,호구총수
知歸島,여지도서
知水,역지사지LV3
知灘里,호구총수
知玉,역지사지LV3
知玉面,호구총수
知田,역지사지LV3
知田面,호구총수
知申,군현역원
知男,군현역원
知禮,군현역원·역지사지LV3
知禮村,호구총수
知禮里,호구총수
知良,역지사지LV3
知良面,호구총수
知莊里,호구총수
知谷,역지사지LV3
知谷所,특수구역
知谷村,호구총수
知谷里,호구총수
知谷面,호구총수
知足洞里,호구총수
知過洞,호구총수
知道,역지사지LV3
知遠,군현역원
知里,군현역원
知雨山,세종실록지리지
知音,호구총수
知音登,호구총수
短屹里,호구총수
石丁里,호구총수
石丈里,호구총수
石三洞,호구총수
石串,역지사지LV3
石串坊,호구총수
石串浦,신증동국여지승람
石串里,호구총수
石串面,호구총수
石之峙,여지도서
石之里,호구총수
石乙山,호구총수
石乙本,역지사지LV3
石乙注島,여지도서
石乙破,호구총수
石乙項所,특수구역
石井,역지사지LV3·호구총수
石井乙里,호구총수
石井坊,호구총수
石井契,호구총수
石井里,호구총수
石交里,호구총수
石亭,역지사지LV3·호구총수
石亭子里,호구총수
石亭村,호구총수
石亭里,호구총수
石亭閭,호구총수
石亭院,군현역원
石令里,호구총수
石佐里,호구총수
石佛山,여지도서
石佛里,호구총수
石保,역지사지LV3·특수구역·호구총수
石保部曲,특수구역
石助川里,호구총수
石北里,호구총수
石南,호구총수
石南山,여지도서
石南島,신증동국여지승람·호구총수
石南里,호구총수
石博里,호구총수
石古介山,여지도서
石古介里,호구총수
石合村,호구총수
石城,군현역원·역지사지LV3
石城洞,호구총수
石城臺,여지도서
石城里,호구총수
石基里,호구총수
石堡,군현역원
石堡閭,호구총수
石堤,역지사지LV3
石堤上里,호구총수
石堤下里,호구총수
石堦里,호구총수
石場,호구총수
石場浦,여지도서
石場里,호구총수
石塔里,호구총수
石塘,호구총수
石塘里,호구총수
石墻上里,호구총수
石墻下里,호구총수
石墻村,호구총수
石壯里,호구총수
石多山,여지도서·역지사지LV3
石多山坊,호구총수
石多山里,호구총수
石大同閭,호구총수
石大島,여지도서
石好,역지사지LV3
石好坊,호구총수
石室里,호구총수
石寺洞川,여지도서
石寺洞里,호구총수
石寺里,호구총수
石山,역지사지LV3
石山里,호구총수
石峙山里,호구총수
石峙里,호구총수
石峯里,호구총수
石峴,여지도서·역지사지LV3·호구총수
石峴村,호구총수
石峴里,호구총수
石崇山,여지도서
石嶺,호구총수
石嶽山,여지도서
石巖,역지사지LV3·호구총수
石巖里,호구총수
石川,역지사지LV3
石川里,호구총수
石川面,호구총수
石幕,역지사지LV3
石幕山,여지도서
石幕社,호구총수
石平里,호구총수
石底,역지사지LV3
石所,호구총수
石所之里,호구총수
石所安里,호구총수
石所里,호구총수
石方里,호구총수
石旨里,호구총수
石本,역지사지LV3
石朴里,호구총수
石村里,호구총수
石松亭里,호구총수
石松里,호구총수
石板里,호구총수
石林村,호구총수
石林里,호구총수
石柱院,군현역원
石桂洞,호구총수
石梯院,군현역원
石橋,호구총수
石橋上契,호구총수
石橋下契,호구총수
石橋契,호구총수
石橋川,여지도서
石橋村,호구총수
石橋村里,호구총수
石橋洞,호구총수
石橋浦,여지도서
石橋里,호구총수
石橋院,군현역원
石橋項里,호구총수
石毛老里,호구총수
石池,호구총수
石沙里,호구총수
石泉,여지도서
石泉山,여지도서
石泉村,호구총수
石泉洞,호구총수
石泉里,호구총수
石泊閭,호구총수
石洑里,호구총수
石洞村,호구총수
石洞里,호구총수
石津,역지사지LV3
石津面,호구총수
石浦,여지도서·역지사지LV3·호구총수
石浦南山,호구총수
石浦新基,호구총수
石浦村,호구총수
石浦里,호구총수
石浦院,군현역원
石涯上里,호구총수
石淵,여지도서
石淺鄕,특수구역
石湖,역지사지LV3
石湖村,호구총수
石湖村里,호구총수
石溪村,호구총수
石溪里,호구총수
石潭川,여지도서
石潭里,호구총수
石澤里,호구총수
石灘,여지도서
石灘里,호구총수
石灰洞里,호구총수
石牛,군현역원
石現里,호구총수
石田,역지사지LV3·호구총수
石田部曲,특수구역
石田里,호구총수
石田面,호구총수
石硯里,호구총수
石磻里,호구총수
石積,역지사지LV3
石積里,호구총수
石積面,호구총수
石筍洞,호구총수
石筒浦,여지도서
石羅谷里,호구총수
石羽里,호구총수
石臺村,호구총수
石臺里,호구총수
石船山,신증동국여지승람
石花,세종실록지리지
石花山,여지도서
石花東里,호구총수
石花西里,호구총수
石花里,호구총수
石茸洞里,호구총수
石莊店,호구총수
石莫院,군현역원
石萬島,호구총수
石蓮村,호구총수
石西里,호구총수
石谷,군현역원·역지사지LV3
石谷村,호구총수
石谷洞,호구총수
石谷里,호구총수
石谷面,호구총수
石贊洞里,호구총수
石赤,역지사지LV3
石赤面,호구총수
石達洞,호구총수
石邊坊,호구총수
石門,역지사지LV3
石門亭里,호구총수
石門內里,호구총수
石門嶺,신증동국여지승람
石門里,호구총수
石閑,역지사지LV3
石閑面,호구총수
石隅,호구총수
石隅東里,호구총수
石隅西里,호구총수
石隅里,호구총수
石頃里,호구총수
石項里,호구총수
石頓里,호구총수
石頭里,호구총수
石馬洞里,호구총수
石馬里,호구총수
石骨山,여지도서
石龍洞,호구총수
石龜洞里,호구총수
石蓮山,여지도서
砌川,여지도서
砥堤,역지사지LV3
砥山,특수구역
砥山鄕,특수구역
砥平,군현역원
砧串,역지사지LV3
砧串坊,호구총수
砧串里,호구총수
砧交里,호구총수
砧山,여지도서
砧山村,호구총수
砧山里,호구총수
砧嶺里,호구총수
砧松里,호구총수
砧橋,호구총수
砧橋里,호구총수
砧淵,여지도서
砧谷里,호구총수
破呑巖峴,여지도서
破場院,군현역원
破磨只岳,신증동국여지승람
破西防部曲,특수구역
破軍橋里,호구총수
硏經里,호구총수
硯峙里,호구총수
硯朴里,호구총수
硯村里,호구총수
碁洞里,호구총수
碇浦里,호구총수
碎巖里,호구총수
碑前里,호구총수
碑堂,역지사지LV3
碑堂面,호구총수
碑建里,호구총수
碑石,호구총수
碑石村,호구총수
碑石洞,호구총수
碑石里,호구총수
碑立里,호구총수
碑閣里,호구총수
碑隅里,호구총수
碣隅倉里,호구총수
碧井里,호구총수
碧只島,여지도서
碧呑,군현역원
碧呑石院,군현역원
碧呑里,호구총수
碧圃鎭里,호구총수
碧團,군현역원
碧城,역지사지LV3
碧山,군현역원·세종실록지리지·신증동국여지승람·여지도서·역지사지LV3·특수구역
碧山廢縣,특수구역
碧山祠,호구총수
碧山面,호구총수
碧巖里,호구총수
碧木,군현역원
碧松村,호구총수
碧松洞里,호구총수
碧松里,호구총수
碧柳洞,호구총수
碧梧里,호구총수
碧池,군현역원
碧池洞,호구총수
碧池里,호구총수
碧沙,군현역원·역지사지LV3
碧沙上里,호구총수
碧沙中里,호구총수
碧波山,여지도서
碧波津,신증동국여지승람
碧洞里,호구총수
碧津,여지도서·호구총수
碧津部曲,특수구역
碧流亭,호구총수
碧流洞,호구총수
碧流洞里,호구총수
碧海洞,호구총수
碧涵亭里,호구총수
碧溪,군현역원
碧溪村,호구총수
碧溪洞,호구총수
碧溪里,호구총수
碧潼,군현역원·역지사지LV3
碧瀾渡,여지도서
碧灘,군현역원
碧玉,호구총수
碧珍,역지사지LV3
碧石嶺,신증동국여지승람
碧花山,여지도서
碧草洞里,호구총수
碧蹄,군현역원·역지사지LV3
碧達洞,호구총수
碧達鄕,특수구역
碧里,호구총수
碧霞洞里,호구총수
碧霽山,여지도서
碧養,역지사지LV3
碧骨池,신증동국여지승람
碧龍里,호구총수
碩人洞,호구총수
碩士里,호구총수
磊山村里,호구총수
磊淵里,호구총수
磋谷里,호구총수
磚石村,호구총수
磨亦里,호구총수
磨前院,군현역원
磨古里,호구총수
磨場里,호구총수
磨天嶺,세종실록지리지·신증동국여지승람
磨屹岳里,호구총수
磨屹津,호구총수
磨岾山,여지도서
磨崖里,호구총수
磨嵯山,여지도서
磨差津里,호구총수
磨月島,신증동국여지승람
磨月禾色里,호구총수
磨河里,호구총수
磨石里,호구총수
磨義禮里,호구총수
磨訖川,여지도서
磨谷,군현역원
磨谷里,호구총수
磨賴島,신증동국여지승람
磨造島,호구총수
磨造店,호구총수
磨造村,호구총수
磨金洞里,호구총수
磨陽,역지사지LV3
磨陽面,호구총수
磨雲嶺,세종실록지리지·신증동국여지승람·여지도서
磨雲洞里,호구총수
磵洞契,호구총수
磻佐里,호구총수
磻巖里,호구총수
磻渚里,호구총수
磻溪村,호구총수
磻溪洞,호구총수
磻溪里,호구총수
磻灘,여지도서
礖串之里,호구총수
礖曰只,호구총수
礖津里,호구총수
礖草,호구총수
礜會浦,여지도서
礪古里,호구총수
礪山,역지사지LV3
礪峴里,호구총수
礪會里,호구총수
礬川里,호구총수
礭伐里,호구총수
社上,역지사지LV3
社上面,역지사지LV3
社上面坊,호구총수
社下,역지사지LV3
社下坊,호구총수
社倉,역지사지LV3·호구총수
社倉里,호구총수
社堂洞,호구총수
社堂里,호구총수
社堤,호구총수
社堤里,호구총수
社壇里,호구총수
社尺里,호구총수
社山里,호구총수
社房里,호구총수
社昌村,호구총수
社洞,호구총수
社洞里,호구총수
社稷,호구총수
社稷村,호구총수
社稷洞,호구총수
社稷洞契,호구총수
社稷洞里,호구총수
社稷里,호구총수
社里,호구총수
祁驛村,호구총수
祈雨山,여지도서
祈雨峯,여지도서
祐仇里,역지사지LV3
祐仇里面,호구총수
祖召,군현역원
祖宗山,여지도서
祖宗里,호구총수
祖師津,호구총수
祖江渡,신증동국여지승람
祖江里,호구총수
祖江院,군현역원
祖王仇非里,호구총수
祖白山,세종실록지리지·여지도서
祖谷,역지사지LV3
祖谷山,여지도서
祝石嶺,여지도서
神井,신증동국여지승람
神光,역지사지LV3·특수구역
神光縣,특수구역
神光鎭,호구총수
神光面,호구총수
神化里,호구총수
神同串,특수구역
神地,군현역원
神堂村,호구총수
神堂洞,역지사지LV3·호구총수
神堂洞面,호구총수
神堂浦,역지사지LV3
神堂淵,여지도서
神堂里,호구총수
神堂里契,호구총수
神堂鳴,역지사지LV3
神山里,호구총수
神方,역지사지LV3
神方社,호구총수
神旨,역지사지LV3
神旨面,호구총수
神智峯,여지도서
神智江,여지도서
神林,군현역원·역지사지LV3
神林川,여지도서
神穴,역지사지LV3
神穴面,호구총수
神筒所,특수구역
神興,군현역원
神花山,여지도서
神葛,특수구역
神葛部曲,특수구역
神道,역지사지LV3
神院,역지사지LV3
神陰山,여지도서
神魚山,세종실록지리지·여지도서
神龍潭,여지도서
神龜山,여지도서
祠堂洞里,호구총수
祠釜洞,호구총수
祥原,군현역원·역지사지LV3
祥雲,군현역원·역지사지LV3
祥雲里,호구총수
祥雲驛,호구총수
票旨村,호구총수
祭位里,호구총수
祭基里契,호구총수
祭堂淵,여지도서
祭山里,호구총수
祭斤里,호구총수
祭洞村,호구총수
祭田洞,호구총수
祭石洞,호구총수
祭靈山,여지도서
祭靈里,호구총수
祿城洞里,호구총수
祿士川里,호구총수
祿平里,호구총수
祿洞里,호구총수
祿田里,호구총수
祿轉,역지사지LV3
祿達,역지사지LV3
禁倉契,호구총수
禁山里,호구총수
禁府內契,호구총수
禁府後洞契,호구총수
禁洞里,호구총수
福上里,호구총수
福井洞,호구총수
福亭里,호구총수
福令,특수구역
福令里,호구총수
福內,역지사지LV3
福內面,호구총수
福吉里,호구총수
福同里,호구총수
福味里,호구총수
福在洞,호구총수
福坪村,호구총수
福坪里,호구총수
福城,역지사지LV3·특수구역
福城廢縣,특수구역
福城洞,역지사지LV3
福城洞面,호구총수
福城里,호구총수
福堂里,호구총수
福壽,역지사지LV3
福壽山里,호구총수
福壽里,호구총수
福多會里,호구총수
福多閭,호구총수
福大川,여지도서
福大洞,호구총수
福寧村,호구총수
福寧洞,호구총수
福寧里,호구총수
福山峙,호구총수
福山鄕,특수구역
福山里,호구총수
福峴,역지사지LV3
福峴里,호구총수
福巖里,호구총수
福川里,호구총수
福川院,군현역원
福州,군현역원
福巨里,호구총수
福平鄕,특수구역
福德巖,여지도서
福德洞里,호구총수
福德里,호구총수
福成村,호구총수
福星里,호구총수
福林村里,호구총수
福水所,특수구역
福水村,호구총수
福河川,여지도서
福泉洞,호구총수
福洞,호구총수
福洞里,호구총수
福浦閭,호구총수
福深里,호구총수
福溪,여지도서
福滿村,호구총수
福滿洞,호구총수
福興,역지사지LV3·특수구역·호구총수
福興廢縣,특수구역
福興所,특수구역
福興社,호구총수
福興里,호구총수
福興面,호구총수
福貴,역지사지LV3
福貴嶺,여지도서
福貴社,호구총수
福連洞里,호구총수
福長浦里,호구총수
福龍里,호구총수
禦侮,역지사지LV3·특수구역
禦侮廢縣,특수구역
禦廩山,여지도서
禪具院,군현역원
禪石山,여지도서
禪長山,여지도서
禪院,군현역원
禪院川,여지도서
禪院院,군현역원
禪雲山,여지도서
禪雲洞,호구총수
禪雲浦,여지도서
禮備洞里,호구총수
禮士里,호구총수
禮大院,군현역원
禮安,역지사지LV3
禮山,역지사지LV3
禮嶺里,호구총수
禮川里,호구총수
禮成江,여지도서
禮成江里,호구총수
禮戒巖回里,호구총수
禮支里,호구총수
禮曹內契,호구총수
禮村,호구총수
禮東里,호구총수
禮林村,호구총수
禮林里,호구총수
禮樹介里,호구총수
禮洞村,호구총수
禮洞里,호구총수
禮津村,호구총수
禮深里,호구총수
禮禮洞,호구총수
禮義洞里,호구총수
禮西里,호구총수
禮谷里,호구총수
禮賓里,호구총수
禱陰山,세종실록지리지·여지도서
禹之洞,호구총수
禹勤里,호구총수
禹基里,호구총수
禹家淵,여지도서
禹導川,역지사지LV3
禹導川坊,호구총수
禹憶塘里,호구총수
禹獨里,호구총수
禹陳巖,신증동국여지승람
禹陵里,호구총수
禾上里,호구총수
禾下里,호구총수
禾串里,호구총수
禾代里,호구총수
禾內,호구총수
禾內里,호구총수
禾利洞,호구총수
禾力里,호구총수
禾北坊里,호구총수
禾北岳,여지도서
禾北川,여지도서
禾北浦,여지도서
禾回,역지사지LV3
禾垈里,호구총수
禾基里,호구총수
禾堂,호구총수
禾場里,호구총수
禾央里,호구총수
禾好所里,호구총수
禾尺,역지사지LV3
禾尺只,역지사지LV3
禾尺只面,호구총수
禾尺灘,신증동국여지승람
禾屯里,호구총수
禾山,역지사지LV3·호구총수
禾山里,호구총수
禾山面,호구총수
禾島里,호구총수
禾巖回里,호구총수
禾巖里,호구총수
禾平里,호구총수
禾德里,호구총수
禾新村,호구총수
禾方,역지사지LV3
禾方面,호구총수
禾日里,호구총수
禾旨閭,호구총수
禾月里,호구총수
禾東里,호구총수
禾橋里,호구총수
禾洞,역지사지LV3·호구총수
禾洞里,호구총수
禾津,역지사지LV3
禾津面,호구총수
禾浦,호구총수
禾海里,호구총수
禾玉洞,호구총수
禾玉浦里,호구총수
禾玉里,호구총수
禾用浦坊,호구총수
禾田,역지사지LV3
禾田坊,호구총수
禾登里,호구총수
禾皮里,호구총수
禾石,역지사지LV3
禾石坊,호구총수
禾積淵,여지도서
禾羅里,호구총수
禾老味,호구총수
禾蕪洞里,호구총수
禾西里,호구총수
禾谷,역지사지LV3
禾谷江倉里,역지사지LV3·호구총수
禾谷里,호구총수
禾谷面,호구총수
禾達里,호구총수
禾邊,역지사지LV3
禾邊所,특수구역
禾邊面,호구총수
禾邑谷里,호구총수
禾里,호구총수
禾里南里,호구총수
禾里峙,호구총수
禾里洞里,호구총수
禾野谷里,호구총수
禾音峴,호구총수
禾音峴村,호구총수
禾音浦,여지도서
禾頃里,호구총수
禾館里,호구총수
禾麻里,호구총수
禿串,역지사지LV3
禿串筒池,신증동국여지승람
禿串面,호구총수
禿也田,호구총수
禿井里,호구총수
禿伊里,호구총수
禿余里,호구총수
禿原院,군현역원
禿同,역지사지LV3
禿同洞,역지사지LV3
禿同洞面,호구총수
禿同里,호구총수
禿吾之里,호구총수
禿土,역지사지LV3
禿土面,호구총수
禿城里,호구총수
禿字洞里,호구총수
禿山,여지도서·역지사지LV3
禿山坊,호구총수
禿山川,신증동국여지승람
禿山里,호구총수
禿山院,군현역원
禿岳,여지도서
禿峙洞里,호구총수
禿峙里,호구총수
禿峴,신증동국여지승람
禿峴里,호구총수
禿川,여지도서·역지사지LV3
禿川里,호구총수
禿店里,호구총수
禿旨洞,호구총수
禿旨里,호구총수
禿村部曲,특수구역
禿染里,호구총수
禿洞里,호구총수
禿浦,신증동국여지승람·호구총수
禿甲島,신증동국여지승람
禿登里,호구총수
禿谷村,호구총수
禿達岳,여지도서
禿邊,특수구역
禿邊所,특수구역
禿邑灘,신증동국여지승람
禿鉢島,여지도서
禿隅里,호구총수
禿隅院,군현역원
禿音,역지사지LV3
禿音里,호구총수
禿音面,호구총수
禿頭里,호구총수
禿魯江,여지도서
禿魯江,여지도서
秀城里,호구총수
秀山里,호구총수
秀岩,역지사지LV3
秀峙里,호구총수
秀峴店,호구총수
秀巖里,호구총수
秀川里,호구총수
秀月寺,호구총수
秀林亭里,호구총수
秀理峴里,호구총수
秀羅山,여지도서
秀達里,호구총수
私契,호구총수
私峴,여지도서
私村里,호구총수
私津,여지도서
秃城山,여지도서
秋下里,호구총수
秋串里,호구총수
秋乙美,역지사지LV3
秋伊,역지사지LV3
秋伊洞,역지사지LV3
秋伊洞坊,호구총수
秋八里,호구총수
秋堡里,호구총수
秋富,역지사지LV3
秋山,호구총수
秋山里,호구총수
秋峙里,호구총수
秋成里,호구총수
秋月,세종실록지리지
秋月山,여지도서
秋月里,호구총수
秋橋里,호구총수
秋洞,호구총수
秋浦,여지도서
秋溪,여지도서
秋溪里,호구총수
秋灘,역지사지LV3
秋灘坊,호구총수
秋灘里,호구총수
秋羅,역지사지LV3
秋興里,호구총수
秋良谷里,호구총수
秋花,역지사지LV3
秋花坊,호구총수
秋谷里,호구총수
秋豐,군현역원
秋風,군현역원
秋鬱美,역지사지LV3
秋鬱美坊,호구총수
科村里,호구총수
秘靈垈里,호구총수
秘靈里,호구총수
秝谷里,호구총수
租岩,역지사지LV3
租巖,역지사지LV3
租巖里,호구총수
租田契,호구총수
租谷,역지사지LV3
租谷坊,호구총수
租谷里,호구총수
秣川,역지사지LV3
秣馬洞,호구총수
秤井,여지도서
秤泉,역지사지LV3
秩五乙里,호구총수
秩谷,호구총수
秩谷部曲,특수구역
秩谷里,호구총수
移仕谷里,호구총수
移仙村,호구총수
移方里,호구총수
稅粮里,호구총수
程子川,여지도서
程子川里,호구총수
程子里,호구총수
程川,역지사지LV3
程川里,호구총수
程里,호구총수
稔德村,호구총수
稚岳山,여지도서
稠禾,호구총수
稠谷,호구총수
稤前里,호구총수
稤庫洞,호구총수
稤庫里,호구총수
稤後里,호구총수
稤洞里,호구총수
種之里,호구총수
種巖,역지사지LV3
種松里,호구총수
種玉,특수구역
種玉所,특수구역
種蔘坊,호구총수
種谷里,호구총수
稷串里,호구총수
稷古介里,호구총수
稷堂里,호구총수
稷山,군현역원·역지사지LV3
稷山村,호구총수
稷山洞,호구총수
稷峙,여지도서
稷峙里,호구총수
稷島里,호구총수
稷旺山里,호구총수
稷村,호구총수
稷洞里,호구총수
稷灘里,호구총수
稷田仇味里,호구총수
稷田村,호구총수
稷田里,호구총수
稷頭里,호구총수
稼谷下里,호구총수
稼谷洞,호구총수
稼谷里,호구총수
稽山里,호구총수
積善,역지사지LV3
積善坊,호구총수
積城,군현역원·역지사지LV3
積山,여지도서
積山里,호구총수
積岩,역지사지LV3
積巖,역지사지LV3
積巖里,호구총수
積巖面,호구총수
積德,호구총수
積德里,호구총수
積支里,호구총수
積洞山里,호구총수
積珍鄕,특수구역
積生,군현역원
積老谷,호구총수
積良,역지사지LV3
穎川,역지사지LV3
穎川洞,호구총수
穎川社,호구총수
穎雲里,호구총수
穩城,군현역원·역지사지LV3
穴口山,여지도서
穴巖里,호구총수
穴洞,여지도서·호구총수
穴洞里,호구총수
穴浦,여지도서
穴里村,호구총수
究里,호구총수
究里內,역지사지LV3
空梓所,특수구역
空樹,역지사지LV3
空樹面,호구총수
空石,역지사지LV3
空石面,호구총수
穿串,여지도서
穿串島,신증동국여지승람
穿山,세종실록지리지
穿島,신증동국여지승람
穿島下里,호구총수
穿島中里,호구총수
穿川峴,신증동국여지승람
穿淵,여지도서
穿火山內,역지사지LV3
穿火山外,역지사지LV3
穿火峴,여지도서
穿火嶺,여지도서
穿石山,여지도서
穿石里,호구총수
突山,역지사지LV3·특수구역
突山島,신증동국여지승람
突山廢縣,특수구역
突馬,군현역원·역지사지LV3
突馬面,호구총수
窓巖里,호구총수
窟前里,호구총수
窟山,호구총수
窟山浦,여지도서
窟山里,호구총수
窟峴,여지도서
窟巖,호구총수
窟巖山,여지도서
窟巖里,호구총수
窟菴山,여지도서
窺岩,역지사지LV3
竈村,군현역원
立上,역지사지LV3
立上面,호구총수
立下,역지사지LV3
立下面,호구총수
立呑所,특수구역
立呑里,호구총수
立坪,역지사지LV3
立坪面,호구총수
立寺洞,호구총수
立岩,역지사지LV3
立巖,역지사지LV3
立巖上里,호구총수
立巖中里,호구총수
立巖北里,호구총수
立巖回里,호구총수
立巖村,호구총수
立巖東里,호구총수
立巖洞,호구총수
立巖淵,신증동국여지승람
立巖灘,여지도서
立巖里,호구총수
立巖陽地里,호구총수
立巖面,호구총수
立川,역지사지LV3
立川面,호구총수
立松里,호구총수
立柱里,호구총수
立波島,신증동국여지승람
立津,호구총수
立石,군현역원·역지사지LV3·호구총수
立石坊樺上,역지사지LV3
立石坊樺上面,호구총수
立石坊樺下,역지사지LV3
立石坊樺下面,호구총수
立石坊火京,역지사지LV3
立石坊火京面,호구총수
立石坊箭川,역지사지LV3
立石坊箭川里,호구총수
立石坊館,역지사지LV3
立石坊館面,호구총수
立石山,세종실록지리지·여지도서
立石川,여지도서
立石所,특수구역
立石村,호구총수
立石注洞,호구총수
立石洞,호구총수
立石浦,신증동국여지승람
立石部曲,특수구역
立石酒幕里,호구총수
立石里,호구총수
立義里,호구총수
立長,역지사지LV3
立館,역지사지LV3
竒村,역지사지LV3
竗羅里,호구총수
站北里,호구총수
站南里,호구총수
站幕里,호구총수
站東里,호구총수
站里,호구총수
竝亭,호구총수
竝伊武地里,호구총수
竝城,역지사지LV3
竝山,군현역원
竝岳,여지도서
竝島,여지도서
竝木,역지사지LV3
竝谷,역지사지LV3
竝雲里,호구총수
章佐洞里,호구총수
章土洞里,호구총수
章坪里,호구총수
章山里,호구총수
章州,역지사지LV3
章干里,호구총수
章本,역지사지LV3
章洲,역지사지LV3
章站,군현역원
章興里,호구총수
章項村,호구총수
童城山,여지도서
童城廢縣,특수구역
童子里,호구총수
童山里,호구총수
童島里,호구총수
童巾,역지사지LV3
童巾山,세종실록지리지·여지도서
童巾江,여지도서
童童里,호구총수
童面,호구총수
端光里,호구총수
端川,군현역원·역지사지LV3
竹一,역지사지LV3
竹三,역지사지LV3
竹下坊,호구총수
竹串里,호구총수
竹二,역지사지LV3
竹亭,호구총수
竹亭里,호구총수
竹倉峙堂村,호구총수
竹內,역지사지LV3
竹內里,호구총수
竹別里,호구총수
竹前里,호구총수
竹勝洞,호구총수
竹北,역지사지LV3
竹南,역지사지LV3
竹原所,특수구역
竹叢,호구총수
竹叢里,호구총수
竹古之里,호구총수
竹古村,호구총수
竹右里,호구총수
竹吐部曲,특수구역
竹器村,호구총수
竹土部曲,특수구역
竹土里,호구총수
竹坊山,여지도서
竹坊村,호구총수
竹坪,호구총수
竹坪里,호구총수
竹垈里,호구총수
竹城浦,신증동국여지승람
竹城里,호구총수
竹場村,호구총수
竹場里,호구총수
竹墳里,호구총수
竹宗里,호구총수
竹寺山,여지도서
竹寺洞,호구총수
竹寺里,호구총수
竹山,군현역원·역지사지LV3·특수구역·호구총수
竹山廢縣,특수구역
竹山村,호구총수
竹山里,호구총수
竹山閭,호구총수
竹山面,호구총수
竹峙村,호구총수
竹峙里,호구총수
竹峴,여지도서
竹峴里,호구총수
竹峴院,군현역원
竹島,신증동국여지승람·여지도서·역지사지LV3·호구총수
竹島村,호구총수
竹島洞里,호구총수
竹島里,호구총수
竹島面,호구총수
竹嶺,세종실록지리지·여지도서·역지사지LV3
竹嶺山,여지도서
竹嶺縣,특수구역
竹巖山,여지도서
竹巖里,호구총수
竹川,여지도서
竹川村,호구총수
竹川里,호구총수
竹川閭,호구총수
竹州,군현역원
竹左里,호구총수
竹店里,호구총수
竹廛洞契,호구총수
竹支谷里,호구총수
竹方峙,여지도서
竹方里,호구총수
竹日里,호구총수
竹旺,역지사지LV3
竹本,역지사지LV3
竹本面,호구총수
竹村,역지사지LV3·호구총수
竹村里,호구총수
竹村面,호구총수
竹杖里,호구총수
竹東里,호구총수
竹林,역지사지LV3·호구총수
竹林亭,호구총수
竹林山,신증동국여지승람·여지도서
竹林村,호구총수
竹林洞,호구총수
竹林洞內,호구총수
竹林洞村,호구총수
竹林浦里,호구총수
竹林部曲,특수구역
竹林里,호구총수
竹林閭,호구총수
竹林面,호구총수
竹枝里,호구총수
竹栗里,호구총수
竹池,신증동국여지승람
竹池村,호구총수
竹泉洞,호구총수
竹泡,군현역원
竹泡驛里,호구총수
竹洞,군현역원·호구총수
竹洞里,호구총수
竹津山,신증동국여지승람
竹活里,호구총수
竹浦,신증동국여지승람·역지사지LV3
竹浦閭,호구총수
竹浦面,호구총수
竹淵,여지도서
竹淸,호구총수
竹淸里,호구총수
竹湖里,호구총수
竹溪,여지도서
竹溪里,호구총수
竹田,역지사지LV3
竹田上里,호구총수
竹田下里,호구총수
竹田中里,호구총수
竹田坊,호구총수
竹田村,역지사지LV3·호구총수
竹田洞,호구총수
竹田里,호구총수
竹田閭,호구총수
竹甲洞,호구총수
竹界里,호구총수
竹窟島,호구총수
竹立,호구총수
竹竹里,호구총수
竹管里,호구총수
竹節里,호구총수
竹苞,군현역원
竹苞嶺,신증동국여지승람
竹菁里,호구총수
竹葉洞里,호구총수
竹藪里,호구총수
竹谷,역지사지LV3·호구총수
竹谷村,호구총수
竹谷里,호구총수
竹谷面,호구총수
竹遷川,여지도서
竹邊串,여지도서
竹里,호구총수
竹長,역지사지LV3·특수구역
竹長部曲,특수구역
竹長面,호구총수
竹門里,호구총수
竹間里,호구총수
竹防村,호구총수
竹院上牌里,호구총수
竹院下牌里,호구총수
竹院里,호구총수
竹陰里,호구총수
竹靑,특수구역
竹靑部曲,특수구역
竹靑里,호구총수
竹項島,신증동국여지승람
竹項里,호구총수
竹頭村,호구총수
竹馬里,호구총수
竹鶴里,호구총수
竺山,여지도서
笏山,호구총수
笏擧里,호구총수
笏浦里,호구총수
笑梅洞,호구총수
笑龍塘,호구총수
笙極,역지사지LV3
笙洞,역지사지LV3
笙谷里,호구총수
笛古之山,여지도서
笛峴里,호구총수
笛川里,호구총수
笛歌琴里,호구총수
笛洞里,호구총수
笠于店里,호구총수
笠井里,호구총수
笠北洞,호구총수
笠場,역지사지LV3
笠場里,호구총수
笠子店,호구총수
笠子店里,호구총수
笠山里,호구총수
笠峯里,호구총수
笠巖,신증동국여지승람·여지도서·역지사지LV3·호구총수
笠巖坊,호구총수
笠巖山,여지도서
笠巖洞,호구총수
笠巖里,호구총수
笠帽巖里,호구총수
笠店,호구총수
笠店古介里,호구총수
笠店里,호구총수
笠廛契,호구총수
笠所羅里,호구총수
笠新基里,호구총수
笠村,호구총수
笠樹村,호구총수
笠沈里,호구총수
笠洞,호구총수
笠洞里,호구총수
笠浦里,호구총수
笠田里,호구총수
笠長里,호구총수
笥地里,호구총수
笥巖里,호구총수
笥村里,호구총수
第一江山,여지도서
第峙,역지사지LV3
第登里,호구총수
第谷村,호구총수
第谷里,호구총수
筆力里,호구총수
筆堂里,호구총수
筆山里,호구총수
筆峯,여지도서
筆峯村,호구총수
筆巖里,호구총수
筆川洞,호구총수
筆川里,호구총수
筆廛契,호구총수
筆石里,호구총수
等上里,호구총수
等下里,호구총수
等介,역지사지LV3
等介面,호구총수
等應里,호구총수
等梅洞里,호구총수
等汀部曲,특수구역
等洞,호구총수
等浦,역지사지LV3
等田,호구총수
等神,역지사지LV3
等神面,호구총수
筏橋,역지사지LV3
筏里,호구총수
筐巖里,호구총수
筐隅里,호구총수
筒串里,호구총수
筒介里,호구총수
筒項里,호구총수
筬山,신증동국여지승람·여지도서
筬嶺,여지도서
筬節里,호구총수
筽山,여지도서
筽峴里,호구총수
筽食島,신증동국여지승람·호구총수
箕佐,역지사지LV3
箕南里,호구총수
箕城,역지사지LV3
箕城里,호구총수
箕士里,호구총수
箕山,여지도서
箕山里,호구총수
箕岳,여지도서
箕峴,신증동국여지승람·여지도서
箕島里,호구총수
箕川里,호구총수
箕星里,호구총수
箕溪里,호구총수
箕穎里,호구총수
箕谷,역지사지LV3
箕谷山,여지도서
箕谷村,호구총수
箕谷里,호구총수
箕達山,여지도서
箕陽里,호구총수
箕隱洞里,호구총수
箕鳥,호구총수
管上里,호구총수
管下里,호구총수
管城鄕,특수구역
管山,군현역원
管底,역지사지LV3
管耳村,호구총수
箭上里,호구총수
箭中里,호구총수
箭串,신증동국여지승람
箭串一契,호구총수
箭串二契,호구총수
箭串里,호구총수
箭串院,군현역원
箭串院院,군현역원
箭北洞,호구총수
箭如洞里,호구총수
箭山所,특수구역
箭峴里,호구총수
箭巖里,호구총수
箭川里,호구총수
箭幕洞,호구총수
箭本村,호구총수
箭泉里,호구총수
箭洞里,호구총수
箭灘,신증동국여지승람·여지도서
箭灘里,호구총수
箭磨里,호구총수
箭竹里,호구총수
箭里,호구총수
箭門里,호구총수
箭防山,여지도서
箭防川,여지도서
箭項里,호구총수
箱子洞,호구총수
節婦巖里,호구총수
節婦里,호구총수
節巖里,호구총수
節楊,호구총수
節洞里,호구총수
篁城里,호구총수
篁竹里,호구총수
篁谷里,호구총수
範五里,호구총수
築上里,호구총수
築內里,호구총수
築子洞,호구총수
築山,군현역원
篤儉里,호구총수
篤子川,여지도서
篤村,호구총수
篤洞里,호구총수
篤谷里,호구총수
篩店村,호구총수
簇錦溪,여지도서
簑內里,호구총수
簑山里,호구총수
簟山,여지도서
簟巖川,여지도서
籃田洞,호구총수
籍田里,호구총수
籠丘里,호구총수
籠巖,역지사지LV3
籠巖村里,호구총수
籠巖里,호구총수
籬下,역지사지LV3
籬下里,호구총수
籬內村,호구총수
籬山,여지도서
米串里,호구총수
米來里,호구총수
米出洞里,호구총수
米坪里,호구총수
米堤,역지사지LV3
米堤池,신증동국여지승람
米堤里,호구총수
米山,역지사지LV3
米山里,호구총수
米川里,호구총수
米廛上契,호구총수
米廛下契,호구총수
米杇杅里,호구총수
米洞里,호구총수
米潭里,호구총수
米田里,호구총수
米谷,역지사지LV3
米谷里,호구총수
米谷面,호구총수
米豆山,여지도서
米院,역지사지LV3
米面,호구총수
米頭山,세종실록지리지
粉土洞,호구총수
粉土洞里,호구총수
粉土閭,호구총수
粉垈里,호구총수
粉島里,호구총수
粉川里,호구총수
粉廛中路契,호구총수
粉村,호구총수
粉桶里,호구총수
粉洞,호구총수
粉知串洞,호구총수
粉知峴,역지사지LV3
粉積山,여지도서
粉節里,호구총수
粘石,역지사지LV3
粘石浦,역지사지LV3
粘石面,호구총수
粟北里,호구총수
粟實里,호구총수
粟洞里,호구총수
粟田里,호구총수
粮食里,호구총수
糠井里,호구총수
糠山村,호구총수
系津,호구총수
約章縣,특수구역
紅亭,호구총수
紅化,역지사지LV3
紅化面,호구총수
紅塵里,호구총수
紅尺洞里,호구총수
紅岩,역지사지LV3
紅峴里,호구총수
紅巖,역지사지LV3
紅巖坊,호구총수
紅巖里,호구총수
紅川里,호구총수
紅毛處,특수구역
紅流洞,여지도서·호구총수
紅甘介里,호구총수
紅白洞,호구총수
紅花,역지사지LV3
紅花里,호구총수
紅蓮池,여지도서
紅衣,역지사지LV3
紅衣島,신증동국여지승람·호구총수
紅門上里,호구총수
紅門洞,호구총수
紅門里,호구총수
紆北,역지사지LV3
紆北面,호구총수
紆州,특수구역
紆州廢縣,특수구역
紆東,역지사지LV3
紆東面,호구총수
紆西,역지사지LV3
紆谷,역지사지LV3
紇骨山,여지도서
納安里,호구총수
納島里,호구총수
納橋里,호구총수
納邑里,호구총수
純洞里,호구총수
紗峯里,호구총수
紗羅岳,여지도서
紗羅里,호구총수
紗谷,역지사지LV3
紙串里,호구총수
紙井里,호구총수
紙匠里,호구총수
紙叱洞,역지사지LV3
紙場里,호구총수
紙壤所,특수구역
紙尺,역지사지LV3
紙尺面,호구총수
紙島里,호구총수
紙川里,호구총수
紙幕洞里,호구총수
紙幕里,호구총수
紙幕閭,호구총수
紙店洞,호구총수
紙廛一契,호구총수
紙廛二契,호구총수
紙所九谷村,호구총수
紙所川,여지도서
紙所村,호구총수
紙所洞里,호구총수
紙所里,호구총수
紙村,역지사지LV3·호구총수
紙村里,호구총수
紙桶里,호구총수
紙洞,역지사지LV3
紙洞津,신증동국여지승람
紙洞里,호구총수
紙洞面,호구총수
紙砧里,호구총수
紙筒山里,호구총수
紙西,역지사지LV3
紙谷,역지사지LV3
紙谷村,호구총수
紙谷里,호구총수
紙谷面,호구총수
素井,호구총수
素內谷里,호구총수
素履洞,호구총수
素履里,호구총수
素山里,호구총수
素巖里,호구총수
素川里,호구총수
素月川里,호구총수
素沙,역지사지LV3
素沙川下流,여지도서
素沙里,호구총수
素沙院,군현역원
素沙面,호구총수
素溪上里,호구총수
素溪下里,호구총수
素灑洞里,호구총수
素灘里,호구총수
素瓮洞里,호구총수
素砂,역지사지LV3
素草,역지사지LV3
素谷里,호구총수
素高山,여지도서
紫丘山,여지도서
紫川,여지도서
紫文里,호구총수
紫浦里,호구총수
紫溪川,여지도서
紫烟巖,여지도서
紫烟潭,여지도서
紫燕島,신증동국여지승람
紫玉山,여지도서
紫盖峰,여지도서
紫竹洞,호구총수
紫芝浦里,호구총수
紫芝田,호구총수
紫華山,여지도서
紫薇亭,호구총수
紫谷,역지사지LV3
紫谷里,호구총수
紫谷面,호구총수
紫陽,역지사지LV3
紫陽山,여지도서
紫陽洞,호구총수
紫陽里,호구총수
紫雲山,여지도서
紫雲洞里,호구총수
紫霞山,여지도서
紫霞里,호구총수
紬巖里,호구총수
紬川,호구총수
累令里,호구총수
累谷里,호구총수
細上,역지사지LV3
細下,역지사지LV3
細中洞里,호구총수
細串,역지사지LV3
細串里,호구총수
細串面,호구총수
細傍里,호구총수
細十浦,신증동국여지승람
細古介里,호구총수
細坪,역지사지LV3
細坪坊,호구총수
細城,역지사지LV3
細城山,여지도서
細城面,호구총수
細山,호구총수
細山里,호구총수
細峯里,호구총수
細嶺里,호구총수
細川洞,호구총수
細川里,호구총수
細村,역지사지LV3
細村里,호구총수
細村面,호구총수
細松里,호구총수
細枝,역지사지LV3
細柳,역지사지LV3
細柳亭,호구총수
細柳社,호구총수
細柳里,호구총수
細楊洞里,호구총수
細楊里,호구총수
細橋里,호구총수
細橋里一契,호구총수
細橋里二契,호구총수
細永洞里,호구총수
細沙川,여지도서
細洞,역지사지LV3·호구총수
細洞上里,호구총수
細洞坊,호구총수
細洞村,호구총수
細洞里,호구총수
細洞閭,호구총수
細浦里,호구총수
細浦閭,호구총수
細畓屈川里,호구총수
細登里,호구총수
細竹里,호구총수
細筆里,호구총수
細繩村,호구총수
細花,역지사지LV3
細花里,호구총수
細花面,호구총수
細草牧場閭,호구총수
細谷,역지사지LV3·호구총수
細谷嶺,여지도서
細谷川,여지도서
細谷村,호구총수
細谷社,호구총수
細谷里,호구총수
細谷面,호구총수
細足里,호구총수
細邑里,호구총수
細長,호구총수
細隱刷里,호구총수
細龍洞里,호구총수
紵川,특수구역
紺山,여지도서
紺岳山,여지도서
紺嶽,세종실록지리지
紺嶽山,여지도서
紺巖山,여지도서
終之島里,호구총수
終南,역지사지LV3
終南鄕,특수구역
終南面,호구총수
終月村,호구총수
終末里,호구총수
終浦,군현역원·역지사지LV3
終浦社,호구총수
終海島,여지도서
終生,군현역원
終生里,호구총수
終道,역지사지LV3
終達溫泉,신증동국여지승람
終達里,호구총수
絃巖洞,호구총수
絃誦里,호구총수
結城,군현역원·역지사지LV3
結德里,호구총수
結牛里,호구총수
結石島,여지도서
結買所,특수구역
統營,역지사지LV3
絲外浦,여지도서
絲川,여지도서
絲浦里,호구총수
絲田,호구총수
絶命山,신증동국여지승람
絶影島,여지도서
絶音里,호구총수
絹川部曲,특수구역
經垈洞,호구총수
經理廳契,호구총수
綠山,군현역원·역지사지LV3
綠楊,군현역원
綠楊坪,신증동국여지승람
綠楊里,호구총수
綠水里,호구총수
綠沙,군현역원
綠沙部曲,특수구역
綠沙里,호구총수
綠礬峴,신증동국여지승람
綠野里,호구총수
綠陽里,호구총수
維安,군현역원
維山,호구총수
維山村,호구총수
維摩洞,호구총수
維新里,호구총수
維鳩,군현역원
綱山,여지도서
綱村里,호구총수
綱目,호구총수
網串里,호구총수
網井里,호구총수
網浦里,호구총수
網章面,호구총수
網羅潭,여지도서
網谷浦,여지도서
網谷里,호구총수
網障,역지사지LV3
綺嶺里,호구총수
綺巖里,호구총수
綾城,군현역원
綾城峙,호구총수
綾州,역지사지LV3
綾花里,호구총수
綾鄕,특수구역
綿坪里,호구총수
綿城,역지사지LV3
綿峴所,특수구역
綿紬村,호구총수
綿谷里,호구총수
緋山,특수구역
緋山部曲,특수구역
緣情,군현역원
編項里,호구총수
緫水山,여지도서
縛石山,신증동국여지승람·여지도서
縛靈村,호구총수
縣一,역지사지LV3
縣一面,호구총수
縣上里,역지사지LV3·호구총수
縣下里,호구총수
縣二,역지사지LV3
縣二面,호구총수
縣倉里,호구총수
縣內,역지사지LV3·호구총수
縣內一,역지사지LV3
縣內二,역지사지LV3
縣內坊,호구총수
縣內洞,호구총수
縣內里,호구총수
縣內面,호구총수
縣北面,호구총수
縣南面,호구총수
縣右,역지사지LV3
縣右面,호구총수
縣司洞,호구총수
縣外洞,호구총수
縣山,역지사지LV3
縣川,여지도서
縣左,역지사지LV3
縣左面,호구총수
縣底里,호구총수
縣村,호구총수
縣東里,호구총수
縣東面,호구총수
縣洞里,호구총수
縣社,호구총수
縣西里,호구총수
縣西面,호구총수
縣里,호구총수
縣頭里,호구총수
縮巖里,호구총수
繁谷,군현역원
織羅里,호구총수
繕工內契,호구총수
繡川里,호구총수
繩刀,역지사지LV3
繩刀只,역지사지LV3
繩刀只面,호구총수
繩坪里,호구총수
續岐灘院,군현역원
纛亭里,호구총수
纛實里,호구총수
纛峙,호구총수
纛島,역지사지LV3
纛嶺里,호구총수
纛積里,호구총수
缶南,역지사지LV3
缶南面,호구총수
缶東,역지사지LV3
缶東面,호구총수
缶溪,역지사지LV3·특수구역
缶溪南川,여지도서
缶溪縣,특수구역
缶缶里,호구총수
缶西,역지사지LV3
缶西面,호구총수
置等,특수구역
置等保,특수구역
置等所,특수구역
羅丈里,호구총수
羅下洞,여지도서
羅下里,호구총수
羅伏洞里,호구총수
羅伏谷,호구총수
羅佛,호구총수
羅來洞,호구총수
羅兒里,호구총수
羅分谷,호구총수
羅加洞,호구총수
羅加里,호구총수
羅勿,호구총수
羅化里,호구총수
羅南,역지사지LV3
羅卜里,호구총수
羅原堂里,호구총수
羅喬里,호구총수
羅垈里,호구총수
羅士里,호구총수
羅外洞里,호구총수
羅孚山里,호구총수
羅山,역지사지LV3
羅山上里,호구총수
羅山下里,호구총수
羅山中里,호구총수
羅山洞,호구총수
羅屹乃里,호구총수
羅巖里,호구총수
羅川,역지사지LV3
羅川里,호구총수
羅川面,호구총수
羅州,역지사지LV3
羅帳山,세종실록지리지
羅帶,호구총수
羅幕里,호구총수
羅德,역지사지LV3
羅成里,호구총수
羅所谷里,호구총수
羅拜島,호구총수
羅新,역지사지LV3
羅方里,호구총수
羅暖,역지사지LV3
羅暖社,호구총수
羅本亭,호구총수
羅朴所,역지사지LV3
羅朴所面,호구총수
羅村里,호구총수
羅栗里,호구총수
羅每也之里,호구총수
羅汗里,호구총수
羅治島,신증동국여지승람
羅洞里,호구총수
羅津,역지사지LV3
羅津浦,호구총수
羅浦,역지사지LV3
羅浮村里,호구총수
羅浮里,호구총수
羅珠里,호구총수
羅田里,호구총수
羅畓里,호구총수
羅端山,세종실록지리지·신증동국여지승람·여지도서
羅老,역지사지LV3
羅老島,호구총수
羅而浦里,호구총수
羅赤洞里,호구총수
羅鄕,특수구역
羅里,호구총수
羅里山里,호구총수
羅雲里,호구총수
羅項里,호구총수
羅馬里,호구총수
羊丘洞,호구총수
羊亭里,호구총수
羊仇味里,호구총수
羊以洞里,호구총수
羊司里,호구총수
羊場里,호구총수
羊島,여지도서·호구총수
羊島里,호구총수
羊幕村,호구총수
羊腸里,호구총수
羊臥村,호구총수
羊角山,여지도서
羊谷里,호구총수
羊頃里,호구총수
羌川村,호구총수
羌田里,호구총수
羌蘆里,호구총수
美來里,호구총수
美化,특수구역
美化部曲,특수구역
美南里,호구총수
美原,역지사지LV3
美單,호구총수
美垈里,호구총수
美岩,역지사지LV3
美峙里,호구총수
美峩洞,호구총수
美崇山,여지도서
美川,역지사지LV3
美店村,호구총수
美水,역지사지LV3
美洞,호구총수
美浦,역지사지LV3
美灘,역지사지LV3
美破洞,호구총수
美站里,호구총수
美羅浦里,호구총수
美羅里,호구총수
美興里,호구총수
美谷里,호구총수
美質里,호구총수
美錢,역지사지LV3
美錢灘,여지도서
美錢面,호구총수
美陰里,호구총수
美音,역지사지LV3
羔場里,호구총수
羔峙,호구총수
羔島,신증동국여지승람
羔浦洞,호구총수
羔浦里,호구총수
群下洞,호구총수
群仙仇里,호구총수
群仙淵水,여지도서
群仙里,호구총수
群儒,호구총수
群坪,역지사지LV3
群坪里,호구총수
群山,역지사지LV3·특수구역
群智,특수구역
群橋,호구총수
群洞,호구총수
群浦里,호구총수
群芳里,호구총수
群賢里,호구총수
群道里,호구총수
群頭洞,호구총수
義上里,호구총수
義呑所,특수구역
義善鄕,특수구역
義城,군현역원·역지사지LV3
義城正契,호구총수
義城洞,호구총수
義宣鄕,특수구역
義山,역지사지LV3
義州,군현역원·역지사지LV3
義新,역지사지LV3·특수구역
義新鄕,특수구역
義新面,호구총수
義林池,여지도서
義淸里,호구총수
義興,군현역원·역지사지LV3
義興里,호구총수
義舘嶺,신증동국여지승람
義谷,군현역원·역지사지LV3·호구총수
義谷村,호구총수
義谷里,호구총수
義谷面,호구총수
義豊川,여지도서
義豊里,호구총수
義豐,군현역원
義通,역지사지LV3
義通坊,호구총수
義陵里,호구총수
義順,군현역원
義館嶺,세종실록지리지
羽嶺,신증동국여지승람
羽浦里,호구총수
羽溪,역지사지LV3·특수구역
羽溪縣,특수구역
羽溪面,호구총수
羽田島,호구총수
羽谷,역지사지LV3
羽谷里,호구총수
羽谷面,호구총수
翁古峙里,호구총수
翁堂里,호구총수
習亭里,호구총수
習儀里,호구총수
習文里,호구총수
習禮里,호구총수
習義洞內,호구총수
習衣,역지사지LV3
習衣面,호구총수
翠亭,호구총수
翠亭里,호구총수
翠屛臺,여지도서
翠松亭,호구총수
翠蓮里,호구총수
翠雲洞里,호구총수
翫景里,호구총수
翫景院,군현역원
翫月里,호구총수
翫逝臺里,호구총수
翰斯里,호구총수
翰林亭,호구총수
翻浦所里,호구총수
翼令,군현역원
翼安,특수구역
翼山,여지도서
翼成公臣黃喜外縣內坊,특수구역
翼谷,특수구역
耀德,역지사지LV3
耀德社,특수구역·호구총수
耀德里,호구총수
老丹里,호구총수
老乙旀里,호구총수
老乙美洞,호구총수
老五里,호구총수
老人洞里,호구총수
老仇味,호구총수
老兄里,호구총수
老加里,호구총수
老勿內洞里,호구총수
老勿內陸里,호구총수
老勿海里,호구총수
老吉里,호구총수
老吾之里,호구총수
老味,호구총수
老坪里,호구총수
老城山,신증동국여지승람
老城山里,호구총수
老塘里,호구총수
老多日里,호구총수
老多院村,호구총수
老大村,호구총수
老大谷,호구총수
老安,역지사지LV3
老小院,호구총수
老山上里,호구총수
老山下里,호구총수
老山中里,호구총수
老山所里,호구총수
老山里,호구총수
老峙里,호구총수
老弱里,호구총수
老德,역지사지LV3
老德社,호구총수
老德里,호구총수
老惠里,호구총수
老星山,여지도서
老木里,호구총수
老村,역지사지LV3
老村里,호구총수
老村面,호구총수
老松亭,호구총수
老松亭里,호구총수
老松里,호구총수
老梅谷里,호구총수
老洞,호구총수
老洞里,호구총수
老溫,호구총수
老溫寺里,호구총수
老溫谷,호구총수
老玄里,호구총수
老玉里,호구총수
老瑟里,호구총수
老積村里,호구총수
老積里,호구총수
老羊睡洞,호구총수
老老山,호구총수
老萊里,호구총수
老谷里,호구총수
老連洞里,호구총수
老達里,호구총수
老里山村,호구총수
老陰洞,호구총수
老陽里,호구총수
老隱,역지사지LV3
老隱峙,역지사지LV3
老隱峙面,호구총수
老隱峴,역지사지LV3
老隱洞,호구총수
老隱里,호구총수
老離村,호구총수
老頤谷上里,호구총수
老頤谷下里,호구총수
老鹿島,호구총수
考悌洞里,호구총수
者介洞里,호구총수
者只島,호구총수
者山,역지사지LV3
者山面,호구총수
者方店村,호구총수
者旨里,호구총수
者每村,호구총수
者浦里,호구총수
者浦院,군현역원
者父郞里,호구총수
者省,역지사지LV3
者省坊,호구총수
者羅,역지사지LV3
者羅串,호구총수
者羅島,호구총수
者羅洞里,호구총수
者羅田,호구총수
者羅谷里,호구총수
者羅院里,호구총수
者致洞里,호구총수
者萬里,호구총수
者郞仇尾里,호구총수
者阿浦里,호구총수
者音屯地里,호구총수
者骨浦里,호구총수
耆老村,호구총수
耆老村里,호구총수
耋老里,호구총수
而沙里,호구총수
耐寒亭里,호구총수
耕村里,호구총수
耕田里,호구총수
耘溪里,호구총수
耳仇洞,호구총수
耳倉里,호구총수
耳口里,호구총수
耳呑,호구총수
耳安里,호구총수
耳寺洞里,호구총수
耳屯里,호구총수
耳山,여지도서
耳岾川,여지도서
耳巖,역지사지LV3·호구총수
耳巖里,호구총수
耳巖面,호구총수
耳怳村,호구총수
耳悅里,호구총수
耳機里,호구총수
耳火里,호구총수
耳而峴,여지도서
耳落里,호구총수
耳谷,역지사지LV3
耳谷里,호구총수
耳達所,특수구역
耳鳴里,호구총수
聆川里,호구총수
聊城,군현역원
聊城里,호구총수
聖井里,호구총수
聖人巖,여지도서
聖代,역지사지LV3
聖代山,여지도서
聖住山,여지도서
聖住里,호구총수
聖助洞里,호구총수
聖化洞,호구총수
聖在洞,호구총수
聖在洞里,호구총수
聖在里,호구총수
聖基里,호구총수
聖堂,역지사지LV3
聖堂坊,호구총수
聖堂山,여지도서
聖堂池,신증동국여지승람
聖堂里,호구총수
聖壽,역지사지LV3
聖壽山,여지도서
聖子洞,호구총수
聖子洞里,호구총수
聖子浦,호구총수
聖居,역지사지LV3
聖居山,세종실록지리지·신증동국여지승람·여지도서
聖山,여지도서·역지사지LV3
聖山里,호구총수
聖岩,역지사지LV3
聖峯里,호구총수
聖巖,역지사지LV3
聖巖里,호구총수
聖巖面,호구총수
聖德,역지사지LV3
聖德山,여지도서
聖德村,호구총수
聖德里,호구총수
聖才洞,호구총수
聖才洞里,호구총수
聖才里,호구총수
聖旨里,호구총수
聖旺山,여지도서
聖智洞里,호구총수
聖樂,역지사지LV3
聖歷山,세종실록지리지·여지도서
聖殿里,호구총수
聖民洞,호구총수
聖洞里,호구총수
聖淵,역지사지LV3
聖淵部曲,특수구역
聖淵面,호구총수
聖田里,호구총수
聖留窟,여지도서
聖興山,여지도서
聖舞洞,호구총수
聖跡山,여지도서
聖跡里,호구총수
聖輪山,여지도서
聖造洞,호구총수
聖造洞里,호구총수
聖造里,호구총수
聖里,호구총수
聖陶,역지사지LV3
聖齋洞,호구총수
聖齋里,호구총수
聚人里,호구총수
聚星洞,호구총수
聚賢洞契,호구총수
聚龍亭,호구총수
聞一,역지사지LV3
聞一坊,호구총수
聞川里,호구총수
聞慶,군현역원·역지사지LV3
聞慶村,호구총수
聞王里,호구총수
聰明洞里,호구총수
聰明里,호구총수
聲串,역지사지LV3
聲串浦村里,호구총수
聲串里,호구총수
聲串面,호구총수
聲堂,역지사지LV3
聲士村,호구총수
聲山里,호구총수
聲川里,호구총수
聲新里,호구총수
聲月,역지사지LV3
聲月坊,호구총수
聲浦,역지사지LV3
聲浦面,호구총수
聲谷里,호구총수
聲足里,호구총수
聽松里,호구총수
肅寧,군현역원
肅川,군현역원·역지사지LV3
肅州,군현역원
肅獨谷里,호구총수
肆城山里,호구총수
肆覲坪,군현역원
肇開洞里,호구총수
肝城里,호구총수
肝堤里,호구총수
肝岾山,여지도서
肝月上里,호구총수
肝月下里,호구총수
肝谷,군현역원
肝谷里,호구총수
肩川里,호구총수
背安村,호구총수
背屯,군현역원
背屯里,호구총수
背村里,호구총수
背洞里,호구총수
背登峴,여지도서
背野里,호구총수
背陰,특수구역
胎室山,여지도서
胎室里,호구총수
胎封里,호구총수
胎山里,호구총수
胎峯,호구총수
胎峯中陽里,호구총수
胎峯山直里,호구총수
胎峯里,호구총수
胎峰里,호구총수
胎洞里,호구총수
胎長里,호구총수
胎靈山,세종실록지리지
胡墻里,호구총수
胡峙里,호구총수
胡打津里,호구총수
胡打里,호구총수
胡打里津,여지도서
胡法峴,여지도서
胡津,호구총수
胡禮津,여지도서
胡道木里,호구총수
胡頭里,호구총수
能仁,역지사지LV3
能仁洞,호구총수
能內里,호구총수
能城江,여지도서
能城里,호구총수
能巖里,호구총수
能敬村,호구총수
能洞里,호구총수
能田里,호구총수
能谷里,호구총수
能靑里,호구총수
能默村,호구총수
脇呑嶺,여지도서
脇呑所,특수구역
脇村處,특수구역
脈上里,호구총수
腐淵江,여지도서
腰浦,여지도서·호구총수
腰院里,호구총수
膏石峴,신증동국여지승람
臘衣島,호구총수
臣下洞里,호구총수
臥丹,역지사지LV3
臥丹本里,호구총수
臥丹面,호구총수
臥乎山里,호구총수
臥乎訖里,호구총수
臥亭里,호구총수
臥佐未院,군현역원
臥來里,호구총수
臥山里,호구총수
臥峴,역지사지LV3
臥峴坊,호구총수
臥巖里,호구총수
臥川里,호구총수
臥旨里,호구총수
臥木里,호구총수
臥村里,호구총수
臥松里,호구총수
臥沙洞,호구총수
臥沙里,호구총수
臥津里,호구총수
臥濱里,호구총수
臥牛山,여지도서
臥牛川,호구총수
臥牛洞里,호구총수
臥牛津,호구총수
臥牛谷,호구총수
臥牛里,호구총수
臥石山,여지도서
臥石里,호구총수
臥谷里,호구총수
臥足里,호구총수
臥里,호구총수
臥隱里,호구총수
臥雲洞,호구총수
臥雲里,호구총수
臥風亭里,호구총수
臥鷄里,호구총수
臥龍,역지사지LV3·호구총수
臥龍亭,호구총수
臥龍坊,호구총수
臥龍山,세종실록지리지·여지도서
臥龍巖,여지도서
臥龍村,호구총수
臥龍村里,호구총수
臥龍池,여지도서
臥龍洞,역지사지LV3·호구총수
臥龍洞嶺,여지도서
臥龍里,호구총수
臨一,역지사지LV3
臨二,역지사지LV3
臨勿坊,호구총수
臨北,역지사지LV3
臨北面,호구총수
臨南,역지사지LV3
臨南面,호구총수
臨城浦,신증동국여지승람
臨川,군현역원
臨川里,호구총수
臨村,역지사지LV3
臨東,역지사지LV3
臨東面,호구총수
臨水,군현역원
臨水院,군현역원
臨江,군현역원
臨江里,호구총수
臨沙里,호구총수
臨河,역지사지LV3·특수구역
臨河縣,특수구역
臨洞,군현역원
臨津,군현역원·역지사지LV3
臨津渡,신증동국여지승람
臨津里,호구총수
臨浦,역지사지LV3
臨海,역지사지LV3·호구총수
臨海院,군현역원
臨淄,특수구역
臨淄里,호구총수
臨淮,역지사지LV3·특수구역
臨淮洞,호구총수
臨淮面,호구총수
臨湍,군현역원
臨溟,군현역원
臨溪,군현역원·역지사지LV3
臨溪面,호구총수
臨漢,역지사지LV3
臨皐,역지사지LV3
臨縣內,역지사지LV3
臨縣內面,호구총수
臨西,역지사지LV3
臨西面,호구총수
臨道,역지사지LV3·특수구역
臨道面,호구총수
臨陂,역지사지LV3
臨院,호구총수
自上里,호구총수
自丹里,호구총수
自乙梅閭,호구총수
自京洞,호구총수
自仁洞里,호구총수
自作,역지사지LV3
自作仇非,역지사지LV3
自作社,호구총수
自作里,호구총수
自作面,호구총수
自來谷里,호구총수
自倩洞里,호구총수
自內,호구총수
自內里,호구총수
自卵島,여지도서
自如,군현역원
自富里,호구총수
自德,역지사지LV3
自惠村,호구총수
自新里,호구총수
自方洞里,호구총수
自方里,호구총수
自日里,호구총수
自望里,호구총수
自本里,호구총수
自村,호구총수
自毛弄里,호구총수
自洞里,호구총수
自浦谷里,호구총수
自浦里,호구총수
自牙洞里,호구총수
自物禮里,호구총수
自福里,호구총수
自等峴,여지도서
自等川,여지도서
自等里,호구총수
自老谷,호구총수
自耕洞,호구총수
自色洞,호구총수
自草里,호구총수
自蒲村,호구총수
自西,역지사지LV3
自論峴,여지도서
自論里,호구총수
自警里,호구총수
自農洞里,호구총수
自邁里,호구총수
自隱加里,호구총수
自隱坊里,호구총수
自隱橋,호구총수
自隱洞里,호구총수
自隱谷里,호구총수
自隱里,호구총수
自鳴里,호구총수
自龍臥里,호구총수
自龍里,호구총수
至德里,호구총수
至樂里,호구총수
致島里,호구총수
致巖,호구총수
致弓里,호구총수
致目里,호구총수
致福,호구총수
致空山,신증동국여지승람
致遠峯,여지도서
致靈洞里,호구총수
臺山里,호구총수
臺峯,여지도서
臺巖,여지도서
臺巖山,여지도서
臺巖里,호구총수
臺本里,호구총수
臺洞里,호구총수
臺諫洞里,호구총수
臼橋里,호구총수
臼淵,여지도서
臼背海里,호구총수
臼背陸里,호구총수
與溫里,호구총수
與面,호구총수
興上里,호구총수
興下里,호구총수
興世,군현역원
興丘里,호구총수
興仁,역지사지LV3
興仁橋川,신증동국여지승람
興仁洞,호구총수
興仁部曲,특수구역
興仁里,호구총수
興仰里,호구총수
興住山,여지도서
興俗村,호구총수
興元里,호구총수
興南,역지사지LV3
興口香,역지사지LV3
興口香面,호구총수
興古鄕,특수구역
興善島,여지도서
興善廢縣,특수구역
興土,역지사지LV3
興土坊,호구총수
興土部,역지사지LV3
興地里,호구총수
興基里,호구총수
興天,역지사지LV3
興天山,여지도서
興天洞,호구총수
興天里,호구총수
興天面,호구총수
興富,군현역원
興富川,여지도서
興嵋,역지사지LV3
興巖里,호구총수
興川,역지사지LV3
興州,군현역원
興平里,호구총수
興府,군현역원
興府院里,호구총수
興往,역지사지LV3
興往坊,호구총수
興德,군현역원·역지사지LV3·호구총수
興德洞,호구총수
興德里,호구총수
興慶里,호구총수
興政里,호구총수
興敎,역지사지LV3
興敎里,호구총수
興旨洞里,호구총수
興旺,역지사지LV3
興旺洞,호구총수
興旺里,호구총수
興景里,호구총수
興曲,역지사지LV3
興曲面,호구총수
興木村,호구총수
興材,군현역원
興村,호구총수
興林山里,호구총수
興林閭,호구총수
興業,역지사지LV3
興泉里,호구총수
興法里,호구총수
興海,군현역원·역지사지LV3
興淸里,호구총수
興王院,군현역원
興祥里,호구총수
興祿洞,호구총수
興福,특수구역
興福亭,호구총수
興福洞,호구총수
興福鄕,특수구역
興福里,호구총수
興福院,군현역원
興義,군현역원
興聖里,호구총수
興角里,호구총수
興谷,역지사지LV3
興谷里,호구총수
興起村,호구총수
興郊,군현역원
興陽,군현역원·특수구역
興陽串,신증동국여지승람
興雲里,호구총수
興霖山,여지도서
興鳳里,호구총수
興龍村,호구총수
興龍洞,호구총수
興龍浦里,호구총수
興龍里,호구총수
舊上里,호구총수
舊下里,호구총수
舊中山里,호구총수
舊中里,호구총수
舊乫坡知,역지사지LV3
舊乾谷里,호구총수
舊井海里,호구총수
舊今山里,호구총수
舊仙山,호구총수
舊佳,호구총수
舊倉里,호구총수
舊元堂,호구총수
舊南里,호구총수
舊右,역지사지LV3
舊司圃署契,호구총수
舊吹鍊里,호구총수
舊城里,호구총수
舊基,호구총수
舊基村,호구총수
舊基里,호구총수
舊堂村,호구총수
舊堡里,호구총수
舊場基里,호구총수
舊場村,호구총수
舊大谷,역지사지LV3
舊大谷面,호구총수
舊山所里,호구총수
舊山洞,호구총수
舊巖莊里,호구총수
舊左,역지사지LV3
舊平皐里,호구총수
舊店村,호구총수
舊引月里,호구총수
舊德地里,호구총수
舊所非浦,호구총수
舊把撥里,호구총수
舊擺撥店,군현역원
舊政里,호구총수
舊文星里,호구총수
舊新基里,호구총수
舊日本專管居留地,역지사지LV3
舊書堂里,호구총수
舊書院里,호구총수
舊望德,호구총수
舊村,호구총수
舊村洞,호구총수
舊村里,호구총수
舊東倉里,호구총수
舊東山村,호구총수
舊東旨閭,호구총수
舊東里,호구총수
舊杻村,호구총수
舊松亭,호구총수
舊松堂里,호구총수
舊松洞里,호구총수
舊板喬里,호구총수
舊栗浦里,호구총수
舊校村,호구총수
舊校洞,호구총수
舊校洞里,호구총수
舊校里,호구총수
舊橋里,호구총수
舊水鐵里契,호구총수
舊永登里,호구총수
舊江口海里,호구총수
舊江口陸里,호구총수
舊江村,호구총수
舊溪,특수구역
舊溪所,특수구역
舊熊峙里,호구총수
舊營洞,호구총수
舊營浦閭,호구총수
舊營里,호구총수
舊瓦里,호구총수
舊瓮店,호구총수
舊田里,호구총수
舊登吉里,호구총수
舊皮德里,호구총수
舊石里,호구총수
舊福星閭,호구총수
舊立石村,호구총수
舊綿川,호구총수
舊耆老所里,호구총수
舊船倉里,호구총수
舊良知,호구총수
舊良里,호구총수
舊茶熊里,호구총수
舊草梁里,호구총수
舊草浦,호구총수
舊藍田,호구총수
舊衙洞,호구총수
舊衙洞里,호구총수
舊衙里,호구총수
舊西里,호구총수
舊角洞,호구총수
舊訓鍊里,호구총수
舊設倉,호구총수
舊路里,호구총수
舊農所,호구총수
舊通達里,호구총수
舊邑,역지사지LV3
舊邑里,호구총수
舊邑面,호구총수
舊都廳里,호구총수
舊鄕校里,호구총수
舊鄕洞,호구총수
舊鄕里,호구총수
舊里,호구총수
舊里契,호구총수
舊鎭,역지사지LV3
舊鎭里,호구총수
舊開川,호구총수
舊院里,호구총수
舊項里,호구총수
舊館基,호구총수
舊驛,호구총수
舊驛城里,호구총수
舊驛村,호구총수
舊高山里,호구총수
舊鶴谷,호구총수
舊鷹里,호구총수
舊黃龍里,호구총수
舌化,군현역원
舌化里,호구총수
舌火,군현역원
舌谷村,호구총수
舍乃洞,호구총수
舍人,역지사지LV3
舍人坊,호구총수
舍人巖,신증동국여지승람·여지도서
舍人巖里,호구총수
舍人洞里,호구총수
舍人里,호구총수
舍倉村,호구총수
舍倉里,호구총수
舍堂里,호구총수
舍峴里,호구총수
舍巖里,호구총수
舍幕里,호구총수
舍方里,호구총수
舍朴山,호구총수
舍林,군현역원
舍禮里,호구총수
舍羅峴,여지도서
舍羅洞,호구총수
舍致洞里,호구총수
舍菴里,호구총수
舍谷,역지사지LV3
舍谷面,호구총수
舍那山,신증동국여지승람
舍那川,신증동국여지승람
舍郞村,호구총수
舍里,호구총수
舍音垈,호구총수
舍音山里,호구총수
舍音村,호구총수
舍音洞,여지도서
舍音洞里,호구총수
舍音里,호구총수
舒川,군현역원·역지사지LV3
舒川部曲,특수구역
舒院里,호구총수
舘山,여지도서
舘灘川,여지도서
舘頭山,여지도서
舞上里,호구총수
舞乙,역지사지LV3
舞亭里,호구총수
舞仙村,호구총수
舞來,역지사지LV3
舞妓山,여지도서
舞山,호구총수
舞山里,호구총수
舞庭里,호구총수
舞愁洞,호구총수
舞月峴,여지도서
舞柳浦里,호구총수
舞橋,호구총수
舞沂里,호구총수
舞沙,호구총수
舞洞亭,호구총수
舞洞里,호구총수
舞灘村,호구총수
舞理洞里,호구총수
舞登里,호구총수
舞童島,호구총수
舞童村,호구총수
舞童谷里,호구총수
舞袖,역지사지LV3
舞袖社,호구총수
舞陽里,호구총수
舞鳳山,여지도서
舞鳳村,호구총수
舞鳳里,호구총수
舞鶴,호구총수
舞鶴亭,호구총수
舞鶴亭里,호구총수
舞鶴山,세종실록지리지·여지도서
舞鶴村,호구총수
舞鶴洞閭,호구총수
舞鶴里,호구총수
舞鶴閭,호구총수
舞鼓津里,호구총수
舟前上里,호구총수
舟前下里,호구총수
舟坡里,호구총수
舟坪村,호구총수
舟坪里,호구총수
舟城里,호구총수
舟尾山,신증동국여지승람
舟尾里,호구총수
舟山,여지도서·역지사지LV3
舟山里,호구총수
舟岩,역지사지LV3
舟峙里,호구총수
舟峴里,호구총수
舟巖,역지사지LV3·호구총수
舟巖里,호구총수
舟巖面,호구총수
舟底里,호구총수
舟所里,호구총수
舟村里,호구총수
舟業里,호구총수
舟橋川,여지도서
舟橋村,호구총수
舟橋里,호구총수
舟洞里,호구총수
舟津村,호구총수
舟津里,호구총수
舟淵,여지도서
舟谷,호구총수
舟越山,여지도서
舟越里,호구총수
舟遊山,여지도서
舟項里,호구총수
舟顔里,호구총수
舟龍洞里,호구총수
般谷所,특수구역
般若山,여지도서
船上洞,호구총수
船上里,호구총수
船下洞,호구총수
船下里,호구총수
船仇味里,호구총수
船倉,호구총수
船倉村,호구총수
船倉洞,호구총수
船倉津,여지도서
船倉津里,호구총수
船倉浦里,호구총수
船倉里,호구총수
船倉閭,호구총수
船入洞里,호구총수
船南,역지사지LV3
船南坊,호구총수
船南部曲,특수구역
船坪,호구총수
船尾洞里,호구총수
船島,역지사지LV3
船巖山,여지도서
船巖東里,호구총수
船巖西里,호구총수
船巖里,호구총수
船所村,호구총수
船所里,호구총수
船所閭,호구총수
船昌里,호구총수
船槍里,호구총수
船橋上里,호구총수
船橋村,호구총수
船橋里,호구총수
船泊里,호구총수
船津里,호구총수
船淵,여지도서
船滄浦,여지도서
船盆里,호구총수
船直浦里,호구총수
船谷里,호구총수
船道,역지사지LV3
船都,역지사지LV3
船都面,호구총수
船里,호구총수
船頭村,호구총수
船頭洞,호구총수
船頭浦,호구총수
船頭里,호구총수
艅航,역지사지LV3
艅艎,역지사지LV3
艅艎面,호구총수
艇止山,신증동국여지승람
艎住里,호구총수
艮乃項,호구총수
艮公谷村,호구총수
艮岾,역지사지LV3
艮岾浦,여지도서
艮岾面,호구총수
艮川里,호구총수
艮己谷里,호구총수
艮文,역지사지LV3
艮村里,호구총수
艮田,역지사지LV3
艮田面,호구총수
艮谷里,호구총수
艮隱亭里,호구총수
艮頭里,호구총수
艮馬洞,호구총수
良下浦,호구총수
良下里,호구총수
良之浦,호구총수
良今里,호구총수
良佐洞,호구총수
良化,역지사지LV3
良化部曲,특수구역
良化里,호구총수
良哲洞,호구총수
良善里,호구총수
良垈里,호구총수
良士洞,호구총수
良太村,호구총수
良家,역지사지LV3
良家村,호구총수
良家社,호구총수
良山里,호구총수
良川,역지사지LV3
良川里,호구총수
良心里,호구총수
良才,군현역원
良才谷里,호구총수
良才里,호구총수
良方里,호구총수
良月坊里,호구총수
良木峙里,호구총수
良材,군현역원
良材里,호구총수
良村,호구총수
良栗,군현역원
良栗閭,호구총수
良梓,군현역원
良水,호구총수
良水山,신증동국여지승람
良洞,군현역원·역지사지LV3
良洞里,호구총수
良洞面,호구총수
良浦,군현역원
良浦村,호구총수
良瓜,특수구역
良甫,역지사지LV3
良田,역지사지LV3
良田山,신증동국여지승람
良田里,호구총수
良知,역지사지LV3
良知村,호구총수
良策,군현역원
良聲里,호구총수
良苽部曲,특수구역
良谷部曲,특수구역
良道,역지사지LV3
良阿浦里,호구총수
良陵,역지사지LV3
良陽村,호구총수
良驥,군현역원
色峴,여지도서
色峴里,호구총수
色淡里,호구총수
色硯里,호구총수
色里,호구총수
艾井,호구총수
艾北里,호구총수
艾呑里,호구총수
艾坪里,호구총수
艾堂里,호구총수
艾山,역지사지LV3
艾山里,호구총수
艾峙村,호구총수
艾峙里,호구총수
艾峴,여지도서
艾峴里,호구총수
艾島里,호구총수
艾嶺,여지도서
艾川洞里,호구총수
艾川里,호구총수
艾日,역지사지LV3
艾橋里,호구총수
艾洞里,호구총수
艾津里,호구총수
艾浦里,호구총수
艾田,역지사지LV3
艾田峴,신증동국여지승람
艾田里,호구총수
艾舍音里,호구총수
艾谷村,호구총수
艾谷池,여지도서
艾谷里,호구총수
艾院院,군현역원
艾陳浦,여지도서
艾陳浦里,호구총수
芋枝,호구총수
芋田里,호구총수
芍藥山,여지도서
芒峙里,호구총수
芙江里,호구총수
芙蓉,역지사지LV3
芙蓉堂里,호구총수
芙蓉山,여지도서
芙蓉洞,호구총수
芚入院,군현역원
芚垈里,호구총수
芚夜,역지사지LV3
芚巖里,호구총수
芚彌島,여지도서
芚方嶺,여지도서
芚旨里,호구총수
芚洞山,여지도서
芚田,호구총수
芚谷里,호구총수
芚鐵山,여지도서
芝丹里,호구총수
芝亭里,호구총수
芝坡幕,역지사지LV3
芝坡幕坊,호구총수
芝士洞,호구총수
芝山,역지사지LV3
芝山亭老隱洞里,호구총수
芝山村,호구총수
芝山里,호구총수
芝峙里,호구총수
芝川里,호구총수
芝彔谷,호구총수
芝村,역지사지LV3
芝村里,호구총수
芝正,역지사지LV3
芝洞,호구총수
芝溪谷,호구총수
芝田里,호구총수
芝界洞里,호구총수
芝登里,호구총수
芝破谷,역지사지LV3
芝老之,호구총수
芝芬巖里,호구총수
芝花里,호구총수
芝芳洞,호구총수
芝草村,호구총수
芝草里,호구총수
芝莊里,호구총수
芝谷里,호구총수
芧谷里,호구총수
芬池川里,호구총수
芬香里,호구총수
芭芝谷里,호구총수
芭蕉里,호구총수
芮洞里,호구총수
芮津海里,호구총수
芮津陸里,호구총수
芮陣里,호구총수
花一,역지사지LV3
花一面,호구총수
花丘里,호구총수
花之山,역지사지LV3
花二,역지사지LV3
花二面,호구총수
花井里,호구총수
花亭村,호구총수
花亭里,호구총수
花人田里,호구총수
花似川,여지도서
花元,호구총수
花北,역지사지LV3
花南,역지사지LV3
花南村,호구총수
花南里,호구총수
花園,역지사지LV3·특수구역
花園縣,특수구역
花園里,호구총수
花坊村,호구총수
花坊里,호구총수
花坪里,호구총수
花城,역지사지LV3
花城里,호구총수
花堂里,호구총수
花堤,신증동국여지승람
花場里,호구총수
花塘里,호구총수
花壯里,호구총수
花寺洞,호구총수
花山,세종실록지리지·신증동국여지승람·여지도서·역지사지LV3·호구총수
花山坊,호구총수
花山城里,호구총수
花山村,호구총수
花山橋里,호구총수
花山洞,호구총수
花山里,호구총수
花山面,호구총수
花岐里,호구총수
花岩川,여지도서
花岳,세종실록지리지
花岳洞里,호구총수
花峙里,호구총수
花峯里,호구총수
花峴,호구총수
花峴里,호구총수
花島,여지도서·호구총수
花島里,호구총수
花嶺里,호구총수
花巖,신증동국여지승람
花巖村,호구총수
花巖里,호구총수
花川,군현역원·여지도서·역지사지LV3
花川里,호구총수
花川面,호구총수
花望里,호구총수
花木里,호구총수
花村,역지사지LV3·호구총수
花村里,호구총수
花村面,호구총수
花林佛堂里,호구총수
花林山,여지도서
花枝,역지사지LV3
花枝山,역지사지LV3
花枝島,여지도서
花枝洞,호구총수
花枝里,호구총수
花枝面,호구총수
花梁洞,호구총수
花樹村,호구총수
花樹里,호구총수
花水山,여지도서
花池里,호구총수
花洞,호구총수
花洞里,호구총수
花津湖,여지도서
花津里,호구총수
花浦里,호구총수
花浮山,여지도서
花源,역지사지LV3
花溪里,호구총수
花潭里,호구총수
花灘里,호구총수
花田,군현역원
花田上里,호구총수
花田里,호구총수
花田里村,호구총수
花甲里,호구총수
花盃里,호구총수
花盞村,호구총수
花石里,호구총수
花硯里,호구총수
花竹上里,호구총수
花竹下里,호구총수
花竹中里,호구총수
花竹里,호구총수
花粧,역지사지LV3
花粧里,호구총수
花精山,여지도서
花縣內,역지사지LV3
花縣內面,호구총수
花草里,호구총수
花莊里,호구총수
花蓮洞,호구총수
花藏山,여지도서
花谷,역지사지LV3
花谷里,호구총수
花谷面,호구총수
花豊,역지사지LV3
花豊山,여지도서
花遷江,여지도서
花長山,여지도서
花開,역지사지LV3
花開谷,특수구역
花開部曲,특수구역
花開里,호구총수
花開面,호구총수
花院里,호구총수
花陽,역지사지LV3
花陽里,호구총수
花隅里,호구총수
花靑里,호구총수
花馬里,호구총수
花龍洞,호구총수
芳下谷里,호구총수
芳丘里,호구총수
芳坪里,호구총수
芳川,군현역원
芳川里,호구총수
芳平東里,호구총수
芳平西里,호구총수
芳旨里,호구총수
芳春,군현역원
芳村里,호구총수
芳林,군현역원
芳林川,여지도서
芳水井里,호구총수
芳洞,호구총수
芳洞川,여지도서
芳洞里,호구총수
芳田,군현역원
芳竹,역지사지LV3
芳節里,호구총수
芳耳峙,호구총수
芳荷洞,호구총수
芳荷洞里,호구총수
芳華山里,호구총수
芳華村,호구총수
芳華洞,호구총수
芳谷里,호구총수
芷川里,호구총수
芹洞里,호구총수
芼旨,역지사지LV3
芼旨面,호구총수
芼田,역지사지LV3
芼田面,호구총수
芽亭里,호구총수
芽浦,여지도서
芽浦里,호구총수
芽溪,역지사지LV3
芽溪面,호구총수
芽界,역지사지LV3
芿不里,호구총수
芿串,역지사지LV3
芿串坊,호구총수
芿佐,특수구역
芿卜里,호구총수
芿城洞,호구총수
芿山谷,역지사지LV3
芿山谷面,호구총수
芿島,역지사지LV3
芿巨,역지사지LV3
芿朴只里,호구총수
芿村,역지사지LV3
芿次,역지사지LV3
芿次串,역지사지LV3
芿洞里,호구총수
芿火里,호구총수
苑洞契,호구총수
苓川里,호구총수
苔上島,호구총수
苔士,역지사지LV3
苔尔,역지사지LV3
苔山,여지도서
苔島,호구총수
苔村,역지사지LV3
苔村里,호구총수
苔村面,호구총수
苔浦里,호구총수
苔湖,역지사지LV3
苗洞,호구총수
苛南里,호구총수
若大山里,호구총수
若大里,호구총수
若扶院,호구총수
若明里,호구총수
若木,역지사지LV3·특수구역
若木縣,특수구역
若木面,호구총수
苧峙里,호구총수
苧峴里,호구총수
苧布里,호구총수
苧廛洞契,호구총수
苧沙器店里,호구총수
苧洞里,호구총수
苧田洞里,호구총수
英北,역지사지LV3
英山里,호구총수
英州,군현역원
英陽,군현역원·역지사지LV3·특수구역
英陽縣,특수구역
苽原,군현역원
茁浦,역지사지LV3
茁浦里,호구총수
茂上里,호구총수
茂之洞,호구총수
茂作洞里,호구총수
茂城山,여지도서
茂山,군현역원·역지사지LV3
茂山嶺,여지도서
茂山里,호구총수
茂峯里,호구총수
茂巖山,신증동국여지승람
茂德亭,호구총수
茂德山里,호구총수
茂所里,호구총수
茂昌,역지사지LV3
茂朱,군현역원·역지사지LV3
茂村,군현역원·호구총수
茂村里,호구총수
茂松,호구총수
茂松亭里,호구총수
茂松廢縣,특수구역
茂松池,신증동국여지승람
茂松洞,호구총수
茂松部曲,특수구역
茂松里,호구총수
茂林,군현역원·역지사지LV3·특수구역
茂林部曲,특수구역
茂林里,호구총수
茂林面,호구총수
茂洞里,호구총수
茂淇,군현역원
茂溪,군현역원·역지사지LV3
茂溪津,여지도서
茂溪里,호구총수
茂等峴,여지도서
茂等谷里,호구총수
茂谷里,호구총수
茂豊,역지사지LV3
茂長,군현역원·역지사지LV3
茂陵洞,호구총수
茄乙波知,역지사지LV3
茄乙院,군현역원
茄佐,역지사지LV3
茄佐洞,역지사지LV3
茄佐洞坊,호구총수
茄川,역지사지LV3
茄川坊,호구총수
茅下里,호구총수
茅中里,호구총수
茅串里,호구총수
茅亭,호구총수
茅亭村,호구총수
茅亭里,호구총수
茅原里,호구총수
茅坪里,호구총수
茅堂浦里,호구총수
茅山南里,호구총수
茅山村,호구총수
茅山里,호구총수
茅峙,역지사지LV3
茅峴,여지도서
茅島,신증동국여지승람·역지사지LV3
茅島東里,호구총수
茅島西里,호구총수
茅嶺里,호구총수
茅川,여지도서
茅川里,호구총수
茅新里,호구총수
茅方里,호구총수
茅旨,역지사지LV3
茅旨村,호구총수
茅村,역지사지LV3·호구총수
茅村面,호구총수
茅沙亭里,호구총수
茅沙只里,호구총수
茅洞,호구총수
茅洞里,호구총수
茅田,역지사지LV3
茅田村,호구총수
茅田洞,호구총수
茅田里,호구총수
茅谷,호구총수
茅谷里,호구총수
茅項里,호구총수
茵匠里契,호구총수
茵坪里,호구총수
茶井,호구총수
茶井里,호구총수
茶亭川里,호구총수
茶叱,역지사지LV3
茶叱坊,호구총수
茶山,역지사지LV3
茶山里,호구총수
茶戶里,호구총수
茶所,역지사지LV3
茶所面,호구총수
茶方里,호구총수
茶浦里,호구총수
茶滿,군현역원
茶田里,호구총수
茶花山,여지도서
茶貢里,호구총수
茶道,역지사지LV3
茶開里,호구총수
茶鹽,특수구역
茸川,역지사지LV3
茸川面,호구총수
草上,역지사지LV3
草上里,호구총수
草下,역지사지LV3
草下里,호구총수
草串里,호구총수
草乃洞里,호구총수
草之里,호구총수
草五介里,호구총수
草亭,호구총수
草亭里,호구총수
草位,역지사지LV3
草位里,호구총수
草位面,호구총수
草傍里,호구총수
草元地里,호구총수
草出里,호구총수
草南浦村,호구총수
草原,군현역원·역지사지LV3
草原里,호구총수
草古介里,호구총수
草召,역지사지LV3
草召里,역지사지LV3
草召里坊,호구총수
草嚴村,호구총수
草坪,역지사지LV3
草坪里,호구총수
草坪面,호구총수
草城,역지사지LV3
草城坊,호구총수
草城里,호구총수
草堂村,호구총수
草堂里,호구총수
草堤里,호구총수
草夫里,호구총수
草尺川,여지도서
草山,역지사지LV3
草山洞里,호구총수
草山里,호구총수
草山面,호구총수
草岸里,호구총수
草岾,여지도서·역지사지LV3
草岾面,호구총수
草峴洞,호구총수
草峴里,호구총수
草島,신증동국여지승람·여지도서
草島里,호구총수
草巖里,호구총수
草川,군현역원·역지사지LV3·특수구역
草川所,특수구역
草川里,호구총수
草川面,호구총수
草幕洞里,호구총수
草幕里,호구총수
草店村,호구총수
草庭里,호구총수
草庵洞,여지도서
草德里,호구총수
草新,역지사지LV3
草旨里,호구총수
草旺里,호구총수
草昆里,호구총수
草月,역지사지LV3
草月面,호구총수
草末,호구총수
草村,역지사지LV3
草村面,호구총수
草杖谷里,호구총수
草枝村,호구총수
草枝谷,역지사지LV3·호구총수
草枝谷面,호구총수
草枝里,호구총수
草梁,역지사지LV3
草梁里,호구총수
草梁面,호구총수
草梁項,여지도서
草梅里,호구총수
草沙里,호구총수
草洞,역지사지LV3
草洞上里,호구총수
草洞下里,호구총수
草洞村,호구총수
草洞里,호구총수
草洞面,호구총수
草津山,신증동국여지승람
草津里,호구총수
草浦,여지도서·역지사지LV3
草溪,군현역원·역지사지LV3
草溪里,호구총수
草溪院,군현역원
草灘里,호구총수
草烏浦,호구총수
草理島,여지도서
草田,역지사지LV3·호구총수
草田洞,역지사지LV3
草田洞坊,호구총수
草田里,호구총수
草筒里,호구총수
草箭里,호구총수
草粉,호구총수
草興里,호구총수
草良里,호구총수
草芝洞,호구총수
草芳里,호구총수
草菉里,호구총수
草菴山,여지도서
草菴洞,여지도서
草落島里,호구총수
草蘭,역지사지LV3
草蘭島,호구총수
草處,역지사지LV3
草處面,호구총수
草見里,호구총수
草谷,역지사지LV3·호구총수
草谷坊,호구총수
草谷村,호구총수
草谷洞里,호구총수
草谷津,호구총수
草谷里,호구총수
草谷面,호구총수
草豆冬里,호구총수
草豆坪里,호구총수
草邊里,호구총수
草邑里,호구총수
草郊,역지사지LV3
草郊坊,호구총수
草郞,역지사지LV3
草郞坊,호구총수
草里,역지사지LV3·호구총수
草里坊,호구총수
草野洞里,호구총수
草長,역지사지LV3
草長面,호구총수
草閑,역지사지LV3
草閑社,호구총수
草關,역지사지LV3
草阜,역지사지LV3
草阜里,호구총수
草阜面,호구총수
草院,군현역원
草院里,호구총수
草陽地里,호구총수
草難,역지사지LV3
草項里,호구총수
草頭洞里,호구총수
草頭里,호구총수
草餘里,호구총수
草鳳里,호구총수
荊士里,호구총수
荊川里,호구총수
荊棘洞,호구총수
荊止院里,호구총수
荊灘里,호구총수
荊石,역지사지LV3
荊角津,여지도서
荏子,역지사지LV3
荏子島,여지도서·호구총수
荏子洞,호구총수
荏浦里,호구총수
荏田里,호구총수
荒唐里,호구총수
荒城里,호구총수
荒山,여지도서
荒山里,호구총수
荒岳,여지도서
荒島,호구총수
荒島里,호구총수
荒嶺山,여지도서
荒川里,호구총수
荒木里,호구총수
荒沙村,호구총수
荒調,특수구역
荒調鄕,특수구역
荒谷里,호구총수
荳原,역지사지LV3·특수구역
荳原廢縣,특수구역
荳峴,여지도서
荷亭里,호구총수
荷岑里,호구총수
荷川洞里,호구총수
荷湖里,호구총수
荷潭津,여지도서
荷潭里,호구총수
荷牙里,호구총수
荷田里,호구총수
荷白洞,호구총수
荷芳洞,호구총수
荷苗村,호구총수
荷葉里,호구총수
荷衣,역지사지LV3
荷衣島,호구총수
荷衣村,호구총수
荻里,호구총수
莊佐嶺,여지도서
莊佐洞,호구총수
莊作洞里,호구총수
莊六亭,호구총수
莊子山,역지사지LV3·호구총수
莊子山洞,역지사지LV3
莊子山洞面,호구총수
莊子洞里,호구총수
莊子里,호구총수
莊尺洞,호구총수
莊尺里,호구총수
莊山,호구총수
莊山里,호구총수
莊峙村,호구총수
莊巖里,호구총수
莊森里,호구총수
莊洞,호구총수
莊洞村,호구총수
莊洞里,호구총수
莊秋洞,호구총수
莊莊浦,여지도서
莊財洞,호구총수
莊財洞里,호구총수
莒峴村,호구총수
莓苔味里,호구총수
莘巖里,호구총수
莘恩川,여지도서
莘花里,호구총수
莘隱洞,호구총수
莘隱里,호구총수
莞堤里,호구총수
莞島,신증동국여지승람·여지도서·역지사지LV3·호구총수
莞浦,특수구역
莞浦廢縣,특수구역
莞澤山,신증동국여지승람
莫今,역지사지LV3
莫今村,호구총수
莫只羅山,세종실록지리지
莫喜樂,여지도서
莫寺洞里,호구총수
莫川里,호구총수
莫斤村,호구총수
莫斤浦里,호구총수
莫是里,호구총수
莫棄里,호구총수
莫殘里,호구총수
莫洞里,호구총수
莫溪里,호구총수
莫灘里,호구총수
莫疑谷,호구총수
莫箕村,호구총수
莫谷洞,호구총수
莫谷里,호구총수
莫赤村,호구총수
莫迪洞里,호구총수
莫隱古介里,호구총수
菁好,군현역원
菁川,여지도서
菁洞里,호구총수
菁浦,신증동국여지승람
菁浦津,여지도서
菁浦里,호구총수
菁田里,호구총수
菁荷里,호구총수
菉山,역지사지LV3
菉山里,호구총수
菉山面,호구총수
菉沙里,호구총수
菊丁里,호구총수
菊坪里,호구총수
菊堂洞,호구총수
菊村店里,호구총수
菊村里,호구총수
菊水洞里,호구총수
菊洞里,호구총수
菊溪村,호구총수
菊田里,호구총수
菊花坪,호구총수
菊花坪里,호구총수
菊花村,호구총수
菊花洞里,호구총수
菊花臺山,여지도서
菊谷間,호구총수
菊逸川,여지도서
菖浦海里,호구총수
菖浦田里,호구총수
菖浦陸里,호구총수
菖蒲里,호구총수
菜村,역지사지LV3
菜村坊,호구총수
菜洞里,호구총수
菩提院,군현역원
菩賢山,여지도서
華上端里,호구총수
華下端里,호구총수
華井,역지사지LV3
華亭里,호구총수
華北,역지사지LV3
華四里,호구총수
華基里,호구총수
華大里,호구총수
華封院,군현역원
華山,여지도서·역지사지LV3
華山里,호구총수
華岳山,여지도서
華嶽,세종실록지리지
華嶽山,여지도서
華巖山,여지도서
華巖里,호구총수
華川,역지사지LV3
華德里,호구총수
華方,역지사지LV3
華村里,호구총수
華東,역지사지LV3
華泉里,호구총수
華淸嶺,여지도서
華盖山,여지도서
華蓋,역지사지LV3
華藏山,여지도서
華藏洞,호구총수
華藏里,호구총수
華表亭里,호구총수
華道,역지사지LV3
華陽,군현역원·역지사지LV3·호구총수
華陽村,호구총수
華陽洞里,호구총수
華陽里,호구총수
菲芳,역지사지LV3
萊東里,호구총수
萍橋里,호구총수
萬世橋里,호구총수
萬世洞,호구총수
萬仞山,여지도서
萬代山,여지도서
萬儀里,호구총수
萬北坊,호구총수
萬升,역지사지LV3
萬升面,호구총수
萬垈洞里,호구총수
萬城里,호구총수
萬壽山,신증동국여지승람·여지도서
萬壽洞,호구총수
萬壽洞里,호구총수
萬子山,호구총수
萬子山里,호구총수
萬子洞里,호구총수
萬宗,역지사지LV3
萬宗里,호구총수
萬山里,호구총수
萬嶽山,여지도서
萬川,역지사지LV3
萬年洞,호구총수
萬年洞里,호구총수
萬延洞里,호구총수
萬德,역지사지LV3
萬德山,여지도서
萬德里,호구총수
萬戶德里,호구총수
萬昌洞,호구총수
萬景前幕,호구총수
萬景山,여지도서
萬景村,호구총수
萬景臺,여지도서
萬景院,군현역원
萬景院里,호구총수
萬會里,호구총수
萬村里,호구총수
萬枝山里,호구총수
萬桂村里,호구총수
萬梁里,호구총수
萬梅村,호구총수
萬樹山里,호구총수
萬歲橋里,호구총수
萬毛老里,호구총수
萬水洞里,호구총수
萬泉,역지사지LV3
萬法里,호구총수
萬洞里,호구총수
萬深山,여지도서
萬淵洞,호구총수
萬瀑洞,여지도서
萬珍莊,특수구역
萬珍里,호구총수
萬目村,호구총수
萬石里,호구총수
萬福,역지사지LV3
萬秀洞,호구총수
萬突,호구총수
萬竹山,여지도서
萬絲洞里,호구총수
萬興一洞,호구총수
萬興二洞,호구총수
萬興浦,신증동국여지승람
萬興里,호구총수
萬花,역지사지LV3
萬花亭,호구총수
萬花里,호구총수
萬連洞,호구총수
萬道里,호구총수
萬里倉契,호구총수
萬里橋院,군현역원
萬里洞,호구총수
萬里瀨,신증동국여지승람
萬陳德山,여지도서
萬隅里,호구총수
萬雲山,여지도서
萬雲里,호구총수
萬頃,군현역원·역지사지LV3
萬頃淵,여지도서
萬頃里,호구총수
萬魚山,여지도서
落古介里,호구총수
落地,호구총수
落沙里,호구총수
落盤龍洞,호구총수
落花巖,여지도서
落鎭山,호구총수
葉洞里,호구총수
著作眉山,호구총수
著作里,호구총수
葛下,역지사지LV3
葛下面,호구총수
葛串里,호구총수
葛亇谷,역지사지LV3
葛云里,호구총수
葛五介里,호구총수
葛井里,호구총수
葛古介契,호구총수
葛古介里,호구총수
葛台里,호구총수
葛坊里,호구총수
葛坡嶺,여지도서
葛坡里,호구총수
葛坪里,호구총수
葛城里,호구총수
葛多仇味,호구총수
葛夜山,여지도서
葛宗,역지사지LV3
葛宮里,호구총수
葛屯里,호구총수
葛山,여지도서·역지사지LV3·호구총수
葛山坊,호구총수
葛山洞,호구총수
葛山里,호구총수
葛岾,여지도서
葛峙,여지도서·역지사지LV3
葛峙里,호구총수
葛峴山,호구총수
葛峴里,호구총수
葛峴院,군현역원
葛島村,호구총수
葛嶺,여지도서
葛嶺里,호구총수
葛巖上里,호구총수
葛巖中里,호구총수
葛川,여지도서
葛川村,호구총수
葛川里,호구총수
葛巨里,호구총수
葛廟里,호구총수
葛文山,여지도서
葛文里,호구총수
葛方里,호구총수
葛旨里,호구총수
葛明里,호구총수
葛月里,호구총수
葛末,역지사지LV3
葛村,호구총수
葛村里,호구총수
葛松里,호구총수
葛林里,호구총수
葛梅洞里,호구총수
葛梅里,호구총수
葛池,역지사지LV3
葛池坊,호구총수
葛洞,역지사지LV3·호구총수
葛洞里,호구총수
葛洞面,호구총수
葛浦里,호구총수
葛溪里,호구총수
葛潭,군현역원·역지사지LV3
葛潭里,호구총수
葛潭院,군현역원
葛田,역지사지LV3·호구총수
葛田佛堂里,호구총수
葛田里,호구총수
葛田閭,호구총수
葛田面,호구총수
葛目里,호구총수
葛立山,신증동국여지승람
葛老介里,호구총수
葛花,역지사지LV3
葛花面,호구총수
葛蕈,군현역원
葛覃,군현역원
葛谷,역지사지LV3
葛谷所,특수구역
葛谷杏里,호구총수
葛谷村,호구총수
葛谷里,호구총수
葛豐,군현역원
葛遜里,호구총수
葛里,호구총수
葛院,군현역원
葛院堂,호구총수
葛院里,호구총수
葛雲里,호구총수
葛項峴,여지도서
葛項里,호구총수
葛頭,호구총수
葛頭山,신증동국여지승람
葛頭里,호구총수
葛馬洞,호구총수
葛馬谷里,호구총수
葛麻,역지사지LV3·호구총수
葛麻川,여지도서·호구총수
葛麻洞,역지사지LV3
葛麻谷里,호구총수
葛麻面,호구총수
葡萄,역지사지LV3·호구총수
葡萄島,호구총수
葦井山,여지도서
葦井洞里,호구총수
葦嶺,여지도서
葦浦所,특수구역
葦溪,군현역원
葦谷部曲,특수구역
葦谷里,호구총수
葩串山,여지도서
葱嶺院,군현역원
葱秀山,여지도서
葵仇味里,호구총수
葺長里,호구총수
蒙山,여지도서
蒙祥里,호구총수
蒙道,역지사지LV3
蒙道面,호구총수
蒜山,여지도서
蒜山閭,호구총수
蒜川,여지도서
蒪池,여지도서
蒭葉里,호구총수
蒲井村,호구총수
蒲洞,호구총수
蒲洞里,호구총수
蒲浦里,호구총수
蒲萄島,여지도서
蒲谷,군현역원·역지사지LV3·특수구역
蒲谷所,특수구역
蒲谷村,호구총수
蒲谷浦,신증동국여지승람
蒲谷里,호구총수
蒲谷面,호구총수
蒼光山,여지도서
蒼南里,호구총수
蒼坪里,호구총수
蒼垈里,호구총수
蒼山村,호구총수
蒼峯,군현역원
蒼峯里,호구총수
蒼巖,호구총수
蒼水,역지사지LV3
蒼水院,군현역원
蒼水院洞里,호구총수
蒼水面,호구총수
蒼浦里,호구총수
蓀洞,역지사지LV3·호구총수
蓀洞洞內,호구총수
蓉山,역지사지LV3
蓋峴,역지사지LV3
蓋草院,군현역원
蓬來山,여지도서
蓬坪,역지사지LV3
蓬坪面,호구총수
蓬堂里,호구총수
蓬山里,호구총수
蓬村,역지사지LV3
蓬村坊,호구총수
蓬湖里,호구총수
蓬臺,군현역원
蓬萊,역지사지LV3
蓬萊坊,호구총수
蓬萊山,여지도서
蓬谷村,호구총수
蓬谷里,호구총수
蓮下,역지사지LV3
蓮下面,호구총수
蓮井,역지사지LV3
蓮井里,호구총수
蓮亭,호구총수
蓮亭洞里,호구총수
蓮亭里,호구총수
蓮垈洞,호구총수
蓮城,역지사지LV3
蓮城尉契,호구총수
蓮堤,호구총수
蓮堤里,호구총수
蓮塘村,호구총수
蓮塘里,호구총수
蓮宗村,호구총수
蓮寺,역지사지LV3
蓮寺坊,호구총수
蓮山村,호구총수
蓮山里,호구총수
蓮峯,군현역원
蓮峯村,호구총수
蓮峯里,호구총수
蓮峰里,호구총수
蓮巖里,호구총수
蓮川里,호구총수
蓮榜里,호구총수
蓮池,신증동국여지승람·여지도서
蓮池契,호구총수
蓮池村,호구총수
蓮池洞,호구총수
蓮池洞契,호구총수
蓮池洞里,호구총수
蓮池邊里,호구총수
蓮池里,호구총수
蓮洞,호구총수
蓮洞坪里,호구총수
蓮洞村,호구총수
蓮洞里,호구총수
蓮浦,역지사지LV3
蓮浦里,호구총수
蓮溪村里,호구총수
蓮潭里,호구총수
蓮登里,호구총수
蓮秀,호구총수
蓮臺峯,여지도서
蓮臺里,호구총수
蓮花,역지사지LV3·호구총수
蓮花亭,호구총수
蓮花坊,호구총수
蓮花山,여지도서
蓮花村,호구총수
蓮花村里,호구총수
蓮花洞,호구총수
蓮花洞里,호구총수
蓮花谷里,호구총수
蓮花里,호구총수
蓮花院,군현역원
蓮芳,역지사지LV3
蓮荷村,호구총수
蓮荷里,호구총수
蓮葉洞,호구총수
蓮谷里,호구총수
蓮里,호구총수
蓮香洞,호구총수
蓴地里,호구총수
蓴堤里,호구총수
蓴村里,호구총수
蓴池,신증동국여지승람
蓴池洞,호구총수
蓴池里,호구총수
蓴池院院,군현역원
蓴湖里,호구총수
蓴潭,여지도서
蓴澤,역지사지LV3
蓴澤坊,호구총수
蓼串,신증동국여지승람
蓼坪里,호구총수
蓼場里,호구총수
蓼平村,호구총수
蓼村部曲,특수구역
蓼村里,호구총수
蓼洞,호구총수
蓼洞里,호구총수
蓼谷洞,호구총수
蓼谷閭,호구총수
蔑安里,호구총수
蔑浦,여지도서
蔓嶺,여지도서
蔓谷,호구총수
蔓達山,여지도서
蔘島,신증동국여지승람
蔘浦里,호구총수
蔚介山,여지도서
蔚山,군현역원·역지사지LV3
蔚州,군현역원
蔚洲川,여지도서
蔚然山,여지도서
蔚珍,군현역원·역지사지LV3
蔚禮里,호구총수
蔚谷里,호구총수
蔡亭里,호구총수
蔡洞里,호구총수
蔥田里,호구총수
蔥谷部曲,특수구역
蔬島,호구총수
蔬谷里,호구총수
蕀城里,호구총수
蕀島閭,호구총수
蕃川,역지사지LV3
蕨坡山,여지도서
蕨山里,호구총수
蕨村,호구총수
蕨洞里,호구총수
蕨田,호구총수
蕪芚山,여지도서
薇山里,호구총수
薇川村,호구총수
薇陽,역지사지LV3
薍串,역지사지LV3
薍串里,호구총수
薍串面,호구총수
薍池島里,호구총수
薍浦里,호구총수
薍田,역지사지LV3
薍田面,호구총수
薏苡田,호구총수
薑鄕,특수구역
薔薇山,여지도서
薛列罕嶺,신증동국여지승람
薛列罕嶺,여지도서
薩川,역지사지LV3
薩川谷,특수구역
薩川部曲,특수구역
薪上里,호구총수
薪下里,호구총수
薪串,신증동국여지승람
薪串里,호구총수
薪井里,호구총수
薪伐村,호구총수
薪內村,호구총수
薪八里,호구총수
薪北,역지사지LV3
薪南,역지사지LV3
薪南津,호구총수
薪原浦里,호구총수
薪古介里,호구총수
薪坡峴,여지도서
薪坪里,호구총수
薪城,역지사지LV3
薪城坊,호구총수
薪城山,여지도서
薪城洞,호구총수
薪城里,호구총수
薪堂里,호구총수
薪寺洞,호구총수
薪寺洞里,호구총수
薪寺里,호구총수
薪尼,역지사지LV3
薪山,역지사지LV3
薪山社,호구총수
薪峴,역지사지LV3
薪峴坊,호구총수
薪峴里,호구총수
薪島,여지도서·역지사지LV3
薪島里,호구총수
薪嶺,여지도서
薪巖里,호구총수
薪川,여지도서
薪文部曲,특수구역
薪旨里,호구총수
薪智,역지사지LV3
薪智島,호구총수
薪束里,호구총수
薪枝東里,호구총수
薪枝西里,호구총수
薪橋,역지사지LV3
薪橋坊,호구총수
薪橋川,여지도서
薪橋里,호구총수
薪池里,호구총수
薪洞里,호구총수
薪洞院,군현역원
薪浦鄕,특수구역
薪淸里,호구총수
薪田,호구총수
薪田村,호구총수
薪田里,호구총수
薪石,역지사지LV3
薪石面,호구총수
薪積洞里,호구총수
薪花,역지사지LV3
薪葛山里,호구총수
薪谷,역지사지LV3·특수구역
薪谷坊,호구총수
薪谷所,특수구역
薪谷部曲,특수구역
薪谷里,호구총수
薪門里,호구총수
薪院,군현역원
薪院里,호구총수
薪領里,호구총수
薪頭里,호구총수
薪鬱村,호구총수
薰陶,역지사지LV3
薰陶坊,호구총수
薺浦,여지도서
藁橋川,여지도서
藍坪里,호구총수
藍山里,호구총수
藍峙里,호구총수
藍巖里,호구총수
藍巖閭,호구총수
藍川里,호구총수
藍方里,호구총수
藍泉,여지도서
藍洞里,호구총수
藍津里,호구총수
藍浦,역지사지LV3
藍浦里,호구총수
藍溪里,호구총수
藍田,군현역원·역지사지LV3
藍田坊,호구총수
藍田里,호구총수
藍谷里,호구총수
藏吾里浦,여지도서
藏尺洞里,호구총수
藏峙仇味里,호구총수
藏峙洞里,호구총수
藏巖川,여지도서
藏谷鄕,특수구역
藏財里,호구총수
藝林,역지사지LV3
藝能部曲,특수구역
藝能里,호구총수
藝苑里,호구총수
藤原里,호구총수
藤葛里,호구총수
藤路,군현역원
藥司院里,호구총수
藥山,신증동국여지승람·여지도서·역지사지LV3·호구총수
藥山里,호구총수
藥師峰,여지도서
藥師院,군현역원
藥村坊里,호구총수
藥水,군현역원·여지도서·특수구역·호구총수
藥水山,여지도서
藥水洞里,호구총수
藥水鄕,특수구역
藥水里,호구총수
藥泉里,호구총수
藥王院,군현역원
藥生里,호구총수
藥田契,호구총수
藥田里,호구총수
藥谷里,호구총수
藪㗟洞,호구총수
藪內里,호구총수
藪村,호구총수
藪村里,호구총수
藪林村,호구총수
藪蜜里,호구총수
藪谷村,호구총수
藪里,호구총수
藪金里,호구총수
藹田,역지사지LV3
藹田里,호구총수
藻淵,신증동국여지승람
藿丹村,호구총수
藿嶺,여지도서
藿巖里,호구총수
藿川,여지도서
藿川洞,호구총수
藿川里,호구총수
蘆上里,호구총수
蘆下里,호구총수
蘆丘山,역지사지LV3
蘆丘山社,호구총수
蘆丘山里,호구총수
蘆乃洞里,호구총수
蘆井村,호구총수
蘆井里,호구총수
蘆仇味里,호구총수
蘆仇非里,호구총수
蘆令里,호구총수
蘆公里,호구총수
蘆北洞,호구총수
蘆南洞,호구총수
蘆原,군현역원·역지사지LV3
蘆原面,호구총수
蘆坪里,호구총수
蘆山村,호구총수
蘆山里,호구총수
蘆峙里,호구총수
蘆峴,여지도서
蘆峴里,호구총수
蘆嶺,여지도서
蘆巖,호구총수
蘆川,역지사지LV3
蘆川北里,호구총수
蘆川南里,호구총수
蘆川東里,호구총수
蘆川洞里,호구총수
蘆川西里,호구총수
蘆川里,호구총수
蘆川面,호구총수
蘆幕里,호구총수
蘆我之里,호구총수
蘆旨,역지사지LV3
蘆旨面,호구총수
蘆月,역지사지LV3
蘆月村,호구총수
蘆月浦閭,호구총수
蘆村里,호구총수
蘆東,역지사지LV3
蘆洞,역지사지LV3·호구총수
蘆洞坊,호구총수
蘆洞村,호구총수
蘆洞社,호구총수
蘆洞里,호구총수
蘆洞面,호구총수
蘆浦里,역지사지LV3·호구총수
蘆海,역지사지LV3
蘆溪村,호구총수
蘆灘,호구총수
蘆田,호구총수
蘆田村,호구총수
蘆田里,호구총수
蘆羅之里,호구총수
蘆羅里,호구총수
蘆花,역지사지LV3
蘆花洞里,호구총수
蘆西,역지사지LV3
蘆谷,군현역원·역지사지LV3
蘆谷坊,호구총수
蘆谷里,호구총수
蘆谷面,호구총수
蘆邊里,호구총수
蘆邱山,역지사지LV3
蘆里,호구총수
蘆里谷里,호구총수
蘆銅里,호구총수
蘆長,역지사지LV3
蘆長谷,역지사지LV3
蘆長谷坊,호구총수
蘆長里,호구총수
蘆長面,호구총수
蘆門里,호구총수
蘆隱山,여지도서
蘆鞭洞,호구총수
蘆項里,호구총수
蘇丘里,호구총수
蘇也村里,호구총수
蘇亭里,호구총수
蘇伊,역지사지LV3
蘇來,역지사지LV3
蘇侍洞里,호구총수
蘇古,역지사지LV3
蘇台,역지사지LV3
蘇台里,호구총수
蘇土洞,호구총수
蘇坡,역지사지LV3
蘇坡面,호구총수
蘇城里,호구총수
蘇堤,호구총수
蘇堰里,호구총수
蘇安,군현역원·역지사지LV3
蘇安里,호구총수
蘇安面,호구총수
蘇山,군현역원
蘇山里,호구총수
蘇屹,역지사지LV3
蘇島,여지도서
蘇巖里,호구총수
蘇德里,호구총수
蘇文,역지사지LV3
蘇文倉,역지사지LV3
蘇文倉坊,호구총수
蘇林村,호구총수
蘇機峴,여지도서
蘇民,군현역원
蘇民里,호구총수
蘇洞,호구총수
蘇湖,역지사지LV3
蘇湖亭,호구총수
蘇湖山,여지도서
蘇湖里,호구총수
蘇湖面,호구총수
蘇溪,호구총수
蘇漸部曲,특수구역
蘇灘里,호구총수
蘇爺,역지사지LV3
蘇爺島,호구총수
蘇耽里,호구총수
蘇臺,역지사지LV3
蘇萊,역지사지LV3
蘇萊山,여지도서
蘇萬,역지사지LV3
蘇萬面,호구총수
蘇葛,호구총수
蘇葛里,호구총수
蘇蘇洞里,호구총수
蘇谷,호구총수
蘇谷里,호구총수
蘇道村里,호구총수
蘇野,역지사지LV3
蘇野洞,호구총수
蘇野里,호구총수
蘭亭里,호구총수
蘭坪里,호구총수
蘭子島,호구총수
蘭山里,호구총수
蘭德里,호구총수
蘭末島,호구총수
蘭田里,호구총수
蘭積里,호구총수
蘭臺里,호구총수
蘭芝島,호구총수
蘭谷,역지사지LV3
蘭谷里,호구총수
蘭陰地里,호구총수
蘭陽地里,호구총수
蘺下,역지사지LV3
蘿谷村,호구총수
虎南,역지사지LV3
虎吟洞,호구총수
虎坪里,호구총수
虎城村,호구총수
虎場村,호구총수
虎尾洞里,호구총수
虎尾里,호구총수
虎山,호구총수
虎山里,호구총수
虎岩,역지사지LV3
虎峙里,호구총수
虎峴,여지도서
虎峴里,호구총수
虎島,여지도서·역지사지LV3
虎嶺村,호구총수
虎巖,역지사지LV3·호구총수
虎巖山,여지도서
虎巖村,호구총수
虎巖東里,호구총수
虎巖洞,호구총수
虎巖洞里,호구총수
虎巖里,호구총수
虎庭,역지사지LV3
虎形里,호구총수
虎德里,호구총수
虎朽上里,호구총수
虎村部曲,특수구역
虎殺里,호구총수
虎洞,호구총수
虎洞里,호구총수
虎溪,여지도서·역지사지LV3·특수구역
虎溪廢縣,특수구역
虎溪里,호구총수
虎溪面,호구총수
虎灘津,여지도서
虎灘里,호구총수
虎狸巖里,호구총수
虎界村,호구총수
虎皐方里,호구총수
虎縣內,역지사지LV3
虎羅,역지사지LV3
虎西,역지사지LV3
虎谷,호구총수
虎谷里,호구총수
虎郞浦,호구총수
虎里,호구총수
虎陰山,여지도서
虎項洞里,호구총수
虎頭里,호구총수
虎鳴,역지사지LV3·호구총수
虎鳴山,여지도서
虎鳴部曲,특수구역
虎鳴里,역지사지LV3·호구총수
虎鳴里面,호구총수
處仁洞,호구총수
處仁里,호구총수
處容巖,여지도서
處容里,호구총수
處洞,호구총수
處用里,호구총수
虛件驢耳嶺,신증동국여지승람
虛修羅,역지사지LV3
虛修羅峴,여지도서
虛修羅川,신증동국여지승람
虛儀洞里,호구총수
虛屛門契,호구총수
虛川,군현역원·역지사지LV3
虛川江,여지도서
虛川社,호구총수
虛水羅,역지사지LV3
虛獜,군현역원
虛穴浦,여지도서
虛門村,호구총수
虛門里,호구총수
虛靈山,여지도서
虛麟,역지사지LV3
虛麟社,호구총수
蚊峴,특수구역
蚊峴所,특수구역
蚊川,여지도서
蚊火良廢縣,특수구역
蚕舍,역지사지LV3
蚕頭,여지도서
蚯蚓城嶺,여지도서
蛇串里,호구총수
蛇山,여지도서
蛇山村,호구총수
蛇峙,여지도서
蛇峙里,호구총수
蛇巖山,여지도서
蛇川,여지도서
蛇川里,호구총수
蛇梁,역지사지LV3
蛇梁島,여지도서
蛇梁東邊里,호구총수
蛇梁西邊,호구총수
蛇梯,역지사지LV3
蛇洞,역지사지LV3·호구총수
蛇洞村,호구총수
蛇洞里,호구총수
蛇洞閭,호구총수
蛇浦,신증동국여지승람·역지사지LV3
蛇浦里,호구총수
蛇渡里,호구총수
蛇界里,호구총수
蛇登,호구총수
蛇相里,호구총수
蛇院,군현역원
蛇院里,호구총수
蛇頭山,여지도서
蛇頭島,신증동국여지승람
蛇頭村,호구총수
蛇頭里,호구총수
蛙只,역지사지LV3
蛙山,여지도서
蛛山里,호구총수
蛛洞里,호구총수
蛛蜘島,여지도서
蛟龍,세종실록지리지
蛟龍山,여지도서
蛤島里,호구총수
蛤旨里,호구총수
蛤池,역지사지LV3
蛤池坊,호구총수
蛤池山,여지도서
蛤津,여지도서
蛤津村,호구총수
蛤灘,여지도서·역지사지LV3
蛤灘里,호구총수
蛤田里,호구총수
蛤里,호구총수
蛾眉山,여지도서
蜂山里,호구총수
蜂峴村,호구총수
蜂峴里,호구총수
蜂巖里,호구총수
蜂谷村,호구총수
蜈山,호구총수
蜈山里,호구총수
蜈蚣山,여지도서
蜈蚣村,호구총수
蜈蚣里,호구총수
蜚鴨島,여지도서
蜜田,역지사지LV3
蜜田面,호구총수
蜜目里,호구총수
蜜破谷里,호구총수
蜜陽洞,호구총수
蜻蜓里,호구총수
蝟島,신증동국여지승람·역지사지LV3
蝟浦里,호구총수
蝦山里,호구총수
蝦洞里,호구총수
蝦浦,여지도서
蝦谷里,호구총수
蝶島,신증동국여지승람
蝶川里,호구총수
螭背,역지사지LV3
螭背山,여지도서
螺藪,여지도서
螺谷里,호구총수
蟠岩,역지사지LV3
蟠龍山,여지도서
蟬場里,호구총수
蟬峙里,호구총수
蟬島,여지도서·역지사지LV3·호구총수
蟬洞里,호구총수
蟹井里,호구총수
蟹峙,호구총수
蟹峙里,호구총수
蟹峙閭,호구총수
蟹峴,여지도서
蟹島,신증동국여지승람
蟹島里,호구총수
蟹巖回里,호구총수
蟹巖里,호구총수
蟹川,여지도서
蟹川里,호구총수
蟹川院,군현역원
蟹新基里,호구총수
蟹旨,호구총수
蟹登里,호구총수
蟹箭里,호구총수
蟹越里,호구총수
蟹龍洞里,호구총수
蟻呑村,호구총수
蟻坪里,호구총수
蟻新里,호구총수
蟻池里,호구총수
蟻洞里,호구총수
蟻要里,호구총수
蟻谷里,호구총수
蟻谷閭,호구총수
蟻項里,호구총수
蟾居,군현역원
蟾居浦,여지도서
蟾巖,호구총수
蟾江,여지도서
蟾洞里,호구총수
蟾津,신증동국여지승람·여지도서
蟾津江,여지도서
蟾浦,호구총수
蟾浦村,호구총수
蠏川里,호구총수
蠔山,여지도서
蠱川,여지도서
蠶上,역지사지LV3
蠶上端,호구총수
蠶下,역지사지LV3
蠶下端,호구총수
蠶墅津,신증동국여지승람
蠶室登,호구총수
蠶山,신증동국여지승람
蠶島,역지사지LV3
蠶舍里,호구총수
蠶谷里,호구총수
蠶頭,호구총수
蠶頭峯,신증동국여지승람
蠶頭里,호구총수
行場站,군현역원
行壯里,호구총수
行尋村,호구총수
行廊上里,호구총수
行廊下里,호구총수
行廊中里,호구총수
行廊里,호구총수
行次乃里,호구총수
行浦里,호구총수
行營,역지사지LV3
行軍川里,호구총수
行邁院里,호구총수
行郞巖里,호구총수
行郞里,호구총수
行院里,호구총수
街豐,군현역원
街里,호구총수
街頓川,신증동국여지승람
衙一里,호구총수
衙下里,호구총수
衙中里,호구총수
衙二里,호구총수
衙仁里,호구총수
衙前洞,호구총수
衙前里,호구총수
衙底里,호구총수
衙後山,여지도서
衙後里,호구총수
衙洞,역지사지LV3·호구총수
衙洞里,호구총수
衙洞面,호구총수
衙舍上里,호구총수
衙薪里,호구총수
衙門里,호구총수
衛山,특수구역
衛益,역지사지LV3
衛益社,호구총수
衛翼,역지사지LV3
衡囦里,호구총수
衡山,여지도서
衡山里,호구총수
衣倉洞里,호구총수
衣倉里,호구총수
衣冠里,호구총수
衣巖里,호구총수
衣川里,호구총수
衣店里,호구총수
衣廛一契,호구총수
衣廛二契,호구총수
衣服洞里,호구총수
衣洞里,호구총수
衣脫島,신증동국여지승람
衣食洞,호구총수
表卜里,호구총수
表善,역지사지LV3
表善里,호구총수
表山,신증동국여지승람
表岳,여지도서
衾山村,호구총수
衾山里,호구총수
衾谷里,호구총수
衿井里,호구총수
衿川,군현역원
衿州,군현역원
袂谷里,호구총수
袈裟坪,여지도서
袈裟山,여지도서
袱坪里,호구총수
裁玉崖洞,호구총수
裏里,호구총수
裔洞里,호구총수
補民,역지사지LV3
補民里,호구총수
補水亭里,호구총수
補里,호구총수
裡洞,호구총수
裡里,역지사지LV3
裨補所,특수구역
裳山,세종실록지리지
裳谷,역지사지LV3
裳谷面,호구총수
裵存川,여지도서
裵店里,호구총수
裵延洞里,호구총수
裵陽里,호구총수
襄陽,군현역원·역지사지LV3
襟水,역지사지LV3
西一運,역지사지LV3
西一道,역지사지LV3
西一面,호구총수
西三平,역지사지LV3
西三運,역지사지LV3
西三道,역지사지LV3
西三里注之串,호구총수
西三面,호구총수
西上,역지사지LV3
西上江里,호구총수
西上洞,역지사지LV3
西上洞里,호구총수
西上洞面,호구총수
西上端,호구총수
西上里,호구총수
西上面,호구총수
西下,역지사지LV3
西下一作,역지사지LV3
西下下,역지사지LV3
西下下面,호구총수
西下二作,역지사지LV3
西下洞,역지사지LV3
西下洞面,호구총수
西下里,호구총수
西下面,호구총수
西中,역지사지LV3
西中里,호구총수
西中面,호구총수
西串,역지사지LV3
西串里,호구총수
西之,군현역원
西九山里,호구총수
西乭里,호구총수
西二上,역지사지LV3
西二上面,호구총수
西二下,역지사지LV3
西二下面,호구총수
西二山東,역지사지LV3
西二山東面,호구총수
西二度,역지사지LV3
西二社,호구총수
西二運,역지사지LV3
西二道,역지사지LV3
西二面,호구총수
西京浦,여지도서
西京浦里,호구총수
西京里,호구총수
西亭子里,호구총수
西亭里,호구총수
西亭閭,호구총수
西伐桂里,호구총수
西伐里,호구총수
西佐里,호구총수
西作,호구총수
西佳山閭,호구총수
西倉,역지사지LV3
西倉德里,호구총수
西倉里,호구총수
西元平,역지사지LV3
西元平社,호구총수
西先,역지사지LV3
西先面,호구총수
西內,역지사지LV3
西內洞里,호구총수
西內谷里,호구총수
西內面,호구총수
西冷井里,호구총수
西初,역지사지LV3
西初所,역지사지LV3
西初社,호구총수
西別,역지사지LV3
西力里,호구총수
西加,역지사지LV3
西加平,역지사지LV3
西加平社,호구총수
西加洞,역지사지LV3
西加洞坊,호구총수
西化峙,여지도서
西北川,여지도서
西北面,호구총수
西南面,호구총수
西原里,호구총수
西古川,역지사지LV3
西台里,호구총수
西吾禮村,호구총수
西呑里,호구총수
西四面,호구총수
西地莊里,호구총수
西坡,역지사지LV3
西坡里,호구총수
西坪里,호구총수
西城,역지사지LV3
西城里,호구총수
西堀里,호구총수
西堂峰里,호구총수
西場里,호구총수
西士川里,호구총수
西壯里,호구총수
西外里,호구총수
西大,역지사지LV3
西大公,역지사지LV3
西大公里,역지사지LV3
西大公里坊,호구총수
西大川,여지도서
西大谷里,호구총수
西奉,역지사지LV3
西如堤,역지사지LV3
西如堤面,호구총수
西始,역지사지LV3
西始面,호구총수
西學內契,호구총수
西學洞契,호구총수
西宗,역지사지LV3
西官廳,호구총수
西宣德,역지사지LV3
西寺,역지사지LV3
西寺面,호구총수
西小門內契,호구총수
西小門外契,호구총수
西小門越邊契,호구총수
西少爲里,호구총수
西尼,역지사지LV3
西尼面,호구총수
西山,여지도서·역지사지LV3
西山坊,호구총수
西山岳,신증동국여지승람
西山書院里,호구총수
西山村,호구총수
西山里,호구총수
西山面,호구총수
西岐谷,역지사지LV3
西岐谷社,호구총수
西岩,역지사지LV3
西岳里,호구총수
西峯,역지사지LV3
西峯山,호구총수
西峯村,호구총수
西峯部曲,특수구역
西峯面,호구총수
西峰里,호구총수
西峴里,호구총수
西島,역지사지LV3·호구총수
西島里,호구총수
西巖,신증동국여지승람·역지사지LV3
西巖村,호구총수
西川,여지도서·역지사지LV3
西州內,역지사지LV3
西州內面,호구총수
西巡里,호구총수
西巨次里,호구총수
西市巨里,호구총수
西希里,호구총수
西席,역지사지LV3
西平里,호구총수
西幸信里,호구총수
西店里,호구총수
西弓院里,호구총수
西彌勒里,호구총수
西後,역지사지LV3
西後面,호구총수
西得禮村,호구총수
西德里,호구총수
西心灘,여지도서
西忠里,호구총수
西才里,호구총수
西文善士里,호구총수
西新,역지사지LV3
西新坪,호구총수
西新里,역지사지LV3·호구총수
西方山,여지도서
西方洞,호구총수
西方洞里,호구총수
西施洞,호구총수
西施院,역지사지LV3
西施院坊,호구총수
西昇里,호구총수
西明洞里,호구총수
西普通院,군현역원
西月谷里,호구총수
西末村,호구총수
西村,역지사지LV3·호구총수
西村下里,호구총수
西村社,호구총수
西村里,호구총수
西村面,호구총수
西松亭,호구총수
西松亭里,호구총수
西松里,호구총수
西松院里,호구총수
西林,역지사지LV3
西林上里,호구총수
西林村,호구총수
西林池,신증동국여지승람
西林浦,신증동국여지승람
西林里,호구총수
西林面,호구총수
西枝里,호구총수
西栗里,호구총수
西橋里,호구총수
西檢,역지사지LV3
西檢島,여지도서·호구총수
西次南里,호구총수
西歸,역지사지LV3
西歸浦,여지도서
西歸里,호구총수
西毛谷里,호구총수
西水下里,호구총수
西水羅,역지사지LV3
西水羅串,여지도서
西水羅社,호구총수
西水院里,호구총수
西氷一契,호구총수
西氷二契,호구총수
西永登里,호구총수
西江,신증동국여지승람·여지도서·역지사지LV3
西江內一,역지사지LV3
西江內一上,역지사지LV3
西江內一下,역지사지LV3
西江內一面,호구총수
西江內二,역지사지LV3
西江內二上,역지사지LV3
西江內二下,역지사지LV3
西江內二面,호구총수
西江坊,호구총수
西江外一,역지사지LV3
西江外一上,역지사지LV3
西江外一下,역지사지LV3
西江外一面,호구총수
西江外二,역지사지LV3
西江外二上,역지사지LV3
西江外二下,역지사지LV3
西江外二面,호구총수
西江里,호구총수
西江院,군현역원
西池,신증동국여지승람
西沙方閭,호구총수
西沙里,호구총수
西河,역지사지LV3
西河三,역지사지LV3
西河二,역지사지LV3
西河四,역지사지LV3
西泉,역지사지LV3
西泉里,호구총수
西泣嶺,여지도서
西泰,역지사지LV3
西洞,역지사지LV3·호구총수
西洞內,호구총수
西洞里,호구총수
西津江,여지도서
西浦,역지사지LV3
西浦里,호구총수
西海,여지도서·역지사지LV3
西湖,역지사지LV3
西湖亭,호구총수
西湖亭里,호구총수
西湖坊,호구총수
西湖山里,호구총수
西湖村,호구총수
西湖里,호구총수
西溪中里,호구총수
西溪山,여지도서
西火谷坊,호구총수
西炭,역지사지LV3
西烘爐,역지사지LV3
西烘爐里,호구총수
西烘爐面,호구총수
西無等里,호구총수
西牌里,호구총수
西珍里,호구총수
西瓦東邊里,호구총수
西瓦西邊里,호구총수
西甘勿岳,역지사지LV3
西甘勿岳面,호구총수
西生,역지사지LV3
西生里,호구총수
西甫靑,역지사지LV3
西田里,호구총수
西白峴,호구총수
西皮末,호구총수
西目洞里,호구총수
西石川里,호구총수
西石積面,호구총수
西祠宇,호구총수
西祭山,역지사지LV3
西祭山坊,호구총수
西立巖里,호구총수
西篁洞,호구총수
西米洞,호구총수
西終,역지사지LV3
西終面,호구총수
西縣內,역지사지LV3
西縣內面,호구총수
西義貴里,호구총수
西耳山閭,호구총수
西腹里,호구총수
西自谷里,호구총수
西自逸里,호구총수
西臺山,여지도서
西臺山里,호구총수
西臺里,호구총수
西興里,호구총수
西舊上里,호구총수
西良谷,역지사지LV3
西良谷面,호구총수
西艾里,호구총수
西芝,군현역원
西芝里,호구총수
西芳洞里,호구총수
西芿邑島,호구총수
西蓮花,역지사지LV3
西薪坪里,호구총수
西行廊上契,호구총수
西行廊下契,호구총수
西衣洞,호구총수
西觀正里,호구총수
西谿,여지도서
西豊,역지사지LV3
西豊社,호구총수
西豐川,신증동국여지승람
西農里,호구총수
西退湖,역지사지LV3
西退潮,역지사지LV3
西道,역지사지LV3
西道面,호구총수
西達山,여지도서
西達田,호구총수
西遷島,여지도서
西邊,역지사지LV3·호구총수
西邊坊,호구총수
西邊里,호구총수
西邊面,호구총수
西邑,역지사지LV3·호구총수
西邑內,역지사지LV3·호구총수
西邑內面,호구총수
西邑里,호구총수
西郊,여지도서
西部,역지사지LV3·호구총수
西部坊,호구총수
西部村,호구총수
西部義興,역지사지LV3
西部里,호구총수
西部面,호구총수
西酉村,호구총수
西里坊,호구총수
西里面,호구총수
西金剛山,여지도서
西金巖里,호구총수
西金鷄,호구총수
西鉢山,호구총수
西銀泉里,호구총수
西鍾,역지사지LV3
西長里,호구총수
西門,호구총수
西門上里,호구총수
西門下里,호구총수
西門內,호구총수
西門內北里,호구총수
西門內南里,호구총수
西門內州,호구총수
西門內村,호구총수
西門內路上一洞,호구총수
西門內路上三洞,호구총수
西門內路上二洞,호구총수
西門內路下一洞,호구총수
西門內路下二洞,호구총수
西門內里,호구총수
西門外,역지사지LV3·호구총수
西門外村,호구총수
西門外路上一洞,호구총수
西門外路上三洞,호구총수
西門外路上二洞,호구총수
西門外路下一洞,호구총수
西門外路下三洞,호구총수
西門外路下二洞,호구총수
西門外里,호구총수
西門外面,호구총수
西門嶺,여지도서
西門村,호구총수
西門洞,호구총수
西門洞里,호구총수
西門路上里,호구총수
西門路下里,호구총수
西門里,호구총수
西閑,역지사지LV3
西閑峯里,호구총수
西院,역지사지LV3
西院坊,호구총수
西院里,호구총수
西陽山,여지도서
西陽洞,호구총수
西陽里,호구총수
西雙里,호구총수
西雲田,역지사지LV3
西雲閭,호구총수
西面,역지사지LV3·호구총수
西面不動防里,호구총수
西面二度,역지사지LV3·호구총수
西面內丁里,호구총수
西面公須坊,호구총수
西面古內廂里,호구총수
西面嘉禮里,호구총수
西面坊,호구총수
西面大枝里,호구총수
西面大谷里,호구총수
西面孝友洞里,호구총수
西面川內,호구총수
西面德山里,호구총수
西面所旨里,호구총수
西面方下洞里,호구총수
西面東角里,호구총수
西面柳等谷里,호구총수
西面栗界坊,호구총수
西面毛兒里,호구총수
西面池洞里,호구총수
西面漆石里,호구총수
西面漆谷里,호구총수
西面瓦谷里,호구총수
西面瓮井里,호구총수
西面界村里,호구총수
西面當夫里,호구총수
西面禿山里,호구총수
西面西部坊,호구총수
西面豊德里,호구총수
西面軍盆里,호구총수
西面里,호구총수
西面餘背耳里,역지사지LV3
西面餘背耳里坊,호구총수
西面馬谷里,호구총수
西頭里,호구총수
西飛山里,호구총수
西館村,호구총수
西馬,역지사지LV3
西高中里,호구총수
西高山,여지도서
西高川,역지사지LV3
西高川社,호구총수
西高店里,호구총수
西高新里,호구총수
西高遷,역지사지LV3
西鳳里,호구총수
西鴨里,호구총수
西鶴里,호구총수
西鷰湖,호구총수
西鷲巖里,호구총수
西齋里,호구총수
西龍亭里,호구총수
西龜巖,여지도서
要之院里,호구총수
要光,호구총수
要光院,군현역원·호구총수
要光院里,호구총수
要堂,역지사지LV3
要堂面,호구총수
要山里,호구총수
要江院里,호구총수
要洞,호구총수
要站,군현역원
要路院里,호구총수
見一里,호구총수
見乃,역지사지LV3
見乃梁,여지도서
見乃梁院,군현역원
見乃院,군현역원
見乃面,호구총수
見堂里,호구총수
見山,호구총수
見山洞,호구총수
見山里,호구총수
見州,군현역원
見所谷,역지사지LV3
見所谷坊,호구총수
見朴,역지사지LV3
見朴谷,역지사지LV3
見谷,역지사지LV3
見谷面,호구총수
見造山,역지사지LV3
見達山,여지도서
見龍里,호구총수
覓禮里,호구총수
覓美,역지사지LV3
覓美面,호구총수
覓谷里,호구총수
親畊里,호구총수
親禮院,군현역원
覺今里,호구총수
覺心里,호구총수
覺悔谷里,호구총수
覺文,호구총수
覺新里,호구총수
覺氏洞,호구총수
觀上里,호구총수
觀井里,호구총수
觀仙佛里,호구총수
觀佛里,호구총수
觀光,역지사지LV3
觀光坊,호구총수
觀南里,호구총수
觀如山里,호구총수
觀山里,호구총수
觀巖,호구총수
觀平里,호구총수
觀式里,호구총수
觀德,호구총수
觀德亭,호구총수
觀德亭上里,호구총수
觀德亭下里,호구총수
觀德亭里,호구총수
觀德村,호구총수
觀德村里,호구총수
觀德里,호구총수
觀德閭,호구총수
觀惠鄕,특수구역
觀旨洞,호구총수
觀書堂,호구총수
觀水里,호구총수
觀池里,호구총수
觀洞里,호구총수
觀海,역지사지LV3
觀海洞里,호구총수
觀瀾水,여지도서
觀燭里,호구총수
觀田里,호구총수
觀舟,역지사지LV3
觀蓮堂,호구총수
觀解谷所,특수구역
觀豊里,호구총수
觀農村,호구총수
觀遊山里,호구총수
觀閑亭,호구총수
觀革里,호구총수
觀音坊,여지도서
觀音堂,호구총수
觀音山,신증동국여지승람·여지도서
觀音岾,신증동국여지승람
觀音方浦,신증동국여지승람
觀音村,호구총수
觀音洞,호구총수
觀音洞里,호구총수
觀音浦,여지도서
觀音里,호구총수
觀音院,군현역원
觀音院里,호구총수
觀風里,호구총수
觀馬廳里,호구총수
觀魚村里,호구총수
觀魚海里,호구총수
觀魚臺,여지도서
觀魚里,호구총수
角二同,역지사지LV3
角二洞,역지사지LV3
角二洞面,호구총수
角井,호구총수
角公里,호구총수
角初同,역지사지LV3
角初洞,역지사지LV3
角初洞面,호구총수
角北,역지사지LV3
角北面,호구총수
角南,역지사지LV3
角回里,호구총수
角基里,호구총수
角墓鄕,특수구역
角墓鄕里,호구총수
角宗里,호구총수
角山,군현역원·역지사지LV3·호구총수
角山津,신증동국여지승람
角山里,호구총수
角山面,호구총수
角屹里,호구총수
角巖山,여지도서
角巖里,호구총수
角洞,호구총수
角洞里,호구총수
角溪里,호구총수
角秀里,호구총수
角縣內,역지사지LV3
角縣內面,호구총수
角耳島,여지도서·호구총수
角里,호구총수
解北村,역지사지LV3·호구총수
解東村,역지사지LV3·호구총수
解西,역지사지LV3
解西村,역지사지LV3
解西村面,호구총수
解西部,역지사지LV3·호구총수
解顔,역지사지LV3·특수구역
解顔縣,특수구역
言古介,호구총수
言古介里,호구총수
言可坊上里,호구총수
言可坊下里,호구총수
言可坊中里,호구총수
言旨里,호구총수
言目里,호구총수
訓上里,호구총수
訓下里,호구총수
訓中里,호구총수
訓倉契,호구총수
訓戎,역지사지LV3
訓戎社,호구총수
訓鍊廳里,호구총수
訓鍊洞,호구총수
訓鍊里,호구총수
訖串洞,호구총수
訟德里,호구총수
訥丘,호구총수
訥串,호구총수
訥于味里,호구총수
訥于谷里,호구총수
訥仁里,호구총수
訥台谷坊,호구총수
訥堤川,여지도서
訥山村,호구총수
訥島,호구총수
訥文里,호구총수
訥旀里,호구총수
訥玉島,호구총수
訥田洞里,호구총수
訥節里,호구총수
訥老里,호구총수
訥語里,호구총수
訥谷里,호구총수
訥邑次里,호구총수
訥郞里,호구총수
訪仙里,호구총수
訪花山,역지사지LV3
訪鶴里,호구총수
設景里,호구총수
許城里,호구총수
許巨洞里,호구총수
許於里部曲,특수구역
許橋村,호구총수
許沙,역지사지LV3·호구총수
許沙島,여지도서·호구총수
許谷坊,호구총수
許里,호구총수
許門里,호구총수
許項村,호구총수
許項里,호구총수
許項院,군현역원
詠歸亭里,호구총수
詠歸洞里,호구총수
詠歸美,역지사지LV3
詠而亭里,호구총수
詠花亭,호구총수
詩坪里,호구총수
詩士川里,호구총수
詩川村,호구총수
詩洞,호구총수
詩洞里,호구총수
詩禮里,호구총수
誕報廟里,호구총수
語山,특수구역
語山鄕,특수구역
語東里,호구총수
語西里,호구총수
語連川,여지도서
誠信里,호구총수
誠明,역지사지LV3
誠明坊,호구총수
誤渡灘,여지도서
調井,특수구역
調井部曲,특수구역
調亭,호구총수
調水所,특수구역
調海所,특수구역
調豊上里,호구총수
調豊下里,호구총수
調豊中里,호구총수
調豊部曲,특수구역
談沙里,호구총수
論下橋,호구총수
論之洞里,호구총수
論亭里,호구총수
論古介,호구총수
論味里,호구총수
論山,역지사지LV3
論山里,호구총수
論工,역지사지LV3
論工面,호구총수
論知谷里,호구총수
論谷里,호구총수
論長里,호구총수
論香洞里,호구총수
諸仁里,호구총수
諸古,역지사지LV3
諸古谷,역지사지LV3
諸古谷面,호구총수
諸埋谷,호구총수
諸官里,호구총수
諸富洞,호구총수
諸富里,호구총수
諸寶村,호구총수
諸寶里,호구총수
諸島,역지사지LV3·호구총수
諸島里,호구총수
諸島面,호구총수
諸方村,호구총수
諸王山,여지도서
諸谷,역지사지LV3
諸谷里,호구총수
諸非垌,역지사지LV3
諸非洞里,호구총수
諸龜里,호구총수
謁吉里,호구총수
謁贊里,호구총수
謇古里,호구총수
謌謠山,여지도서
講堂里,호구총수
講禮洞,호구총수
講經里,호구총수
講義村,호구총수
謳羅山,여지도서
謹梧桐里,호구총수
證心,호구총수
譯里,호구총수
議政府內契,호구총수
讀書堂里,호구총수
讀書洞,호구총수
谷內里,호구총수
谷南里,호구총수
谷口,군현역원
谷城,군현역원·역지사지LV3
谷城縣,특수구역
谷城里,호구총수
谷安里,호구총수
谷山,군현역원·역지사지LV3
谷州,군현역원
谷店幕里,호구총수
谷所里,호구총수
谷改,호구총수
谷村,호구총수
谷村里,호구총수
谷松,역지사지LV3
谷松里,호구총수
谷松面,호구총수
谷良村部曲,특수구역
谷良里,호구총수
谷里,호구총수
谷銀谷所,특수구역
谷項里,호구총수
豆上,역지사지LV3
豆上里,호구총수
豆上面,호구총수
豆下,역지사지LV3
豆下里,호구총수
豆下院,군현역원
豆下面,호구총수
豆乙古介,호구총수
豆也保,특수구역
豆也保部曲,특수구역
豆亦里,호구총수
豆介谷里,호구총수
豆仍只,특수구역
豆仍只所,특수구역
豆加,특수구역
豆加所,특수구역
豆南里,호구총수
豆原,역지사지LV3
豆原面,호구총수
豆口里,호구총수
豆古里,호구총수
豆只村,호구총수
豆可川,신증동국여지승람
豆叱,역지사지LV3
豆坪,특수구역
豆坪所,특수구역
豆堂里,호구총수
豆士村,호구총수
豆寺,역지사지LV3
豆寺面,호구총수
豆山,역지사지LV3
豆山村,호구총수
豆山洞,역지사지LV3
豆山洞面,호구총수
豆峙,역지사지LV3
豆峙面,호구총수
豆峴里,호구총수
豆巖里,호구총수
豆川,역지사지LV3
豆川里,호구총수
豆川面,호구총수
豆彦台坪,신증동국여지승람
豆新湖村,호구총수
豆方里,호구총수
豆日坊,호구총수
豆易里,호구총수
豆村,역지사지LV3
豆村面,호구총수
豆段島,여지도서
豆毛,역지사지LV3
豆毛坊,호구총수
豆毛山,여지도서
豆毛峙,호구총수
豆毛峴,여지도서
豆毛川,여지도서
豆毛村,특수구역
豆毛村所,특수구역
豆毛洞里,호구총수
豆毛浦,신증동국여지승람·호구총수
豆毛浦契,호구총수
豆毛浦里,호구총수
豆毛致里,호구총수
豆毛谷,역지사지LV3
豆毛谷山,여지도서
豆毛谷里,호구총수
豆毛谷面,호구총수
豆毛赤浦,신증동국여지승람
豆毛里,호구총수
豆毛閭,호구총수
豆池洞里,호구총수
豆池里,호구총수
豆洞,역지사지LV3
豆洞坊,호구총수
豆海汀里,호구총수
豆滿江,여지도서
豆王堂里,호구총수
豆用洞,역지사지LV3
豆用洞坊,호구총수
豆田,역지사지LV3
豆田里,호구총수
豆田面,호구총수
豆石山,여지도서
豆石里,호구총수
豆磨,역지사지LV3
豆磨川,여지도서
豆磨面,호구총수
豆羅只,호구총수
豆老島,여지도서
豆老弄院,군현역원
豆落里,호구총수
豆衣,역지사지LV3
豆衣谷,역지사지LV3·호구총수
豆衣谷面,호구총수
豆谷,군현역원·역지사지LV3
豆谷村,호구총수
豆谷里,호구총수
豆谷面,호구총수
豆豆里川,신증동국여지승람
豆輩村,호구총수
豆邑介山,신증동국여지승람
豆里山,신증동국여지승람·여지도서
豆里山里,호구총수
豆里浦村,호구총수
豆錫洞契,호구총수
豆音伐峙,여지도서
豆音伐里,호구총수
豆音山,여지도서
豆音峴院,군현역원
豆音嶺院,군현역원
豆音洞里,호구총수
豆音浦,여지도서
豆音谷里,호구총수
豆驗川,여지도서
豆驗達里,호구총수
豆麻峴里,호구총수
豊上,역지사지LV3
豊上洞,호구총수
豊下,역지사지LV3
豊下洞,호구총수
豊之串,호구총수
豊井,역지사지LV3
豊井里,호구총수
豊亭里,호구총수
豊北,역지사지LV3
豊北面,호구총수
豊南,역지사지LV3
豊南面,호구총수
豊吉里,호구총수
豊坪里,호구총수
豊基,군현역원·역지사지LV3
豊基里,호구총수
豊堤廢縣,특수구역
豊壤,역지사지LV3
豊壤部曲,특수구역
豊安,특수구역
豊安廢縣,특수구역
豊安里,호구총수
豊山,역지사지LV3
豊山里,호구총수
豊巖里,호구총수
豊川,군현역원·역지사지LV3
豊川里,호구총수
豊年洞里,호구총수
豊德,군현역원·역지사지LV3
豊德洞閭,호구총수
豊德里,호구총수
豊德閭,호구총수
豊所里,호구총수
豊村,역지사지LV3
豊東,역지사지LV3
豊東面,호구총수
豊樂山,여지도서
豊歲,역지사지LV3
豊泉里,호구총수
豊洞,호구총수
豊海,역지사지LV3
豊溪,역지사지LV3
豊濟院,군현역원
豊瑞,역지사지LV3
豊田,역지사지LV3
豊田坊,호구총수
豊田里,호구총수
豊縣內,역지사지LV3·호구총수
豊美里,호구총수
豊興里,호구총수
豊西,역지사지LV3
豊西里,호구총수
豊西面,호구총수
豊角,역지사지LV3
豊谷,역지사지LV3
豊鄕里,호구총수
豊陽,역지사지LV3
豊陽里,호구총수
豊面,호구총수
豊黔巖,호구총수
豊樂山,여지도서
豐山,군현역원
豐山川,신증동국여지승람
豐川,군현역원
豐州,군현역원
豐歲,군현역원
豐田,군현역원
豐陽,군현역원
豚道頭浦,신증동국여지승람
象德,역지사지LV3
象浦里,호구총수
象王山,세종실록지리지·신증동국여지승람·여지도서
象頭山,여지도서
象頭里,호구총수
豫州,군현역원
豹頭,호구총수
豺狼里,호구총수
貂上里,호구총수
貝葉洞川,여지도서
貞善,역지사지LV3
貞善坊,호구총수
貞峯里,호구총수
貞州,군현역원
貞德,군현역원
貞村里,호구총수
貞松,역지사지LV3·특수구역
貞松面,호구총수
貞民,군현역원
貞洞里,호구총수
貞石,역지사지LV3·특수구역
貞石部曲,특수구역
貞石里,호구총수
貞石面,호구총수
貞美,역지사지LV3
貞良洞,호구총수
貞里,호구총수
負兒山,여지도서
負板里,호구총수
負鶴里,호구총수
財巖,여지도서
財田,역지사지LV3
財田社,호구총수
財田里,호구총수
貢司洞,호구총수
貢士里,호구총수
貢牙,특수구역
貢牙部曲,특수구역
貢稅村,호구총수
貢稅洞,호구총수
貢稅洞里,호구총수
貢進里,호구총수
貢鄕,역지사지LV3
貫子洞契,호구총수
貫寺院,군현역원
貫島,신증동국여지승람
貫巖里,호구총수
貫川院,군현역원
貫松里,호구총수
貫革登,호구총수
貫革里,호구총수
貯福川,여지도서
貳於峴里,호구총수
貴上,역지사지LV3
貴上里,호구총수
貴下,역지사지LV3
貴井里,호구총수
貴仁,특수구역
貴仁一洞,호구총수
貴仁二洞,호구총수
貴仁部曲,특수구역
貴來,역지사지LV3
貴出泉,여지도서
貴城,역지사지LV3
貴存里,호구총수
貴宗里,호구총수
貴密里,호구총수
貴山里,호구총수
貴巖,호구총수
貴巖里,호구총수
貴彛,역지사지LV3
貴日,역지사지LV3
貴日洞,호구총수
貴日縣,특수구역
貴日里,호구총수
貴日面,호구총수
貴旨里,호구총수
貴明洞里,호구총수
貴智部曲,특수구역
貴林,역지사지LV3
貴林串,신증동국여지승람·역지사지LV3
貴林串坊,호구총수
貴林里,호구총수
貴格洞里,호구총수
貴樂里,호구총수
貴永洞,호구총수
貴知部曲,특수구역
貴羅里,호구총수
貴耳洞,역지사지LV3
貴谷村,호구총수
貴谷里,호구총수
貴路里,호구총수
貴達里,호구총수
貴邊洞里,호구총수
貴龍里,호구총수
買乃鄕,특수구역
買乙彌,역지사지LV3
買吐,특수구역
買吐川,여지도서
買吐部曲,특수구역
買洞,호구총수
買浦,특수구역
買浦津,여지도서
買田,군현역원
買田部曲,특수구역
買田里,호구총수
賀天山,여지도서
資可谷,역지사지LV3
資可谷里,호구총수
資已,특수구역
資已所,특수구역
資所里,호구총수
資盃岳,여지도서
資莊潭,여지도서
賈下部曲,특수구역
賑恤廳契,호구총수
賓大,호구총수
賓巖里,호구총수
賓延里,호구총수
賓月山里,호구총수
賜給坪,호구총수
賢倉里,호구총수
賢聖山,여지도서
賢興里,호구총수
賢都,역지사지LV3
赤下里,호구총수
赤中,역지사지LV3
赤九里,호구총수
赤余,역지사지LV3
赤佛,호구총수
赤佳谷里,호구총수
赤冗,군현역원
赤加味里,호구총수
赤南里,호구총수
赤古介里,호구총수
赤只洞,호구총수
赤只里,호구총수
赤叱島,여지도서
赤吉里,호구총수
赤城,역지사지LV3·특수구역
赤城山,여지도서
赤城廢縣,특수구역
赤城村,호구총수
赤城津,여지도서
赤城里,호구총수
赤城院,군현역원
赤城面,호구총수
赤埏,역지사지LV3
赤堤里,호구총수
赤壁,여지도서
赤壁里,호구총수
赤寺谷,역지사지LV3
赤寺谷面,호구총수
赤山,여지도서
赤山里,호구총수
赤岩,역지사지LV3
赤峙里,호구총수
赤峴,신증동국여지승람·여지도서·역지사지LV3
赤峴面,호구총수
赤島,여지도서
赤嶺里,호구총수
赤巖,여지도서·역지사지LV3·호구총수
赤巖坊,호구총수
赤巖鄕,특수구역
赤巖里,호구총수
赤巖面,호구총수
赤川,여지도서
赤川院,군현역원
赤巨里,호구총수
赤布,역지사지LV3
赤布村,호구총수
赤布面,호구총수
赤延,역지사지LV3
赤德南川,여지도서
赤德里,호구총수
赤斤山,여지도서
赤旨村,호구총수
赤旨里,호구총수
赤木里,호구총수
赤村,역지사지LV3
赤村坊,호구총수
赤松,역지사지LV3
赤松里,호구총수
赤梁,여지도서·역지사지LV3
赤梁里,호구총수
赤池,여지도서
赤洞,역지사지LV3
赤洞里,호구총수
赤洞面,호구총수
赤津里,호구총수
赤火,역지사지LV3
赤火峴,역지사지LV3
赤火谷,호구총수
赤爾島,호구총수
赤田,역지사지LV3
赤田川,여지도서
赤田社,호구총수
赤田里,호구총수
赤田面,호구총수
赤界洞,호구총수
赤界里,호구총수
赤登津,여지도서
赤石里,호구총수
赤石里坊,호구총수
赤硯海里,호구총수
赤硯里,호구총수
赤礗岩,여지도서
赤筒池,여지도서
赤答,역지사지LV3
赤良,역지사지LV3·특수구역
赤良土,역지사지LV3
赤良土面,호구총수
赤良部曲,특수구역
赤良里,호구총수
赤良面,호구총수
赤裳,역지사지LV3
赤裳山,여지도서
赤谷,역지사지LV3
赤谷所,특수구역
赤谷村,호구총수
赤谷里,호구총수
赤谷面,호구총수
赤近里,호구총수
赤長里,호구총수
赤雲里,호구총수
赤頂,군현역원
赤項,군현역원
赤項里,호구총수
赤鮑里,호구총수
赤鼠里,호구총수
走山里,호구총수
走峙里,호구총수
走畓里,호구총수
走防里,호구총수
赴戰嶺,신증동국여지승람
起亭里,호구총수
起南村,호구총수
起洞里,호구총수
起福洞,호구총수
起龍村,호구총수
起龍淵,여지도서
起龍里,호구총수
超塵,군현역원
越亭,호구총수
越化龍里,호구총수
越境里,호구총수
越峙村,호구총수
越川里,호구총수
越村,호구총수
越村里,호구총수
越橋里,호구총수
越江口海里,호구총수
越江口里,호구총수
越江里,호구총수
越浦里,호구총수
越知里,호구총수
越西化里,호구총수
越里,호구총수
趍揖山,여지도서
趙哥洞里,호구총수
趙承坡里,호구총수
趙歌村,호구총수
趙甘里,호구총수
趙興里,호구총수
足橋里,호구총수
路上,역지사지LV3
路上洞,호구총수
路上洞內,호구총수
路上里,호구총수
路上面,호구총수
路下,역지사지LV3
路下洞,호구총수
路下洞內,호구총수
路下里,호구총수
路下面,호구총수
路井里,호구총수
路亭里,호구총수
路前里,호구총수
路北里,호구총수
路東里,호구총수
路洞反浦,신증동국여지승람
路洞里,호구총수
路西里,호구총수
路邊,호구총수
路邊里,호구총수
踏十里契,호구총수
踏印岳,여지도서
踏溪,군현역원
踏溪里,호구총수
踏界里,호구총수
踏錢,역지사지LV3
踏錢面,호구총수
踏風里,호구총수
踰頭幕嶺,여지도서
蹄村,역지사지LV3·특수구역
蹄村部曲,특수구역
蹄村面,호구총수
蹄灘里,호구총수
蹄閑,군현역원
蹄閑村,호구총수
蹲巖里,호구총수
身北,역지사지LV3
身北面,호구총수
身南,역지사지LV3
身南面,호구총수
身峙里,호구총수
身島,신증동국여지승람
身彌,역지사지LV3
身彌島,신증동국여지승람
身村邑內,역지사지LV3
身東,역지사지LV3
身東面,호구총수
身東面外,역지사지LV3
身東面外洞,호구총수
身西,역지사지LV3
躬耕,역지사지LV3
躬耕部曲,특수구역
躬耕面,호구총수
軆岾山,여지도서
車上里,호구총수
車余里,호구총수
車南里,호구총수
車坪洞,호구총수
車垈里,호구총수
車子里契,호구총수
車山浦,여지도서
車山里,호구총수
車峙里,호구총수
車峴,신증동국여지승람·역지사지LV3
車峴里,호구총수
車崇里,호구총수
車嶺,여지도서·역지사지LV3
車嶺里,호구총수
車嶺院,군현역원
車店里,호구총수
車書,역지사지LV3
車書社,호구총수
車洞,호구총수
車洞里,호구총수
車灘,여지도서
車破里,호구총수
車衣上鄕,특수구역
車衣上里,호구총수
車衣峴,신증동국여지승람·여지도서
車衣川,여지도서
車衣村,호구총수
車衣洞,호구총수
車衣浦,신증동국여지승람·특수구역
車衣浦所,특수구역
車衣谷,역지사지LV3
車衣谷面,호구총수
車越里,호구총수
車踰山,신증동국여지승람
車踰峴,신증동국여지승람·여지도서
車踰嶺,신증동국여지승람·여지도서
車踰洞,호구총수
車踰津,호구총수
車踰里,호구총수
車踰院,군현역원
車輦,군현역원
車輸院,군현역원
車院里,호구총수
車面里,호구총수
車馬坪下新里,호구총수
車馬坪里,호구총수
車馬洞,호구총수
車馬洞里,호구총수
車馬谷里,호구총수
車黃,역지사지LV3
軍上里,호구총수
軍下里,호구총수
軍于里,호구총수
軍令村,호구총수
軍令里,호구총수
軍入村,호구총수
軍入里浦,여지도서
軍勿里,호구총수
軍器寺越邊契,호구총수
軍器洞里,호구총수
軍器里,호구총수
軍地浦里,호구총수
軍坪村,호구총수
軍坪里,호구총수
軍大洞,호구총수
軍威,군현역원·역지사지LV3
軍守里,호구총수
軍岱山,여지도서
軍川,호구총수
軍幕洞里,호구총수
軍月山,여지도서
軍民安撫使府,특수구역
軍營,역지사지LV3
軍營浦,호구총수
軍營里,호구총수
軍盆,역지사지LV3
軍知,군현역원
軍知部曲,특수구역
軍砲院,군현역원
軍粮洞,호구총수
軍粮洞里,호구총수
軍粮谷,역지사지LV3
軍粮里,호구총수
軍舟里,호구총수
軍良谷,역지사지LV3
軍良谷坊,호구총수
軍莊山,여지도서
軍莊村,호구총수
軍莊里,호구총수
軍莊閭,호구총수
軍裝里,호구총수
軍谷里,호구총수
軍踰嶺,여지도서
軍踰嶺里,호구총수
軍長洞,호구총수
軍陳里,호구총수
軍隱里,호구총수
軒門里,호구총수
載寧,역지사지LV3
載嶽山,여지도서
載陽,특수구역
載靈山,여지도서
載領里,호구총수
載寧,군현역원
輔德村,호구총수
輝永里,호구총수
輪山,군현역원
輪火里,호구총수
輸城,군현역원
轅門里,호구총수
轉月山,여지도서
轎洞里,호구총수
辛亨孫契,호구총수
辛來峰,여지도서
辛山里,호구총수
辰井上里,호구총수
辰井中里,호구총수
辰山里,호구총수
辰峴里,호구총수
辰川里,호구총수
辰方里,호구총수
辰梯浦,신증동국여지승람
辰橋,역지사지LV3
辰橋村,호구총수
辰浦,여지도서
辰穴,역지사지LV3
辰穴面,호구총수
辰谷里,호구총수
辰韓六部,특수구역
辰頭,역지사지LV3
辰頭面,호구총수
農事洞,호구총수
農事洞里,호구총수
農事里,호구총수
農圃,역지사지LV3
農圃川,여지도서
農圃社,호구총수
農坪里,호구총수
農基,호구총수
農山,역지사지LV3
農巖,호구총수
農巖里,호구총수
農幕,호구총수
農幕里,호구총수
農建里,호구총수
農所,역지사지LV3·호구총수
農所上里,호구총수
農所下里,호구총수
農所幕村,호구총수
農所幕里,호구총수
農所村,호구총수
農所洞里,호구총수
農所浦里,호구총수
農所里,호구총수
農所面,호구총수
農星里,호구총수
農村,호구총수
農村里,호구총수
農東,역지사지LV3
農洞里,호구총수
農源里,호구총수
農耕洞川,여지도서
農耕洞里,호구총수
農西,역지사지LV3
農谷里,호구총수
農谷閭,호구총수
迂山里,호구총수
迂川里,호구총수
迎勝村,호구총수
迎命,역지사지LV3
迎命鄕,특수구역
迎和,군현역원
迎德,군현역원
迎支院,군현역원
迎曙,군현역원
迎津浦,신증동국여지승람
迎草,역지사지LV3
迎華,군현역원
迎賓亭里,호구총수
迎賓院,군현역원
迎香,군현역원
近一,역지사지LV3
近一二,역지사지LV3
近一道,역지사지LV3
近一面,호구총수
近三,역지사지LV3
近三道,역지사지LV3
近三面,호구총수
近二,역지사지LV3
近二面,호구총수
近內洞,호구총수
近北,역지사지LV3
近北面,호구총수
近南,역지사지LV3
近南面,호구총수
近右,역지사지LV3
近右面,호구총수
近奇里,호구총수
近山洞,호구총수
近川里,호구총수
近左,역지사지LV3
近左面,호구총수
近平里,호구총수
近德,역지사지LV3
近德面,호구총수
近東,역지사지LV3
近東面,호구총수
近沙谷閭,호구총수
近珠,군현역원
近珠里,호구총수
近皆部曲,특수구역
近興,역지사지LV3
近西,역지사지LV3
近西面,호구총수
近長里,호구총수
返禽坊,호구총수
迤田里,호구총수
迦智山,신증동국여지승람
迦遯里,호구총수
迦葉山,여지도서
迦葉山下流,여지도서
迪可里,호구총수
迪果,역지사지LV3
迪果坊,호구총수
迫谷里,호구총수
迭峙,여지도서
迭田,역지사지LV3
述北里,호구총수
述只,역지사지LV3
述只里,호구총수
述只面,호구총수
述山里,호구총수
述浦村,호구총수
述浦海村,호구총수
述肥里,호구총수
述谷,역지사지LV3
述谷里,호구총수
述谷面,호구총수
迲古介里,호구총수
迲本里,호구총수
迲村處,특수구역
迲林,역지사지LV3
迴郊,군현역원
追山,여지도서
追水里,호구총수
追谷,역지사지LV3
追谷里,호구총수
追風,군현역원
退來里,호구총수
退南里,호구총수
退山里,호구총수
退川,역지사지LV3
退川面,호구총수
退村,역지사지LV3
退村里,호구총수
退村面,호구총수
退洞里,호구총수
退溪,여지도서
退溪里,호구총수
退潮,역지사지LV3
退潮社,호구총수
退灘里,호구총수
退羅山,여지도서
退老里,호구총수
退致洞內,호구총수
退谷所,특수구역
退谷部曲,특수구역
退踰里,호구총수
退項里,호구총수
退餘院,군현역원
送迎亭,호구총수
逇上里,호구총수
逍遙山,세종실록지리지·여지도서
這浦里,호구총수
通丁里,호구총수
通乃里,호구총수
通亂洞里,호구총수
通仙,역지사지LV3
通伏里,호구총수
通化,군현역원
通口,역지사지LV3
通口里,호구총수
通堰,군현역원
通士洞,호구총수
通安里,호구총수
通山,군현역원
通山新里,호구총수
通山里,호구총수
通川,군현역원·여지도서·역지사지LV3
通川里,호구총수
通德,군현역원
通德山,여지도서
通德川,여지도서
通德里,호구총수
通明,군현역원
通明山,여지도서
通明洞,호구총수
通朴洞,호구총수
通梨院,군현역원
通歧,군현역원
通氣,역지사지LV3
通氣社,호구총수
通波,군현역원
通洋倉里,호구총수
通洋浦,신증동국여지승람·여지도서
通洑浦,여지도서
通洞里,호구총수
通津,군현역원
通海,역지사지LV3
通海廢縣,특수구역
通海面,호구총수
通湖,역지사지LV3
通溝,역지사지LV3·특수구역
通溝縣,특수구역
通溝面,호구총수
通漢,역지사지LV3
通漢坊,호구총수
通濟院,군현역원
通義,군현역원
通谷,군현역원
通路,군현역원
通道,군현역원
通達,군현역원
通達山,여지도서
通陽,군현역원
速內,역지사지LV3
速外,역지사지LV3
速外五里,호구총수
速達,역지사지LV3
速達坊,호구총수
速達山,여지도서
速達里,호구총수
速陽,군현역원
造中水里,호구총수
造乃洞,호구총수
造乙田里,호구총수
造乙田面,호구총수
造今津里,호구총수
造介洞,호구총수
造仙洞,호구총수
造元洞,호구총수
造土津,호구총수
造奇巖里,호구총수
造尺山里,호구총수
造山,역지사지LV3
造山亭,호구총수
造山村,역지사지LV3
造山洞,호구총수
造山浦,여지도서
造山社,호구총수
造山藪,여지도서
造山里,호구총수
造山閭,호구총수
造幕洞,호구총수
造村,역지사지LV3
造村面,호구총수
造橋村,역지사지LV3·호구총수
造泡幕,호구총수
造溪洞里,호구총수
造皮川里,호구총수
造砲里,호구총수
造紙署契,호구총수
造紙部曲,특수구역
造興里,호구총수
造開谷里,호구총수
逢村,역지사지LV3
逢臺,호구총수
連一契,호구총수
連三契,호구총수
連丑洞里,호구총수
連丘,호구총수
連二契,호구총수
連亨閭,호구총수
連倉,군현역원·역지사지LV3
連倉驛,호구총수
連化洞里,호구총수
連原,군현역원
連原洞,호구총수
連同,군현역원
連命浦里,호구총수
連坪里,호구총수
連城,군현역원
連天里,호구총수
連孝里,호구총수
連宗里,호구총수
連寺,역지사지LV3
連山,역지사지LV3·특수구역
連山部曲,특수구역
連山里,호구총수
連峯,군현역원
連峯洞,호구총수
連峯里,호구총수
連峰里,호구총수
連島里,호구총수
連巖里,호구총수
連川,역지사지LV3
連川社,호구총수
連德山,세종실록지리지
連新里,호구총수
連毛老里,호구총수
連水洞,호구총수
連沙洞里,호구총수
連洞,군현역원
連洞里,호구총수
連浦,역지사지LV3
連浦社,호구총수
連源,군현역원
連珠洞,호구총수
連珠洞里,호구총수
連珠里,호구총수
連登里,호구총수
連谷,역지사지LV3·특수구역
連谷村,호구총수
連谷縣,특수구역
連谷里,호구총수
連谷面,호구총수
連貫里,호구총수
連踰幕村,호구총수
連鄕,군현역원
連龜山,세종실록지리지
進上洞,호구총수
進串地里,호구총수
進台村,호구총수
進士峯,신증동국여지승람
進士橋里,호구총수
進士洞里,호구총수
進士里,호구총수
進峙里,호구총수
進峴里,호구총수
進支里,호구총수
進樂山,여지도서
進永,역지사지LV3
進永里,호구총수
進目島,호구총수
進祥里,호구총수
進福里,호구총수
進禮,역지사지LV3·특수구역·호구총수
進禮山,여지도서
進禮部曲,특수구역
進禮里,호구총수
進禮面,호구총수
進谷洞,호구총수
進賢,군현역원
進鳳,역지사지LV3
進鳳山,세종실록지리지·여지도서
逸臥里,호구총수
逸院,호구총수
逸龍村,호구총수
遁基里,호구총수
遁村洞,호구총수
遁退里,호구총수
遂仁,군현역원
遂安,군현역원·역지사지LV3
遂寧,특수구역
遂寧川,신증동국여지승람
遂寧廢縣,특수구역
遇慶里,호구총수
遇溪里,호구총수
遊城里,호구총수
遊山,역지사지LV3
遊山里,호구총수
遊山面,호구총수
遊巖面,호구총수
遊漁,역지사지LV3
遊長,역지사지LV3
遊長面,호구총수
遊閭,호구총수
運禮藪,여지도서
運禮里,호구총수
運糧浦,여지도서
運餉浦,여지도서
過驛,역지사지LV3
過龍山,여지도서
遏雲山,여지도서
道一,역지사지LV3
道一面,호구총수
道三里,호구총수
道上,역지사지LV3
道上村,호구총수
道上里,호구총수
道上面,호구총수
道下,역지사지LV3
道下一運,역지사지LV3
道下二運,역지사지LV3
道下村,호구총수
道下里,호구총수
道下面,호구총수
道丘里,호구총수
道中里,호구총수
道乙介,역지사지LV3
道乙介面,호구총수
道也味里,호구총수
道也村,호구총수
道也洞,호구총수
道也里,호구총수
道井上里,호구총수
道井里,호구총수
道京里,호구총수
道代里,호구총수
道伊洞,호구총수
道伊道里,호구총수
道伏里,호구총수
道余洞,호구총수
道俗里,호구총수
道傍洞,호구총수
道先,역지사지LV3
道內,역지사지LV3
道內面,호구총수
道化,역지사지LV3·특수구역
道化廢縣,특수구역
道化面,호구총수
道北,역지사지LV3
道北里,호구총수
道南,역지사지LV3·호구총수
道南里,호구총수
道及洞里,호구총수
道古里,호구총수
道古頭,호구총수
道只谷里,호구총수
道吐,호구총수
道吐里,호구총수
道呑里,호구총수
道味里,호구총수
道哲里,호구총수
道善,역지사지LV3·호구총수
道善部曲,특수구역
道善面,호구총수
道圓浦,여지도서
道土里,호구총수
道坪里,호구총수
道垌里,호구총수
道城,역지사지LV3
道城里,호구총수
道城面,호구총수
道基里,역지사지LV3·호구총수
道基里面,호구총수
道場淵,신증동국여지승람
道場里,호구총수
道境里,호구총수
道士里,호구총수
道壯洞,호구총수
道壯洞里,호구총수
道壯里,호구총수
道夜里,호구총수
道大里,호구총수
道安,역지사지LV3
道安山,여지도서
道安里,호구총수
道家山,여지도서
道寬里,호구총수
道寶里,호구총수
道山,역지사지LV3
道山川,여지도서
道山村,호구총수
道山里,호구총수
道岑里,호구총수
道岩,역지사지LV3
道峙里,호구총수
道峯山,여지도서
道峯里,호구총수
道峰里,호구총수
道峴里,호구총수
道島,호구총수
道巖,역지사지LV3
道巖洞,호구총수
道巖里,호구총수
道巖面,호구총수
道川,여지도서·역지사지LV3
道川方里,호구총수
道川里,호구총수
道巨有島,신증동국여지승람
道庄洞里,호구총수
道廳里,호구총수
道弄,호구총수
道弄洞閭,호구총수
道引洞,호구총수
道德山,세종실록지리지·여지도서
道德村,호구총수
道德洞,호구총수
道德里,호구총수
道所,역지사지LV3
道接里,호구총수
道敦里,호구총수
道斤里,호구총수
道新村,호구총수
道新里,호구총수
道方里,호구총수
道日村,호구총수
道昌里,호구총수
道明里,호구총수
道暮里,호구총수
道月巖里,호구총수
道月里,호구총수
道有洞,호구총수
道李谷,호구총수
道村,역지사지LV3·호구총수
道村里,호구총수
道村面,호구총수
道東,역지사지LV3
道東里,호구총수
道林,역지사지LV3·호구총수
道林亭,호구총수
道林村,호구총수
道林洞,호구총수
道林里,호구총수
道林面,호구총수
道民,특수구역
道民部曲,특수구역
道江里,호구총수
道沙,역지사지LV3
道沙面,호구총수
道波里,호구총수
道洞,역지사지LV3·호구총수
道洞北里,호구총수
道洞南里,호구총수
道洞山,여지도서
道洞廢縣,특수구역
道洞村,호구총수
道洞里,호구총수
道津里,호구총수
道深,군현역원
道深里,호구총수
道淵上里,호구총수
道淵下里,호구총수
道淸里,호구총수
道湖里,호구총수
道溝,역지사지LV3
道溪,호구총수
道溪村,호구총수
道溪里,호구총수
道濟院,군현역원
道理,역지사지LV3
道理山里,호구총수
道理村,호구총수
道理洞,호구총수
道生里,호구총수
道用,역지사지LV3
道用面,호구총수
道甫村,호구총수
道田村,호구총수
道發里,호구총수
道知,특수구역
道知谷,호구총수
道知鄕,특수구역
道砂,역지사지LV3
道節里,호구총수
道納里,호구총수
道美川,여지도서
道美洞,호구총수
道習山,여지도서
道老浦里,호구총수
道老里,호구총수
道興里,호구총수
道草味里,호구총수
道草山,여지도서
道莊,역지사지LV3
道莊仇里,호구총수
道莊村,호구총수
道莊洞,호구총수
道莊浦里,호구총수
道莊里,호구총수
道萬浦,여지도서
道萬里,호구총수
道藏巖里,호구총수
道藏村,호구총수
道藏洞,호구총수
道訪里,호구총수
道說洞,호구총수
道講,역지사지LV3
道講面,호구총수
道謝,역지사지LV3
道谷,역지사지LV3
道谷里,호구총수
道谷面,호구총수
道豆音谷里,호구총수
道贊村,호구총수
道贊里,호구총수
道車衣峴,여지도서
道連坪里,호구총수
道道尾里,호구총수
道道里岳,신증동국여지승람
道達里,호구총수
道郞堂里,호구총수
道郞里,호구총수
道里,역지사지LV3·호구총수
道里山,호구총수
道里山里,호구총수
道里村,호구총수
道里洞,호구총수
道里浦里,호구총수
道里面,호구총수
道長,역지사지LV3
道長里,호구총수
道門,역지사지LV3
道門面,호구총수
道開,역지사지LV3·특수구역
道開村,호구총수
道開部曲,특수구역
道開里,호구총수
道開面,호구총수
道陽,역지사지LV3·특수구역
道陽廢縣,특수구역
道陽洞,호구총수
道陽里,호구총수
道陽面,호구총수
道隆,역지사지LV3
道鞭川,여지도서
道音巖里,호구총수
道音田,호구총수
道音谷里,호구총수
道項村,호구총수
道頭里,호구총수
道顧尾里,호구총수
道養堂里,호구총수
道馬橋,호구총수
道高,역지사지LV3
道高山,세종실록지리지·여지도서
道龍里,호구총수
達下里,호구총수
達中里,호구총수
達串里,호구총수
達五里,호구총수
達仇味里,호구총수
達吉坊,호구총수
達吉里,호구총수
達地,호구총수
達城山,여지도서
達城里,호구총수
達孝,군현역원
達山,여지도서·역지사지LV3
達山村,호구총수
達山里,호구총수
達島,호구총수
達川,여지도서·역지사지LV3·호구총수
達川山,여지도서
達川津,여지도서
達川里,호구총수
達川閭,호구총수
達川面,호구총수
達巷里,호구총수
達往山,신증동국여지승람
達摩山,신증동국여지승람·여지도서
達方,호구총수
達村里,호구총수
達池村,호구총수
達洞,호구총수
達洞里,호구총수
達浦里,호구총수
達淵里,호구총수
達湖村,호구총수
達溪,군현역원·호구총수
達溪川,여지도서
達溪里,호구총수
達滿,군현역원
達烏村部曲,특수구역
達牙里,호구총수
達甘里,호구총수
達田,역지사지LV3·호구총수
達田村,호구총수
達田里,호구총수
達目里,호구총수
達磨山,여지도서
達老山,여지도서
達西,역지사지LV3
達覺山,세종실록지리지·여지도서
達角山,여지도서
達道,신증동국여지승람
達里,역지사지LV3·호구총수
達里島,호구총수
達閭洞,호구총수
達音浦鄕,특수구역
達魯花赤府,특수구역
遙安,군현역원
遜志洞,호구총수
遜睦村,호구총수
遜谷里,호구총수
遠一,역지사지LV3
遠一導,역지사지LV3
遠一道,역지사지LV3
遠一面,호구총수
遠三,역지사지LV3
遠三道,역지사지LV3
遠三面,호구총수
遠之牧里,호구총수
遠二,역지사지LV3
遠二導,역지사지LV3
遠二面,호구총수
遠井村,호구총수
遠井洞,호구총수
遠井里,호구총수
遠北,역지사지LV3
遠北面,호구총수
遠南,역지사지LV3
遠南面,호구총수
遠又尔,역지사지LV3
遠又爾,역지사지LV3
遠又爾面,호구총수
遠地里,호구총수
遠垈里,호구총수
遠城,역지사지LV3
遠城三,역지사지LV3
遠城二,역지사지LV3
遠城坊,호구총수
遠天里,호구총수
遠山,역지사지LV3
遠山村,호구총수
遠山里,호구총수
遠德,역지사지LV3
遠德里,호구총수
遠志山,여지도서
遠志村里,호구총수
遠東,역지사지LV3
遠東面,호구총수
遠林,역지사지LV3
遠梁,역지사지LV3
遠津里,호구총수
遠浦里,호구총수
遠田里,호구총수
遠矣谷,역지사지LV3
遠花村里,호구총수
遠草洞,호구총수
遠西,역지사지LV3
遠西面,호구총수
遠西面一導,역지사지LV3·호구총수
遠西面二導,역지사지LV3·호구총수
遠谷里,호구총수
遠通里,호구총수
遠遠里,호구총수
遠院里,호구총수
遠黃里,호구총수
遮外里,호구총수
遮川仇味里,호구총수
遮日峯,여지도서
遮歸岳,여지도서
遮歸浦,신증동국여지승람
遮湖,역지사지LV3
遯浦,여지도서
遯溪里,호구총수
遯里,호구총수
遷下,역지사지LV3
遷下面,호구총수
遷之洞,호구총수
遷亭里,호구총수
遷善里,호구총수
遺豊里,호구총수
遼東,세종실록지리지
避老里,호구총수
避莧里,호구총수
邀仙堂里,호구총수
邀聖山,여지도서
邁谷,역지사지LV3·호구총수
邁谷面,호구총수
還中里,호구총수
還城村,호구총수
還大里,호구총수
還德村,호구총수
還歸,역지사지LV3
還歸里,호구총수
還豊里,호구총수
邊亭里,호구총수
邊山,세종실록지리지·여지도서
邊村,호구총수
邊洞,호구총수
邊頭里,호구총수
邑三,역지사지LV3
邑上洞,호구총수
邑上里,호구총수
邑下,역지사지LV3
邑下洞,호구총수
邑下里,호구총수
邑中里,호구총수
邑仇味,호구총수
邑仇味里,호구총수
邑內,군현역원·역지사지LV3·호구총수
邑內上洞,호구총수
邑內上洞內,호구총수
邑內下洞,호구총수
邑內北,역지사지LV3
邑內北面,호구총수
邑內南,역지사지LV3
邑內南面,호구총수
邑內坊,호구총수
邑內村,호구총수
邑內東,호구총수
邑內東邊,역지사지LV3
邑內東邊面,호구총수
邑內東里,역지사지LV3
邑內東里面,호구총수
邑內洞,호구총수
邑內西,역지사지LV3
邑內西邊,호구총수
邑內西邊里,호구총수
邑內西里,역지사지LV3
邑內西里面,호구총수
邑內西面,호구총수
邑內里,호구총수
邑內面,호구총수
邑前浦里,호구총수
邑北,역지사지LV3
邑北梁永面,호구총수
邑北茂溪面,호구총수
邑北豊面,호구총수
邑北面,호구총수
邑北龍面,호구총수
邑南,역지사지LV3
邑南上面,호구총수
邑南下面,호구총수
邑南延社面,호구총수
邑南延面,호구총수
邑南漁南面,호구총수
邑南漁社面,호구총수
邑四部,역지사지LV3
邑城故址,특수구역
邑外,역지사지LV3
邑川,신증동국여지승람·여지도서
邑村,호구총수
邑東,역지사지LV3
邑東上東面,호구총수
邑東下東面,호구총수
邑東海面,호구총수
邑東邊里,호구총수
邑東里,호구총수
邑東面,호구총수
邑洞,호구총수
邑浦,호구총수
邑社,역지사지LV3·호구총수
邑站,군현역원
邑西,역지사지LV3
邑西三上面,호구총수
邑西三山面,호구총수
邑西三社面,호구총수
邑西西面,호구총수
邑西部里,호구총수
邑西里,호구총수
邑西面,호구총수
邑部,역지사지LV3
邑里,호구총수
邑面,호구총수
邑頭亭,호구총수
邑館,역지사지LV3
邱井,역지사지LV3
邱墟,군현역원
邱山,군현역원
邱州,역지사지LV3
邱洲,역지사지LV3
邱耕,역지사지LV3
邵溪里,호구총수
郁谷,역지사지LV3
郁谷里,호구총수
郁谷面,호구총수
郁錦洞,여지도서
郁錦里,호구총수
郊草峯里,호구총수
郞山里,호구총수
郞月,호구총수
郞洞里,호구총수
郞耳洞里,호구총수
郡一,역지사지LV3
郡一面,호구총수
郡上,역지사지LV3
郡下,역지사지LV3
郡中,역지사지LV3
郡中面,호구총수
郡二,역지사지LV3
郡二面,호구총수
郡內,군현역원·역지사지LV3
郡內坊,호구총수
郡內社,호구총수
郡內面,호구총수
郡北一所,역지사지LV3
郡北二所,역지사지LV3
郡北面,호구총수
郡南面,호구총수
郡司洞里,호구총수
郡司里,호구총수
郡外,역지사지LV3
郡始,역지사지LV3
郡始面,호구총수
郡山,역지사지LV3
郡山村,호구총수
郡川,여지도서
郡月,역지사지LV3
郡東面,호구총수
郡武,역지사지LV3
郡池里,호구총수
郡沙里,호구총수
郡站,군현역원
郡終,역지사지LV3
郡終面,호구총수
郡西一所,역지사지LV3
郡西二所,역지사지LV3
郡西里,호구총수
郡西面,호구총수
郡部,역지사지LV3
部南,역지사지LV3
部南面,호구총수
部契,호구총수
部將洞里,호구총수
部將里,호구총수
部越邊契,호구총수
郭南里,호구총수
郭山,군현역원·역지사지LV3
郭山所,호구총수
郭巖里,호구총수
郭州,군현역원
郭底洞,호구총수
郭支岳,신증동국여지승람
郭支縣,특수구역
郭支里,호구총수
郭莊里,호구총수
都之郞,역지사지LV3
都也只里,호구총수
都井里,호구총수
都京,호구총수
都令洞,호구총수
都助里,호구총수
都古亇里,호구총수
都古里,호구총수
都只部曲,특수구역
都台里,호구총수
都呑里,호구총수
都坪里,호구총수
都堂上里,호구총수
都堂里,호구총수
都士郞里,호구총수
都壯村,호구총수
都壯洞里,호구총수
都宋洞里,호구총수
都尺,역지사지LV3
都尺面,호구총수
都屯串,신증동국여지승람
都屯洞里,호구총수
都山,역지사지LV3
都山縣,특수구역
都山里,호구총수
都山面,호구총수
都岾,역지사지LV3
都峙,역지사지LV3
都峙坊,호구총수
都巖里,호구총수
都川里,호구총수
都巳井坊,호구총수
都市洞,호구총수
都市浦,호구총수
都平氏里,호구총수
都平里,호구총수
都庫村,호구총수
都廳,호구총수
都廳村,호구총수
都廳里,호구총수
都延山,여지도서
都弄貴里,호구총수
都會洞上里,호구총수
都會洞里,호구총수
都會里,호구총수
都村里,호구총수
都東,호구총수
都板里,호구총수
都染洞契,호구총수
都橋里,호구총수
都泉,역지사지LV3
都泉鄕,특수구역
都泉面,호구총수
都洞,호구총수
都洞里,호구총수
都浦,역지사지LV3
都浦里,호구총수
都浪里,호구총수
都渠里,호구총수
都玉洞,호구총수
都田里,호구총수
都監里,호구총수
都看里,호구총수
都社,역지사지LV3
都福里,호구총수
都空,호구총수
都羅和山,여지도서
都羅山,신증동국여지승람
都羅山里,호구총수
都致串里,호구총수
都致良里,호구총수
都致里,호구총수
都興里,호구총수
都草,역지사지LV3
都草島,신증동국여지승람·역지사지LV3·호구총수
都莊村,호구총수
都莊洞里,호구총수
都莊里,호구총수
都萬里,호구총수
都要渚,여지도서
都要目里,호구총수
都要里,호구총수
都谷村,호구총수
都赤郞,역지사지LV3
都赤郞社,호구총수
都連浦,여지도서
都都味里,호구총수
都鄕里,호구총수
都里串峴,신증동국여지승람
都野山,신증동국여지승람
都雙浦里,호구총수
都音村,호구총수
都順,세종실록지리지
都順山,신증동국여지승람
都飛山,세종실록지리지
都館里,호구총수
都馬山,역지사지LV3
都馬山里,호구총수
都馬屹里,호구총수
都麽峴,여지도서
鄕南,역지사지LV3
鄕射堂里,호구총수
鄕廳上里,호구총수
鄕廳下里,호구총수
鄕廳前里,호구총수
鄕廳里,호구총수
鄕所里,호구총수
鄕村里,호구총수
鄕校村,호구총수
鄕校洞,호구총수
鄕校洞里,호구총수
鄕校里,호구총수
鄕洞,호구총수
鄭嶺峙,여지도서
鄭金院,군현역원
酉井里,호구총수
酉士乃,호구총수
酉山里,호구총수
酉峙閭,호구총수
酉川里,호구총수
酉方里,호구총수
酉村里,호구총수
酉東閭,호구총수
酉渠里,호구총수
酉良谷里,호구총수
酉西閭,호구총수
酉谷,역지사지LV3
酉谷坊,호구총수
酉谷村,호구총수
酉谷里,호구총수
酉谷面,호구총수
酌長大里,호구총수
配岐川,여지도서
酒井里,호구총수
酒垷,군현역원
酒城,역지사지LV3
酒城下里,호구총수
酒城東里,호구총수
酒城西里,호구총수
酒城部曲,특수구역
酒墳里,호구총수
酒山里,호구총수
酒峯里,호구총수
酒島里,호구총수
酒川里,호구총수
酒幕,호구총수
酒幕村,호구총수
酒幕洞,호구총수
酒幕洞里,호구총수
酒幕里,호구총수
酒店村,호구총수
酒府洞里,호구총수
酒庫里,호구총수
酒村,역지사지LV3
酒村池,신증동국여지승람
酒村里,호구총수
酒村面,호구총수
酒林浦里,호구총수
酒泉,군현역원·역지사지LV3·특수구역
酒泉縣,특수구역
酒泉臺,여지도서
酒泉里,호구총수
酒洞里,호구총수
酒浦里,호구총수
酒登,군현역원
酒登里,호구총수
酒缸洞,호구총수
酒缸洞里,호구총수
酒缸里,호구총수
酒西,역지사지LV3
酒論里,호구총수
酒谷,호구총수
酒谷洞,호구총수
酒谷里,호구총수
酒醉臥地里,호구총수
酒釐里,호구총수
酒飮城里,호구총수
酡酪山,신증동국여지승람
酢桃,특수구역
酢桃所,특수구역
酢梨所,특수구역
酢汁器所,특수구역
酸川,여지도서·호구총수
酸梨嶺,여지도서
酸梨所酸梨所舊址,특수구역
酸梨洞里,호구총수
酸梨里,호구총수
酸汁巖鄕,특수구역
醉仁,특수구역
醉仁部曲,특수구역
醉臥臺里,호구총수
醉興里,호구총수
醉豊里,호구총수
醒齊洞,호구총수
醫德里,호구총수
醬浦里,호구총수
醮川村,호구총수
醮禮山,여지도서
醴泉,역지사지LV3
采山里,호구총수
釋王寺,역지사지LV3
釋迦峯,여지도서
里仁,역지사지LV3·특수구역
里仁村,호구총수
里仁社,호구총수
里仁部曲,특수구역
里仁面,호구총수
里內里,호구총수
里坊古介里,호구총수
里宮里,호구총수
里峴,호구총수
里幕洞,호구총수
里村,호구총수
里沙不郞里,호구총수
里牛里,호구총수
里門內里,호구총수
里門村,호구총수
里門洞,호구총수
里門里,호구총수
重九里,호구총수
重峯山,여지도서
重峴,신증동국여지승람
重巖里,호구총수
重德里,호구총수
重房院,군현역원
重林,군현역원
重興里,호구총수
重陽里,호구총수
野井里,호구총수
野仁里,호구총수
野光里,호구총수
野前里,호구총수
野塘里,호구총수
野室里,호구총수
野幕,호구총수
野幕里,호구총수
野村,호구총수
野汰里,호구총수
野沙里,호구총수
野泰里,호구총수
野竹里,호구총수
野羅里,호구총수
野翁亭,호구총수
野郊里,호구총수
野里,호구총수
野里里,호구총수
野隱亭,호구총수
野雲嶺,여지도서
野館里,호구총수
量台,역지사지LV3
量田院,호구총수
金三洞,호구총수
金上里,호구총수
金下里,호구총수
金丹洞里,호구총수
金丹里,호구총수
金也,호구총수
金也村,호구총수
金亇,역지사지LV3
金五里,호구총수
金井,군현역원·역지사지LV3·호구총수
金井奄,호구총수
金井山,여지도서
金井洞,호구총수
金井洞里,호구총수
金井里,호구총수
金仁場里,호구총수
金今里,호구총수
金仙里,호구총수
金伊仇里,호구총수
金伊萬,역지사지LV3
金伊萬里,호구총수
金佛村,호구총수
金倉上里,호구총수
金倉下里,호구총수
金光,역지사지LV3
金光里,호구총수
金光鐵里,호구총수
金八里,호구총수
金冬於,역지사지LV3
金冬於里,호구총수
金出串里,호구총수
金剛,군현역원
金剛山,세종실록지리지·여지도서
金剛川,여지도서
金剛里,호구총수
金剛院里,호구총수
金加,역지사지LV3
金化,군현역원·역지사지LV3·호구총수
金化店里,호구총수
金化部曲,특수구역
金南,역지사지LV3
金南里,호구총수
金叱德,호구총수
金叱洞,역지사지LV3
金呂代,역지사지LV3
金呂代坊,호구총수
金呂垈,역지사지LV3
金四里,호구총수
金地里,호구총수
金坡里,호구총수
金坡院,군현역원
金坪,역지사지LV3
金坪里,호구총수
金垈閭,호구총수
金城,역지사지LV3
金城倉下里,호구총수
金城北里,호구총수
金城南里,호구총수
金城堂里,호구총수
金城山,신증동국여지승람·여지도서
金城峙里,호구총수
金城所,특수구역
金城村,호구총수
金城東里,호구총수
金城江,여지도서
金城洞里,호구총수
金城津,여지도서
金城里,호구총수
金堀,역지사지LV3
金堀下里,호구총수
金堀山,여지도서
金堀里,호구총수
金堀面,호구총수
金堂,역지사지LV3
金堂山,신증동국여지승람·여지도서
金堂洞,호구총수
金堂部曲,특수구역
金堂里,호구총수
金堤,군현역원·역지사지LV3
金堤洞內,호구총수
金塘,역지사지LV3
金塘坊,호구총수
金塘川,여지도서
金塘村,호구총수
金塘部曲,특수구역
金塘里,호구총수
金壽村,호구총수
金大也峯,여지도서
金大洞,호구총수
金夫村,호구총수
金奄里,호구총수
金姓洞里,호구총수
金子洞,호구총수
金孔里,호구총수
金孝王陵,특수구역
金安,역지사지LV3
金安里,호구총수
金容里,호구총수
金寧,역지사지LV3
金寧藪,여지도서
金寧里,호구총수
金寧面,호구총수
金寵里,호구총수
金寺洞里,호구총수
金尺里,호구총수
金尺院,군현역원
金山,군현역원·역지사지LV3·호구총수
金山外,호구총수
金山所,호구총수
金山新里,호구총수
金山村,호구총수
金山洞里,호구총수
金山部曲,특수구역
金山里,호구총수
金岩,군현역원·역지사지LV3·특수구역
金岳所,특수구역
金岳里,호구총수
金岸,역지사지LV3·특수구역
金岸坊,호구총수
金岸部曲,특수구역
金峙,호구총수
金峙里,호구총수
金峯里,호구총수
金峰里,호구총수
金峴里,호구총수
金島,신증동국여지승람
金島里,호구총수
金崗,역지사지LV3
金崗洞里,호구총수
金崗里,호구총수
金嶺,군현역원
金嶺川,여지도서
金嶺院,군현역원
金巖,군현역원·역지사지LV3
金巖村,호구총수
金巖里,호구총수
金巖面,호구총수
金川,군현역원·여지도서·역지사지LV3
金川山洞,호구총수
金川浦,여지도서
金川谷,역지사지LV3
金川里,호구총수
金川閭,호구총수
金州,군현역원
金幱山,신증동국여지승람
金幱窟,여지도서
金平里,호구총수
金德里,호구총수
金成洞里,호구총수
金掘,역지사지LV3
金掘里,호구총수
金方洞里,호구총수
金日,역지사지LV3
金旺,역지사지LV3
金旺里,호구총수
金昌山,신증동국여지승람
金昌岐伊,신증동국여지승람
金昌里,호구총수
金本洞,호구총수
金村,역지사지LV3
金村部曲,특수구역
金村里,호구총수
金村面,호구총수
金松洞里,호구총수
金板里,호구총수
金果,역지사지LV3
金橋洞,호구총수
金水,역지사지LV3
金水亭里,호구총수
金水窟,여지도서
金池,역지사지LV3
金池里,호구총수
金沙,군현역원·역지사지LV3
金沙峯,여지도서
金沙洞,호구총수
金沙洞里,호구총수
金沙里,호구총수
金沙面,호구총수
金泉,군현역원·역지사지LV3·특수구역
金泉村,호구총수
金泉谷,역지사지LV3
金泉谷坊,호구총수
金泉鄕,특수구역
金泉里,호구총수
金泉面,호구총수
金波里,호구총수
金洞,군현역원·역지사지LV3·호구총수
金洞於,역지사지LV3
金洞村,호구총수
金洞里,호구총수
金洞面,호구총수
金洞驛里,호구총수
金津村,호구총수
金津海里,호구총수
金津里,호구총수
金津陸里,호구총수
金浦,군현역원·역지사지LV3·호구총수
金浦里,호구총수
金浦面,호구총수
金海,군현역원·역지사지LV3
金海部曲,특수구역
金溝,역지사지LV3
金溪上里,호구총수
金溪下里,호구총수
金溪里,호구총수
金灘里,호구총수
金烏山,세종실록지리지·여지도서·역지사지LV3·호구총수
金烏村,호구총수
金牙只里,호구총수
金猿山,여지도서
金瑞,역지사지LV3
金生,역지사지LV3
金生所,특수구역
金生洞里,호구총수
金生面,호구총수
金田里,호구총수
金甲里,호구총수
金當,역지사지LV3
金皮里,호구총수
金盞里,호구총수
金盤村,호구총수
金盤洞,호구총수
金盤里,호구총수
金目,역지사지LV3
金目洞,역지사지LV3
金目洞面,호구총수
金石,역지사지LV3
金石洞,호구총수
金石洞里,호구총수
金石里,호구총수
金硯里,호구총수
金磊,역지사지LV3
金磊面,호구총수
金磨,역지사지LV3
金磨面,호구총수
金神,역지사지LV3
金神洞里,호구총수
金神部曲,특수구역
金神面,호구총수
金祭,역지사지LV3
金積洞里,호구총수
金積里,호구총수
金章洞里,호구총수
金籠山,여지도서
金老洞,호구총수
金老谷里,호구총수
金臺山,신증동국여지승람
金臺里,호구총수
金與里,호구총수
金興里,호구총수
金良洞,호구총수
金良淵,호구총수
金花里,호구총수
金莊山,여지도서
金莊村,호구총수
金莊臺里,호구총수
金莊里,호구총수
金萬,역지사지LV3
金萬年契,호구총수
金藏山,신증동국여지승람
金藏里,호구총수
金蠅里,호구총수
金衆契,호구총수
金衣谷所,특수구역
金西,역지사지LV3
金角里,호구총수
金訥里,호구총수
金谷,군현역원·역지사지LV3·특수구역·호구총수
金谷山,신증동국여지승람
金谷所,특수구역
金谷新里,호구총수
金谷村,호구총수
金谷洞,호구총수
金谷里,호구총수
金谷院,군현역원
金谷面,호구총수
金贊里,호구총수
金蹄,군현역원
金輪,군현역원
金連德,여지도서
金遷,역지사지LV3
金遷村,호구총수
金遷津,여지도서
金遷面,호구총수
金郊,군현역원·역지사지LV3
金里,호구총수
金釵島,여지도서
金錢,세종실록지리지
金錢洞,호구총수
金陵,역지사지LV3
金陵洞內,호구총수
金陵里,호구총수
金陽,군현역원·역지사지LV3
金陽東里,호구총수
金陽浦,신증동국여지승람·여지도서
金陽西里,호구총수
金陽部曲,특수구역
金陽里,호구총수
金陽面,호구총수
金靑里,호구총수
金鞍,역지사지LV3
金鞍里,호구총수
金鞍面,호구총수
金音勿部曲,특수구역
金領,군현역원
金馬,역지사지LV3
金馬山,역지사지LV3
金馬山面,호구총수
金馬川,여지도서
金馬川里,호구총수
金馬洞里,호구총수
金骨山,여지도서
金魚山里,호구총수
金鰲,역지사지LV3
金鰲山,세종실록지리지·여지도서
金鰲島,여지도서
金鰲村,호구총수
金鳳山,여지도서
金鳳淵,여지도서
金鳳里,호구총수
金鶴山,신증동국여지승람·여지도서
金鶴洞里,호구총수
金鷄墩,여지도서
金鷄山,여지도서
金鷄村,호구총수
金鷄泉,여지도서
金鷄里,호구총수
金麻,역지사지LV3
金麽,역지사지LV3
金龍洞里,호구총수
金龍里,호구총수
金龜洞里,호구총수
釘峙村,호구총수
釘巖里,호구총수
釜堤里,호구총수
釜夜村,호구총수
釜山,여지도서·역지사지LV3·호구총수
釜山里,호구총수
釜峰,호구총수
釜峴里,호구총수
釜島里,호구총수
釜所里,호구총수
釜池,여지도서
釜洞,호구총수
釜洞村,호구총수
釜洞里,호구총수
釜浦,여지도서
釜浦里,호구총수
釜浴里,호구총수
釜海汀里,호구총수
釜淵,신증동국여지승람·여지도서·호구총수
釜淵站,군현역원
釜淵里,호구총수
釜潭里,호구총수
釜盖山里,호구총수
釜谷,역지사지LV3
釜谷山,여지도서
釜谷所,특수구역
釜谷村,호구총수
釜谷部曲,특수구역
釜谷里,호구총수
釜谷面,호구총수
釜院上里,호구총수
釜院下里,호구총수
釜頂里,호구총수
釜項,역지사지LV3
釜項峴,여지도서
釜項里,호구총수
針井里,호구총수
針伊所,특수구역
針村里,호구총수
針谷,역지사지LV3
針谷部曲,특수구역
針谷里,호구총수
釣亭里,호구총수
釣巖里,호구총수
釣江洞里,호구총수
釣阜村,호구총수
釰水,군현역원
鈒峴,신증동국여지승람
鈒巖,여지도서
鈒浦,여지도서
鈒浦里,호구총수
鈒谷里,호구총수
鈴山里,호구총수
鈴峴,여지도서
鉛洞里,호구총수
鉢中里,호구총수
鉢北里,호구총수
鉢南里,호구총수
鉢山,세종실록지리지·여지도서·역지사지LV3·호구총수
鉢山村,호구총수
鉢山洞,호구총수
鉢山部曲,특수구역
鉢山里,호구총수
鉢山閭,호구총수
鉢山面,호구총수
鉢巖,여지도서
鉢巖里,호구총수
鉢村里,호구총수
鉢松里,호구총수
鉢浦里,호구총수
鉢田里,호구총수
鉢里,호구총수
鉢里山,여지도서·호구총수
鉢里峙里,호구총수
鉤魚里,호구총수
銀乼只,역지사지LV3
銀亭,호구총수
銀倉里,호구총수
銀八山里,호구총수
銀口里,호구총수
銀叱只,역지사지LV3
銀叱只坊,호구총수
銀器洞,역지사지LV3
銀城里,호구총수
銀基里,호구총수
銀尺,역지사지LV3
銀尺面,호구총수
銀山,군현역원·역지사지LV3
銀峯里,호구총수
銀峴里,호구총수
銀嵒,군현역원
銀嶺,군현역원
銀川,역지사지LV3
銀川里,호구총수
銀店里,호구총수
銀德里,호구총수
銀所,역지사지LV3
銀所面,호구총수
銀杏上里,호구총수
銀杏亭,호구총수
銀杏亭里,호구총수
銀杏里,호구총수
銀橋里,호구총수
銀河,역지사지LV3
銀河面,호구총수
銀泉里,호구총수
銀波川,여지도서
銀洞,역지사지LV3
銀洞里,호구총수
銀洞面,호구총수
銀湖里,호구총수
銀溪,군현역원
銀溪里,호구총수
銀片里,호구총수
銀盤里,호구총수
銀石洞里,호구총수
銀石里,호구총수
銀積洞里,호구총수
銀紅,역지사지LV3
銀谷,호구총수
銀谷里,호구총수
銀貨,역지사지LV3
銀里,호구총수
銀頭項山,여지도서
銀龍,역지사지LV3
銅寺洞嶺,여지도서
銅山,호구총수
銅山里,호구총수
銅岩,역지사지LV3
銅巖,역지사지LV3·호구총수
銅巖里,호구총수
銅巖面,호구총수
銅川,신증동국여지승람·호구총수
銅店里,호구총수
銅泉,특수구역
銅泉洞,호구총수
銅泉鄕,특수구역
銅洞里,호구총수
銅田里,호구총수
銅界,특수구역
銅界所,특수구역
銅草里,호구총수
銅谷山,여지도서
銅谷里,호구총수
銅遷山,여지도서
銅鄕,역지사지LV3·특수구역
銅鄕所,특수구역
銅雀里,호구총수
銅頂里,호구총수
銘巖里,호구총수
銘橋村,호구총수
銘石里,호구총수
鋤五芝里,호구총수
鋤介里,호구총수
鋤川,여지도서
鋤川里,호구총수
鋤斤川洞,호구총수
鋤斤湫里,호구총수
鋤末里,호구총수
鋤浦里,호구총수
鋤茂里,호구총수
鋤訖浦里,호구총수
鋤谷里,호구총수
鋤里洞,호구총수
鋤院里,호구총수
鋤音發,호구총수
鋤魚皮里,호구총수
鋤齋里,호구총수
鋪遷峴,신증동국여지승람
錄銀橋里,호구총수
錐峯溫川,여지도서
錡谷,역지사지LV3
錢卓村,호구총수
錢城里,호구총수
錢塘里,호구총수
錢山,여지도서·역지사지LV3
錢山里,호구총수
錢島,호구총수
錢島村,호구총수
錢島里,호구총수
錢平里,호구총수
錢掛峴,신증동국여지승람
錢村里,호구총수
錢浦,여지도서
錢浦渡,여지도서
錢浦里,호구총수
錢邑里,호구총수
錦南,역지사지LV3
錦南院,군현역원
錦城,세종실록지리지·역지사지LV3
錦城山,여지도서
錦城里,호구총수
錦堂谷洞,호구총수
錦屛山,여지도서
錦山,군현역원·여지도서·역지사지LV3
錦山里,호구총수
錦川,신증동국여지승람·여지도서·역지사지LV3
錦川里,호구총수
錦川面,호구총수
錦江,여지도서
錦江津,여지도서
錦江里,호구총수
錦泉里,호구총수
錦洲里,호구총수
錦湖里,호구총수
錦溪,여지도서
錦溪村,호구총수
錦溪洞,호구총수
錦溪里,호구총수
錦獐江,여지도서
錦繡,역지사지LV3
錦繡山,세종실록지리지·여지도서
錦繡里,호구총수
錦蓮村,호구총수
錦衣洞里,호구총수
錦西里,호구총수
錦解洞里,호구총수
錦谷,호구총수
錦谷里,호구총수
錦里,호구총수
錫壽洞,호구총수
錫谷部曲,특수구역
錯頭山,신증동국여지승람
鍊汀莊,특수구역
鍮串,호구총수
鍮仇味里,호구총수
鍮債里,호구총수
鍮匠里,호구총수
鍮店上里,호구총수
鍮店下里,호구총수
鍮店里,호구총수
鍮戶村,호구총수
鍮泉,역지사지LV3
鍮泉坊,호구총수
鍮洞,역지사지LV3
鍮洞坊,호구총수
鍮脚里,호구총수
鍮達山,신증동국여지승람
鍮達嶺,여지도서
鍾亭里,호구총수
鍾加山,여지도서
鍾城,역지사지LV3
鍾山,역지사지LV3·호구총수
鍾山社,호구총수
鍾山里,호구총수
鍾峙里,호구총수
鍾巖,역지사지LV3
鍾巖里,호구총수
鍾川,여지도서
鍾川里,호구총수
鍾慶,군현역원
鍾懸洞,호구총수
鍾懸里,호구총수
鍾洞里,호구총수
鍾淵里,호구총수
鍾谷,호구총수
鍾谷里,호구총수
鍾閣洞,호구총수
鍾閣里,호구총수
鍾關,역지사지LV3
鍾阜里,호구총수
鍾鼓臺里,호구총수
鎌洞里,호구총수
鎭下村,호구총수
鎭下里,호구총수
鎭內里,호구총수
鎭兵串,여지도서
鎭北,역지사지LV3
鎭南,특수구역
鎭南浦,역지사지LV3
鎭南鄕,특수구역
鎭原,군현역원
鎭坊,역지사지LV3
鎭坪,역지사지LV3
鎭坪社,호구총수
鎭城山,여지도서
鎭堂山,여지도서
鎭安,군현역원·역지사지LV3
鎭山,여지도서
鎭岑,군현역원·역지사지LV3
鎭岳山,세종실록지리지
鎭巖上里,호구총수
鎭巖下里,호구총수
鎭川,군현역원·역지사지LV3
鎭州,군현역원
鎭戌山,여지도서
鎭村,호구총수
鎭東,역지사지LV3
鎭東洞,신증동국여지승람
鎭東社,호구총수
鎭東里,호구총수
鎭水院,군현역원
鎭江,여지도서·특수구역
鎭江山,세종실록지리지·여지도서
鎭江廢縣,특수구역
鎭江里,호구총수
鎭流山,신증동국여지승람
鎭浦,신증동국여지승람
鎭海,군현역원·역지사지LV3
鎭溟,특수구역
鎭溟里,호구총수
鎭營里,호구총수
鎭田,역지사지LV3
鎭竹里,호구총수
鎭西,역지사지LV3
鎭西里,호구총수
鎭里,역지사지LV3·호구총수
鎭里面,호구총수
鎭長,역지사지LV3
鎭長坊,호구총수
鎭長里,호구총수
鎭鼠浦里,호구총수
鏡城,군현역원·역지사지LV3
鏡浦,역지사지LV3
鏡湖,여지도서
鏡驛里,호구총수
鐘城,군현역원·역지사지LV3
鐘巖里契,호구총수
鐘川,여지도서·역지사지LV3
鐘懸屛門契,호구총수
鐘樓西邊契,호구총수
鐘閣契,호구총수
鐥島,여지도서
鐥川院,군현역원
鐥洞,호구총수
鐥銀所,특수구역
鐵串洞,호구총수
鐵串浦,신증동국여지승람
鐵冶,특수구역
鐵冶廢縣,특수구역
鐵冶里,호구총수
鐵原,군현역원·역지사지LV3
鐵呑,세종실록지리지
鐵呑山,여지도서
鐵和廢縣,특수구역
鐵坡,군현역원
鐵坡里,호구총수
鐵城,역지사지LV3
鐵場里,호구총수
鐵山,군현역원·역지사지LV3
鐵山里,호구총수
鐵峯山,여지도서
鐵峯里,호구총수
鐵島,여지도서
鐵嶺,신증동국여지승람
鐵嶺里,호구총수
鐵州,군현역원
鐵店村,호구총수
鐵店洞,호구총수
鐵店里,호구총수
鐵所里,호구총수
鐵水村,호구총수
鐵波,군현역원
鐵洞,호구총수
鐵洞村,호구총수
鐵洞里,호구총수
鐵破,군현역원
鐵關,군현역원
鐵院里,호구총수
鐵馬,역지사지LV3
鐵馬山,여지도서
鐵馬川,여지도서
鑄城里契,호구총수
鑄字洞契,호구총수
鑄金山,여지도서
鑑昌洞,호구총수
鑑湖里,호구총수
鑽燧,군현역원
長上里,호구총수
長下里,호구총수
長世,군현역원
長丘里,호구총수
長中里,호구총수
長串島,호구총수
長串洞,호구총수
長串里,호구총수
長久,역지사지LV3
長久之里,호구총수
長久洞,역지사지LV3
長久洞里,호구총수
長久洞面,호구총수
長久里,호구총수
長之川里,호구총수
長之往里,호구총수
長之村里,호구총수
長之洞里,호구총수
長之里,호구총수
長井洞,호구총수
長亭里,호구총수
長仙里,호구총수
長令,역지사지LV3
長令坊,호구총수
長令面,호구총수
長位村,호구총수
長位里契,호구총수
長佐島浦村,호구총수
長佐島陸村,호구총수
長佐洞,호구총수
長佐洞里,호구총수
長佐里,호구총수
長作之,호구총수
長作之里,호구총수
長信浦,여지도서
長信浦里,호구총수
長信里,호구총수
長傑洞,호구총수
長兀岳,여지도서
長先浦,여지도서
長八里,호구총수
長利村,호구총수
長劒里,호구총수
長加洞,호구총수
長化,역지사지LV3
長化里,호구총수
長北,역지사지LV3
長北里,호구총수
長北面,호구총수
長南,역지사지LV3
長南里,호구총수
長南面,호구총수
長原,역지사지LV3
長古介,호구총수
長古山,호구총수
長古山村,호구총수
長古山里,호구총수
長古峙里,호구총수
長古島,호구총수
長古項里,호구총수
長台谷里,호구총수
長史鄕,특수구역
長命,군현역원
長命山,여지도서
長命峴,여지도서
長命所,특수구역
長命村,호구총수
長命里,호구총수
長哥仇非里,호구총수
長善,호구총수
長善之里,호구총수
長善峴,신증동국여지승람
長善灘,여지도서
長善里,호구총수
長善閭,호구총수
長嘉,군현역원·역지사지LV3
長嘉里,호구총수
長嘉面,호구총수
長土,역지사지LV3
長土里,호구총수
長在洞,호구총수
長在洞里,호구총수
長在谷,역지사지LV3
長在里,호구총수
長坡,역지사지LV3
長坡里,호구총수
長坪,역지사지LV3
長坪浦,호구총수
長坪里,호구총수
長城,군현역원·역지사지LV3
長城串里,호구총수
長城洞,호구총수
長城里,호구총수
長城閭,호구총수
長城院,호구총수
長基里,호구총수
長士勿里,호구총수
長士洞,호구총수
長壽,군현역원·역지사지LV3
長壽山,여지도서
長壽旺,역지사지LV3
長壽村,호구총수
長壽洞,호구총수
長壽洞里,호구총수
長壽里,호구총수
長壽院,군현역원
長大洞,호구총수
長大里,호구총수
長好川,여지도서
長好院,군현역원
長子伐,호구총수
長子山里,호구총수
長存里,호구총수
長孝里,호구총수
長守,군현역원
長安,역지사지LV3·호구총수
長安坊,호구총수
長安山,여지도서
長安里,호구총수
長宗里,호구총수
長官里,호구총수
長富,군현역원
長富洞里,호구총수
長寧,군현역원
長尺,역지사지LV3·호구총수
長尺島里,호구총수
長尺洞,역지사지LV3
長尺洞里,호구총수
長尺洞面,호구총수
長尺里,호구총수
長尺閭,호구총수
長尺面,호구총수
長尾龍,호구총수
長屈山,신증동국여지승람
長山,여지도서·역지사지LV3·특수구역
長山島,호구총수
長山廢縣,특수구역
長山村里,호구총수
長山洞,호구총수
長山里,호구총수
長山閭,호구총수
長岐,역지사지LV3
長岾里,호구총수
長峙洞里,호구총수
長峙里,호구총수
長峯,역지사지LV3
長峯島,호구총수
長峯所,특수구역
長峰,역지사지LV3
長峰島,여지도서
長峴,여지도서
長峴里,호구총수
長島,호구총수
長島里,호구총수
長嶺,역지사지LV3
長嶺山,여지도서
長嶺里,호구총수
長巖村,호구총수
長巖津,여지도서
長巖里,호구총수
長川,여지도서·역지사지LV3·특수구역·호구총수
長川川,여지도서
長川村,호구총수
長川部曲,특수구역
長川里,호구총수
長川面,호구총수
長州,군현역원
長州里,호구총수
長巳登,호구총수
長平,역지사지LV3·특수구역
長平山,여지도서
長平嶺,신증동국여지승람
長平浦,여지도서
長平社,특수구역
長平部曲,특수구역
長平面,호구총수
長庚,역지사지LV3·호구총수
長庚三,역지사지LV3
長庚二,역지사지LV3
長延,역지사지LV3
長延洞,호구총수
長彔村,호구총수
長德山,세종실록지리지·여지도서
長德里,호구총수
長忠洞,역지사지LV3
長性里,호구총수
長慶里,호구총수
長成川,신증동국여지승람
長所洞里,호구총수
長才里,호구총수
長承巨里,호구총수
長承洞,호구총수
長承浦,역지사지LV3
長承里,호구총수
長支里,호구총수
長新,역지사지LV3
長日洞里,호구총수
長旨里,호구총수
長昌,군현역원
長明燈閭,호구총수
長春,군현역원
長春洞,호구총수
長時,군현역원
長曲里,호구총수
長月里,호구총수
長有,역지사지LV3
長木,역지사지LV3
長木浦鎭下里,호구총수
長木里,호구총수
長朴只里,호구총수
長朴村,호구총수
長村里,호구총수
長東,역지사지LV3
長東面,호구총수
長松亭,호구총수
長松里,호구총수
長林,군현역원·역지사지LV3
長林下二里,호구총수
長林里,호구총수
長林面,호구총수
長枝里,호구총수
長柄,역지사지LV3
長柄村,호구총수
長栍里,호구총수
長梓里,호구총수
長梨,군현역원
長梯,역지사지LV3
長梯里,호구총수
長楊,군현역원·역지사지LV3·특수구역
長楊縣,특수구역
長楊里,호구총수
長楊面,호구총수
長榮洞,호구총수
長樂洞里,호구총수
長樂里,호구총수
長橋,호구총수
長橋川,신증동국여지승람·여지도서
長橋村里,호구총수
長橋里,호구총수
長機里,호구총수
長歡,군현역원
長歧,군현역원
長歸山里,호구총수
長毛弄里,호구총수
長毛老里,호구총수
長水,군현역원·역지사지LV3·호구총수
長水亭,호구총수
長水山,세종실록지리지
長水旺,역지사지LV3
長水旺里,호구총수
長水旺面,호구총수
長水洞,호구총수
長水洞里,호구총수
長水里,호구총수
長水院,군현역원
長水面,호구총수
長汀里,호구총수
長池,군현역원
長沙,여지도서·호구총수
長沙廢縣,특수구역
長沙海里,호구총수
長沙里,호구총수
長沙陸里,호구총수
長河里,호구총수
長泉閭,호구총수
長法山,신증동국여지승람
長波里,호구총수
長洞,군현역원·역지사지LV3·호구총수
長洞上里,호구총수
長洞下里,호구총수
長洞村,호구총수
長洞里,호구총수
長洞面,호구총수
長洞館,군현역원
長津,군현역원·역지사지LV3
長津江,여지도서
長津浦里,호구총수
長津里,호구총수
長活里,호구총수
長浦,신증동국여지승람·여지도서
長浦村,호구총수
長浦里,호구총수
長海院,군현역원
長淵,군현역원·여지도서·역지사지LV3·호구총수
長淵里,호구총수
長淵院,군현역원
長湍,군현역원·역지사지LV3
長湍渡,신증동국여지승람
長湖里,호구총수
長湖院,역지사지LV3
長準里,호구총수
長溪,특수구역
長溪川,여지도서
長溪縣,특수구역
長溪里,호구총수
長澤,여지도서·특수구역
長澤廢縣,특수구역
長灘里,호구총수
長牙里,호구총수
長牲伐,호구총수
長牲浦里,호구총수
長牲里,호구총수
長琴垈,호구총수
長甘村,호구총수
長生池,신증동국여지승람
長生洞,호구총수
長生洞契,호구총수
長生洞里,호구총수
長生浦,여지도서
長生里,호구총수
長生閭,호구총수
長甫浦,여지도서
長田,호구총수
長田洞里,호구총수
長田里,호구총수
長田閭,호구총수
長甲里,호구총수
長登,호구총수
長登村,호구총수
長登里,호구총수
長發里,호구총수
長白,역지사지LV3
長白山,여지도서
長白里,호구총수
長盛里,호구총수
長省,호구총수
長短院,군현역원·호구총수
長石里,호구총수
長福山,여지도서
長福洞,호구총수
長福里,호구총수
長立日坊,호구총수
長站里,호구총수
長端村,호구총수
長竹田村,호구총수
長等里,호구총수
長箭,역지사지LV3
長縣內,역지사지LV3
長縣內面,호구총수
長者村,호구총수
長者池,여지도서
長者洞,호구총수
長者洞里,호구총수
長者浦里,호구총수
長者澤,신증동국여지승람·여지도서
長耆,역지사지LV3
長而峙里,호구총수
長背串,신증동국여지승람
長自串里,호구총수
長興,군현역원·역지사지LV3·호구총수
長興坊,호구총수
長興村,호구총수
長興洞,호구총수
長興洞契,호구총수
長興社,호구총수
長興里,호구총수
長興面,호구총수
長船里,호구총수
長芝山里,호구총수
長花山,여지도서
長芳里,호구총수
長草里,호구총수
長葛峴,여지도서
長蚣里,호구총수
長行閭,호구총수
長西,역지사지LV3
長西方里,호구총수
長西里,호구총수
長西面,호구총수
長角洞,호구총수
長談里,호구총수
長谷,군현역원·역지사지LV3
長谷廢縣,특수구역
長谷社,호구총수
長谷里,호구총수
長谷面,호구총수
長豊,역지사지LV3
長豊廢縣,특수구역
長豊洞,호구총수
長豊社,호구총수
長豊里,호구총수
長豊面,호구총수
長豐,군현역원
長財洞,호구총수
長贊里,호구총수
長足,군현역원·역지사지LV3
長足里,호구총수
長足面,호구총수
長通,역지사지LV3
長通坊,호구총수
長連,군현역원·역지사지LV3
長遊,역지사지LV3
長遊山,여지도서
長遊里,호구총수
長道,역지사지LV3
長里,호구총수
長鎭山,여지도서
長鎭湖,여지도서
長門里,호구총수
長間村,호구총수
長陰里,호구총수
長陽,역지사지LV3
長陽坊,호구총수
長陽里,호구총수
長隅里,호구총수
長面,호구총수
長項,역지사지LV3
長項里,호구총수
長順,역지사지LV3
長頭里,호구총수
長鬐,군현역원
長鶴洞,호구총수
長麗里,호구총수
長鼓山,여지도서
長鼓川,여지도서
長鼓里,호구총수
長龜村,호구총수
長串津,여지도서
門一,역지사지LV3
門串里,호구총수
門內,역지사지LV3
門內契,호구총수
門內村,호구총수
門內洞,호구총수
門內里,호구총수
門古山,호구총수
門外洞,호구총수
門外里,호구총수
門山村,호구총수
門峴,여지도서
門巖,신증동국여지승람·여지도서·호구총수
門巖中里,호구총수
門巖回東上里,호구총수
門巖回西上里,호구총수
門巖山,여지도서
門巖川,여지도서
門巖洞里,호구총수
門巖西里,호구총수
門巖里,호구총수
門晛里,호구총수
門淵,여지도서
門縣山,여지도서
門里,호구총수
門雲下里,호구총수
開也召島,여지도서
開井,역지사지LV3
開井里,호구총수
開亭里,호구총수
開仙洞,호구총수
開兌里,호구총수
開力店村,호구총수
開吉里,호구총수
開吾谷里,호구총수
開坪,역지사지LV3
開坪坊,호구총수
開城,군현역원·역지사지LV3
開城廢縣,특수구역
開城村,호구총수
開城里,호구총수
開基上里,호구총수
開天,역지사지LV3
開天池,신증동국여지승람
開寧,역지사지LV3·특수구역
開寧所,특수구역
開寺洞里,호구총수
開山村,호구총수
開山江,여지도서
開山里,호구총수
開峙院,호구총수
開峯里,호구총수
開嶺里,호구총수
開嶺閭,호구총수
開巖洞,호구총수
開川,신증동국여지승람
開市洞,호구총수
開平,군현역원·역지사지LV3
開心里,호구총수
開日村,호구총수
開日里,호구총수
開明洞里,호구총수
開月里,호구총수
開東村,호구총수
開東里,호구총수
開泰里,호구총수
開津,역지사지LV3
開浦,역지사지LV3
開浦里,역지사지LV3
開浦里面,호구총수
開理山里,호구총수
開羅里,호구총수
開興部曲,특수구역
開興里,호구총수
開花山,여지도서
開花里,호구총수
開蓮山,여지도서
開蓮里,호구총수
開要只島,신증동국여지승람
開谷,역지사지LV3·호구총수
開谷川,여지도서
開谷里,호구총수
開谷面,호구총수
開贊里,호구총수
開野小島里,호구총수
開金里,호구총수
開門,특수구역
開門部曲,특수구역
開門里,호구총수
開陽山里,호구총수
開雲山,여지도서
開雲浦,신증동국여지승람
開雲里,호구총수
開香山,여지도서
開龍山,여지도서
開寧,군현역원·특수구역
閑上里,호구총수
閑下里,호구총수
閑中里,호구총수
閑伐里,호구총수
閑台,역지사지LV3
閑台社,호구총수
閑右里,호구총수
閑吟洞里,호구총수
閑坐岳,여지도서
閑坪里,호구총수
閑堂里,호구총수
閑寂洞,호구총수
閑寂洞里,호구총수
閑山,역지사지LV3
閑山島,여지도서
閑山洞,호구총수
閑山里,호구총수
閑川里,호구총수
閑左里,호구총수
閑希里,호구총수
閑度洞里,호구총수
閑德里,호구총수
閑於洞內,호구총수
閑時洞里,호구총수
閑橋,호구총수
閑沙村,호구총수
閑沙洞,호구총수
閑溪里,호구총수
閑田里,호구총수
閑老里,호구총수
閑者乃里,호구총수
閑谷里,호구총수
閑身里,호구총수
閑迪洞,호구총수
閑達里,호구총수
閑龍,역지사지LV3
閑龍坊,호구총수
閒身部曲,특수구역
間中里,호구총수
間坪里,호구총수
間多浦,여지도서
間村,호구총수
間村里,호구총수
間洞,호구총수
間洞里,호구총수
間洞閭,호구총수
間浦里,호구총수
間里,호구총수
間鎭洞里,호구총수
閔山所,호구총수
閣西洞里,호구총수
閤下洞里,호구총수
閥寧,호구총수
閥泉里,호구총수
閥里,호구총수
閭堂村,호구총수
閭外,호구총수
閭延,군현역원·역지사지LV3
閭閻秩里,호구총수
閱勝里,호구총수
闊洞,역지사지LV3
闊洞面,호구총수
闍屈山,여지도서
闍崛山,세종실록지리지·여지도서
關內里,호구총수
關墻里,호구총수
關船里,호구총수
關谷,역지사지LV3
防下坪,호구총수
防下橋里,호구총수
防垣,역지사지LV3
防垣社,호구총수
防墻,역지사지LV3
防墻里,호구총수
防墻面,호구총수
防山,역지사지LV3
防山社,호구총수
防川村,호구총수
防川里,호구총수
防斗月里,호구총수
防斤谷處,특수구역
防村,호구총수
防池村,호구총수
防浦,여지도서
防營洞,호구총수
防禦山,여지도서
防築,호구총수
防築仇味,호구총수
防築仇味里,호구총수
防築內里,호구총수
防築村,호구총수
防築洞,호구총수
防築洞里,호구총수
防築浦,신증동국여지승람
防築里,호구총수
防築頭閭,호구총수
防踏鎭,호구총수
阻山里,호구총수
阻岩,역지사지LV3
阻巖,역지사지LV3
阻巖面,호구총수
阿也仇味里,호구총수
阿也里,호구총수
阿仁,특수구역
阿伊里,호구총수
阿休里,호구총수
阿倉前里,호구총수
阿千里,호구총수
阿只垈,호구총수
阿可里,호구총수
阿叱介里,호구총수
阿叱達,역지사지LV3
阿叱達坊,호구총수
阿吾地,역지사지LV3
阿吾地社,호구총수
阿呑谷,호구총수
阿呑谷里,호구총수
阿城里,호구총수
阿堂里,호구총수
阿山,군현역원·역지사지LV3
阿山坊,호구총수
阿峴,여지도서
阿峴契,호구총수
阿川,군현역원·역지사지LV3
阿幕村,호구총수
阿弗,군현역원
阿房谷里,호구총수
阿斯津松串山,여지도서
阿方里,호구총수
阿時峴里,호구총수
阿月,군현역원
阿月川,여지도서
阿木亭里,호구총수
阿村,역지사지LV3
阿村里,호구총수
阿東,역지사지LV3
阿東谷,역지사지LV3·호구총수
阿枝村,호구총수
阿次泉,여지도서
阿次浦里,호구총수
阿次里,호구총수
阿此,역지사지LV3
阿此島,여지도서·호구총수
阿比,역지사지LV3
阿民,특수구역
阿沙里,호구총수
阿洞谷,역지사지LV3
阿洞谷面,호구총수
阿火,군현역원
阿火里,호구총수
阿爾浦里,호구총수
阿磨代部曲,특수구역
阿而堂里,호구총수
阿耳,역지사지LV3
阿耳浦,역지사지LV3
阿耳浦坊,호구총수
阿耳面,호구총수
阿英,역지사지LV3
阿草里,호구총수
阿西,특수구역
阿西鄕,특수구역
阿要峴,신증동국여지승람
阿要谷,특수구역
阿要谷部曲,특수구역
阿諸里,호구총수
阿谷,역지사지LV3
阿谷里,호구총수
阿谷面,호구총수
阿贊里,호구총수
阿達山,여지도서
阿郞里,호구총수
阿里,호구총수
阿間,역지사지LV3
阿間叱嶺,여지도서
阿間川,여지도서
阿間社,호구총수
阿麻代,특수구역
陋巷洞,호구총수
陋巷里,호구총수
陋谷里,호구총수
降仙,군현역원·역지사지LV3
降仙臺,여지도서
降仙里,호구총수
降仙面,호구총수
降峴,역지사지LV3
降祥洞,여지도서
陛洞里,호구총수
陜川,군현역원·역지사지LV3
陜州,군현역원
陜里,호구총수
院上,역지사지LV3
院上端,호구총수
院上里,호구총수
院下,역지사지LV3
院下坊,호구총수
院下村,호구총수
院下里,호구총수
院中里,호구총수
院串之,호구총수
院五洞,호구총수
院井里,호구총수
院以洞里,호구총수
院倉,군현역원
院內村,호구총수
院內里,호구총수
院前里,호구총수
院北,역지사지LV3
院北村,호구총수
院北溪,여지도서
院北里,호구총수
院北面,호구총수
院南里,호구총수
院坪,호구총수
院坪洞,호구총수
院坪里,호구총수
院垈,호구총수
院垈里,호구총수
院基村,호구총수
院基里,호구총수
院堂,호구총수
院堂上里,호구총수
院堂下里,호구총수
院堂里,호구총수
院堤里,호구총수
院塘里,호구총수
院山村里,호구총수
院山里,호구총수
院岐川,여지도서
院川里,호구총수
院巨里,호구총수
院店,군현역원
院後村里,호구총수
院後里,호구총수
院德里,호구총수
院新村,호구총수
院旨村,호구총수
院旨里,호구총수
院朴里,호구총수
院村,역지사지LV3·호구총수
院村里,호구총수
院橋,호구총수
院毛老里,호구총수
院洞,역지사지LV3·호구총수
院洞村,호구총수
院洞里,호구총수
院浦里,호구총수
院湖里,호구총수
院溪里,호구총수
院界村,역지사지LV3·호구총수
院登村,호구총수
院登里,호구총수
院興里,호구총수
院谷里,호구총수
院越里,호구총수
院通里,호구총수
院里,호구총수
院隅里,호구총수
院項浦里,호구총수
陣垈里,호구총수
陣場峴,특수구역
陣巖洞,호구총수
陣村店,군현역원
陣海里,호구총수
陣里,호구총수
除役洞里,호구총수
陪也里,호구총수
陪甘里,호구총수
陪藥里,호구총수
陰中旨里,호구총수
陰中里,호구총수
陰地村,호구총수
陰地片里,호구총수
陰地邊里,호구총수
陰地里,호구총수
陰城,군현역원·역지사지LV3
陰山,역지사지LV3
陰山村,호구총수
陰山里,호구총수
陰山面,호구총수
陰峰,역지사지LV3
陰巖津,신증동국여지승람
陰德,역지사지LV3
陰德里,역지사지LV3
陰德里面,호구총수
陰法里,호구총수
陰洞里,호구총수
陰淵里,호구총수
陰石,역지사지LV3
陰竹,군현역원
陰谷所,특수구역
陰谷泉,신증동국여지승람
陰達里,호구총수
陰邊里,호구총수
陰音里,호구총수
陳介部曲,특수구역
陳倉村,호구총수
陳古毛谷里,호구총수
陳垈里,호구총수
陳夜里,호구총수
陳安里,호구총수
陳富里,호구총수
陳山里,호구총수
陳村梧倉里,호구총수
陳村里,호구총수
陳橋里,호구총수
陳機里,호구총수
陳沙里,호구총수
陳洞里,호구총수
陳田山,여지도서
陳田村,호구총수
陳田里,호구총수
陳畓,역지사지LV3
陳畓里,호구총수
陳畓面,호구총수
陳羅里,호구총수
陳良,역지사지LV3·특수구역
陳良面,호구총수
陳谷里,호구총수
陳邑里,호구총수
陳里,호구총수
陵中,역지사지LV3
陵入里,호구총수
陵內洞,호구총수
陵內里,호구총수
陵前里,호구총수
陵城里,호구총수
陵堤,신증동국여지승람
陵山洞,호구총수
陵山里,호구총수
陵峴,신증동국여지승람
陵旨里,호구총수
陵村洞,호구총수
陵村里,호구총수
陵東里,호구총수
陵桂里,호구총수
陵洞,신증동국여지승람·역지사지LV3·호구총수
陵洞坊,호구총수
陵洞契,호구총수
陵洞里,호구총수
陵田里,호구총수
陵西,역지사지LV3
陵西里,호구총수
陵邊里,호구총수
陵里,호구총수
陵驛里,호구총수
陶令里,호구총수
陶原里,호구총수
陶唐里,호구총수
陶城,특수구역
陶孔院,군현역원
陶山,여지도서·역지사지LV3
陶山坊,호구총수
陶山里,호구총수
陶峴里,호구총수
陶川,호구총수
陶工,군현역원
陶成部曲,특수구역
陶旨里,호구총수
陶村,호구총수
陶泉,역지사지LV3
陶洞,호구총수
陶洞里,호구총수
陶谷里,호구총수
陶隱洞里,호구총수
陸中巨里,호구총수
陸元山里,호구총수
陸內彌,특수구역
陸內彌部曲,특수구역
陸垈里,호구총수
陸島,신증동국여지승람
陸昌,역지사지LV3
陸昌鄕,특수구역
陸栢里,호구총수
陸洞里,호구총수
陸開川,호구총수
陽中里,호구총수
陽之村,호구총수
陽之里,호구총수
陽也串,여지도서
陽也里,역지사지LV3·호구총수
陽也里面,호구총수
陽也院,군현역원
陽五里,호구총수
陽井部曲,특수구역
陽亭里,호구총수
陽仇里,호구총수
陽內,역지사지LV3
陽內面,호구총수
陽化,역지사지LV3
陽化洞,호구총수
陽北,역지사지LV3
陽南,역지사지LV3
陽南一所,역지사지LV3
陽南二所,역지사지LV3
陽原里,호구총수
陽唐里,호구총수
陽地,호구총수
陽地上里,호구총수
陽地下里,호구총수
陽地垈里,호구총수
陽地村,호구총수
陽地毛老里,호구총수
陽地洞,호구총수
陽地片里,호구총수
陽地邊,호구총수
陽地邊里,호구총수
陽地里,호구총수
陽城,군현역원·역지사지LV3
陽城部曲,특수구역
陽城里,호구총수
陽基洞里,호구총수
陽存里,호구총수
陽宿里,호구총수
陽寶部曲,특수구역
陽山,역지사지LV3·특수구역·호구총수
陽山縣,특수구역
陽山里,호구총수
陽山面,호구총수
陽岳,특수구역
陽岳所,특수구역
陽岳里,호구총수
陽巖里,호구총수
陽川,군현역원·특수구역
陽川所,특수구역
陽德,군현역원·역지사지LV3
陽德坊,호구총수
陽德里,호구총수
陽德院里,호구총수
陽志里,호구총수
陽慶山,여지도서
陽日里,호구총수
陽旨坊,호구총수
陽旨村,호구총수
陽旨里,호구총수
陽春里,호구총수
陽智,군현역원
陽智洞,호구총수
陽村,역지사지LV3·호구총수
陽村里,호구총수
陽東,역지사지LV3
陽根,군현역원
陽毛唜里,호구총수
陽江,군현역원
陽池,호구총수
陽池浦,호구총수
陽洞,호구총수
陽洞里,호구총수
陽田村,호구총수
陽白山,여지도서
陽知浦,여지도서
陽穴里,호구총수
陽竹里,호구총수
陽等干處,특수구역
陽老里,호구총수
陽良,특수구역
陽良所,역지사지LV3·특수구역
陽良所面,호구총수
陽良村部曲,특수구역
陽良池,여지도서
陽良部曲,특수구역
陽西,역지사지LV3
陽谷,역지사지LV3·호구총수
陽谷洞,여지도서
陽谷里,호구총수
陽里,호구총수
陽野山,여지도서
陽錢洞,호구총수
陽院里,호구총수
陽陰山,여지도서
陽陰里,호구총수
陽陵,역지사지LV3
陽陵井,여지도서
陽陵洞,호구총수
陽陵浦,신증동국여지승람
陽陵里,호구총수
陽陵面,호구총수
陽靑里,호구총수
隅下里,호구총수
隅內洞,호구총수
隅內里,호구총수
隅川,역지사지LV3
隅川面,호구총수
隅桶村,호구총수
隅禾井,호구총수
隅谷里,호구총수
隆中里,호구총수
隆德,역지사지LV3
隆德部,역지사지LV3
隆德部坊,호구총수
隆興,역지사지LV3
隆興部,역지사지LV3
隆興部坊,호구총수
隍防里,호구총수
階巖洞,호구총수
隔南面,호구총수
隔末里,호구총수
隔江里,호구총수
隔洞里,호구총수
隔里,호구총수
隔音里,호구총수
隘守,군현역원·특수구역
隘項里,호구총수
際隅里,호구총수
隨川,군현역원
隨川廢郡,특수구역
隨州,군현역원
隨營,군현역원
隨緣洞,호구총수
隨緣里,호구총수
險山里,호구총수
隱也里,호구총수
隱于山,신증동국여지승람
隱于山里,호구총수
隱仙亭,호구총수
隱仙洞,호구총수
隱仙洞里,호구총수
隱仙里,호구총수
隱士坪里,호구총수
隱士村,호구총수
隱士里,호구총수
隱寂里,호구총수
隱寺洞,호구총수
隱峙村,호구총수
隱峯里,호구총수
隱崖里,호구총수
隱巖里,호구총수
隱川店里,호구총수
隱川洞里,호구총수
隱川里,호구총수
隱村,호구총수
隱橋里,호구총수
隱洞里,호구총수
隱浦里,호구총수
隱縣,역지사지LV3
隱舟巖,여지도서
隱谷里,호구총수
隱路里,호구총수
隱陽里,호구총수
隱龍德里,호구총수
隱龍里,호구총수
隴西里,호구총수
隷山里,호구총수
隷川里,호구총수
雀井里,호구총수
雀別峴,여지도서
雀別里,호구총수
雀沙里,호구총수
雀洞,호구총수
雀洞里,호구총수
雁回里,호구총수
雁巖里,호구총수
雁村里,호구총수
雄坪,군현역원·역지사지LV3
雄坪里,호구총수
雄基,역지사지LV3
雄尙里,호구총수
雄山里,호구총수
雄峙里,호구총수
雄峴里,호구총수
雄州,군현역원
雄平,군현역원
雄德,역지사지LV3
雄撫,군현역원
雄梳城里,호구총수
雄浦里,호구총수
雄耳里,호구총수
雄谷村,호구총수
雄谷村里,호구총수
雄谷里,호구총수
雅山,역지사지LV3
雅峴里,호구총수
雅洞里,호구총수
雅致里,호구총수
集大里,호구총수
集賢,역지사지LV3
集賢山,여지도서
集賢洞,역지사지LV3
集賢洞里,호구총수
雇馬堰里,호구총수
雇馬島,호구총수
雇馬里,호구총수
雉寺,역지사지LV3
雉寺面,호구총수
雉山,역지사지LV3·호구총수
雉山面,호구총수
雉岳,세종실록지리지
雉岳山,여지도서
雉峙里,호구총수
雌牛里,호구총수
雌雄山,여지도서
雍安里,호구총수
雍撫,군현역원
雍照,역지사지LV3
雍熙,역지사지LV3
雍熙一里,역지사지LV3
雍熙二里,역지사지LV3
雍熙二里社,호구총수
雍熙社,호구총수
雙上里,호구총수
雙之川,호구총수
雙九里,호구총수
雙井里,호구총수
雙亭子里,호구총수
雙亭村,호구총수
雙亭里,호구총수
雙介巖,신증동국여지승람
雙只大洞里,호구총수
雙只小洞里,호구총수
雙只洞里,호구총수
雙坎,역지사지LV3
雙坪里,호구총수
雙城津,여지도서
雙守里,역지사지LV3
雙守里面,호구총수
雙山,군현역원
雙山里,호구총수
雙岩,역지사지LV3
雙峯,역지사지LV3
雙峯洞,호구총수
雙峯里,호구총수
雙峯里村,호구총수
雙峰里,호구총수
雙峴里,호구총수
雙嶌里,호구총수
雙嶺,신증동국여지승람
雙嶺峴,신증동국여지승람
雙嶺里,호구총수
雙嶺院,군현역원
雙巖,역지사지LV3·호구총수
雙巖村,호구총수
雙巖里,호구총수
雙巖面,호구총수
雙川里,호구총수
雙成湖,여지도서
雙松里,호구총수
雙林,역지사지LV3
雙柳村,호구총수
雙栢,역지사지LV3
雙梅巖,호구총수
雙槐亭,호구총수
雙槐亭里,호구총수
雙樹,군현역원
雙樹里,호구총수
雙橋里,호구총수
雙水亭里,호구총수
雙江里,호구총수
雙泉里,호구총수
雙洞,역지사지LV3
雙洞里,호구총수
雙流里,호구총수
雙浦川,여지도서
雙溪,군현역원·여지도서·호구총수
雙溪山,여지도서
雙溪村,호구총수
雙溪洞,호구총수
雙溪菴里,호구총수
雙溪里,호구총수
雙翠亭,호구총수
雙花山里,호구총수
雙花里,호구총수
雙谷,군현역원
雙連里,호구총수
雙里門洞契,호구총수
雙阜,특수구역
雙阜山,여지도서
雙阜縣,특수구역
雙靑洞,호구총수
雙靑里,호구총수
雙駕山閭,호구총수
雙魚山,여지도서
雙鳳,역지사지LV3
雙鹿院,군현역원
雙龍,역지사지LV3
雙龍洞,호구총수
雙龍洞里,호구총수
雙龍里,호구총수
雙龜里,호구총수
雜派灘,신증동국여지승람
雞龍川,여지도서
難灘里,호구총수
難隅里,호구총수
雨井,역지사지LV3
雨來谷,호구총수
雨日,역지사지LV3·특수구역
雨日川,여지도서
雨日部曲,특수구역
雨日面,호구총수
雨林,역지사지LV3
雨林谷,역지사지LV3
雨林谷面,호구총수
雨汀,역지사지LV3
雨浦,역지사지LV3
雨田,역지사지LV3
雨番里,호구총수
雨裝山,여지도서
雨谷里,호구총수
雨陰里,호구총수
雨音山,여지도서
雨順,역지사지LV3
雨麻里,호구총수
雩時,역지사지LV3
雩浦津,여지도서
雩萬,역지사지LV3
雩農怪,역지사지LV3
雩農恠,역지사지LV3
雩遠里,호구총수
雩里峴上里,호구총수
雩里峴下里,호구총수
雩面,호구총수
雪五味里,호구총수
雪倉里,호구총수
雪光里,호구총수
雪南山閭,호구총수
雪呑嶺,여지도서
雪品里,호구총수
雪城山,여지도서
雪天,역지사지LV3
雪天面,호구총수
雪山,세종실록지리지·여지도서·역지사지LV3
雪山坊,호구총수
雪岳,여지도서·역지사지LV3
雪岳山,여지도서
雪峯山,여지도서
雪峴里,호구총수
雪嶽,세종실록지리지
雪川,역지사지LV3
雪星,역지사지LV3
雪月里,호구총수
雪林山,여지도서
雪梅,역지사지LV3
雪梅洞,호구총수
雪梅谷,역지사지LV3
雪梅谷里,호구총수
雪滿里,호구총수
雪灘里,호구총수
雪玉里,호구총수
雪雲,호구총수
雪雲里,호구총수
雪馬峴,신증동국여지승람
雪馬嶺,여지도서
雪馬洞里,호구총수
雲上里,호구총수
雲下里,호구총수
雲中,역지사지LV3
雲中里,호구총수
雲之岳,여지도서
雲井里,호구총수
雲交,군현역원
雲亭,호구총수
雲亭里,호구총수
雲仙,역지사지LV3
雲住山,여지도서
雲佳洞,호구총수
雲加委川,여지도서
雲加委溫泉,신증동국여지승람
雲北,역지사지LV3
雲北面,호구총수
雲南,역지사지LV3
雲吉山,여지도서
雲吐洞,호구총수
雲城,호구총수
雲城里,호구총수
雲基里,호구총수
雲堂津,여지도서
雲堤,호구총수
雲寵,역지사지LV3
雲寵川,여지도서
雲寵社,호구총수
雲山,군현역원·세종실록지리지·여지도서·역지사지LV3
雲山村,호구총수
雲山里,호구총수
雲岩,역지사지LV3
雲岳山,세종실록지리지·여지도서
雲岾山,여지도서
雲峙里,호구총수
雲峯,군현역원·역지사지LV3·호구총수
雲峯山,여지도서
雲峯里,호구총수
雲峰村,호구총수
雲峰洞,호구총수
雲峰里,호구총수
雲峴里,호구총수
雲島,여지도서
雲嵐山,여지도서
雲嵒,군현역원
雲巖,여지도서·역지사지LV3·호구총수
雲巖坊,호구총수
雲巖廢縣,특수구역
雲巖里,호구총수
雲川,역지사지LV3·특수구역·호구총수
雲川村,호구총수
雲川鄕,특수구역
雲川里,호구총수
雲川面,호구총수
雲州,군현역원
雲幕鄕,특수구역
雲方里,호구총수
雲暗,역지사지LV3
雲暗里,호구총수
雲會里,호구총수
雲月峙險阨,여지도서
雲月村,호구총수
雲月里,호구총수
雲東,역지사지LV3
雲東上,역지사지LV3
雲東下,역지사지LV3
雲東里,호구총수
雲東面,호구총수
雲松里,호구총수
雲林,역지사지LV3·특수구역
雲林村,호구총수
雲林社,호구총수
雲林里,호구총수
雲柱洞,호구총수
雲柱里,호구총수
雲校,군현역원
雲根,군현역원
雲根驛里,호구총수
雲梯山,여지도서
雲梯廢縣,특수구역
雲梯里,호구총수
雲橋,군현역원·호구총수
雲橋村,호구총수
雲橋里,호구총수
雲水,역지사지LV3
雲水洞,호구총수
雲水部曲,특수구역
雲泉,역지사지LV3
雲泉里,호구총수
雲泉面,호구총수
雲注山,여지도서
雲洞,역지사지LV3
雲洞里,호구총수
雲洲,역지사지LV3
雲浦,역지사지LV3
雲浦里,호구총수
雲海邊里,호구총수
雲溪,호구총수
雲溪山,여지도서
雲溪山大川,여지도서
雲溪書院里,호구총수
雲溪村,호구총수
雲溪洞,여지도서
雲溪洞里,호구총수
雲溪里,호구총수
雲田,역지사지LV3
雲田洞,호구총수
雲田社,호구총수
雲畔,군현역원
雲盤里,호구총수
雲磨山,여지도서
雲積洞里,호구총수
雲羅,역지사지LV3
雲羅山,역지사지LV3
雲羅山坊,호구총수
雲羅里,호구총수
雲膏所,특수구역
雲臺山,여지도서
雲臺川,여지도서
雲臺里,호구총수
雲興,군현역원·역지사지LV3
雲興洞,호구총수
雲興里,호구총수
雲裏洞,호구총수
雲西,역지사지LV3
雲西上,역지사지LV3
雲西下,역지사지LV3
雲西里,호구총수
雲西面,호구총수
雲谷,군현역원·역지사지LV3·특수구역·호구총수
雲谷坊,호구총수
雲谷所,특수구역
雲谷社,호구총수
雲谷里,호구총수
雲谷面,호구총수
雲蹄,세종실록지리지
雲遊,역지사지LV3
雲遊下里,호구총수
雲遊山,여지도서
雲達山,신증동국여지승람·여지도서
雲銀山,여지도서
雲門,역지사지LV3
雲門山,여지도서
雲門川,여지도서
雲防里,호구총수
雲陽里,호구총수
雲霞里,호구총수
雲項里,호구총수
雲頭,역지사지LV3
雲頭山,여지도서
雲駐山,여지도서
雲高,특수구역
雲鶴,역지사지LV3
雲鶴里,호구총수
雲鷄山,여지도서
雲鷲山,여지도서
雲龍,역지사지LV3
雲龍洞,호구총수
雲龍里,호구총수
雷串洞,호구총수
雷封,역지사지LV3
雷封面,호구총수
雷澤,역지사지LV3
雷澤伊方洞,호구총수
雷澤伐谷洞,호구총수
雷澤本洞里,호구총수
雷澤東幕里,호구총수
雷澤澗谷洞,호구총수
雷谷洞,호구총수
霅橋里,호구총수
霖雨峯,여지도서
霜山,여지도서
霜峴里,호구총수
霜洞里,호구총수
霜谷里,호구총수
霞城,역지사지LV3
霞山里,호구총수
霞嵐山,여지도서
霞巖,여지도서
霞巖里,호구총수
霞川里,호구총수
霞陰,역지사지LV3
霞隱,역지사지LV3
霧川里,호구총수
霧織山,여지도서
露兒,역지사지LV3
露兒島,호구총수
露峴里,호구총수
露島,신증동국여지승람
露梁,군현역원·신증동국여지승람
露梁村,호구총수
露梁津,신증동국여지승람
露梁里,호구총수
露梁院,군현역원
露田里,호구총수
露積仇味里,호구총수
露積村,호구총수
露積村里,호구총수
露積洞里,호구총수
露積里,호구총수
霽谷里,호구총수
靈中坪,호구총수
靈九里,호구총수
靈井山,세종실록지리지
靈井村,호구총수
靈仁,역지사지LV3
靈光,역지사지LV3
靈國里,호구총수
靈奇峯,여지도서
靈山,군현역원·여지도서·역지사지LV3
靈山亭,호구총수
靈山社,호구총수
靈山里,호구총수
靈岫,역지사지LV3
靈峀,역지사지LV3
靈峀坊,호구총수
靈嶽山,여지도서
靈巖,역지사지LV3·호구총수
靈巖里,호구총수
靈川,신증동국여지승람
靈德山,여지도서
靈新村,호구총수
靈東里,호구총수
靈楡,군현역원
靈泉,군현역원·역지사지LV3
靈泉里,호구총수
靈浦,군현역원
靈溪,역지사지LV3
靈溪坊,호구총수
靈神村,호구총수
靈臺里,호구총수
靈興,역지사지LV3
靈興島,신증동국여지승람
靈興洞,호구총수
靈西里,호구총수
靈覺山,여지도서
靈覺東邊村,호구총수
靈覺西邊村,호구총수
靈通洞,신증동국여지승람·여지도서
靈通里,호구총수
靈邑村里,호구총수
靈長山,여지도서
靈雲里,호구총수
靈騏,군현역원
靈鷲山,세종실록지리지·신증동국여지승람·여지도서
靑上,역지사지LV3
靑上里,호구총수
靑下,역지사지LV3
靑丘,특수구역
靑丘里,호구총수
靑丹,군현역원
靑丹村,호구총수
靑乾里,호구총수
靑二,역지사지LV3
靑京驛村,호구총수
靑令洞,호구총수
靑令里,호구총수
靑信里,호구총수
靑元,역지사지LV3
靑元面,호구총수
靑光里,호구총수
靑初,역지사지LV3
靑化,군현역원
靑化里,호구총수
靑北,역지사지LV3
靑南,역지사지LV3
靑南面,호구총수
靑嚴,군현역원
靑坡,군현역원·역지사지LV3
靑坡一契,호구총수
靑坡三契,호구총수
靑坡二契,호구총수
靑坡四契,호구총수
靑坡坊,호구총수
靑坡契,호구총수
靑垈,호구총수
靑城,역지사지LV3
靑城君契,호구총수
靑堂里,호구총수
靑堤里,호구총수
靑場,역지사지LV3
靑塘里,호구총수
靑大洞里,호구총수
靑好,군현역원·역지사지LV3
靑好里,호구총수
靑好面,호구총수
靑宮里,호구총수
靑寧尉契,호구총수
靑山,군현역원·여지도서·역지사지LV3
靑山坊,호구총수
靑山島,호구총수
靑山所,특수구역
靑山洞,호구총수
靑山里,호구총수
靑山面,호구총수
靑岩,군현역원·역지사지LV3
靑岱里,호구총수
靑峴里村,호구총수
靑巖,군현역원·역지사지LV3·호구총수
靑巖山,여지도서
靑巖村,호구총수
靑巖社,호구총수
靑巖里,호구총수
靑巖面,호구총수
靑川,역지사지LV3·특수구역
靑川川,여지도서
靑川村,호구총수
靑川縣,특수구역
靑川里,호구총수
靑川面,호구총수
靑德,역지사지LV3
靑念里,호구총수
靑所,역지사지LV3
靑所里,호구총수
靑所面,호구총수
靑杞,역지사지LV3·특수구역
靑杞縣,특수구역
靑杞里,호구총수
靑杞面,호구총수
靑東,역지사지LV3
靑東面,호구총수
靑松,군현역원·역지사지LV3·호구총수
靑松坊,호구총수
靑松山,여지도서
靑松里,호구총수
靑松面,호구총수
靑林,역지사지LV3
靑林村,호구총수
靑林洞,호구총수
靑林里,호구총수
靑柳里,호구총수
靑水,역지사지LV3
靑水洞,호구총수
靑水洞里,호구총수
靑水里,호구총수
靑水面,호구총수
靑池,역지사지LV3
靑池面,호구총수
靑洞里,호구총수
靑津里,호구총수
靑浦里,호구총수
靑海,역지사지LV3
靑海面,호구총수
靑淵,군현역원
靑淵浦,여지도서
靑湖里,호구총수
靑溪山,신증동국여지승람
靑溪巖村,호구총수
靑溪里,호구총수
靑灘里,호구총수
靑烟里,호구총수
靑牛洞,호구총수
靑玉里,호구총수
靑理,특수구역
靑田里,호구총수
靑登里,호구총수
靑石,역지사지LV3
靑石乙里,호구총수
靑石峴,신증동국여지승람
靑石橋店,호구총수
靑石洞,여지도서
靑石里,호구총수
靑石閭,호구총수
靑羅,역지사지LV3
靑羅島,여지도서
靑羅里,호구총수
靑羅面,호구총수
靑羊里,호구총수
靑良,역지사지LV3
靑良里,호구총수
靑良面,호구총수
靑花山,여지도서
靑苔里,호구총수
靑蓮里,호구총수
靑蘿,역지사지LV3
靑蘿島,호구총수
靑蘿洞,역지사지LV3
靑蝦,역지사지LV3
靑蝦山里,호구총수
靑衿里,호구총수
靑西,역지사지LV3
靑角仇味里,호구총수
靑谷,호구총수
靑谷村,호구총수
靑路,군현역원
靑路里,호구총수
靑道里,호구총수
靑郊,군현역원·역지사지LV3
靑郊面,호구총수
靑里,역지사지LV3
靑里廢縣,특수구역
靑銅洞里,호구총수
靑陵村,호구총수
靑陽,군현역원·역지사지LV3
靑陽里,호구총수
靑雄,역지사지LV3
靑雲,군현역원·역지사지LV3
靑雲洞,호구총수
靑雲洞里,호구총수
靑雲里,호구총수
靑霞山,여지도서
靑靈里,호구총수
靑風里,호구총수
靑飛乃里,호구총수
靑魚仇味里,호구총수
靑鶴洞,신증동국여지승람·여지도서
靑鶴里,호구총수
靑鷄井里,호구총수
靑龍,세종실록지리지·역지사지LV3·호구총수
靑龍亭,호구총수
靑龍坊,호구총수
靑龍山,세종실록지리지·여지도서
靑龍村,호구총수
靑龍洞,호구총수
靑龍洞里,호구총수
靑龍津,여지도서
靑龍潭,여지도서
靑龍里,호구총수
靑龍面,호구총수
靜安部曲,특수구역
靜山,군현역원
靜山灘,여지도서
靜州,군현역원
靜戎江,여지도서
靜琴村,호구총수
靜邊,역지사지LV3
靜邊社,특수구역
靜陽里,호구총수
靜養洞里,호구총수
非乎石,역지사지LV3
非乎石坊,호구총수
非刀,특수구역
非刀所,특수구역
非古谷,호구총수
非方串,역지사지LV3
非方串面,호구총수
非於乃里,호구총수
非月洞山,여지도서
非熊,군현역원
非玉浦,호구총수
非珍島里,호구총수
非羅,역지사지LV3
非羅谷,역지사지LV3
非羅谷里,호구총수
非老廛契,호구총수
非老谷里,호구총수
非谷里,호구총수
非野川里,호구총수
非音,역지사지LV3
非音面,호구총수
面梁里,호구총수
革場里,호구총수
鞋廛一契,호구총수
鞋廛二契,호구총수
鞍岾山,여지도서
鞍峙里,호구총수
鞍峴里,호구총수
鞍嶺,여지도서
鞍嶺里,호구총수
鞍洞里,호구총수
鞍甲洞里,호구총수
鞍谷里,호구총수
鞍馬峙,호구총수
鞍馬島,여지도서·호구총수
鞭非筒,호구총수
韓侍郞里,호구총수
韓守堅契,호구총수
韓山,군현역원·역지사지LV3
韓山所里,호구총수
韓敵山,여지도서
音岩,역지사지LV3
音汁火縣,특수구역
音洞里,호구총수
音聲,특수구역
音聲鄕,특수구역
頂頭,역지사지LV3
頃里,호구총수
項串浦,호구총수
項井里,호구총수
項亭,호구총수
項北里,호구총수
項峴里,호구총수
項島,호구총수
項州洞,호구총수
項村,호구총수
項村里,호구총수
項沙里,호구총수
項洞,호구총수
項洞村,호구총수
項洞里,호구총수
項浦介里,호구총수
項無耳島,신증동국여지승람
項角洞里,호구총수
項角里,호구총수
項谷里,호구총수
項踰里,호구총수
項里,호구총수
項頭面,호구총수
順元洞,호구총수
順化,역지사지LV3
順化坊,호구총수
順化面,호구총수
順和,역지사지LV3
順城,군현역원·역지사지LV3
順天,군현역원·역지사지LV3
順安,군현역원·역지사지LV3
順寧,역지사지LV3
順寧社,호구총수
順山里,호구총수
順嶺,역지사지LV3
順川,군현역원·역지사지LV3
順州,군현역원
順德,역지사지LV3
順德里,호구총수
順成,군현역원
順月浦里,호구총수
順洞,호구총수
順溪里,호구총수
順甲里,호구총수
順興,군현역원·역지사지LV3
順興廢府,특수구역
順興東川,여지도서
順豊,역지사지LV3
順豊坊,호구총수
順達,역지사지LV3
順達面,호구총수
順陽,군현역원
順陽里,호구총수
須彌,역지사지LV3
須彌山,여지도서
須詔院里,호구총수
預原,군현역원
預原縣,특수구역
頓上里,호구총수
頓下里,호구총수
頓串里,호구총수
頓之浦里,호구총수
頓儀洞里,호구총수
頓地里,호구총수
頓坪院,군현역원
頓多村,호구총수
頓多里,호구총수
頓山窟,여지도서
頓池里,호구총수
頓義,역지사지LV3·특수구역
頓義鄕,특수구역
頓角池,신증동국여지승람
頓里,호구총수
領上里,호구총수
領井里,호구총수
頭上,역지사지LV3
頭上面,호구총수
頭乭里,호구총수
頭億浦里,호구총수
頭利山,세종실록지리지
頭大里,호구총수
頭尾山,여지도서
頭尾村,호구총수
頭山,역지사지LV3
頭山里,호구총수
頭山面,호구총수
頭峴,역지사지LV3
頭峴里,호구총수
頭村,역지사지LV3·호구총수
頭村面,호구총수
頭榮里,호구총수
頭樂亭里,호구총수
頭毛山,여지도서
頭毛所里,호구총수
頭毛村,호구총수
頭毛洞,호구총수
頭毛洞里,호구총수
頭毛浦,호구총수
頭毛里,호구총수
頭江村,호구총수
頭池,여지도서
頭波亭里,호구총수
頭洞里,호구총수
頭流山,여지도서
頭浦里,호구총수
頭無山,여지도서
頭瑟村,호구총수
頭穴山,신증동국여지승람
頭羅,역지사지LV3
頭羅坊,호구총수
頭耆浦,여지도서
頭致洞,호구총수
頭良山里,호구총수
頭蕪山,여지도서
頭衣谷,특수구역
頭衣谷部曲,특수구역
頭谷村,호구총수
頭谷里,호구총수
頭輪山,여지도서
頭里,호구총수
頭里峴,여지도서
頭陀山,여지도서
頭陀淵,여지도서
頭陁山,세종실록지리지·신증동국여지승람·여지도서
頭靈梁,신증동국여지승람
頭項里,호구총수
頭頭尾洞,호구총수
頭馬里,호구총수
頭龍洞,호구총수
頭龍洞里,호구총수
頭龍里,호구총수
頭龍山,여지도서
頹山村,호구총수
顔子山里,호구총수
顔子洞,여지도서·호구총수
顔川,역지사지LV3
顔川里,호구총수
顔巷洞,호구총수
顔里,호구총수
顚流里,호구총수
顧母村,호구총수
顧馬山,여지도서
風井,여지도서
風別里,호구총수
風吹里,호구총수
風呼臺里,호구총수
風安村,호구총수
風宿村,호구총수
風峙村,호구총수
風峴,여지도서
風巖,호구총수
風巖里,호구총수
風於山,여지도서
風村,역지사지LV3
風村里,호구총수
風流山,여지도서
風流岩,세종실록지리지
風流島,신증동국여지승람
風流洞,호구총수
風流閭,호구총수
風浪洞里,호구총수
風穴,여지도서
風穴巖,여지도서
風綱里,호구총수
風舞洞里,호구총수
風面,호구총수
風頭亭里,호구총수
飛乃洞里,호구총수
飛來上里,호구총수
飛來下里,호구총수
飛來山,여지도서
飛來川,여지도서
飛來洞里,호구총수
飛元,호구총수
飛兎村,호구총수
飛勿海里,호구총수
飛勿陸里,호구총수
飛厼,역지사지LV3
飛只里,호구총수
飛士郞里,호구총수
飛大洞里,호구총수
飛大項,호구총수
飛尒島,신증동국여지승람
飛山里,호구총수
飛峙,여지도서
飛巖里,호구총수
飛川,호구총수
飛川洞,호구총수
飛川里,호구총수
飛巢巖,여지도서
飛揚島,여지도서
飛月里,호구총수
飛村,호구총수
飛梁島,호구총수
飛洞里,호구총수
飛津里,호구총수
飛浪里,호구총수
飛溪谷,호구총수
飛瑟里,호구총수
飛甫里,호구총수
飛禽,역지사지LV3
飛禽島,호구총수
飛良里,호구총수
飛虎村,호구총수
飛谷里,호구총수
飛踰山,여지도서
飛道里,호구총수
飛里里,호구총수
飛釵洞,호구총수
飛霞洞里,호구총수
飛霞谷里,호구총수
飛靈山,여지도서
飛音山,여지도서
飛飛亭里,호구총수
飛騰亭,호구총수
飛鳥峙,여지도서
飛鳥洞里,호구총수
飛鳥里,호구총수
飛鳥頉里,호구총수
飛鳳,세종실록지리지·역지사지LV3
飛鳳山,여지도서
飛鳳里,호구총수
飛鴈亭里,호구총수
飛鴉,역지사지LV3
飛鴉洞里,호구총수
飛鴻上里,호구총수
飛鴻中里,호구총수
飛鴻山,여지도서
飛鴻峴,신증동국여지승람
飛鴻里,호구총수
飛鵝村,호구총수
飛鵝里,호구총수
飛鶴山,여지도서
飛鶴洞,호구총수
飛鷹島,호구총수
飛鷺里,호구총수
飛龍山,여지도서
飛龍所,호구총수
飛龍洞,호구총수
飛龍洞里,호구총수
飜浦,여지도서
飜雨巖,여지도서
食只谷里,호구총수
食和,역지사지LV3
食寺里,호구총수
食尺,역지사지LV3
食尺坊,호구총수
食尺處,특수구역
食尺里,호구총수
食山,여지도서
食山村,호구총수
食岳山,여지도서
食岾里,호구총수
食峴,역지사지LV3
食峴里,호구총수
食島里,호구총수
食川里,호구총수
食汗,역지사지LV3
食汙面,호구총수
食洞里,호구총수
食浦,역지사지LV3
食浦面,호구총수
食滿浦里,호구총수
食漢,역지사지LV3
食知,역지사지LV3
食知面,호구총수
食藏山,여지도서
飮水洞里,호구총수
飮酒峙里,호구총수
飽德山,여지도서
養井里,호구총수
養亭里,호구총수
養仁洞,호구총수
養元,역지사지LV3
養元面,호구총수
養善洞里,호구총수
養士里,호구총수
養岳里,호구총수
養志山里,호구총수
養性,역지사지LV3
養性山,여지도서
養林山,여지도서
養淸洞,호구총수
養珍,군현역원
養珍里,호구총수
養生,역지사지LV3
養生坊,호구총수
養生里,호구총수
養閑里,호구총수
養院,역지사지LV3
養馬洞里,호구총수
養麟,군현역원
餘勿眞山,신증동국여지승람
餘南村,호구총수
餘叱洞嶺,여지도서
餘呑里,호구총수
餘尺里,호구총수
餘山里,호구총수
餘慶,역지사지LV3
餘慶坊,호구총수
餘方,역지사지LV3
餘次尼津,여지도서
餘欽里,호구총수
餘浦里,호구총수
餘破山,여지도서
餘粟里,호구총수
餘粮,군현역원
餘粮里,호구총수
餘糧,군현역원
餘結川,여지도서
餘背耳,역지사지LV3
餘航山,여지도서
餘萬里,호구총수
餘里,호구총수
餘金山,신증동국여지승람
餘閑,역지사지LV3
餘閑面,호구총수
餘間,역지사지LV3
餘音浦,여지도서
餘鼠島,호구총수
餠岾,여지도서
餠峴,여지도서
館上里,호구총수
館下谷里,호구총수
館下里,호구총수
館中里,호구총수
館前里,호구총수
館北里,호구총수
館南,역지사지LV3
館南里,호구총수
館坐地里,호구총수
館坪里,호구총수
館垈里,호구총수
館基上里,호구총수
館基下里,호구총수
館基中里,호구총수
館基里,호구총수
館士洞里,호구총수
館山,역지사지LV3
館山里,호구총수
館山院,군현역원
館峴村,호구총수
館後洞里,호구총수
館村,역지사지LV3
館東,역지사지LV3
館東里,호구총수
館洞,역지사지LV3·호구총수
館洞坊,호구총수
館洞社,호구총수
館洞里,호구총수
館石里,호구총수
館興,역지사지LV3
館興里,호구총수
館西,역지사지LV3
館西里,호구총수
館谷里,호구총수
館近里,호구총수
館里,역지사지LV3·호구총수
館里洞,역지사지LV3
館里面,호구총수
館陽里,호구총수
館隅里,호구총수
館面,호구총수
館頭里,호구총수
饒洞,호구총수
饒洞里,호구총수
饒良,특수구역
首山里,호구총수
首比,역지사지LV3·특수구역
首比部曲,특수구역
首比里,호구총수
首比面,호구총수
首界,역지사지LV3
首界面,호구총수
首谷里,호구총수
首陽,세종실록지리지
首陽山,여지도서
首陽里,호구총수
首面里,호구총수
首龍山,신증동국여지승람
香中里,호구총수
香串里,호구총수
香亭里,호구총수
香古介,신증동국여지승람·역지사지LV3
香古介社,호구총수
香坡山,여지도서
香埋地閭,호구총수
香山,신증동국여지승람·역지사지LV3·호구총수
香山峴,신증동국여지승람
香山川,여지도서
香山洞里,호구총수
香山里,호구총수
香峯里,호구총수
香峴,역지사지LV3
香嶺,여지도서
香川里,호구총수
香木,호구총수
香木里,호구총수
香東邊里,호구총수
香林部曲,특수구역
香林里,호구총수
香栢洞里,호구총수
香楓山,여지도서
香樹洞里,호구총수
香毛地里,호구총수
香汙里,호구총수
香泉洞里,호구총수
香洞,신증동국여지승람·호구총수
香洞里,호구총수
香浦里,호구총수
香湖里,호구총수
香燈村,호구총수
香爐山,여지도서
香爐峯,여지도서
香積山,세종실록지리지·여지도서
香興里,호구총수
香芝洞,호구총수
香草洞,호구총수
香餘,특수구역
香餘所,특수구역
馬七里,호구총수
馬三洑,호구총수
馬上里,호구총수
馬下里,호구총수
馬丹,역지사지LV3
馬丹里,호구총수
馬之峙里,호구총수
馬乙峙里,호구총수
馬乙里,호구총수
馬九里,호구총수
馬乳,군현역원
馬乳山,여지도서
馬乳峯,여지도서
馬井,역지사지LV3
馬井山,여지도서
馬井里,호구총수
馬井面,호구총수
馬亦浦,여지도서
馬亭里,호구총수
馬仇味里,호구총수
馬佐山里,호구총수
馬余味里,호구총수
馬余里,호구총수
馬來洞,호구총수
馬兒峴,신증동국여지승람
馬兒嶺,여지도서
馬內里,호구총수
馬利,역지사지LV3
馬加山里,호구총수
馬北山,여지도서
馬北里,호구총수
馬卞之里,호구총수
馬口形里,호구총수
馬只洞,호구총수
馬吉,역지사지LV3
馬吉面,호구총수
馬呑村,호구총수
馬坪,호구총수
馬坪里,호구총수
馬城里,호구총수
馬堂里,호구총수
馬場,역지사지LV3
馬場川,여지도서
馬場村,호구총수
馬場洞,호구총수
馬場里,호구총수
馬場里契,호구총수
馬場面,호구총수
馬墳亭里,호구총수
馬墳里,호구총수
馬外里,호구총수
馬多谷里,호구총수
馬奴,군현역원·역지사지LV3
馬奴驛,호구총수
馬孔里,호구총수
馬存里,호구총수
馬實里,호구총수
馬寺洞,호구총수
馬尙洞,호구총수
馬屯里,호구총수
馬山,군현역원·세종실록지리지·신증동국여지승람·여지도서·역지사지LV3·호구총수
馬山亭,호구총수
馬山仇非里,호구총수
馬山兩里,호구총수
馬山坊,호구총수
馬山嶺,여지도서
馬山村,호구총수
馬山洞,호구총수
馬山洞里,호구총수
馬山浦,여지도서·호구총수
馬山潭,신증동국여지승람
馬山處,특수구역
馬山里,호구총수
馬山面,호구총수
馬屹山里,호구총수
馬屹村,호구총수
馬屹里,호구총수
馬岩,역지사지LV3
馬岩山,세종실록지리지
馬岾里,호구총수
馬峙,호구총수
馬峙村,호구총수
馬峙里,호구총수
馬峯,특수구역·호구총수
馬峯所,특수구역
馬峯里,호구총수
馬峴,신증동국여지승람·여지도서
馬峴所,특수구역
馬峴村,호구총수
馬峴里,호구총수
馬島里,호구총수
馬島鎭,호구총수
馬嶺里,호구총수
馬巖,여지도서·역지사지LV3
馬巖山,여지도서
馬巖洞,호구총수
馬巖里,호구총수
馬巖面,호구총수
馬川,역지사지LV3·특수구역·호구총수
馬川山,여지도서
馬川所,특수구역
馬川洞,호구총수
馬川洞村,호구총수
馬川部曲,특수구역
馬川里,호구총수
馬川面,호구총수
馬巨里,호구총수
馬底嶺,여지도서
馬廐里,호구총수
馬息嶺,여지도서
馬成山,여지도서
馬所浦,여지도서
馬放里,호구총수
馬斤加,호구총수
馬斤洞里,호구총수
馬方里,호구총수
馬日里,호구총수
馬本嶺,신증동국여지승람
馬本里,호구총수
馬村,역지사지LV3·호구총수
馬村坊,호구총수
馬村洞內,호구총수
馬村面,호구총수
馬東,역지사지LV3
馬松里,호구총수
馬栗里,호구총수
馬梁鎭里,호구총수
馬梧亭里,호구총수
馬樑,호구총수
馬橋里,호구총수
馬次坪,호구총수
馬欣川里,호구총수
馬池,역지사지LV3
馬池里,호구총수
馬沙乃里,호구총수
馬沙安里,호구총수
馬沙洞,호구총수
馬沙里,역지사지LV3·호구총수
馬泉里,호구총수
馬洞,역지사지LV3
馬洞村,호구총수
馬洞里,호구총수
馬津島,호구총수
馬津江,여지도서
馬浦,역지사지LV3
馬浦村,호구총수
馬浦里,호구총수
馬浦院里,호구총수
馬浦面,호구총수
馬淵,여지도서
馬淵里,호구총수
馬淺,특수구역
馬渴山里,호구총수
馬渴洞,호구총수
馬游,역지사지LV3
馬灘,신증동국여지승람·여지도서·역지사지LV3
馬灘坊,호구총수
馬甘洞里,호구총수
馬甘里,호구총수
馬田,군현역원·역지사지LV3·호구총수
馬田部曲,특수구역
馬田里,호구총수
馬田面,호구총수
馬田驛村,호구총수
馬登里,호구총수
馬皐坪,여지도서
馬皮里,호구총수
馬直里,호구총수
馬糞里,호구총수
馬羅里,호구총수
馬群山,신증동국여지승람
馬老,역지사지LV3
馬老面,호구총수
馬耳,세종실록지리지·역지사지LV3
馬耳山,여지도서
馬耳面,호구총수
馬與里,호구총수
馬船里,호구총수
馬良,특수구역
馬良部曲,특수구역
馬草,호구총수
馬莊山,여지도서
馬莊里,호구총수
馬落里,호구총수
馬西,역지사지LV3
馬要介里,호구총수
馬谷,역지사지LV3·호구총수
馬谷山,여지도서
馬谷洞,호구총수
馬谷洞內,호구총수
馬谷里,호구총수
馬起谷里,호구총수
馬跡村,호구총수
馬跡里,호구총수
馬路島,호구총수
馬踰嶺,여지도서
馬踰里,호구총수
馬蹄,호구총수
馬蹄里,호구총수
馬輪,역지사지LV3·호구총수
馬輪里,호구총수
馬輪面,호구총수
馬轉里,호구총수
馬近潭閭,호구총수
馬述里,호구총수
馬遊,역지사지LV3
馬遊山,여지도서
馬遊面,호구총수
馬邑里,호구총수
馬郞耳島,신증동국여지승람
馬郡川里,호구총수
馬金村,호구총수
馬鋪川,여지도서
馬長里,호구총수
馬門里,호구총수
馬陵里,호구총수
馬隱洞里,호구총수
馬雙洞,호구총수
馬靈,역지사지LV3·특수구역
馬靈廢縣,특수구역
馬靈面,호구총수
馬鞍洞,호구총수
馬鞭亭里,호구총수
馬音,호구총수
馬音伐,호구총수
馬音垈,호구총수
馬音里,호구총수
馬項村,호구총수
馬項里,호구총수
馬頭山,여지도서
馬頭山里,호구총수
馬頭村,호구총수
馬頭里,호구총수
馬餘所,특수구역
馬首里,호구총수
馬首院津,여지도서
馬駒部曲,특수구역
馬鳴山,여지도서·호구총수
馬鳴川,여지도서
馬鳴洞,호구총수
馬鳴里,호구총수
馬鵂洞里,호구총수
馬麻里,호구총수
馬龍橋里,호구총수
馬龍池,신증동국여지승람
馬龍淵,여지도서
馬龍里,호구총수
馭車,역지사지LV3
馭車里,역지사지LV3
馭車里坊,호구총수
駐龍山,여지도서
駒城,역지사지LV3
駒峴,여지도서
駒興,군현역원·역지사지LV3
駒興川,여지도서
駒興面,호구총수
駕作谷里,호구총수
駕堤里,호구총수
駕山上里,호구총수
駕山下里,호구총수
駕山中里,호구총수
駕島,호구총수
駕巖里,호구총수
駕川里,호구총수
駕洛,역지사지LV3
駕洞里,호구총수
駕淵里,호구총수
駕牛島,호구총수
駕谷里,호구총수
駕馬仇味里,호구총수
駕馬北里,호구총수
駕馬南里,호구총수
駕馬山,여지도서
駕馬峙里,호구총수
駕馬洞里,호구총수
駕馬里,호구총수
駕鶴山,여지도서
駕鶴峴,신증동국여지승람
駕鶴洞,호구총수
駕鶴里,호구총수
駕龍浦里,호구총수
駕龍里,호구총수
駝駱山,여지도서
騅馬谷,호구총수
騎龍洞里,호구총수
騏麟,군현역원
騰雲山,여지도서
驁山,여지도서
驎駒,군현역원
驗山閭,호구총수
驛上里,호구총수
驛下村里,호구총수
驛下里,호구총수
驛中里,호구총수
驛前海里,호구총수
驛前里,호구총수
驛北里,호구총수
驛南里,호구총수
驛只,역지사지LV3
驛只面,호구총수
驛吏里,호구총수
驛土村里,호구총수
驛坪里,호구총수
驛垈,역지사지LV3
驛垈坊,호구총수
驛垈里,호구총수
驛基洞,호구총수
驛基里,호구총수
驛契,호구총수
驛峴里,호구총수
驛川,여지도서
驛新垈里,호구총수
驛旨里,호구총수
驛村,호구총수
驛村里,호구총수
驛東邊里,호구총수
驛東里,호구총수
驛泥,호구총수
驛洞,호구총수
驛洞上里,호구총수
驛洞下里,호구총수
驛洞里,호구총수
驛田,호구총수
驛西中里,호구총수
驛西邊里,호구총수
驛西里,호구총수
驛里,역지사지LV3·호구총수
驛里坊,호구총수
驛里面,호구총수
驛面,호구총수
驛館洞里,호구총수
驪江,신증동국여지승람
驪興,군현역원
骨化里,호구총수
骨南里,호구총수
骨品里,호구총수
骨山里,호구총수
骨川里,호구총수
骨東村,호구총수
骨梅洞里,호구총수
骨江里,호구총수
骨洞里,호구총수
骨浦里,호구총수
骨玄里,호구총수
骨理里,호구총수
骨羅所,특수구역
骨若,역지사지LV3·특수구역
骨若浦,여지도서
骨若浦部曲,특수구역
骨若里部曲,특수구역
骨西村,호구총수
骨谷浦,여지도서
骨谷里,호구총수
骨里峴,여지도서
骨長津,신증동국여지승람
骨龍里,호구총수
體巖里,호구총수
高三嘉里,호구총수
高下,역지사지LV3
高下島,신증동국여지승람·호구총수
高丘,특수구역
高串里,호구총수
高丹,군현역원
高丹里,호구총수
高井,역지사지LV3
高井坊,호구총수
高井山,여지도서
高井里,호구총수
高亭子里,호구총수
高亭村,호구총수
高亭里,호구총수
高介洞里,호구총수
高伊山所,특수구역
高位山,여지도서
高佐里,호구총수
高佐頭里,호구총수
高作里,호구총수
高內岳,여지도서
高內浦,여지도서
高內縣,특수구역
高內谷里,호구총수
高內里,호구총수
高刀巖所,특수구역
高助馬里,호구총수
高勇山,신증동국여지승람
高勝洞里,호구총수
高北,역지사지LV3
高北面,호구총수
高升里,호구총수
高南,역지사지LV3
高南上道,역지사지LV3
高南下道,역지사지LV3
高南里,호구총수
高南面,호구총수
高原,군현역원·역지사지LV3
高古介,역지사지LV3
高古介坊,호구총수
高呑里,호구총수
高坦,군현역원
高坪洞,호구총수
高垈巖里,호구총수
高垈里,호구총수
高城,군현역원·역지사지LV3
高城山,여지도서
高城洞,호구총수
高城津,여지도서
高城浦,여지도서
高城里,호구총수
高基里,호구총수
高塘江,여지도서
高塘里,호구총수
高墻村,호구총수
高士亭,호구총수
高士巖里,호구총수
高士洞,호구총수
高士里,호구총수
高壯朴,역지사지LV3
高多寶里,호구총수
高多山,신증동국여지승람
高大,역지사지LV3
高夫海里,호구총수
高夫陸里,호구총수
高守里,호구총수
高安,역지사지LV3·특수구역
高安部曲,특수구역
高安里,호구총수
高安面,호구총수
高寺,역지사지LV3
高寺坊,호구총수
高寺里,호구총수
高尺山里,호구총수
高尺洞,호구총수
高尺里,호구총수
高山,군현역원·신증동국여지승람·여지도서·역지사지LV3·호구총수
高山坊,호구총수
高山川,신증동국여지승람
高山後里,호구총수
高山村,호구총수
高山洞,호구총수
高山洞里,호구총수
高山社,호구총수
高山里,역지사지LV3·호구총수
高山里坊,호구총수
高山里鎭,호구총수
高山閭,호구총수
高山院,군현역원
高山面,호구총수
高岑,군현역원
高岩,역지사지LV3
高峙里,호구총수
高峯里,호구총수
高峴,역지사지LV3
高峴里,호구총수
高島里,호구총수
高嶺,역지사지LV3
高嶺山,신증동국여지승람·여지도서
高嶺社,호구총수
高嶺里,호구총수
高巒,여지도서
高巒里,호구총수
高巖,역지사지LV3
高巖山,여지도서
高巖德里,호구총수
高巖村,호구총수
高巖里,호구총수
高巖面,호구총수
高巘山,여지도서
高川里,호구총수
高州,군현역원
高巨里,호구총수
高平,군현역원
高德山,여지도서
高德里,호구총수
高才里,호구총수
高揷,역지사지LV3
高揷面,호구총수
高敞,군현역원·역지사지LV3
高新村,호구총수
高方里,호구총수
高日里,호구총수
高昌洞里,호구총수
高昌里,호구총수
高明洞,호구총수
高木亭,호구총수
高村,역지사지LV3
高村里,호구총수
高林,특수구역
高林山,신증동국여지승람
高林洞內,호구총수
高林部曲,특수구역
高枝亭里,호구총수
高梯,역지사지LV3
高棧里,호구총수
高標里,호구총수
高樹洞里,호구총수
高樹里,호구총수
高橋,호구총수
高橋川,여지도서
高殘里,호구총수
高毛嶺,여지도서
高泉,역지사지LV3
高泉坊,호구총수
高法峴,여지도서
高洞里,호구총수
高海浪,여지도서
高淵,호구총수
高滿,역지사지LV3
高滿堂里,호구총수
高滿社,호구총수
高牙,역지사지LV3
高牙部曲,특수구역
高甘里,호구총수
高田,호구총수
高田浦,신증동국여지승람
高甲里,호구총수
高畓里,호구총수
高登里,호구총수
高的,호구총수
高益里,호구총수
高盖里,호구총수
高盞里,호구총수
高眠里,호구총수
高硯里,호구총수
高秋洞里,호구총수
高秋院里,호구총수
高端,군현역원
高等村處,특수구역
高節,역지사지LV3
高節村,호구총수
高節洞,호구총수
高節里,호구총수
高羅洞里,호구총수
高羅院,군현역원
高羅院川,신증동국여지승람
高自川里,호구총수
高興,군현역원·역지사지LV3
高興廢縣,특수구역
高色里,호구총수
高草川里,호구총수
高葛里,호구총수
高薍台,역지사지LV3
高蘭台,역지사지LV3
高蘭苔,역지사지LV3
高蘭苔面,호구총수
高谷,역지사지LV3
高谷坊,호구총수
高谷部曲,특수구역
高谷里,호구총수
高車洞內,호구총수
高道,역지사지LV3
高道寺里,호구총수
高道島,신증동국여지승람
高道巖里,호구총수
高道田里,호구총수
高達山,여지도서
高達洞,호구총수
高遷,역지사지LV3
高郞岐川,여지도서
高都岩,역지사지LV3
高都巖,역지사지LV3
高里,역지사지LV3
高里面,호구총수
高陽,군현역원
高陽村,호구총수
高陽洞,호구총수
高陽浦里,호구총수
高陽里,호구총수
高隱峙里,호구총수
高雅,특수구역
高靈,군현역원·역지사지LV3
高靈山,여지도서
高靑里,호구총수
高靜山,여지도서
高非,호구총수
高頂山,여지도서
高頓峙,여지도서
高頭山里,호구총수
高飛淵里,호구총수
高駕池,역지사지LV3
高駕池面,호구총수
高鶴,세종실록지리지
高麗大里,호구총수
高麗山,여지도서
高麗川,여지도서
高齋洞里,호구총수
鬱介村,호구총수
鬱谷里,호구총수
鬱陵,역지사지LV3
鬱陵島,신증동국여지승람
魚上川,역지사지LV3
魚呑,역지사지LV3
魚呑面,호구총수
魚在洞里,호구총수
魚城里,호구총수
魚尾洞,호구총수
魚川,군현역원·여지도서·역지사지LV3
魚川坊,호구총수
魚川面,호구총수
魚得里,호구총수
魚得雲,호구총수
魚得雲里,호구총수
魚慮上,역지사지LV3
魚慮下,역지사지LV3
魚成浦,신증동국여지승람
魚抱山里,호구총수
魚林里,호구총수
魚樑里,호구총수
魚水山,여지도서
魚波里,호구총수
魚游池里,호구총수
魚游澗川,여지도서
魚游澗鎭里,호구총수
魚登山,여지도서
魚登浦,여지도서
魚目里,호구총수
魚破里,호구총수
魚禮鄕,특수구역
魚禮鄕浦,여지도서
魚積山里,호구총수
魚肥川,여지도서
魚肥洞,호구총수
魚臺槐,호구총수
魚蘆,역지사지LV3
魚蘆坊,호구총수
魚許乃里,호구총수
魚谷里,호구총수
魚里,호구총수
魚隱川里,호구총수
魚隱洞,호구총수
魚隱洞里,호구총수
魚雲仇味里,호구총수
魚雲洞,역지사지LV3
魚雲洞川,여지도서
魚雲洞社,호구총수
魚雲里,호구총수
魚面,역지사지LV3
魚面社,호구총수
魚頭里,호구총수
魚龍,역지사지LV3·호구총수
魚龍島,호구총수
魚龍洞,호구총수
魚龍浦,여지도서
魚龍浦里,호구총수
魚龍里,호구총수
魯佐,역지사지LV3
魯佐里,역지사지LV3
魯佐里面,호구총수
魯城,역지사지LV3
魯山,호구총수
魯川里,호구총수
魯巷村,호구총수
魯日里,호구총수
魯曾里,호구총수
魯洞里,호구총수
魯淵里,호구총수
魯溪里,호구총수
魯玻里,호구총수
魯皮,호구총수
魯谷,호구총수
魯谷里,호구총수
魯里,호구총수
魴魚仇味里,호구총수
魴魚津,신증동국여지승람·여지도서·호구총수
魴魚津里,호구총수
鮎巖川,여지도서
鮎巖里,호구총수
鮑作島,여지도서·호구총수
鮑村,호구총수
鮑村里,호구총수
鮑里,호구총수
鯉埋淵,여지도서
鯉城里,호구총수
鯉巖里,호구총수
鯉放浦里,호구총수
鯉池里,호구총수
鯉潭洞里,호구총수
鯉魚淵里,호구총수
鯨井里,호구총수
鯨仇味里,호구총수
鯨內閭,호구총수
鯨山,호구총수
鯨巖里,호구총수
鯨水里,호구총수
鯨汀,여지도서
鰲坪里,호구총수
鰲山,세종실록지리지·신증동국여지승람·여지도서·역지사지LV3·호구총수
鰲山初里,호구총수
鰲山村,호구총수
鰲山田里,호구총수
鰲山里,호구총수
鰲山閭,호구총수
鰲巖里,호구총수
鰲川,역지사지LV3
鰲村里,호구총수
鰲西,군현역원
鰲項里,호구총수
鰲頭山,여지도서
鰲頭里,호구총수
鱗潭部曲,특수구역
鱸魚里,호구총수
鳥三巖里,호구총수
鳥三洞,호구총수
鳥乃谷里,호구총수
鳥之田,호구총수
鳥分里,호구총수
鳥加里,호구총수
鳥原,군현역원
鳥坊里,호구총수
鳥城,역지사지LV3
鳥城院,군현역원
鳥壤里,호구총수
鳥山里,호구총수
鳥峙村,호구총수
鳥峙里,호구총수
鳥峴里,호구총수
鳥島,역지사지LV3
鳥島里,호구총수
鳥嶺,여지도서·역지사지LV3
鳥嶺山,여지도서
鳥嶺里,역지사지LV3·호구총수
鳥嶺里面,호구총수
鳥嶺院,군현역원
鳥巖坊,호구총수
鳥川村,호구총수
鳥庭里,호구총수
鳥村,호구총수
鳥村里,호구총수
鳥林村,호구총수
鳥枝里,호구총수
鳥梁里,호구총수
鳥棲村,호구총수
鳥池店里,호구총수
鳥池里,호구총수
鳥洞,역지사지LV3
鳥洞里,호구총수
鳥洞面,호구총수
鳥浮里,호구총수
鳥致院,역지사지LV3
鳥致院里,호구총수
鳥谷里,호구총수
鳥走只里,호구총수
鳥足山,여지도서
鳥足里,호구총수
鳥里,호구총수
鳥雉洞里,호구총수
鳥頂川,여지도서
鳥項,호구총수
鳥項村,호구총수
鳥項里,호구총수
鳥鳳村,호구총수
鳥龍洞,호구총수
鳧山里,호구총수
鳧海村,호구총수
鳩井里,호구총수
鳩亭里,호구총수
鳩坪里,호구총수
鳩山村,호구총수
鳩山里,호구총수
鳩岾川,신증동국여지승람
鳩峴,신증동국여지승람
鳩島,호구총수
鳩巖,여지도서
鳩州洞,호구총수
鳩得飛里,호구총수
鳩林,호구총수
鳩林里,호구총수
鳩池里,호구총수
鳩浦村,호구총수
鳩淵江,여지도서
鳩里,호구총수
鳩項里,호구총수
鳩飛里,호구총수
鳳下里,호구총수
鳳丹直,여지도서
鳳亭里,호구총수
鳳仙里,호구총수
鳳休峙,호구총수
鳳停村,호구총수
鳳儀,역지사지LV3
鳳儀村,호구총수
鳳凰,역지사지LV3
鳳凰山,세종실록지리지·신증동국여지승람·여지도서·호구총수
鳳凰山里,호구총수
鳳凰嶺,여지도서
鳳凰川,여지도서
鳳凰村,호구총수
鳳凰洞,호구총수
鳳凰洞里,호구총수
鳳凰臺,여지도서
鳳凰里,호구총수
鳳凰頭山,여지도서
鳳凰頭里,호구총수
鳳勢山,여지도서
鳳化,역지사지LV3
鳳化山,여지도서
鳳北,역지사지LV3
鳳北里,호구총수
鳳南,역지사지LV3
鳳卵里,호구총수
鳳哭山,여지도서
鳳囀里,호구총수
鳳坪洞內,호구총수
鳳坪里,호구총수
鳳垈里,호구총수
鳳城,역지사지LV3
鳳城山,신증동국여지승람·여지도서
鳳城里,호구총수
鳳基里,호구총수
鳳塘里,호구총수
鳳尾山,여지도서
鳳尾洞,호구총수
鳳尾里,호구총수
鳳山,군현역원·세종실록지리지·여지도서·역지사지LV3·호구총수
鳳山里,호구총수
鳳岡,역지사지LV3
鳳岫,역지사지LV3
鳳峀,역지사지LV3
鳳峀面,호구총수
鳳峙村,호구총수
鳳峙里,호구총수
鳳峴,역지사지LV3
鳳巖,호구총수
鳳巖洞里,호구총수
鳳巖里,호구총수
鳳川里,호구총수
鳳州,군현역원
鳳巢洞,호구총수
鳳巢里,호구총수
鳳得里,호구총수
鳳德,역지사지LV3
鳳德亭,호구총수
鳳德山,여지도서
鳳德村,호구총수
鳳德淵,여지도서
鳳德里,호구총수
鳳月里,호구총수
鳳村,호구총수
鳳村里,호구총수
鳳東,역지사지LV3
鳳林,역지사지LV3
鳳林上里,호구총수
鳳林中里,호구총수
鳳林山,여지도서
鳳林村,호구총수
鳳林洞,호구총수
鳳林里,호구총수
鳳栖里,호구총수
鳳梧里,호구총수
鳳棲上里,호구총수
鳳棲下里,호구총수
鳳棲亭閭,호구총수
鳳棲山,여지도서
鳳棲村,호구총수
鳳棲洞,호구총수
鳳棲洞里,호구총수
鳳棲里,호구총수
鳳棲院,군현역원
鳳樓,호구총수
鳳樹,역지사지LV3
鳳樹里,호구총수
鳳歌洞,호구총수
鳳泉里,호구총수
鳳洞村,호구총수
鳳洞里,호구총수
鳳津,역지사지LV3
鳳湖亭,호구총수
鳳溪村,호구총수
鳳溪里,호구총수
鳳溪院,군현역원
鳳獜山,여지도서
鳳獻院,군현역원
鳳生里,호구총수
鳳睡洞,호구총수
鳳祥里,호구총수
鳳笙洞,호구총수
鳳翔,역지사지LV3
鳳翔里,호구총수
鳳至里,호구총수
鳳臺,호구총수
鳳臺里,호구총수
鳳舞亭,호구총수
鳳舞村,호구총수
鳳舞里,호구총수
鳳西,역지사지LV3
鳳谷,역지사지LV3
鳳谷里,호구총수
鳳起洞,호구총수
鳳踰山,여지도서
鳳陽,역지사지LV3
鳳陽里,호구총수
鳳雲洞,호구총수
鳳項里,호구총수
鳳頭,세종실록지리지·역지사지LV3
鳳頭山,세종실록지리지·여지도서
鳳頭里,호구총수
鳳首山,여지도서
鳳鳴,역지사지LV3
鳳鳴坊,호구총수
鳳鳴山,여지도서
鳳鳴山里,호구총수
鳳鳴洞,호구총수
鳳鳴洞里,호구총수
鳳鳴臺,호구총수
鳳鳴里,호구총수
鳳鳴面,호구총수
鳳鶴亭,호구총수
鳳鶴山,여지도서
鳳鶴山里,호구총수
鳳鶴村,호구총수
鳳鶴洞,호구총수
鳳鶴里,호구총수
鳳鷄里,호구총수
鳳麟山,여지도서
鳴山,여지도서·역지사지LV3
鳴山里,호구총수
鳴岩,역지사지LV3
鳴巖,역지사지LV3
鳴巖上里,호구총수
鳴巖下里,호구총수
鳴巖里,호구총수
鳴川洞,호구총수
鳴川里,호구총수
鳴幕里,호구총수
鳴旨,역지사지LV3
鳴旨島,여지도서·호구총수
鳴村里,호구총수
鳴柯洞,호구총수
鳴梧里,호구총수
鳴沙,신증동국여지승람·여지도서
鳴泉里,호구총수
鳴洋,여지도서
鳴湖里,호구총수
鳴灘,역지사지LV3
鳴灘里,호구총수
鳴灘面,호구총수
鳴牛里,호구총수
鳴琴,역지사지LV3
鳴琴峙里,호구총수
鳴琴洞里,호구총수
鳴田里,호구총수
鳴皐里,호구총수
鳴石,역지사지LV3
鳴石里,호구총수
鳴良,특수구역
鳴良山,여지도서
鳴藏里,호구총수
鳴谷里,호구총수
鳴鳳,호구총수
鳴鳳山,여지도서
鳴鳳里,호구총수
鳴鶴山,여지도서
鳴鶴所,특수구역
鳴鶴洞,호구총수
鳴鶴里,호구총수
鳴龍洞,호구총수
鳶嘩池,여지도서
鳶洞里,호구총수
鴈井,호구총수
鴈伏里,호구총수
鴈山里,호구총수
鴈川,여지도서
鴈洞,호구총수
鴈洞里,호구총수
鴈洞閭,호구총수
鴉坪里,호구총수
鴉山里,호구총수
鴉川,호구총수
鴉川村,호구총수
鴟川,여지도서
鴨井,역지사지LV3
鴨尺村,호구총수
鴨島,신증동국여지승람
鴨汀,역지사지LV3
鴨泉,역지사지LV3
鴨洞里,호구총수
鴨綠,군현역원
鴨綠江,신증동국여지승람·여지도서
鴨綠津,신증동국여지승람·여지도서
鴨綠里,호구총수
鴨谷,호구총수
鴨谷村,호구총수
鴨谷里,호구총수
鴨蹄村,호구총수
鴨錄津,여지도서
鴨長,역지사지LV3
鴨長面,호구총수
鴨須里,호구총수
鴨鳩亭,호구총수
鴻城洞,호구총수
鴻山,군현역원·역지사지LV3
鴻頭洞閭,호구총수
鵂山,호구총수
鵂巖里,호구총수
鵂巖里契,호구총수
鵂頭里,호구총수
鵂鶹岩,신증동국여지승람
鵄述嶺,여지도서
鵑川,역지사지LV3
鵝州廢縣,특수구역
鵝池洞里,호구총수
鵝洞里,호구총수
鵝潭洞,호구총수
鵝背村,호구총수
鵝鳴里,호구총수
鵠峴里,호구총수
鵠縣,특수구역
鵠頭峰,여지도서
鵠鶴上村,호구총수
鵠鶴大村,호구총수
鵬峴里,호구총수
鵲升里,호구총수
鵲城山,여지도서
鵲堂里,호구총수
鵲山,여지도서·호구총수
鵲山村,호구총수
鵲峴里,호구총수
鵲島里,호구총수
鵲嶺村,호구총수
鵲川,신증동국여지승람·여지도서·역지사지LV3·호구총수
鵲川里,호구총수
鵲巢洞,호구총수
鵲巢里,호구총수
鵲掌里,호구총수
鵲旨,신증동국여지승람
鵲村里,호구총수
鵲林村,호구총수
鵲橋里,호구총수
鵲泉里,호구총수
鵲洞上里,호구총수
鵲洞下里,호구총수
鵲洞里,호구총수
鵲潭里,호구총수
鵲澤,여지도서
鵲灘,여지도서
鵲院,군현역원
鵲院里,호구총수
鵲雉里,호구총수
鵾遊洞里,호구총수
鶉子江,여지도서
鶉子津,여지도서
鶉川,여지도서
鶯山,여지도서
鶯峯,여지도서
鶯谷,군현역원·호구총수
鶯谷店里,호구총수
鶯谷里,호구총수
鶯金里,호구총수
鶴一,역지사지LV3
鶴一里,호구총수
鶴三,역지사지LV3
鶴三坊,호구총수
鶴上,역지사지LV3
鶴上村,호구총수
鶴上里,호구총수
鶴下洞里,호구총수
鶴中,역지사지LV3
鶴中村,호구총수
鶴串里,호구총수
鶴九里,호구총수
鶴也洞里,호구총수
鶴二,역지사지LV3
鶴亭里,호구총수
鶴仇非,역지사지LV3
鶴仇非里,호구총수
鶴仙里,호구총수
鶴南,역지사지LV3
鶴口亭,호구총수
鶴口閭,호구총수
鶴古介,호구총수
鶴坪里,호구총수
鶴垈里,호구총수
鶴城,역지사지LV3
鶴城山,세종실록지리지·여지도서
鶴城里,호구총수
鶴天洞,호구총수
鶴宮院,군현역원
鶴山,여지도서·역지사지LV3
鶴山里,호구총수
鶴峙里,호구총수
鶴峯山,신증동국여지승람·여지도서
鶴峯里,호구총수
鶴峴,여지도서·호구총수
鶴峴二里,호구총수
鶴峴里,호구총수
鶴嶺村,호구총수
鶴巖,호구총수
鶴巖里,호구총수
鶴川,역지사지LV3
鶴川里,호구총수
鶴巢峯,여지도서
鶴巢洞,호구총수
鶴巢洞里,호구총수
鶴巢里,호구총수
鶴待里,호구총수
鶴成里,호구총수
鶴旨里,호구총수
鶴東,역지사지LV3
鶴松亭,호구총수
鶴松亭里,호구총수
鶴松里,호구총수
鶴林,역지사지LV3·호구총수
鶴林亭,호구총수
鶴棲臺里,호구총수
鶴棲里,호구총수
鶴棲閭,호구총수
鶴橋,역지사지LV3
鶴橋川,여지도서
鶴橋里,호구총수
鶴泉,역지사지LV3
鶴泉里,호구총수
鶴泉面,호구총수
鶴洞,호구총수
鶴洞村,호구총수
鶴洞里,호구총수
鶴浦,역지사지LV3·특수구역
鶴浦社,호구총수
鶴浦縣,특수구역
鶴湖,여지도서
鶴溪里,호구총수
鶴灘里,호구총수
鶴田里,호구총수
鶴留洞,호구총수
鶴翎里,호구총수
鶴舞洞,호구총수
鶴西,역지사지LV3
鶴谷里,호구총수
鶴連洞,호구총수
鶴遊亭,호구총수
鶴遊亭里,호구총수
鶴項里,호구총수
鶴頭村,호구총수
鶴頭里,호구총수
鶴駕山,여지도서
鶴鳳,역지사지LV3
鶴鳳山,여지도서
鶴鳴里,호구총수
鶴龍垈,호구총수
鶻舞山,여지도서
鶻鷹島,신증동국여지승람
鷄井里,호구총수
鷄兒廛契,호구총수
鷄原淵,여지도서
鷄山浦里,호구총수
鷄山里,호구총수
鷄峯,여지도서·호구총수
鷄村,호구총수
鷄東里,호구총수
鷄林里,호구총수
鷄池里,호구총수
鷄立山,여지도서
鷄立嶺,여지도서
鷄立川,여지도서
鷄論里,호구총수
鷄谷里,호구총수
鷄足山,세종실록지리지·여지도서
鷄項,호구총수
鷄頭山,여지도서
鷄頭里,호구총수
鷄鳴山,여지도서
鷄鳴縣,특수구역
鷄鳴里,호구총수
鷄鶴,호구총수
鷄龍,세종실록지리지·역지사지LV3
鷄龍堂里,호구총수
鷄龍山,신증동국여지승람·여지도서
鷄龍里,호구총수
鷗飛岸里,호구총수
鷪溪,여지도서
鷰中里,호구총수
鷰山里,호구총수
鷰島里,호구총수
鷰巖山,여지도서
鷰巖里,호구총수
鷰川里,호구총수
鷰洞,역지사지LV3
鷰洞面,호구총수
鷰浦,여지도서
鷰湖里,호구총수
鷰筒,역지사지LV3
鷰谷村,호구총수
鷰谷洞,호구총수
鷰谷里,호구총수
鷲城山,신증동국여지승람
鷲城川,여지도서
鷲家山,여지도서
鷲山,여지도서·호구총수
鷲山里,호구총수
鷲岩,세종실록지리지
鷲峯山,여지도서
鷲峯里,호구총수
鷲峰里,호구총수
鷲島,여지도서
鷲嶺山,여지도서
鷲巖,여지도서
鷲巖山,여지도서
鷲巖里,호구총수
鷲捿山,여지도서
鷲東里,호구총수
鷲棲山,세종실록지리지·여지도서
鷲棲里,호구총수
鷹串里,호구총수
鷹井里,호구총수
鷹山,여지도서·역지사지LV3
鷹山坊,호구총수
鷹山村,호구총수
鷹岳,여지도서
鷹峙里,호구총수
鷹峯,여지도서
鷹峯嶺,여지도서
鷹峯里,호구총수
鷹峰,역지사지LV3
鷹峰里,호구총수
鷹峴,여지도서
鷹島,여지도서
鷹巖,신증동국여지승람·여지도서
鷹巖回里,호구총수
鷹巖峰,여지도서
鷹巖村,호구총수
鷹巖洞,호구총수
鷹巖里,호구총수
鷹座里,호구총수
鷹德嶺,여지도서
鷹洞里,호구총수
鷹灘里,호구총수
鷹田里,호구총수
鷹谷,역지사지LV3
鷹谷社,호구총수
鷹谷里,호구총수
鷹連坪里,호구총수
鷹遊村,호구총수
鷹項里,호구총수
鷺池,역지사지LV3
鸎山洞,호구총수
鸎林山,여지도서
鸎谷,군현역원
鸕鶿石,여지도서
鸚鵡洞里,호구총수
鸚鵡洲,여지도서
鸛山里,호구총수
鸛會,역지사지LV3
鸛谷里,호구총수
鸞巢村,호구총수
鸞鳳里,호구총수
鹽上里,호구총수
鹽中里,호구총수
鹽井,신증동국여지승람
鹽倉里,호구총수
鹽卒面,호구총수
鹽坊,역지사지LV3
鹽城里,호구총수
鹽場,호구총수
鹽場里,호구총수
鹽山,역지사지LV3
鹽峙,역지사지LV3
鹽峙里,호구총수
鹽巖里,호구총수
鹽州,군현역원
鹽幕閭,호구총수
鹽廛契,호구총수
鹽所,역지사지LV3
鹽所伐里,호구총수
鹽所洞里,호구총수
鹽所里,호구총수
鹽所面,호구총수
鹽新村,호구총수
鹽村,호구총수
鹽橋里,호구총수
鹽洞里,호구총수
鹽浦里,호구총수
鹽灘,여지도서
鹽率,역지사지LV3
鹽田村,호구총수
鹽田浦,신증동국여지승람·여지도서
鹽田浦里,호구총수
鹽田里,호구총수
鹽界幕,호구총수
鹽登,호구총수
鹽盆仇味里,호구총수
鹽盆里,호구총수
鹽谷里,호구총수
鹽貞部曲,특수구역
鹽里,역지사지LV3·호구총수
鹽里坊,호구총수
鹿坪,호구총수
鹿山,역지사지LV3
鹿島,호구총수
鹿巖,호구총수
鹿川村,호구총수
鹿棲峙,호구총수
鹿洞,호구총수
鹿洞里,호구총수
鹿津院,군현역원
鹿渴里,호구총수
鹿澗里,호구총수
鹿野,군현역원·역지사지LV3
鹿野峴,신증동국여지승람
鹿門,호구총수
鹿門里,호구총수
鹿間院,군현역원
鹿鳴鄕,특수구역
鹿鳴里,호구총수
麒嘶川,여지도서
麒山,역지사지LV3
麒麟,군현역원·역지사지LV3
麒麟山,세종실록지리지·여지도서
麒麟峯,여지도서
麒麟島,여지도서
麒麟里,호구총수
麒麟面,호구총수
麗井里,호구총수
麗山,역지사지LV3
麗山里,호구총수
麗川里,호구총수
麗州,역지사지LV3
麗水,역지사지LV3·특수구역
麗水洞,호구총수
麗水洞里,호구총수
麗瑞,역지사지LV3
麗陵里,호구총수
麝鼠島,여지도서
麟丘,군현역원·역지사지LV3
麟丘驛,호구총수
麟山,군현역원·역지사지LV3
麟洞,역지사지LV3
麟谷,역지사지LV3
麟蹄,세종실록지리지·역지사지LV3
麟邱,군현역원
麥井里,호구총수
麥今里,호구총수
麥坂江,여지도서
麥洞,호구총수
麥浦,호구총수
麥田里,호구총수
麥舍村,호구총수
麻上端里,호구총수
麻下端里,호구총수
麻中端里,호구총수
麻丹洞,호구총수
麻之谷,역지사지LV3
麻也洞里,호구총수
麻仕里,호구총수
麻佐里,호구총수
麻唐浦里,호구총수
麻城,역지사지LV3
麻城里,호구총수
麻堂里,호구총수
麻姑,역지사지LV3
麻姑池,여지도서
麻姑洞,호구총수
麻山,역지사지LV3
麻山里,호구총수
麻屹牙洞內,호구총수
麻岾,신증동국여지승람
麻島,여지도서·호구총수
麻川里,호구총수
麻差里,호구총수
麻斤村,호구총수
麻斤洞,호구총수
麻斤洞里,호구총수
麻斤談坊,호구총수
麻斤里,호구총수
麻旨里,호구총수
麻札里,호구총수
麻東里,호구총수
麻根洞里,호구총수
麻根淡,호구총수
麻次里,호구총수
麻欣川,호구총수
麻池津,여지도서
麻池里,호구총수
麻沙里,호구총수
麻河山,여지도서
麻泥山里,호구총수
麻浦契,호구총수
麻浦里,호구총수
麻田,군현역원·호구총수
麻田仇非里,호구총수
麻田村,호구총수
麻田洞,역지사지LV3·호구총수
麻田洞里,호구총수
麻田洞面,호구총수
麻田浦,여지도서
麻田浦里,호구총수
麻田皮村,호구총수
麻田里,호구총수
麻知谷,역지사지LV3
麻知谷坊,호구총수
麻耆羅山,여지도서
麻蛤島,여지도서
麻西,역지사지LV3
麻西里,호구총수
麻谷,군현역원
麻谷村,호구총수
麻谷里,호구총수
麻造浦,호구총수
麻道,역지사지LV3
麻道面,호구총수
麻達里,호구총수
麻邑,호구총수
麻郞里,호구총수
麻里洞,호구총수
麻長,역지사지LV3
麻長里,호구총수
麻音道里,호구총수
麻骨村,호구총수
麽羅島,신증동국여지승람
黃一,역지사지LV3
黃一面,호구총수
黃二,역지사지LV3
黃二面,호구총수
黃京來站,군현역원
黃京洞里,호구총수
黃京里,호구총수
黃亭里,호구총수
黃剛,군현역원
黃加羅山,여지도서
黃南,역지사지LV3
黃原,역지사지LV3·특수구역
黃原廢縣,특수구역
黃原洞,호구총수
黃土嶺,여지도서
黃土洞里,호구총수
黃土里,호구총수
黃地基上里,호구총수
黃地基下里,호구총수
黃地院里,호구총수
黃坪里,호구총수
黃垈村,호구총수
黃垈里,호구총수
黃堡川,여지도서
黃堡里,호구총수
黃場,호구총수
黃寺里,호구총수
黃山,군현역원·세종실록지리지·여지도서·역지사지LV3
黃山川,여지도서
黃山村,호구총수
黃山江,여지도서
黃山里,호구총수
黃山院,군현역원
黃山驛,호구총수
黃岳山,여지도서
黃峙里,호구총수
黃峯,여지도서
黃島,호구총수
黃崗村,호구총수
黃嶺山,여지도서
黃嶺里,호구총수
黃嶽山,여지도서
黃巖,호구총수
黃巖里,호구총수
黃川里,호구총수
黃州,군현역원·역지사지LV3
黃州洞里,호구총수
黃店村,호구총수
黃店里,호구총수
黃德里,호구총수
黃戒九未坊,호구총수
黃拓坡,역지사지LV3
黃拓坡川,여지도서
黃拓坡面,호구총수
黃方村,호구총수
黃方里,호구총수
黃村部曲,특수구역
黃松里,호구총수
黃柄串,여지도서
黃柄川里,호구총수
黃桑里,호구총수
黃梅山,여지도서
黃梅洞里,호구총수
黃梅谷里,호구총수
黃梅陰里,호구총수
黃橋里,호구총수
黃橋院,군현역원
黃水,군현역원
黃水川,여지도서
黃江,군현역원
黃江津,여지도서
黃江里,호구총수
黃池,여지도서·호구총수
黃洞,호구총수
黃洞里,호구총수
黃津里,호구총수
黃津里溫泉,여지도서
黃浦,신증동국여지승람·여지도서
黃浦里,호구총수
黃淸洞,호구총수
黃淸里,호구총수
黃溪瀑布,여지도서
黃溪里,호구총수
黃澗,군현역원·역지사지LV3
黃瓮店里,호구총수
黃瓮里,호구총수
黃田,역지사지LV3
黃田里,호구총수
黃田面,호구총수
黃界,역지사지LV3
黃登,역지사지LV3
黃登里,호구총수
黃石山,세종실록지리지·여지도서
黃竹島,여지도서
黃竹里,호구총수
黃等川,역지사지LV3
黃等川面,호구총수
黃筒池,신증동국여지승람
黃耉村,호구총수
黃腸山,여지도서
黃膓封山,여지도서
黃舍音里,호구총수
黃良,역지사지LV3
黃良面,호구총수
黃芚津,여지도서
黃芚里,호구총수
黃草嶺,여지도서
黃草洞里,호구총수
黃華臺,여지도서
黃菴所,특수구역
黃薪村,호구총수
黃衣山,여지도서
黃角里,호구총수
黃谷,역지사지LV3·호구총수
黃谷村,호구총수
黃谷里,호구총수
黃谷面,호구총수
黃象,역지사지LV3
黃軍里,호구총수
黃道里,호구총수
黃里村,호구총수
黃金,역지사지LV3·특수구역
黃金峙,여지도서
黃金所,역지사지LV3·특수구역
黃金所面,호구총수
黃金洞里,호구총수
黃金谷,호구총수
黃金谷中洞,호구총수
黃金里,호구총수
黃鐵嶺,여지도서
黃閣洞里,호구총수
黃雲里,호구총수
黃靑上里,호구총수
黃靑下里,호구총수
黃靑中里,호구총수
黃靑村,호구총수
黃靑洞,호구총수
黃靑洞山,신증동국여지승람
黃靑里,호구총수
黃音里,호구총수
黃項里,호구총수
黃魚,역지사지LV3
黃魚鄕,특수구역
黃魚面,호구총수
黃鳥洞里,호구총수
黃鶴,호구총수
黃鶴上里,호구총수
黃鶴下里,호구총수
黃鶴山,여지도서
黃鶴峯,여지도서
黃鶴洞里,호구총수
黃鶴里,호구총수
黃鷄里,호구총수
黃龍,역지사지LV3·호구총수
黃龍上里,호구총수
黃龍下里,호구총수
黃龍山,신증동국여지승람·여지도서
黃龍川,신증동국여지승람·여지도서·호구총수
黃龍村里,호구총수
黃龍洞里,호구총수
黃龍淵,여지도서
黃龍里,호구총수
黃金所,특수구역
黃栗川,여지도서
黍橋川,여지도서
黎陽,특수구역
黑串里,호구총수
黑仙里,호구총수
黑倉,역지사지LV3
黑倉里,호구총수
黑古村,호구총수
黑土峙,여지도서
黑坪里,호구총수
黑城,역지사지LV3
黑城坊,호구총수
黑城山,여지도서
黑城里,호구총수
黑山,역지사지LV3
黑山島,신증동국여지승람·호구총수
黑山里,호구총수
黑巖,호구총수
黑巖里,호구총수
黑川里,호구총수
黑店里,호구총수
黑日島,호구총수
黑松,역지사지LV3
黑松洞內,호구총수
黑林川,여지도서
黑橋,역지사지LV3
黑橋川,여지도서
黑水,역지사지LV3·호구총수
黑泉,호구총수
黑洞,호구총수
黑洞里,호구총수
黑淵洞里,호구총수
黑瓮里,호구총수
黑石,역지사지LV3·특수구역
黑石山,호구총수
黑石村,호구총수
黑石洞,호구총수
黑石灘,여지도서
黑石部曲,특수구역
黑石里,호구총수
黑石里契,호구총수
黑石院,군현역원
黑谷里,호구총수
黑隅里,호구총수
黑雲山,여지도서
黑頭里,호구총수
黑龍山,여지도서
黔丁川,여지도서
黔丹,역지사지LV3
黔丹山,세종실록지리지·여지도서
黔丹淵,여지도서
黔丹面,호구총수
黔同島,여지도서·호구총수
黔堂浦,여지도서
黔富,군현역원
黔巖川,여지도서
黔巖里,호구총수
黔沙里,호구총수
黔芝山,여지도서
黔谷里,호구총수
黔頭山,신증동국여지승람
默坪里,호구총수
默溪里,호구총수
默隱,역지사지LV3
黛眉山,여지도서
點峯里,호구총수
點方里,호구총수
點谷,역지사지LV3
點谷面,호구총수
點馬里,호구총수
點點洞里,호구총수
黽巖里,호구총수
黽洞里,호구총수
黽石里,호구총수
黿山,여지도서·역지사지LV3
鼇山,신증동국여지승람
鼇潭,여지도서
鼇西,군현역원
鼎乞里,호구총수
鼎井里,호구총수
鼎冠,역지사지LV3
鼎冠里,호구총수
鼎坊,호구총수
鼎山洞內,호구총수
鼎山里,호구총수
鼎峙里,호구총수
鼎峯,여지도서
鼎峴,여지도서
鼎島,여지도서
鼎巖村,호구총수
鼎巖津,여지도서
鼎巖里,호구총수
鼎川里,호구총수
鼎店村,호구총수
鼎排里,호구총수
鼎村,역지사지LV3
鼎村里,호구총수
鼎橋里,호구총수
鼎洞村,호구총수
鼎洞里,호구총수
鼎浦,여지도서
鼎湖,역지사지LV3
鼎燈山,호구총수
鼎盖山,여지도서
鼎蓋山,여지도서
鼎谷里,호구총수
鼎足山,여지도서
鼎足浦,신증동국여지승람
鼎足里,호구총수
鼎足院,군현역원
鼎金山,여지도서
鼎金里,호구총수
鼎鑄洞,호구총수
鼎陪山,신증동국여지승람
鼎陽里,호구총수
鼓山,신증동국여지승람
鼓山里,호구총수
鼓巖,호구총수
鼓村鄕,특수구역
鼓谷村,호구총수
鼠井,호구총수
鼠尾川,여지도서
鼠山,여지도서
鼠角山,여지도서
鼯項里,호구총수
鼻大里,호구총수
鼻巖里,호구총수
鼻白山,세종실록지리지·여지도서
鼻石津,신증동국여지승람
齊乙彌鄕,특수구역
齊安,역지사지LV3
齊宮洞,호구총수
齊山,여지도서
齊峯里,호구총수
齊月里,호구총수
齊里島,신증동국여지승람
齊非里,호구총수
齊飛郞山,여지도서
齋宮,호구총수
齋宮村,호구총수
齋宮里,호구총수
齋洞,역지사지LV3
齋洞契,호구총수
齋洞里,호구총수
龍上里,호구총수
龍下里,호구총수
龍串里,호구총수
龍丹村,호구총수
龍主里,호구총수
龍五里,호구총수
龍井,역지사지LV3
龍井坊,호구총수
龍井村,호구총수
龍井洞,호구총수
龍井里,호구총수
龍亭里,호구총수
龍亭閭,호구총수
龍仁,역지사지LV3
龍仁洞,호구총수
龍仁里,호구총수
龍仙閭,호구총수
龍伏,역지사지LV3·호구총수
龍伏里,호구총수
龍伏面,호구총수
龍住山,신증동국여지승람
龍住村,호구총수
龍倉里,호구총수
龍入里,호구총수
龍出里,호구총수
龍包洞里,호구총수
龍化,군현역원·역지사지LV3
龍化坊,호구총수
龍化村,호구총수
龍化池,여지도서
龍化洞,호구총수
龍化洞里,호구총수
龍化里,호구총수
龍化驛,호구총수
龍北,역지사지LV3
龍北里,호구총수
龍南,역지사지LV3
龍南里,호구총수
龍占里,호구총수
龍原,역지사지LV3
龍原里,호구총수
龍反洞里,호구총수
龍口山,역지사지LV3
龍唐里,호구총수
龍回洞,호구총수
龍回里,호구총수
龍地里,호구총수
龍坊洞,호구총수
龍坪,역지사지LV3
龍坪里,호구총수
龍垈,호구총수
龍垈里,호구총수
龍城,역지사지LV3·특수구역
龍城社,호구총수
龍城縣,특수구역
龍城里,호구총수
龍基,호구총수
龍基村,호구총수
龍基里,호구총수
龍堂村,호구총수
龍堂洞,호구총수
龍堂里,호구총수
龍堤洞,호구총수
龍堤里,호구총수
龍場,호구총수
龍場津,호구총수
龍塘垈,호구총수
龍塘村,호구총수
龍塘里,호구총수
龍壯里,호구총수
龍大洞里,호구총수
龍奉,역지사지LV3
龍奉里,호구총수
龍子山,신증동국여지승람
龍守,역지사지LV3
龍安,군현역원·역지사지LV3
龍安所,호구총수
龍安洞里,호구총수
龍安里,호구총수
龍宗里,호구총수
龍宮,역지사지LV3
龍宮里,호구총수
龍尾里,호구총수
龍山,신증동국여지승람·역지사지LV3·호구총수
龍山坊,호구총수
龍山村,호구총수
龍山洞,호구총수
龍山洞內,호구총수
龍山洞里,호구총수
龍山部曲,특수구역
龍山鄕,특수구역
龍山里,역지사지LV3·호구총수
龍山里坊,호구총수
龍山院村,호구총수
龍山面,호구총수
龍岑里,호구총수
龍岡,역지사지LV3
龍岩,역지사지LV3
龍岫山,세종실록지리지
龍岳,역지사지LV3
龍峀山,여지도서
龍峯里,호구총수
龍峰里,호구총수
龍峴,여지도서·역지사지LV3·호구총수
龍峴里,호구총수
龍島,신증동국여지승람·역지사지LV3
龍島面,호구총수
龍崖里,호구총수
龍崗,호구총수
龍崗里,호구총수
龍巖,신증동국여지승람·역지사지LV3·호구총수
龍巖村,호구총수
龍巖洞,호구총수
龍巖浦,역지사지LV3
龍巖里,호구총수
龍川,역지사지LV3
龍川村,호구총수
龍川里,호구총수
龍川院,군현역원
龍川面,호구총수
龍州,역지사지LV3
龍巢,호구총수
龍巢北里,호구총수
龍巢洞里,호구총수
龍巢里,호구총수
龍巨洞,호구총수
龍巾,역지사지LV3
龍床洞里,호구총수
龍延,역지사지LV3
龍延里,호구총수
龍往里,호구총수
龍德,역지사지LV3
龍德里,호구총수
龍悌,역지사지LV3
龍悌面,호구총수
龍應里,호구총수
龍成,역지사지LV3
龍成村,호구총수
龍成洞,호구총수
龍成里,호구총수
龍所幕,호구총수
龍所洞,호구총수
龍所洞里,호구총수
龍所里,호구총수
龍新洞,호구총수
龍方,역지사지LV3
龍方里,호구총수
龍旨里,호구총수
龍昇里,호구총수
龍會坪里,호구총수
龍會洞里,호구총수
龍月,역지사지LV3
龍村,호구총수
龍村里,호구총수
龍松洞,호구총수
龍林,역지사지LV3·호구총수
龍林中里,호구총수
龍林村,호구총수
龍林里,호구총수
龍梯,역지사지LV3
龍楸洞里,호구총수
龍橋村,호구총수
龍橋洞,호구총수
龍橋洞里,호구총수
龍橋里,호구총수
龍歸洞,호구총수
龍江,역지사지LV3·호구총수
龍江里,호구총수
龍池,신증동국여지승람·역지사지LV3
龍池串里,호구총수
龍池洞,호구총수
龍池洞里,호구총수
龍池里,호구총수
龍泉,군현역원·역지사지LV3
龍泉村,호구총수
龍泉洞,역지사지LV3
龍泉洞面山內,호구총수
龍泉洞面山外,호구총수
龍泉部曲,특수구역
龍泉里,호구총수
龍泉院,군현역원
龍泳中里,호구총수
龍泳西里,호구총수
龍泳里,호구총수
龍洑村,호구총수
龍洞里,호구총수
龍津,군현역원
龍津川,여지도서
龍津廢縣,특수구역
龍津渡,여지도서
龍津里,호구총수
龍洲,역지사지LV3
龍流,역지사지LV3
龍流島,신증동국여지승람
龍流面,호구총수
龍浦,역지사지LV3
龍浦湖水,여지도서
龍浦里,호구총수
龍浩里,호구총수
龍海,역지사지LV3
龍淵,신증동국여지승람·역지사지LV3
龍淵店里,호구총수
龍淵村,호구총수
龍淵洞,호구총수
龍淵洞里,호구총수
龍淵里,호구총수
龍淵面,호구총수
龍游,역지사지LV3
龍湖,역지사지LV3
龍湖村,호구총수
龍湖洞,호구총수
龍湖里,호구총수
龍湫,호구총수
龍湫洞里,호구총수
龍湫里,호구총수
龍源,역지사지LV3
龍源社,호구총수
龍源里,호구총수
龍溪,군현역원·역지사지LV3·호구총수
龍溪村,호구총수
龍溪洞里,호구총수
龍溪洞閭,호구총수
龍溪里,호구총수
龍溪面,호구총수
龍潛里,호구총수
龍潭,군현역원·역지사지LV3
龍潭上里,호구총수
龍潭中里,호구총수
龍潭村,호구총수
龍潭洞,호구총수
龍潭臺里,호구총수
龍潭里,호구총수
龍澤里,호구총수
龍濟洞,호구총수
龍灘,역지사지LV3
龍牙里,호구총수
龍王淵,신증동국여지승람
龍珠,역지사지LV3
龍珠洞,호구총수
龍甘里,호구총수
龍生里,호구총수
龍田,군현역원·역지사지LV3
龍田里,호구총수
龍登里,호구총수
龍盤村,호구총수
龍盤里,호구총수
龍眼山,신증동국여지승람
龍眼洞里,호구총수
龍眼里,호구총수
龍石村,호구총수
龍硯村,호구총수
龍神里,호구총수
龍積,호구총수
龍穴,호구총수
龍穴里,호구총수
龍翔里,호구총수
龍耕里,호구총수
龍背里,호구총수
龍腰里,호구총수
龍臍里,호구총수
龍臥山,여지도서
龍臥洞里,호구총수
龍臥里,호구총수
龍臺里,호구총수
龍興,역지사지LV3·호구총수
龍興坊,호구총수
龍興村,호구총수
龍興洞,호구총수
龍興洞里,호구총수
龍興里,호구총수
龍花,역지사지LV3
龍花垈,호구총수
龍花里,호구총수
龍草里,호구총수
龍莊洞,호구총수
龍華里,호구총수
龍藪里,호구총수
龍虎山,세종실록지리지·신증동국여지승람
龍虎洞,호구총수
龍虎洞里,호구총수
龍虎里,호구총수
龍見,역지사지LV3
龍角里,호구총수
龍谷,군현역원·역지사지LV3
龍谷坊,호구총수
龍谷所,특수구역
龍谷里,호구총수
龍起池里,호구총수
龍踰里,호구총수
龍進,역지사지LV3
龍進面,호구총수
龍遊洞里,호구총수
龍道,역지사지LV3
龍里,호구총수
龍釜里,호구총수
龍門,역지사지LV3
龍門二,역지사지LV3
龍門山,세종실록지리지·여지도서
龍門洞,호구총수
龍門浦,신증동국여지승람
龍門里,호구총수
龍門面,호구총수
龍降里,호구총수
龍陽里,호구총수
龍隅里,호구총수
龍際洞里,호구총수
龍隱洞,호구총수
龍雲,역지사지LV3
龍雲里,호구총수
龍面,역지사지LV3
龍頂里,호구총수
龍項里,호구총수
龍順,역지사지LV3
龍頭,역지사지LV3·호구총수
龍頭亭里,호구총수
龍頭公山,세종실록지리지
龍頭坊,호구총수
龍頭山,세종실록지리지
龍頭川,신증동국여지승람
龍頭村,호구총수
龍頭洞,호구총수
龍頭里,호구총수
龍頭院,군현역원
龍頭面,호구총수
龍頭面上道,호구총수
龍頭面下道,호구총수
龍顔,호구총수
龍首,세종실록지리지
龍駄洞里,호구총수
龍駕,군현역원
龍駕里,호구총수
龍骨灘里,호구총수
龍鳳,역지사지LV3
龍鳳所,특수구역
龍鳳里,호구총수
龍鶴里,호구총수
龍鷄院,군현역원
龜上山里,호구총수
龜井里,호구총수
龜令里,호구총수
龜伏亭,호구총수
龜伏洞,호구총수
龜伏里,호구총수
龜南村,호구총수
龜南里,호구총수
龜味里,호구총수
龜坪里,호구총수
龜城,군현역원·역지사지LV3
龜城里,호구총수
龜塘里,호구총수
龜壽洞里,호구총수
龜如山里,호구총수
龜尾,군현역원·역지사지LV3·호구총수
龜尾坪,호구총수
龜尾村,호구총수
龜尾洞,호구총수
龜尾洞里,호구총수
龜尾浦,여지도서·호구총수
龜尾淵,여지도서
龜尾里,호구총수
龜山,여지도서·역지사지LV3·특수구역·호구총수
龜山村,호구총수
龜山社,호구총수
龜山縣,특수구역
龜山里,호구총수
龜山面,호구총수
龜岩,역지사지LV3
龜岳,여지도서
龜峙里,호구총수
龜峯里,호구총수
龜嶺里,호구총수
龜巖,호구총수
龜巖村,호구총수
龜巖洞,호구총수
龜巖里,호구총수
龜巖閭,호구총수
龜川,군현역원·역지사지LV3
龜川里,호구총수
龜川面,호구총수
龜州,군현역원
龜思里,호구총수
龜文里,호구총수
龜旨,역지사지LV3
龜旨面,호구총수
龜村里,호구총수
龜林,역지사지LV3
龜洛,역지사지LV3
龜洞里,호구총수
龜浦,역지사지LV3
龜浦里,호구총수
龜淵,여지도서·역지사지LV3
龜淵坊,호구총수
龜淵里,호구총수
龜溪里,호구총수
龜潛潭,호구총수
龜潛里,호구총수
龜潭,여지도서
龜田,호구총수
龜留村,호구총수
龜石里,호구총수
龜老谷里,호구총수
龜耳洞,역지사지LV3
龜落里,호구총수
龜蹲里,호구총수
龜遊里,호구총수
龜陽里,호구총수
龜靈洞,호구총수
龜項,역지사지LV3
龜鳳里,호구총수
龜龍里,호구총수
車岾,여지도서
車川,여지도서
車衣谷川,여지도서
串川,여지도서
串川院,군현역원
串赤嶺,여지도서
龜山,여지도서
龜山浦,여지도서
龜嶺,여지도서
龜巖,여지도서
龜川,여지도서
龜旨峯,여지도서
龜景臺,여지도서
龜溪,여지도서
龜齡山,여지도서
龜龍山,여지도서
金丹串,여지도서
金井,군현역원
金井山,여지도서
金剛山,여지도서
金剛淵,여지도서
金化,특수구역
金城,군현역원·특수구역
金城山,여지도서
金塘島,여지도서
金寧縣,특수구역
金寺山,여지도서
金山,특수구역
金山池,여지도서
金山浦,여지도서
金山部曲,특수구역
金岩,군현역원
金崗山,여지도서
金嶺,군현역원
金川,군현역원
金川所,특수구역
金昌嶺,여지도서
金朴山,여지도서
金沙,군현역원
金沙山,여지도서
金泉,군현역원
金泉鄕,특수구역
金泉院,군현역원
金洞,군현역원
金溝,군현역원
金烏山,여지도서
金磨,특수구역
金磨部曲,특수구역
金積山,여지도서
金華山,여지도서
金蓮浦,여지도서
金藏山,여지도서
金谷,군현역원
金谷所,특수구역
金貴山,여지도서
金蹄,군현역원
金輪,군현역원
金輪峯,여지도서
金錢山,여지도서
金陽,군현역원
金鰲山,여지도서
金鳳山,여지도서
金鶴山,여지도서
金寧浦,여지도서
奈小里部曲,특수구역
羅州,군현역원
羅帳山,여지도서
羅所峙,여지도서
羅津浦,여지도서
羅浮山,여지도서
羅漢山,여지도서
羅漢洞,여지도서
羅火石川,여지도서
羅老島,여지도서
羅鄕,특수구역
樂安,군현역원
洛東江,여지도서
洛水,여지도서
洛江,여지도서
洛河渡,여지도서
洛迦山,여지도서
落帽臺,여지도서
落月島,여지도서
落水巖,여지도서
落淵,여지도서
卵山,역지사지LV3
卵島,여지도서
卵結縣,여지도서
蘭浦,여지도서
蘭浦廢縣,특수구역
鸞鳳山,여지도서
嵐嶺,여지도서
嵐谷縣,특수구역
藍山,여지도서
藍岾院,군현역원
藍浦,군현역원
浪淸津,여지도서
狼山,여지도서
狼島,여지도서
狼川,군현역원
狼林山,여지도서
來山,여지도서
來德島,여지도서
來進川,여지도서
來進鄕,특수구역
冷井山,여지도서
冷山,여지도서
冷川,여지도서
冷川院,군현역원
盧山,여지도서
老太島,여지도서
老姑山,여지도서
老鹿島,여지도서
蘆嶺廢城,특수구역
蘆田項嶺,여지도서
露峴,여지도서
露峴院,군현역원
露梁,여지도서
露梁院,군현역원
露陰山,여지도서
魯城,군현역원
魯山,여지도서
祿轉山,여지도서
綠楊,군현역원
綠沙部曲,특수구역
綠雲峙,여지도서
菉沙浦,여지도서
鹿峯,여지도서
鹿頭山,여지도서
鹿鳴,특수구역
鹿鳴鄕,특수구역
論味川,여지도서
論山,여지도서
弄珠山,여지도서
籠巖,여지도서
磊城山,여지도서
磊津,여지도서
樓橋川,여지도서
樓洞川,여지도서
漏峴峙,여지도서
凌漢山,여지도서
凌虛臺,여지도서
綾城江,여지도서
綾峴,여지도서
綾州,군현역원
綾羅島,여지도서
綾鄕,특수구역
陵山,여지도서
陵華山,여지도서
不動山,여지도서
不朝峴,여지도서
參禮,군현역원
參禮院,군현역원
省峴,군현역원
省法,군현역원
省草,군현역원
兩儀山,여지도서
凉川,여지도서
梁山,군현역원
梁川,여지도서
梁州,군현역원
梁浦,여지도서
梁谷浦,여지도서
梁骨所,특수구역
良丹浦,여지도서
良化部曲,특수구역
良發川,여지도서
良策,군현역원
良策站前浦,여지도서
良苽部曲,특수구역
呂岾,여지도서
女根谷,여지도서
女眞院,군현역원
女貴山,여지도서
女院峙,여지도서
礪山,군현역원
礪峴,여지도서
驪州,군현역원
麗水廢縣,특수구역
黎山,여지도서
漣川,군현역원
聯珠山,여지도서
輦臺峯,여지도서
蓮松浦水,여지도서
蓮根山,여지도서
蓮澤,여지도서
蓮花山,여지도서
蓮花島,여지도서
連山,군현역원
連山部曲,특수구역
連洞,군현역원
連珠山,여지도서
連珠峴,여지도서
連谷津,여지도서
連豊莊,특수구역
連龜山,여지도서
鍊汀莊,특수구역
念作川下流,여지도서
簾山,여지도서
寧州,군현역원
寧海,군현역원
寧越,군현역원
寧遠,군현역원
寧邊,군현역원
靈光,군현역원
靈巖,군현역원
靈州,군현역원
靈枷㯖峴,여지도서
靈泉岳,여지도서
靈泉川,여지도서
靈津串,여지도서
靈溪川,여지도서
靈神川,여지도서
靈穴池,여지도서
靈臺山,여지도서
靈芝山,여지도서
靈通山,여지도서
靈鳳山,여지도서
靈鷲山,여지도서
禮安,군현역원
禮山,군현역원
禮州,군현역원
醴泉,군현역원
蓼川,여지도서
蓼村灘,여지도서
蓼村部曲,특수구역
遼東山,여지도서
龍井院,군현역원
龍仁,군현역원
龍伏山,여지도서
龍城川,여지도서
龍堂津,여지도서
龍塘,여지도서
龍壯澤,여지도서
龍媒島,여지도서
龍子山,여지도서
龍安,군현역원
龍宮,군현역원
龍山,여지도서·특수구역
龍山部曲,특수구역
龍山串,여지도서
龍岡,군현역원
龍岳山,여지도서
龍岾山,여지도서
龍峯,특수구역
龍崗山,여지도서
龍巖,여지도서
龍巖泉,여지도서
龍巖淵,여지도서
龍川,군현역원·여지도서
龍州,군현역원
龍帥山,여지도서
龍水巖,여지도서
龍泉,군현역원
龍泉山,여지도서
龍津,여지도서
龍淵,신증동국여지승람·여지도서
龍淵噴所,특수구역
龍淵川,여지도서
龍淵津,여지도서
龍湫,여지도서
龍溪川,여지도서
龍溪院,군현역원
龍潭,군현역원·여지도서
龍潭川,여지도서
龍灘,여지도서
龍王淵,여지도서
龍發山,여지도서
龍眼淵,여지도서
龍磊山,여지도서
龍神山,여지도서
龍穴,여지도서
龍窖洞,여지도서
龍縛山,여지도서
龍繞山,여지도서
龍纏巖,여지도서
龍臥川,여지도서
龍興山,여지도서
龍興江,여지도서
龍華山,여지도서
龍要山,여지도서
龍谷所,특수구역
龍遊洞,여지도서
龍遊潭,여지도서
龍門山,여지도서
龍頭,여지도서
龍頭山,신증동국여지승람·여지도서
龍頭川,여지도서
龍頭浦,여지도서
龍飛山,여지도서
龍首山,여지도서
龍骨山,여지도서
龍龜山,여지도서
杻峙,여지도서
杻串山,여지도서
柳山,여지도서
柳峙,여지도서
柳峴,여지도서
柳浦,여지도서
柳等所,특수구역
柳院,군현역원
流嶽山,여지도서
流沙,여지도서
流遇山,여지도서
流里淵,여지도서
留聖山,여지도서
留雲嶺,여지도서
留鶴山,여지도서
六十峴,여지도서
六德山,여지도서
六松亭川,여지도서
陸島,여지도서
陸昌鄕,특수구역
輪山,여지도서
栗串津,여지도서
栗峙山,여지도서
栗峴院,군현역원
栗島,여지도서
栗嶺川,여지도서
栗川,여지도서
栗川峴,여지도서
栗村部曲,특수구역
栗林,여지도서
栗枝山,여지도서
栗溪,여지도서
栗谷所,특수구역
栗谷池,여지도서
栗谷部曲,특수구역
栗里津,여지도서
利仁鄕,특수구역
利原,군현역원
利城,군현역원
利安川,여지도서
利安部曲,특수구역
利川,군현역원·여지도서
利往院,군현역원
利遠津,여지도서
梨太院,군현역원
梨山浦,여지도서
梨嶺,여지도서
梨川,여지도서
梨方所,특수구역
梨旨廢縣,특수구역
梨旨浦,여지도서
梨木院,군현역원
梨樹川,여지도서
梨浦,여지도서
梨花峯,여지도서
梨谷津,여지도서
泥谷部曲,특수구역
理山,군현역원
理盲岾,여지도서
里仁,특수구역
里仁部曲,특수구역
里浦津,여지도서
隣豊縣,특수구역
麟州,군현역원
麟蹄,군현역원
麟蹄山,여지도서
林偃,특수구역
林勿峴,여지도서
林只刀部曲,특수구역
林川,군현역원
林濟山,여지도서
林谷所,특수구역
林谷浦,여지도서
林述所,특수구역
林里山,여지도서
臨川,여지도서
臨川廢縣,특수구역
臨水臺川,여지도서
臨津渡,여지도서
臨海山,여지도서
臨淄廢縣,특수구역
臨溟川,여지도서
臨道廢縣,특수구역
臨關郡,특수구역
臨陂,군현역원
立岩,여지도서
立巖,여지도서
立石灘,여지도서
笠山,여지도서
笠巖,여지도서
笠巖山,여지도서
笠巖浦,여지도서
𦱒䒟山,여지도서
順豐,방면
