표면형,신뢰출처수,총출현,총태깅,전체태깅률,최소태깅률,최소출처,최대태깅률,최대출처,태깅률폭
規樓,3,46,33,71.7,0.0,한국사료총서,100.0,조선왕조실록,100.0
思勳,2,34,7,20.6,0.0,승정원일기,100.0,조선왕조실록,100.0
松邊,3,17,10,58.8,0.0,승정원일기,100.0,고려사,100.0
孝政殿,2,6,3,50.0,0.0,한국사료총서,100.0,승정원일기,100.0
暹羅,5,162,118,72.8,0.0,고려사,100.0,조선왕조실록,100.0
林洞,3,81,65,80.2,0.0,조선왕조실록,100.0,승정원일기,100.0
前州,3,792,692,87.4,0.0,승정원일기,100.0,조선왕조실록,100.0
平壤武烈祠,3,51,43,84.3,0.0,한국사료총서,100.0,조선왕조실록,100.0
昭殿,4,4342,3901,89.8,0.0,한국사료총서,100.0,고순종실록,100.0
大安門,3,62,30,48.4,0.0,한국사료총서,100.0,승정원일기,100.0
桃源道,3,31,20,64.5,0.0,한국사료총서,100.0,조선왕조실록,100.0
北溟,2,15,7,46.7,0.0,한국사료총서,100.0,삼국사기,100.0
白鹿,5,295,114,38.6,0.0,삼국사기,100.0,고순종실록,100.0
浮石寺,3,33,5,15.2,0.0,삼국유사,100.0,조선왕조실록,100.0
白雲寺,2,18,5,27.8,0.0,한국사료총서,100.0,조선왕조실록,100.0
西山書院,2,10,7,70.0,0.0,한국사료총서,100.0,승정원일기,100.0
興光,4,21,9,42.9,0.0,삼국사기,100.0,승정원일기,100.0
魚面堡,3,14,9,64.3,0.0,한국사료총서,100.0,승정원일기,100.0
慶運宮,4,4592,4505,98.1,0.0,한국사료총서,100.0,고순종실록,100.0
安市,4,329,204,62.0,0.0,삼국사기,100.0,조선왕조실록,100.0
漆浦,3,52,17,32.7,0.0,승정원일기,100.0,조선왕조실록,100.0
嶺關,4,87,54,62.1,0.0,조선왕조실록,100.0,고순종실록,100.0
集慶殿,4,113,80,70.8,0.0,한국사료총서,100.0,고순종실록,100.0
加乙峴,2,7,4,57.1,0.0,한국사료총서,100.0,조선왕조실록,100.0
義館,3,16,12,75.0,0.0,한국사료총서,100.0,조선왕조실록,100.0
曉星山,2,7,3,42.9,0.0,한국사료총서,100.0,조선왕조실록,100.0
英吉利國,3,26,14,53.8,0.0,한국사료총서,100.0,조선왕조실록,100.0
潺水津,2,8,4,50.0,0.0,한국사료총서,100.0,조선왕조실록,100.0
回回國,3,13,5,38.5,0.0,승정원일기,100.0,조선왕조실록,100.0
仁殿,6,583,484,83.0,0.0,고려사,100.0,조선왕조실록,100.0
中興寺,3,31,24,77.4,0.0,한국사료총서,100.0,조선왕조실록,100.0
龍門寺,3,41,30,73.2,0.0,한국사료총서,100.0,조선왕조실록,100.0
幸州山,2,7,4,57.1,0.0,한국사료총서,100.0,조선왕조실록,100.0
女島,2,39,10,25.6,0.0,승정원일기,100.0,한국사료총서,100.0
柒浦,3,73,13,17.8,0.0,한국사료총서,100.0,조선왕조실록,100.0
狐山,3,16,10,62.5,0.0,조선왕조실록,100.0,한국사료총서,100.0
澄波渡,4,29,16,55.2,0.0,한국사료총서,100.0,고려사,100.0
覺林寺,2,41,38,92.7,0.0,한국사료총서,100.0,조선왕조실록,100.0
呂川,2,26,5,19.2,0.0,승정원일기,100.0,한국사료총서,100.0
壽昌宮,5,252,73,29.0,0.0,고려사,100.0,승정원일기,100.0
夜春,3,16,4,25.0,0.0,승정원일기,100.0,조선왕조실록,100.0
湖沿,4,540,210,38.9,0.0,조선왕조실록,100.0,고순종실록,100.0
東光,3,10,5,50.0,0.0,승정원일기,100.0,조선왕조실록,100.0
里見子,3,11,7,63.6,0.0,한국사료총서,100.0,조선왕조실록,100.0
章山,3,19,7,36.8,0.0,승정원일기,100.0,고려사,100.0
松羅驛,3,13,6,46.2,0.0,한국사료총서,100.0,조선왕조실록,100.0
東關廟,2,17,12,70.6,0.0,한국사료총서,100.0,승정원일기,100.0
阿房,3,46,31,67.4,0.0,한국사료총서,100.0,조선왕조실록,100.0
迎恩門,3,373,357,95.7,0.0,한국사료총서,100.0,조선왕조실록,100.0
南大川,3,43,8,18.6,0.0,한국사료총서,100.0,승정원일기,100.0
濯纓亭,2,12,9,75.0,0.0,한국사료총서,100.0,승정원일기,100.0
瑞山,5,2510,1763,70.2,0.0,고려사,100.0,고순종실록,100.0
鐘閣,4,119,92,77.3,0.0,한국사료총서,100.0,고순종실록,100.0
戡蠻,3,23,10,43.5,0.0,승정원일기,100.0,조선왕조실록,100.0
群場里壬坐,2,18,13,72.2,0.0,고순종실록,100.0,승정원일기,100.0
靑年會館,2,21,4,19.0,0.0,한국사료총서,100.0,승정원일기,100.0
介田,3,18,12,66.7,0.0,승정원일기,100.0,조선왕조실록,100.0
淸平山,3,31,9,29.0,0.0,한국사료총서,100.0,고려사절요,100.0
日本倭,2,23,19,82.6,0.0,한국사료총서,100.0,조선왕조실록,100.0
文會書院,3,45,31,68.9,0.0,한국사료총서,100.0,조선왕조실록,100.0
雲中,6,287,54,18.8,0.0,삼국유사,100.0,고려사절요,100.0
穆淸殿,5,333,297,89.2,0.0,고려사,100.0,조선왕조실록,100.0
善竹橋,4,64,43,67.2,0.0,한국사료총서,100.0,조선왕조실록,100.0
忠烈祠,4,400,269,67.2,0.0,한국사료총서,100.0,고순종실록,100.0
高橋,4,123,10,8.1,0.0,고순종실록,100.0,조선왕조실록,100.0
開心寺,2,15,3,20.0,0.0,한국사료총서,100.0,조선왕조실록,100.0
乾支,2,14,11,78.6,0.0,한국사료총서,100.0,승정원일기,100.0
石室書院,3,51,44,86.3,0.0,한국사료총서,100.0,승정원일기,100.0
德壽宮,4,805,709,88.1,0.0,한국사료총서,100.0,승정원일기,100.0
金井驛,3,25,22,88.0,0.0,한국사료총서,100.0,조선왕조실록,100.0
陽華,3,21,16,76.2,0.0,승정원일기,100.0,조선왕조실록,100.0
南大池,4,86,70,81.4,0.0,한국사료총서,100.0,고순종실록,100.0
奧國,2,93,86,92.5,0.0,승정원일기,100.0,고순종실록,100.0
滄洲書院,2,15,7,46.7,0.0,한국사료총서,100.0,승정원일기,100.0
開陽,3,1281,1192,93.1,0.0,한국사료총서,100.0,조선왕조실록,100.0
沙斤道,3,29,14,48.3,0.0,한국사료총서,100.0,조선왕조실록,100.0
楊干,3,12,6,50.0,0.0,승정원일기,100.0,한국사료총서,100.0
佛巖山,3,31,27,87.1,0.0,한국사료총서,100.0,조선왕조실록,100.0
老姑山,2,11,4,36.4,0.0,한국사료총서,100.0,승정원일기,100.0
大慈山,3,17,12,70.6,0.0,한국사료총서,100.0,조선왕조실록,100.0
牧野,4,62,20,32.3,0.0,고순종실록,100.0,조선왕조실록,100.0
串山,2,32,13,40.6,0.0,한국사료총서,100.0,조선왕조실록,100.0
芮,6,882,179,20.3,0.0,고려사,100.0,고순종실록,100.0
大猷齋西行閣,2,22,14,63.6,0.0,고순종실록,100.0,승정원일기,100.0
高昌,4,103,20,19.4,0.0,고려사,100.0,조선왕조실록,100.0
西界,4,86,13,15.1,0.0,조선왕조실록,100.0,고려사,100.0
仇彌,2,8,5,62.5,0.0,한국사료총서,100.0,조선왕조실록,100.0
明政殿,4,2865,2798,97.7,0.0,한국사료총서,100.0,고순종실록,100.0
奉閣,4,491,438,89.2,0.0,한국사료총서,100.0,고순종실록,100.0
昌麟島,4,25,19,76.0,0.0,한국사료총서,100.0,조선왕조실록,100.0
顯陵,6,2181,1672,76.7,0.0,고려사,100.0,고순종실록,100.0
安興梁,2,33,29,87.9,0.0,승정원일기,100.0,조선왕조실록,100.0
西漢,5,370,101,27.3,0.0,삼국유사,100.0,고순종실록,100.0
件隱峙,2,8,3,37.5,0.0,한국사료총서,100.0,조선왕조실록,100.0
興水院,2,8,3,37.5,0.0,한국사료총서,100.0,승정원일기,100.0
宣禧宮祠宇,2,7,4,57.1,0.0,고순종실록,100.0,승정원일기,100.0
寶泉,2,34,23,67.6,0.0,한국사료총서,100.0,조선왕조실록,100.0
興原倉,3,22,15,68.2,0.0,한국사료총서,100.0,승정원일기,100.0
丕闡堂,4,159,123,77.4,0.0,한국사료총서,100.0,고순종실록,100.0
天王寺,5,34,3,8.8,0.0,고려사,100.0,조선왕조실록,100.0
勤政殿前,2,9,3,33.3,0.0,조선왕조실록,100.0,승정원일기,100.0
利時國,2,9,6,66.7,0.0,승정원일기,100.0,고순종실록,100.0
所里德,2,8,5,62.5,0.0,한국사료총서,100.0,승정원일기,100.0
厚峙嶺,2,10,4,40.0,0.0,한국사료총서,100.0,승정원일기,100.0
弘陵,4,1600,1338,83.6,0.0,한국사료총서,100.0,조선왕조실록,100.0
景靈宮,3,21,16,76.2,0.0,고려사,100.0,승정원일기,100.0
內島,4,36,10,27.8,0.0,승정원일기,100.0,고려사,100.0
錦障,3,14,6,42.9,0.0,승정원일기,100.0,조선왕조실록,100.0
蘆原驛,3,21,8,38.1,0.0,한국사료총서,100.0,조선왕조실록,100.0
關東,7,5040,3607,71.6,0.0,삼국유사,100.0,고려사절요,100.0
崖山,3,26,16,61.5,0.0,한국사료총서,100.0,조선왕조실록,100.0
豐歲,3,305,7,2.3,0.0,승정원일기,100.0,고려사,100.0
巾之山,3,24,14,58.3,0.0,한국사료총서,100.0,조선왕조실록,100.0
居昌褒忠祠,2,9,6,66.7,0.0,한국사료총서,100.0,승정원일기,100.0
場川,2,6,3,50.0,0.0,한국사료총서,100.0,승정원일기,100.0
永渡橋,3,108,104,96.3,0.0,한국사료총서,100.0,조선왕조실록,100.0
僧伽寺,3,29,26,89.7,0.0,한국사료총서,100.0,조선왕조실록,100.0
管山,4,47,6,12.8,0.0,승정원일기,100.0,고려사,100.0
盤石坊米廛下契,2,27,6,22.2,0.0,한국사료총서,100.0,승정원일기,100.0
九龍寺,2,6,3,50.0,0.0,한국사료총서,100.0,승정원일기,100.0
許沙鎭,3,18,11,61.1,0.0,한국사료총서,100.0,조선왕조실록,100.0
宣政殿,6,2717,2553,94.0,0.0,고려사,100.0,고순종실록,100.0
洗劍亭,2,24,18,75.0,0.0,한국사료총서,100.0,승정원일기,100.0
會叱家,2,8,4,50.0,0.0,한국사료총서,100.0,조선왕조실록,100.0
顯節,4,128,101,78.9,0.0,한국사료총서,100.0,고순종실록,100.0
金鰲山,3,36,12,33.3,0.0,한국사료총서,100.0,승정원일기,100.0
碧呑,3,11,6,54.5,0.0,한국사료총서,100.0,조선왕조실록,100.0
定遼衛,4,52,32,61.5,0.0,한국사료총서,100.0,고려사절요,100.0
大谷寺,2,12,3,25.0,0.0,한국사료총서,100.0,승정원일기,100.0
海陽江,2,8,4,50.0,0.0,한국사료총서,100.0,조선왕조실록,100.0
長池,5,31,7,22.6,0.0,고순종실록,100.0,고려사,100.0
黔丹山,3,27,16,59.3,0.0,한국사료총서,100.0,승정원일기,100.0
康安殿,5,160,12,7.5,0.0,고려사,100.0,조선왕조실록,100.0
大丹國,2,14,10,71.4,0.0,승정원일기,100.0,고순종실록,100.0
淸樓,3,36,20,55.6,0.0,한국사료총서,100.0,조선왕조실록,100.0
錦江亭,2,8,4,50.0,0.0,한국사료총서,100.0,조선왕조실록,100.0
重華殿,3,35,17,48.6,0.0,고려사,100.0,승정원일기,100.0
居列,4,27,9,33.3,0.0,승정원일기,100.0,삼국사기,100.0
舞鶴山,2,13,3,23.1,0.0,한국사료총서,100.0,조선왕조실록,100.0
洪淸,3,585,300,51.3,0.0,한국사료총서,100.0,조선왕조실록,100.0
仁嵐,2,11,7,63.6,0.0,한국사료총서,100.0,조선왕조실록,100.0
農商工學校,2,46,6,13.0,0.0,승정원일기,100.0,고순종실록,100.0
溫陽,6,2775,2241,80.8,0.0,고려사,100.0,고순종실록,100.0
屛山書院,3,17,11,64.7,0.0,한국사료총서,100.0,승정원일기,100.0
月出山,2,32,13,40.6,0.0,한국사료총서,100.0,조선왕조실록,100.0
花巖書院,2,11,4,36.4,0.0,한국사료총서,100.0,승정원일기,100.0
泰元殿,3,54,46,85.2,0.0,한국사료총서,100.0,고순종실록,100.0
關西淸北,2,13,10,76.9,0.0,조선왕조실록,100.0,승정원일기,100.0
西大門,3,12,5,41.7,0.0,한국사료총서,100.0,조선왕조실록,100.0
淸石,2,15,3,20.0,0.0,한국사료총서,100.0,승정원일기,100.0
東扶餘,3,13,6,46.2,0.0,삼국사기,100.0,한국사료총서,100.0
涼山,3,46,26,56.5,0.0,한국사료총서,100.0,조선왕조실록,100.0
廣德山,3,28,10,35.7,0.0,한국사료총서,100.0,조선왕조실록,100.0
琉球,6,1357,1037,76.4,0.0,고려사,100.0,고순종실록,100.0
太和殿,3,182,48,26.4,0.0,한국사료총서,100.0,승정원일기,100.0
五印度,3,20,8,40.0,0.0,한국사료총서,100.0,고순종실록,100.0
含毬,2,19,12,63.2,0.0,한국사료총서,100.0,조선왕조실록,100.0
蟾巖,2,13,10,76.9,0.0,한국사료총서,100.0,승정원일기,100.0
濬源殿,4,1239,769,62.1,0.0,한국사료총서,100.0,고순종실록,100.0
土耳其,3,82,66,80.5,0.0,승정원일기,100.0,고순종실록,100.0
北漢山城,5,177,152,85.9,0.0,한국사료총서,100.0,고순종실록,100.0
鎌倉,2,10,6,60.0,0.0,승정원일기,100.0,고순종실록,100.0
四忠書院,3,17,11,64.7,0.0,조선왕조실록,100.0,승정원일기,100.0
黃山浦,2,8,3,37.5,0.0,한국사료총서,100.0,조선왕조실록,100.0
觀德殿,2,24,10,41.7,0.0,한국사료총서,100.0,조선왕조실록,100.0
鼻白山,3,36,25,69.4,0.0,한국사료총서,100.0,조선왕조실록,100.0
鍮達,2,9,5,55.6,0.0,한국사료총서,100.0,조선왕조실록,100.0
孤山書院,2,11,6,54.5,0.0,한국사료총서,100.0,승정원일기,100.0
群馬,5,30,4,13.3,0.0,고려사,100.0,고순종실록,100.0
桐華寺,3,17,6,35.3,0.0,삼국유사,100.0,승정원일기,100.0
磨雲嶺,3,48,26,54.2,0.0,한국사료총서,100.0,조선왕조실록,100.0
江陵嶺西,2,11,7,63.6,0.0,조선왕조실록,100.0,승정원일기,100.0
健元,4,3761,3094,82.3,0.0,한국사료총서,100.0,고순종실록,100.0
三歧,4,55,44,80.0,0.0,승정원일기,100.0,조선왕조실록,100.0
波淸,2,10,4,40.0,0.0,한국사료총서,100.0,조선왕조실록,100.0
含毬門,2,15,9,60.0,0.0,한국사료총서,100.0,조선왕조실록,100.0
月精寺,4,27,15,55.6,0.0,삼국유사,100.0,조선왕조실록,100.0
羅漢殿,2,11,6,54.5,0.0,한국사료총서,100.0,조선왕조실록,100.0
乾陵,4,16,5,31.2,0.0,고려사,100.0,조선왕조실록,100.0
南關王,4,1152,851,73.9,0.0,한국사료총서,100.0,고순종실록,100.0
承天門,2,11,7,63.6,0.0,한국사료총서,100.0,조선왕조실록,100.0
吾羅退,2,9,6,66.7,0.0,한국사료총서,100.0,조선왕조실록,100.0
咸關嶺,3,48,36,75.0,0.0,한국사료총서,100.0,조선왕조실록,100.0
靈通寺,4,86,16,18.6,0.0,고려사,100.0,조선왕조실록,100.0
界畔嶺,2,9,5,55.6,0.0,한국사료총서,100.0,승정원일기,100.0
聲串,4,31,25,80.6,0.0,고려사,100.0,조선왕조실록,100.0
鼓巖,3,42,23,54.8,0.0,한국사료총서,100.0,조선왕조실록,100.0
通度,4,63,14,22.2,0.0,삼국유사,100.0,조선왕조실록,100.0
普通門,3,37,28,75.7,0.0,한국사료총서,100.0,조선왕조실록,100.0
愍忠祠,2,14,11,78.6,0.0,한국사료총서,100.0,승정원일기,100.0
水標,4,360,130,36.1,0.0,한국사료총서,100.0,고순종실록,100.0
碧骨堤,3,33,26,78.8,0.0,한국사료총서,100.0,조선왕조실록,100.0
撫耳,2,12,8,66.7,0.0,승정원일기,100.0,한국사료총서,100.0
忠淸道結城,3,145,141,97.2,0.0,한국사료총서,100.0,조선왕조실록,100.0
雲頭山城,3,12,7,58.3,0.0,한국사료총서,100.0,승정원일기,100.0
母津,2,7,3,42.9,0.0,한국사료총서,100.0,조선왕조실록,100.0
龍寺,7,266,48,18.0,0.0,고려사,100.0,승정원일기,100.0
迎鳳,3,15,7,46.7,0.0,한국사료총서,100.0,승정원일기,100.0
迎秋門,4,226,209,92.5,0.0,한국사료총서,100.0,승정원일기,100.0
太伯,4,67,18,26.9,0.0,승정원일기,100.0,삼국유사,100.0
八公山,2,36,9,25.0,0.0,한국사료총서,100.0,승정원일기,100.0
乾止山,4,147,120,81.6,0.0,한국사료총서,100.0,조선왕조실록,100.0
敦義門,4,1508,1443,95.7,0.0,한국사료총서,100.0,고순종실록,100.0
大同館,3,38,23,60.5,0.0,한국사료총서,100.0,조선왕조실록,100.0
暹羅國,3,30,17,56.7,0.0,승정원일기,100.0,조선왕조실록,100.0
妙蓮,4,81,6,7.4,0.0,한국사료총서,100.0,조선왕조실록,100.0
干飛烏,2,10,3,30.0,0.0,한국사료총서,100.0,조선왕조실록,100.0
東省,6,447,174,38.9,0.0,고려사절요,100.0,고순종실록,100.0
雲門,6,137,58,42.3,0.0,삼국유사,100.0,고려사절요,100.0
獅子巖,2,6,3,50.0,0.0,한국사료총서,100.0,조선왕조실록,100.0
石造殿,2,24,20,83.3,0.0,한국사료총서,100.0,고순종실록,100.0
梧木臺,3,27,23,85.2,0.0,한국사료총서,100.0,승정원일기,100.0
老隱,3,21,14,66.7,0.0,조선왕조실록,100.0,승정원일기,100.0
梨山,3,23,18,78.3,0.0,한국사료총서,100.0,승정원일기,100.0
閱武亭,3,31,21,67.7,0.0,한국사료총서,100.0,승정원일기,100.0
開花山,3,16,8,50.0,0.0,한국사료총서,100.0,승정원일기,100.0
有莘,3,32,9,28.1,0.0,고순종실록,100.0,조선왕조실록,100.0
太和江,2,19,7,36.8,0.0,한국사료총서,100.0,조선왕조실록,100.0
聞韶,4,157,99,63.1,0.0,승정원일기,100.0,고려사,100.0
九津,2,21,13,61.9,0.0,한국사료총서,100.0,조선왕조실록,100.0
見州,5,209,151,72.2,0.0,승정원일기,100.0,고려사절요,100.0
皇廟,4,249,91,36.5,0.0,조선왕조실록,100.0,고순종실록,100.0
釜山倉,2,20,4,20.0,0.0,한국사료총서,100.0,승정원일기,100.0
洪州城,3,19,7,36.8,0.0,조선왕조실록,100.0,고순종실록,100.0
永善,5,366,30,8.2,0.0,고순종실록,100.0,고려사,100.0
自如驛,3,23,12,52.2,0.0,한국사료총서,100.0,조선왕조실록,100.0
蒙羅骨嶺,2,12,8,66.7,0.0,한국사료총서,100.0,고려사,100.0
尙州玉洞書院,2,9,5,55.6,0.0,한국사료총서,100.0,승정원일기,100.0
欽敬閣,4,137,116,84.7,0.0,한국사료총서,100.0,고순종실록,100.0
臥牛山,2,28,25,89.3,0.0,한국사료총서,100.0,승정원일기,100.0
東七陵,3,48,44,91.7,0.0,한국사료총서,100.0,조선왕조실록,100.0
敦禮,6,185,95,51.4,0.0,고려사,100.0,고순종실록,100.0
龍化,4,60,26,43.3,0.0,승정원일기,100.0,조선왕조실록,100.0
薰殿,3,27,11,40.7,0.0,한국사료총서,100.0,조선왕조실록,100.0
吾乙足堡,2,12,7,58.3,0.0,한국사료총서,100.0,조선왕조실록,100.0
頤和園,2,11,3,27.3,0.0,한국사료총서,100.0,승정원일기,100.0
古群山前洋,2,9,3,33.3,0.0,고순종실록,100.0,승정원일기,100.0
嶺東三陟,2,6,3,50.0,0.0,조선왕조실록,100.0,승정원일기,100.0
崇靈,4,568,463,81.5,0.0,한국사료총서,100.0,조선왕조실록,100.0
忠淸道溫陽,3,174,162,93.1,0.0,한국사료총서,100.0,조선왕조실록,100.0
慈雲寺,3,22,8,36.4,0.0,고려사,100.0,조선왕조실록,100.0
建春門內,2,7,3,42.9,0.0,조선왕조실록,100.0,승정원일기,100.0
瓮,7,1021,571,55.9,0.0,삼국사기,100.0,조선왕조실록,100.0
江南省通州,2,13,8,61.5,0.0,한국사료총서,100.0,승정원일기,100.0
安溪,3,25,11,44.0,0.0,승정원일기,100.0,조선왕조실록,100.0
安邊釋王寺,3,23,20,87.0,0.0,한국사료총서,100.0,조선왕조실록,100.0
楸嶺,2,9,3,33.3,0.0,한국사료총서,100.0,승정원일기,100.0
葛坡嶺,2,10,5,50.0,0.0,한국사료총서,100.0,승정원일기,100.0
北關王廟,3,81,75,92.6,0.0,한국사료총서,100.0,고순종실록,100.0
厓山,3,16,9,56.2,0.0,한국사료총서,100.0,조선왕조실록,100.0
潢,6,1645,22,1.3,0.0,고순종실록,100.0,삼국사기,100.0
仁賢書院,3,30,21,70.0,0.0,한국사료총서,100.0,조선왕조실록,100.0
鳥居坂,2,6,3,50.0,0.0,한국사료총서,100.0,고순종실록,100.0
江城,4,151,44,29.1,0.0,승정원일기,100.0,고려사,100.0
景賢書院,2,9,5,55.6,0.0,한국사료총서,100.0,조선왕조실록,100.0
觀音寺,2,51,28,54.9,0.0,한국사료총서,100.0,조선왕조실록,100.0
安道淸,4,147,119,81.0,0.0,한국사료총서,100.0,고순종실록,100.0
富士,3,19,5,26.3,0.0,한국사료총서,100.0,고순종실록,100.0
金洞驛,2,11,5,45.5,0.0,한국사료총서,100.0,승정원일기,100.0
千佛山,3,17,7,41.2,0.0,한국사료총서,100.0,조선왕조실록,100.0
繼照堂,4,119,109,91.6,0.0,한국사료총서,100.0,조선왕조실록,100.0
鎭東,6,713,120,16.8,0.0,고려사,100.0,고순종실록,100.0
月籠,3,56,41,73.2,0.0,한국사료총서,100.0,조선왕조실록,100.0
小白山,3,78,27,34.6,0.0,한국사료총서,100.0,조선왕조실록,100.0
關南,4,91,59,64.8,0.0,조선왕조실록,100.0,고순종실록,100.0
馬耳山,3,45,26,57.8,0.0,한국사료총서,100.0,조선왕조실록,100.0
徽陵,4,1794,1423,79.3,0.0,한국사료총서,100.0,조선왕조실록,100.0
風月樓,2,14,7,50.0,0.0,한국사료총서,100.0,조선왕조실록,100.0
福泉寺,2,23,20,87.0,0.0,한국사료총서,100.0,조선왕조실록,100.0
戴寧,2,7,3,42.9,0.0,조선왕조실록,100.0,승정원일기,100.0
京橋,2,14,9,64.3,0.0,한국사료총서,100.0,승정원일기,100.0
長濱,2,16,6,37.5,0.0,승정원일기,100.0,조선왕조실록,100.0
崇文門,2,16,4,25.0,0.0,한국사료총서,100.0,승정원일기,100.0
金壤,5,51,36,70.6,0.0,승정원일기,100.0,한국사료총서,100.0
興德,7,2014,1405,69.8,0.0,삼국사기,100.0,고순종실록,100.0
解顔,4,37,28,75.7,0.0,승정원일기,100.0,고려사,100.0
洛峯書院,2,13,6,46.2,0.0,한국사료총서,100.0,승정원일기,100.0
布德門內,2,7,3,42.9,0.0,한국사료총서,100.0,승정원일기,100.0
牛峯縣,4,73,24,32.9,0.0,승정원일기,100.0,고려사,100.0
妙香山,5,71,37,52.1,0.0,삼국사기,100.0,조선왕조실록,100.0
王城灘,2,12,9,75.0,0.0,한국사료총서,100.0,조선왕조실록,100.0
韓國銀行,2,76,15,19.7,0.0,승정원일기,100.0,고순종실록,100.0
咸關,4,138,100,72.5,0.0,한국사료총서,100.0,고려사,100.0
澄淸閣,2,20,6,30.0,0.0,한국사료총서,100.0,승정원일기,100.0
西二京,2,11,3,27.3,0.0,고려사,100.0,승정원일기,100.0
威鳳山城行宮,2,8,5,62.5,0.0,고순종실록,100.0,승정원일기,100.0
門岩,2,9,6,66.7,0.0,한국사료총서,100.0,조선왕조실록,100.0
昌德門,2,14,5,35.7,0.0,고려사,100.0,승정원일기,100.0
金沙寺,2,14,9,64.3,0.0,한국사료총서,100.0,승정원일기,100.0
日本東京,3,77,41,53.2,0.0,승정원일기,100.0,고순종실록,100.0
野賊,2,13,6,46.2,0.0,한국사료총서,100.0,조선왕조실록,100.0
嶺南慶州,2,11,6,54.5,0.0,조선왕조실록,100.0,승정원일기,100.0
義大利,3,21,17,81.0,0.0,승정원일기,100.0,한국사료총서,100.0
崇仁殿,4,495,467,94.3,0.0,한국사료총서,100.0,조선왕조실록,100.0
比利時國,2,9,5,55.6,0.0,승정원일기,100.0,고순종실록,100.0
德陵,6,354,275,77.7,0.0,한국사료총서,100.0,고순종실록,100.0
淸溪山,3,81,69,85.2,0.0,한국사료총서,100.0,조선왕조실록,100.0
雲門寺,2,14,4,28.6,0.0,한국사료총서,100.0,승정원일기,100.0
葉山,4,51,27,52.9,0.0,한국사료총서,100.0,고순종실록,100.0
天磨,4,89,39,43.8,0.0,한국사료총서,100.0,고려사,100.0
竹代,2,16,9,56.2,0.0,승정원일기,100.0,조선왕조실록,100.0
夢踏亭,3,18,12,66.7,0.0,한국사료총서,100.0,조선왕조실록,100.0
穿巖,2,6,3,50.0,0.0,한국사료총서,100.0,조선왕조실록,100.0
省草驛,2,10,3,30.0,0.0,한국사료총서,100.0,조선왕조실록,100.0
興福寺,5,91,73,80.2,0.0,고려사,100.0,조선왕조실록,100.0
靑石嶺,3,16,10,62.5,0.0,한국사료총서,100.0,조선왕조실록,100.0
皆丹,2,7,3,42.9,0.0,한국사료총서,100.0,조선왕조실록,100.0
熊望,3,31,25,80.6,0.0,한국사료총서,100.0,조선왕조실록,100.0
步里見子,2,6,3,50.0,0.0,승정원일기,100.0,조선왕조실록,100.0
土們,3,16,9,56.2,0.0,한국사료총서,100.0,승정원일기,100.0
狄踰嶺,3,75,56,74.7,0.0,한국사료총서,100.0,조선왕조실록,100.0
婆猪,3,412,403,97.8,0.0,한국사료총서,100.0,조선왕조실록,100.0
壓海,4,29,13,44.8,0.0,승정원일기,100.0,고려사,100.0
會祥,3,392,369,94.1,0.0,한국사료총서,100.0,조선왕조실록,100.0
洪肯,3,118,5,4.2,0.0,승정원일기,100.0,조선왕조실록,100.0
白雲山,3,121,39,32.2,0.0,한국사료총서,100.0,승정원일기,100.0
新羅,8,3923,2169,55.3,0.0,고려사,100.0,고순종실록,100.0
太伯山,3,15,9,60.0,0.0,한국사료총서,100.0,조선왕조실록,100.0
文善,4,359,9,2.5,0.0,조선왕조실록,100.0,고순종실록,100.0
興仁門,4,948,906,95.6,0.0,한국사료총서,100.0,고순종실록,100.0
忠賢書院,3,22,17,77.3,0.0,한국사료총서,100.0,조선왕조실록,100.0
朔時津,2,9,6,66.7,0.0,한국사료총서,100.0,조선왕조실록,100.0
圓直,2,11,8,72.7,0.0,한국사료총서,100.0,조선왕조실록,100.0
嶺南密陽,2,7,3,42.9,0.0,한국사료총서,100.0,승정원일기,100.0
赤裳山城,3,226,208,92.0,0.0,한국사료총서,100.0,조선왕조실록,100.0
燈山,3,40,6,15.0,0.0,한국사료총서,100.0,조선왕조실록,100.0
平樂亭,3,103,98,95.1,0.0,한국사료총서,100.0,승정원일기,100.0
風流山,2,14,5,35.7,0.0,한국사료총서,100.0,조선왕조실록,100.0
大峴山,3,64,15,23.4,0.0,한국사료총서,100.0,조선왕조실록,100.0
乾止,4,165,133,80.6,0.0,한국사료총서,100.0,조선왕조실록,100.0
臥龍祠,3,81,70,86.4,0.0,한국사료총서,100.0,조선왕조실록,100.0
光敎山,3,36,25,69.4,0.0,한국사료총서,100.0,조선왕조실록,100.0
禧陵,5,1595,1155,72.4,0.0,고려사,100.0,고순종실록,100.0
嶺湖,4,187,51,27.3,0.0,조선왕조실록,100.0,고순종실록,100.0
泉山,4,39,10,25.6,0.0,한국사료총서,100.0,조선왕조실록,100.0
陰縣,6,649,150,23.1,0.0,삼국사기,100.0,고려사절요,100.0
精忠祠,3,12,9,75.0,0.0,한국사료총서,100.0,조선왕조실록,100.0
長安,7,853,442,51.8,0.0,삼국유사,100.0,고순종실록,100.0
夜光,4,116,56,48.3,0.0,승정원일기,100.0,고순종실록,100.0
宙合,4,291,261,89.7,0.0,한국사료총서,100.0,고순종실록,100.0
釜倉,3,52,23,44.2,0.0,한국사료총서,100.0,조선왕조실록,100.0
金井山城,3,94,68,72.3,0.0,한국사료총서,100.0,조선왕조실록,100.0
寧海,7,2594,1598,61.6,0.0,삼국사기,100.0,고순종실록,100.0
松廣寺,5,25,15,60.0,0.0,고려사,100.0,조선왕조실록,100.0
孝昌墓,4,701,600,85.6,0.0,한국사료총서,100.0,고순종실록,100.0
紹修,3,69,23,33.3,0.0,한국사료총서,100.0,조선왕조실록,100.0
大門嶺,2,13,7,53.8,0.0,한국사료총서,100.0,조선왕조실록,100.0
山東面,3,16,11,68.8,0.0,조선왕조실록,100.0,승정원일기,100.0
肆覲,3,180,136,75.6,0.0,한국사료총서,100.0,조선왕조실록,100.0
普光寺,3,34,23,67.6,0.0,한국사료총서,100.0,조선왕조실록,100.0
礪山竹林書院,2,9,5,55.6,0.0,한국사료총서,100.0,승정원일기,100.0
遮日巖,3,86,64,74.4,0.0,한국사료총서,100.0,조선왕조실록,100.0
公忠左道,3,62,53,85.5,0.0,한국사료총서,100.0,고순종실록,100.0
慶成殿,4,88,79,89.8,0.0,한국사료총서,100.0,조선왕조실록,100.0
許山,4,49,4,8.2,0.0,승정원일기,100.0,고려사,100.0
比國,4,135,85,63.0,0.0,승정원일기,100.0,고순종실록,100.0
傳燈寺,3,18,10,55.6,0.0,한국사료총서,100.0,조선왕조실록,100.0
大美國,2,19,9,47.4,0.0,한국사료총서,100.0,고순종실록,100.0
海州首陽山,2,17,10,58.8,0.0,한국사료총서,100.0,승정원일기,100.0
祝石嶺,3,25,16,64.0,0.0,한국사료총서,100.0,조선왕조실록,100.0
黃龍山,3,87,41,47.1,0.0,한국사료총서,100.0,조선왕조실록,100.0
牛耳山,2,25,14,56.0,0.0,한국사료총서,100.0,조선왕조실록,100.0
西羌,2,27,6,22.2,0.0,승정원일기,100.0,조선왕조실록,100.0
通濟院,3,24,18,75.0,0.0,고려사,100.0,조선왕조실록,100.0
男山,4,45,27,60.0,0.0,한국사료총서,100.0,조선왕조실록,100.0
合浦鎭,4,21,9,42.9,0.0,한국사료총서,100.0,조선왕조실록,100.0
臨皐,3,27,13,48.1,0.0,한국사료총서,100.0,조선왕조실록,100.0
北二面,3,36,25,69.4,0.0,승정원일기,100.0,한국사료총서,100.0
肥後,3,62,48,77.4,0.0,승정원일기,100.0,조선왕조실록,100.0
延禧宮,4,70,60,85.7,0.0,고려사,100.0,조선왕조실록,100.0
高揷,2,17,7,41.2,0.0,한국사료총서,100.0,승정원일기,100.0
居山驛,3,48,28,58.3,0.0,한국사료총서,100.0,조선왕조실록,100.0
樂豐,2,120,6,5.0,0.0,승정원일기,100.0,조선왕조실록,100.0
南後,4,92,15,16.3,0.0,조선왕조실록,100.0,고순종실록,100.0
道德山,3,174,164,94.3,0.0,한국사료총서,100.0,조선왕조실록,100.0
咸和堂,3,45,41,91.1,0.0,한국사료총서,100.0,승정원일기,100.0
渭川驛,2,7,4,57.1,0.0,한국사료총서,100.0,조선왕조실록,100.0
要光院,2,10,6,60.0,0.0,한국사료총서,100.0,조선왕조실록,100.0
道峰書院,3,37,34,91.9,0.0,한국사료총서,100.0,조선왕조실록,100.0
隆文,4,133,96,72.2,0.0,한국사료총서,100.0,고순종실록,100.0
素沙坪,2,10,6,60.0,0.0,한국사료총서,100.0,승정원일기,100.0
保恤庫,2,14,5,35.7,0.0,승정원일기,100.0,조선왕조실록,100.0
甘坪,3,24,20,83.3,0.0,한국사료총서,100.0,조선왕조실록,100.0
佐耳山,2,7,3,42.9,0.0,한국사료총서,100.0,조선왕조실록,100.0
塔寺,4,66,8,12.1,0.0,삼국유사,100.0,승정원일기,100.0
夫只,4,34,9,26.5,0.0,승정원일기,100.0,삼국사기,100.0
二契,3,246,188,76.4,0.0,한국사료총서,100.0,조선왕조실록,100.0
淸水館,3,11,7,63.6,0.0,한국사료총서,100.0,승정원일기,100.0
頭陁山,2,9,4,44.4,0.0,한국사료총서,100.0,조선왕조실록,100.0
文德殿,4,133,35,26.3,0.0,고려사,100.0,조선왕조실록,100.0
琉璃廠,2,14,5,35.7,0.0,한국사료총서,100.0,승정원일기,100.0
玉流泉,2,14,10,71.4,0.0,한국사료총서,100.0,승정원일기,100.0
江原道五臺山,3,11,8,72.7,0.0,한국사료총서,100.0,조선왕조실록,100.0
樹德,5,69,20,29.0,0.0,승정원일기,100.0,고려사절요,100.0
北匈奴,2,9,3,33.3,0.0,승정원일기,100.0,조선왕조실록,100.0
召參,3,27,4,14.8,0.0,승정원일기,100.0,삼국사기,100.0
紐約,4,33,25,75.8,0.0,고려사,100.0,고순종실록,100.0
華盖,3,52,10,19.2,0.0,한국사료총서,100.0,조선왕조실록,100.0
乾淸,4,485,409,84.3,0.0,한국사료총서,100.0,고순종실록,100.0
天壽山,2,26,22,84.6,0.0,한국사료총서,100.0,조선왕조실록,100.0
天安門,2,29,4,13.8,0.0,한국사료총서,100.0,승정원일기,100.0
華寧,4,1692,1653,97.7,0.0,한국사료총서,100.0,조선왕조실록,100.0
崇節祠,3,65,59,90.8,0.0,한국사료총서,100.0,조선왕조실록,100.0
文華殿,4,37,24,64.9,0.0,고순종실록,100.0,승정원일기,100.0
醫學校,3,92,12,13.0,0.0,승정원일기,100.0,고순종실록,100.0
甲串江,3,17,14,82.4,0.0,한국사료총서,100.0,고려사절요,100.0
王輪,4,233,12,5.2,0.0,고려사절요,100.0,조선왕조실록,100.0
竹林書院,3,21,13,61.9,0.0,한국사료총서,100.0,조선왕조실록,100.0
養心堂,2,31,23,74.2,0.0,한국사료총서,100.0,조선왕조실록,100.0
望廟樓,4,2753,2686,97.6,0.0,한국사료총서,100.0,고순종실록,100.0
龍馬,5,212,86,40.6,0.0,고려사,100.0,고순종실록,100.0
興龍寺,2,7,4,57.1,0.0,한국사료총서,100.0,조선왕조실록,100.0
佛浪國,2,8,3,37.5,0.0,승정원일기,100.0,고순종실록,100.0
斷俗,3,12,5,41.7,0.0,고려사,100.0,조선왕조실록,100.0
陜川海印寺,2,9,5,55.6,0.0,한국사료총서,100.0,승정원일기,100.0
燕山,7,1003,129,12.9,0.0,고순종실록,100.0,삼국사기,100.0
乾淸門,3,21,6,28.6,0.0,한국사료총서,100.0,승정원일기,100.0
球國,6,813,546,67.2,0.0,고려사,100.0,고순종실록,100.0
啓聖祠,4,300,216,72.0,0.0,한국사료총서,100.0,고순종실록,100.0
渴馬倉,3,23,11,47.8,0.0,한국사료총서,100.0,조선왕조실록,100.0
嘉順宮,3,8759,102,1.2,0.0,한국사료총서,100.0,조선왕조실록,100.0
僧伽,5,56,34,60.7,0.0,고려사,100.0,승정원일기,100.0
雙忠祠,3,10,5,50.0,0.0,한국사료총서,100.0,승정원일기,100.0
乾之山,2,19,6,31.6,0.0,한국사료총서,100.0,승정원일기,100.0
興王寺,4,180,6,3.3,0.0,고려사,100.0,조선왕조실록,100.0
婆猪江,2,304,297,97.7,0.0,한국사료총서,100.0,조선왕조실록,100.0
崧陽書院,3,30,19,63.3,0.0,한국사료총서,100.0,조선왕조실록,100.0
東山伊,2,11,7,63.6,0.0,한국사료총서,100.0,조선왕조실록,100.0
包山,4,21,4,19.0,0.0,조선왕조실록,100.0,삼국유사,100.0
月嶽,2,15,7,46.7,0.0,한국사료총서,100.0,고려사,100.0
南大門停車場,2,24,19,79.2,0.0,고순종실록,100.0,승정원일기,100.0
延生殿,4,170,160,94.1,0.0,한국사료총서,100.0,조선왕조실록,100.0
英國,5,1084,447,41.2,0.0,삼국사기,100.0,고순종실록,100.0
坐原,5,70,14,20.0,0.0,고순종실록,100.0,삼국사기,100.0
善竹,4,78,46,59.0,0.0,한국사료총서,100.0,조선왕조실록,100.0
黃嶺,2,20,4,20.0,0.0,한국사료총서,100.0,조선왕조실록,100.0
森森坡,3,333,122,36.6,0.0,한국사료총서,100.0,조선왕조실록,100.0
豆江,4,60,46,76.7,0.0,한국사료총서,100.0,조선왕조실록,100.0
仁王山,3,206,193,93.7,0.0,한국사료총서,100.0,승정원일기,100.0
景維門,2,11,8,72.7,0.0,한국사료총서,100.0,승정원일기,100.0
加召,3,17,6,35.3,0.0,승정원일기,100.0,삼국사기,100.0
冷泉亭,4,168,156,92.9,0.0,한국사료총서,100.0,조선왕조실록,100.0
坡兒,4,332,171,51.5,0.0,한국사료총서,100.0,고순종실록,100.0
山東省登州府榮城,2,15,8,53.3,0.0,한국사료총서,100.0,승정원일기,100.0
鏤方,2,9,4,44.4,0.0,승정원일기,100.0,삼국사기,100.0
益山,6,1397,1040,74.4,0.0,고려사,100.0,고순종실록,100.0
耳峴,2,16,13,81.2,0.0,한국사료총서,100.0,조선왕조실록,100.0
平安道淸北,4,87,67,77.0,0.0,한국사료총서,100.0,고순종실록,100.0
安東鶴駕山,2,9,5,55.6,0.0,한국사료총서,100.0,조선왕조실록,100.0
濟昌,3,37,7,18.9,0.0,승정원일기,100.0,조선왕조실록,100.0
巴蜀,3,39,27,69.2,0.0,한국사료총서,100.0,조선왕조실록,100.0
安市城,4,82,60,73.2,0.0,삼국사기,100.0,조선왕조실록,100.0
梵魚寺,3,18,8,44.4,0.0,한국사료총서,100.0,승정원일기,100.0
奉子山,2,6,3,50.0,0.0,한국사료총서,100.0,조선왕조실록,100.0
甘同倉,3,72,55,76.4,0.0,한국사료총서,100.0,조선왕조실록,100.0
牛指,2,8,3,37.5,0.0,한국사료총서,100.0,승정원일기,100.0
普賢寺,4,36,12,33.3,0.0,고려사,100.0,조선왕조실록,100.0
天神山,2,11,8,72.7,0.0,한국사료총서,100.0,조선왕조실록,100.0
蓬臺,2,11,4,36.4,0.0,한국사료총서,100.0,승정원일기,100.0
正善堂,2,17,8,47.1,0.0,한국사료총서,100.0,승정원일기,100.0
和陵,4,514,465,90.5,0.0,한국사료총서,100.0,고순종실록,100.0
天壽寺,4,68,4,5.9,0.0,고려사,100.0,조선왕조실록,100.0
老德院,2,10,7,70.0,0.0,한국사료총서,100.0,승정원일기,100.0
七星門,3,25,14,56.0,0.0,한국사료총서,100.0,승정원일기,100.0
文政殿,4,456,436,95.6,0.0,한국사료총서,100.0,고순종실록,100.0
朱溪,5,203,30,14.8,0.0,고순종실록,100.0,고려사,100.0
水原闕里祠,3,21,14,66.7,0.0,조선왕조실록,100.0,고순종실록,100.0
峨嵋山,2,10,3,30.0,0.0,한국사료총서,100.0,승정원일기,100.0
八峯山,2,26,8,30.8,0.0,한국사료총서,100.0,조선왕조실록,100.0
崇賢書院,2,18,10,55.6,0.0,한국사료총서,100.0,승정원일기,100.0
龍門山,3,50,31,62.0,0.0,한국사료총서,100.0,조선왕조실록,100.0
法華,4,110,9,8.2,0.0,고려사,100.0,승정원일기,100.0
禪石山,2,10,5,50.0,0.0,한국사료총서,100.0,조선왕조실록,100.0
安甘川,2,30,27,90.0,0.0,한국사료총서,100.0,승정원일기,100.0
全溪大院君墓,2,76,67,88.2,0.0,조선왕조실록,100.0,승정원일기,100.0
金浦縣,4,83,25,30.1,0.0,한국사료총서,100.0,고려사,100.0
緩項嶺,3,31,22,71.0,0.0,한국사료총서,100.0,조선왕조실록,100.0
紹賢書院,4,40,29,72.5,0.0,한국사료총서,100.0,조선왕조실록,100.0
滿月臺,3,145,106,73.1,0.0,한국사료총서,100.0,조선왕조실록,100.0
瑞雲山,2,9,4,44.4,0.0,한국사료총서,100.0,조선왕조실록,100.0
三仙,4,117,92,78.6,0.0,한국사료총서,100.0,고순종실록,100.0
符秦,3,12,5,41.7,0.0,승정원일기,100.0,조선왕조실록,100.0
豐壤趙氏,4,13,3,23.1,0.0,고순종실록,100.0,승정원일기,100.0
守鎭,4,191,11,5.8,0.0,한국사료총서,100.0,고려사,100.0
義州白馬,3,17,12,70.6,0.0,한국사료총서,100.0,조선왕조실록,100.0
西山祠,2,7,3,42.9,0.0,한국사료총서,100.0,승정원일기,100.0
臺山,5,474,330,69.6,0.0,삼국유사,100.0,고순종실록,100.0
大光明殿,3,78,18,23.1,0.0,한국사료총서,100.0,조선왕조실록,100.0
蜀山,3,14,5,35.7,0.0,한국사료총서,100.0,조선왕조실록,100.0
九津溺水,2,14,9,64.3,0.0,한국사료총서,100.0,조선왕조실록,100.0
平壤鎭,4,147,9,6.1,0.0,고순종실록,100.0,조선왕조실록,100.0
大金國,2,13,8,61.5,0.0,한국사료총서,100.0,조선왕조실록,100.0
潭陽金城,3,12,8,66.7,0.0,한국사료총서,100.0,조선왕조실록,100.0
八居,2,27,8,29.6,0.0,승정원일기,100.0,한국사료총서,100.0
慶州集慶殿,3,15,12,80.0,0.0,한국사료총서,100.0,조선왕조실록,100.0
金嶺,2,31,17,54.8,0.0,한국사료총서,100.0,조선왕조실록,100.0
嗚呼島,3,13,9,69.2,0.0,한국사료총서,100.0,승정원일기,100.0
一塲,2,20,4,20.0,0.0,한국사료총서,100.0,조선왕조실록,100.0
下州,6,61,14,23.0,0.0,승정원일기,100.0,삼국유사,100.0
一牟,4,19,14,73.7,0.0,승정원일기,100.0,삼국사기,100.0
大漢,4,156,75,48.1,0.0,한국사료총서,100.0,고순종실록,100.0
鶻嶺,2,7,3,42.9,0.0,한국사료총서,100.0,삼국사기,100.0
鍾岩,2,21,3,14.3,0.0,한국사료총서,100.0,승정원일기,100.0
建春門,4,196,180,91.8,0.0,한국사료총서,100.0,승정원일기,100.0
日本國薩摩州,3,39,30,76.9,0.0,한국사료총서,100.0,조선왕조실록,100.0
練光亭,3,50,29,58.0,0.0,한국사료총서,100.0,승정원일기,100.0
宣仁門,5,1511,1409,93.2,0.0,고려사,100.0,조선왕조실록,100.0
慶成,5,182,83,45.6,0.0,고려사,100.0,고순종실록,100.0
嵐山,2,10,4,40.0,0.0,한국사료총서,100.0,조선왕조실록,100.0
周梁,2,18,5,27.8,0.0,승정원일기,100.0,조선왕조실록,100.0
岬寺,4,28,13,46.4,0.0,삼국유사,100.0,조선왕조실록,100.0
永明寺,5,44,8,18.2,0.0,고려사,100.0,조선왕조실록,100.0
江陵府五臺山,2,16,13,81.2,0.0,한국사료총서,100.0,승정원일기,100.0
引月驛,2,12,6,50.0,0.0,한국사료총서,100.0,승정원일기,100.0
北漢山,6,210,171,81.4,0.0,한국사료총서,100.0,고순종실록,100.0
末屹山,2,15,12,80.0,0.0,한국사료총서,100.0,승정원일기,100.0
西良,5,37,17,45.9,0.0,승정원일기,100.0,삼국사기,100.0
河渡,3,21,6,28.6,0.0,한국사료총서,100.0,조선왕조실록,100.0
義親王宮,3,16,8,50.0,0.0,고순종실록,100.0,승정원일기,100.0
利州,4,29,9,31.0,0.0,고려사,100.0,조선왕조실록,100.0
報德寺,2,28,4,14.3,0.0,한국사료총서,100.0,승정원일기,100.0
分嶺,3,26,9,34.6,0.0,승정원일기,100.0,고려사,100.0
下西知,3,13,6,46.2,0.0,한국사료총서,100.0,조선왕조실록,100.0
芙蓉堂,3,54,41,75.9,0.0,한국사료총서,100.0,조선왕조실록,100.0
西薇,2,8,5,62.5,0.0,한국사료총서,100.0,승정원일기,100.0
甘露寺,3,50,38,76.0,0.0,한국사료총서,100.0,조선왕조실록,100.0
姑母城,2,14,10,71.4,0.0,한국사료총서,100.0,승정원일기,100.0
紫薇堂,4,374,365,97.6,0.0,한국사료총서,100.0,조선왕조실록,100.0
慈壽宮,3,123,107,87.0,0.0,한국사료총서,100.0,승정원일기,100.0
正安里癸坐,2,10,6,60.0,0.0,고순종실록,100.0,승정원일기,100.0
裕康園,3,112,108,96.4,0.0,한국사료총서,100.0,승정원일기,100.0
尼丘山,2,7,4,57.1,0.0,한국사료총서,100.0,승정원일기,100.0
庸關,3,26,15,57.7,0.0,한국사료총서,100.0,조선왕조실록,100.0
關嶺,4,278,111,39.9,0.0,한국사료총서,100.0,고려사,100.0
京師,8,6469,936,14.5,0.0,삼국사기,100.0,고려사절요,100.0
翠雲亭,2,13,4,30.8,0.0,한국사료총서,100.0,승정원일기,100.0
曜金,4,1030,978,95.0,0.0,한국사료총서,100.0,고순종실록,100.0
成佛寺,2,12,4,33.3,0.0,한국사료총서,100.0,조선왕조실록,100.0
餘州,5,227,6,2.6,0.0,고순종실록,100.0,삼국유사,100.0
開平,5,91,31,34.1,0.0,승정원일기,100.0,고려사절요,100.0
溫下,2,67,47,70.1,0.0,승정원일기,100.0,조선왕조실록,100.0
遼東城,5,38,18,47.4,0.0,삼국유사,100.0,승정원일기,100.0
開陽門,3,1209,1144,94.6,0.0,한국사료총서,100.0,조선왕조실록,100.0
會樓,4,1033,979,94.8,0.0,한국사료총서,100.0,고순종실록,100.0
鵝峴,2,11,4,36.4,0.0,한국사료총서,100.0,승정원일기,100.0
守國寺,2,13,10,76.9,0.0,한국사료총서,100.0,승정원일기,100.0
萬東廟,4,340,225,66.2,0.0,한국사료총서,100.0,고순종실록,100.0
武溪,2,20,16,80.0,0.0,한국사료총서,100.0,조선왕조실록,100.0
嶺南架山,2,8,5,62.5,0.0,조선왕조실록,100.0,승정원일기,100.0
馬井山,2,8,3,37.5,0.0,한국사료총서,100.0,조선왕조실록,100.0
夫里,7,212,96,45.3,0.0,고순종실록,100.0,삼국유사,100.0
緝敬堂,2,9,5,55.6,0.0,한국사료총서,100.0,승정원일기,100.0
琚瑟岬山,2,8,5,62.5,0.0,한국사료총서,100.0,조선왕조실록,100.0
流霞亭,3,311,301,96.8,0.0,한국사료총서,100.0,조선왕조실록,100.0
匡山,2,18,3,16.7,0.0,한국사료총서,100.0,승정원일기,100.0
大造殿,4,607,569,93.7,0.0,한국사료총서,100.0,고순종실록,100.0
興麗,2,7,4,57.1,0.0,승정원일기,100.0,한국사료총서,100.0
沙火郞山,2,7,3,42.9,0.0,한국사료총서,100.0,조선왕조실록,100.0
華嶽山,2,11,4,36.4,0.0,한국사료총서,100.0,조선왕조실록,100.0
天藏山,3,18,14,77.8,0.0,한국사료총서,100.0,조선왕조실록,100.0
靑龍寺,3,32,15,46.9,0.0,한국사료총서,100.0,조선왕조실록,100.0
世德祠,2,12,7,58.3,0.0,한국사료총서,100.0,승정원일기,100.0
鐵瓮,3,66,46,69.7,0.0,한국사료총서,100.0,조선왕조실록,100.0
遼左,5,189,47,24.9,0.0,고려사,100.0,삼국사기,100.0
火旺山,2,12,3,25.0,0.0,한국사료총서,100.0,조선왕조실록,100.0
洞仙驛,4,34,28,82.4,0.0,한국사료총서,100.0,승정원일기,100.0
濟源,3,117,17,14.5,0.0,한국사료총서,100.0,조선왕조실록,100.0
新興寺,2,23,4,17.4,0.0,한국사료총서,100.0,승정원일기,100.0
天冠山,3,18,13,72.2,0.0,한국사료총서,100.0,조선왕조실록,100.0
南別館,2,12,4,33.3,0.0,한국사료총서,100.0,조선왕조실록,100.0
湖南順天,2,9,4,44.4,0.0,조선왕조실록,100.0,승정원일기,100.0
嶺南後漕倉,3,27,13,48.1,0.0,조선왕조실록,100.0,고순종실록,100.0
敬奉閣,4,438,402,91.8,0.0,한국사료총서,100.0,고순종실록,100.0
江都南漢,3,18,12,66.7,0.0,조선왕조실록,100.0,승정원일기,100.0
東保,3,28,6,21.4,0.0,승정원일기,100.0,조선왕조실록,100.0
虞夏,3,82,3,3.7,0.0,승정원일기,100.0,조선왕조실록,100.0
基陽,4,204,10,4.9,0.0,승정원일기,100.0,고려사,100.0
竹橋,4,137,78,56.9,0.0,한국사료총서,100.0,고순종실록,100.0
帶方,7,171,60,35.1,0.0,고려사절요,100.0,삼국유사,100.0
慶昌宮,3,21,3,14.3,0.0,고려사,100.0,승정원일기,100.0
蓴堤,2,39,35,89.7,0.0,한국사료총서,100.0,조선왕조실록,100.0
阿月,2,8,3,37.5,0.0,한국사료총서,100.0,조선왕조실록,100.0
乾鳳寺,3,27,16,59.3,0.0,한국사료총서,100.0,조선왕조실록,100.0
普賢院,4,40,10,25.0,0.0,한국사료총서,100.0,조선왕조실록,100.0
通度寺,4,43,8,18.6,0.0,삼국유사,100.0,조선왕조실록,100.0
冬乙背,3,15,11,73.3,0.0,한국사료총서,100.0,조선왕조실록,100.0
臨溟,2,19,8,42.1,0.0,한국사료총서,100.0,조선왕조실록,100.0
月生山,2,7,4,57.1,0.0,한국사료총서,100.0,고려사,100.0
鐵和,4,21,13,61.9,0.0,승정원일기,100.0,조선왕조실록,100.0
佛浪,3,20,4,20.0,0.0,승정원일기,100.0,고순종실록,100.0
群山浦,4,26,12,46.2,0.0,승정원일기,100.0,조선왕조실록,100.0
昌溫,3,81,4,4.9,0.0,조선왕조실록,100.0,한국사료총서,100.0
本願寺,2,10,5,50.0,0.0,한국사료총서,100.0,고순종실록,100.0
忠順堂,3,222,206,92.8,0.0,한국사료총서,100.0,승정원일기,100.0
暹羅斛,3,14,10,71.4,0.0,고려사,100.0,한국사료총서,100.0
靈巖郡楸子島,3,151,148,98.0,0.0,한국사료총서,100.0,조선왕조실록,100.0
玉溜泉,2,9,5,55.6,0.0,한국사료총서,100.0,승정원일기,100.0
倭城,4,26,10,38.5,0.0,승정원일기,100.0,고순종실록,100.0
南岳,3,45,12,26.7,0.0,조선왕조실록,100.0,삼국유사,100.0
保和殿,3,133,32,24.1,0.0,한국사료총서,100.0,조선왕조실록,100.0
眞陽,4,38,7,18.4,0.0,한국사료총서,100.0,고려사,100.0
孝友堂,2,8,3,37.5,0.0,한국사료총서,100.0,조선왕조실록,100.0
界畔,3,22,10,45.5,0.0,한국사료총서,100.0,승정원일기,100.0
遯巖書院,2,11,6,54.5,0.0,한국사료총서,100.0,승정원일기,100.0
大朝鮮國,3,225,137,60.9,0.0,승정원일기,100.0,고순종실록,100.0
豆里山,2,23,9,39.1,0.0,한국사료총서,100.0,조선왕조실록,100.0
廟坡,3,149,70,47.0,0.0,한국사료총서,100.0,조선왕조실록,100.0
東九陵,3,44,32,72.7,0.0,한국사료총서,100.0,승정원일기,100.0
福建省漳州府龍溪縣,2,8,4,50.0,0.0,한국사료총서,100.0,승정원일기,100.0
月精,6,63,21,33.3,0.0,삼국유사,100.0,고순종실록,100.0
富平驛,2,7,4,57.1,0.0,한국사료총서,100.0,조선왕조실록,100.0
雙樹亭,2,10,7,70.0,0.0,한국사료총서,100.0,승정원일기,100.0
智陵,5,724,640,88.4,0.0,고려사,100.0,조선왕조실록,100.0
朴執山,2,7,3,42.9,0.0,한국사료총서,100.0,조선왕조실록,100.0
有苗,4,329,13,4.0,0.0,한국사료총서,100.0,고순종실록,100.0
露國,4,133,92,69.2,0.0,승정원일기,100.0,고순종실록,100.0
安東大都護府,3,44,6,13.6,0.0,조선왕조실록,100.0,고려사,100.0
後梁,5,35,6,17.1,0.0,고려사,100.0,조선왕조실록,100.0
大林山,2,11,3,27.3,0.0,한국사료총서,100.0,조선왕조실록,100.0
南橋,4,22,4,18.2,0.0,고려사,100.0,승정원일기,100.0
牛峴嶺,2,9,5,55.6,0.0,한국사료총서,100.0,승정원일기,100.0
江陵五臺,3,44,34,77.3,0.0,한국사료총서,100.0,승정원일기,100.0
綏慶園丁字閣,2,12,9,75.0,0.0,고순종실록,100.0,승정원일기,100.0
馬頭,6,213,23,10.8,0.0,고순종실록,100.0,삼국사기,100.0
鳳停寺,2,13,3,23.1,0.0,한국사료총서,100.0,조선왕조실록,100.0
嘉會亭,2,77,69,89.6,0.0,한국사료총서,100.0,승정원일기,100.0
全羅下道,2,8,4,50.0,0.0,조선왕조실록,100.0,승정원일기,100.0
南延君墓,3,18,7,38.9,0.0,고순종실록,100.0,승정원일기,100.0
墺國,3,45,36,80.0,0.0,승정원일기,100.0,고순종실록,100.0
咸寧殿,3,413,386,93.5,0.0,한국사료총서,100.0,승정원일기,100.0
昭陽江,3,42,25,59.5,0.0,한국사료총서,100.0,조선왕조실록,100.0
懿昭廟,4,590,480,81.4,0.0,한국사료총서,100.0,고순종실록,100.0
東華門,2,35,23,65.7,0.0,한국사료총서,100.0,조선왕조실록,100.0
亏弗山,2,9,5,55.6,0.0,한국사료총서,100.0,조선왕조실록,100.0
城灘,2,15,11,73.3,0.0,한국사료총서,100.0,조선왕조실록,100.0
句麗,7,2170,1296,59.7,0.0,고려사,100.0,조선왕조실록,100.0
奉國寺,2,13,6,46.2,0.0,한국사료총서,100.0,승정원일기,100.0
關帝廟,3,26,4,15.4,0.0,조선왕조실록,100.0,승정원일기,100.0
玉泉山,2,17,5,29.4,0.0,한국사료총서,100.0,조선왕조실록,100.0
筆巖書院,2,14,8,57.1,0.0,한국사료총서,100.0,승정원일기,100.0
靈巖郡所安島,2,13,10,76.9,0.0,한국사료총서,100.0,승정원일기,100.0
麥邱,3,17,8,47.1,0.0,한국사료총서,100.0,고순종실록,100.0
月岳山,2,14,6,42.9,0.0,한국사료총서,100.0,조선왕조실록,100.0
長寧,6,995,640,64.3,0.0,고려사절요,100.0,고순종실록,100.0
牛項,3,13,6,46.2,0.0,한국사료총서,100.0,조선왕조실록,100.0
草梁館,2,11,6,54.5,0.0,한국사료총서,100.0,승정원일기,100.0
昌慶宮,4,12096,11821,97.7,0.0,한국사료총서,100.0,고순종실록,100.0
酒桶,2,15,7,46.7,0.0,승정원일기,100.0,삼국사기,100.0
昌活,2,9,6,66.7,0.0,한국사료총서,100.0,조선왕조실록,100.0
昌麟,4,125,25,20.0,0.0,한국사료총서,100.0,고려사,100.0
鐵原褒忠祠,2,11,7,63.6,0.0,한국사료총서,100.0,승정원일기,100.0
高麗太祖陵,2,8,4,50.0,0.0,한국사료총서,100.0,승정원일기,100.0
海雲浦,2,26,23,88.5,0.0,한국사료총서,100.0,조선왕조실록,100.0
羅帳山,2,10,5,50.0,0.0,한국사료총서,100.0,조선왕조실록,100.0
淸涼山,3,42,25,59.5,0.0,한국사료총서,100.0,조선왕조실록,100.0
蒼光,2,12,5,41.7,0.0,한국사료총서,100.0,승정원일기,100.0
海牙,3,113,78,69.0,0.0,고려사,100.0,고순종실록,100.0
宗廟永,4,463,378,81.6,0.0,한국사료총서,100.0,고순종실록,100.0
上老,4,180,7,3.9,0.0,승정원일기,100.0,삼국사기,100.0
奬忠壇,3,18,8,44.4,0.0,한국사료총서,100.0,승정원일기,100.0
觀豐閣,3,75,62,82.7,0.0,한국사료총서,100.0,조선왕조실록,100.0
書院村,2,7,4,57.1,0.0,한국사료총서,100.0,승정원일기,100.0
烏碣巖,2,10,3,30.0,0.0,한국사료총서,100.0,조선왕조실록,100.0
藍溪書院,2,9,6,66.7,0.0,한국사료총서,100.0,승정원일기,100.0
大廟洞契,2,14,9,64.3,0.0,한국사료총서,100.0,승정원일기,100.0
箕子祠,4,23,5,21.7,0.0,고려사,100.0,승정원일기,100.0
毓祥廟,3,289,243,84.1,0.0,조선왕조실록,100.0,승정원일기,100.0
彌陁山,2,10,4,40.0,0.0,한국사료총서,100.0,조선왕조실록,100.0
洛濱,2,12,7,58.3,0.0,한국사료총서,100.0,승정원일기,100.0
駕洛國,5,43,19,44.2,0.0,고려사,100.0,조선왕조실록,100.0
阿山鎭,2,13,5,38.5,0.0,한국사료총서,100.0,승정원일기,100.0
水標橋,4,121,106,87.6,0.0,한국사료총서,100.0,조선왕조실록,100.0
通州城,2,8,5,62.5,0.0,한국사료총서,100.0,고려사,100.0
楸池,3,31,16,51.6,0.0,한국사료총서,100.0,조선왕조실록,100.0
新京,5,42,10,23.8,0.0,승정원일기,100.0,고려사절요,100.0
大日本帝國,2,39,28,71.8,0.0,한국사료총서,100.0,고순종실록,100.0
良洞驛,2,8,3,37.5,0.0,한국사료총서,100.0,조선왕조실록,100.0
曜金門,4,996,947,95.1,0.0,한국사료총서,100.0,고순종실록,100.0
甫多會,2,10,7,70.0,0.0,한국사료총서,100.0,승정원일기,100.0
楸仇非,3,159,86,54.1,0.0,한국사료총서,100.0,조선왕조실록,100.0
光海,5,2318,42,1.8,0.0,고순종실록,100.0,고려사,100.0
峨嵯山,3,122,110,90.2,0.0,한국사료총서,100.0,조선왕조실록,100.0
富昌驛,2,11,6,54.5,0.0,한국사료총서,100.0,승정원일기,100.0
雲巖寺,2,30,6,20.0,0.0,한국사료총서,100.0,조선왕조실록,100.0
帝釋山,2,11,4,36.4,0.0,한국사료총서,100.0,고순종실록,100.0
熊望山,3,17,11,64.7,0.0,한국사료총서,100.0,조선왕조실록,100.0
茂朱赤裳,3,61,56,91.8,0.0,한국사료총서,100.0,조선왕조실록,100.0
鳴鳳山,3,14,5,35.7,0.0,한국사료총서,100.0,조선왕조실록,100.0
宙合樓,4,287,258,89.9,0.0,한국사료총서,100.0,고순종실록,100.0
黃石山,3,50,36,72.0,0.0,한국사료총서,100.0,조선왕조실록,100.0
快哉亭,3,21,18,85.7,0.0,한국사료총서,100.0,조선왕조실록,100.0
壽靜殿,4,51,40,78.4,0.0,한국사료총서,100.0,조선왕조실록,100.0
開泰寺,4,31,5,16.1,0.0,고려사,100.0,조선왕조실록,100.0
紹賢,4,84,61,72.6,0.0,한국사료총서,100.0,고순종실록,100.0
熊淵,2,11,8,72.7,0.0,한국사료총서,100.0,승정원일기,100.0
宣政,6,3037,2787,91.8,0.0,고려사,100.0,고순종실록,100.0
壽康宮,5,541,477,88.2,0.0,고려사,100.0,승정원일기,100.0
今勿,7,393,34,8.7,0.0,고려사절요,100.0,삼국사기,100.0
鬼門關,2,14,6,42.9,0.0,한국사료총서,100.0,승정원일기,100.0
群山倉,4,115,99,86.1,0.0,한국사료총서,100.0,고순종실록,100.0
道南書院,2,28,5,17.9,0.0,한국사료총서,100.0,승정원일기,100.0
新川橋,2,9,6,66.7,0.0,한국사료총서,100.0,승정원일기,100.0
楡岾,4,185,149,80.5,0.0,고려사,100.0,조선왕조실록,100.0
安興館,2,8,5,62.5,0.0,한국사료총서,100.0,조선왕조실록,100.0
主屹,3,30,13,43.3,0.0,한국사료총서,100.0,조선왕조실록,100.0
集春門,3,937,913,97.4,0.0,한국사료총서,100.0,조선왕조실록,100.0
女眞,6,2072,557,26.9,0.0,고려사,100.0,고순종실록,100.0
慕華嶺,2,7,3,42.9,0.0,한국사료총서,100.0,승정원일기,100.0
府院君內外墓,2,9,5,55.6,0.0,고순종실록,100.0,승정원일기,100.0
韃靼洞,5,19,15,78.9,0.0,한국사료총서,100.0,조선왕조실록,100.0
箕達山,2,9,5,55.6,0.0,한국사료총서,100.0,고려사,100.0
長安寺,3,30,21,70.0,0.0,한국사료총서,100.0,조선왕조실록,100.0
坡知,3,425,184,43.3,0.0,한국사료총서,100.0,조선왕조실록,100.0
草峰,2,6,3,50.0,0.0,한국사료총서,100.0,승정원일기,100.0
興元門,3,386,362,93.8,0.0,한국사료총서,100.0,조선왕조실록,100.0
嶺南架山山城,2,7,4,57.1,0.0,조선왕조실록,100.0,승정원일기,100.0
豐山堡,4,32,24,75.0,0.0,한국사료총서,100.0,승정원일기,100.0
金橋,2,10,5,50.0,0.0,삼국유사,100.0,승정원일기,100.0
普賢峯,3,35,30,85.7,0.0,한국사료총서,100.0,조선왕조실록,100.0
聖堂倉,4,184,137,74.5,0.0,한국사료총서,100.0,조선왕조실록,100.0
修理山,2,14,4,28.6,0.0,한국사료총서,100.0,조선왕조실록,100.0
華藏,5,87,60,69.0,0.0,고려사,100.0,승정원일기,100.0
四明山,2,8,3,37.5,0.0,한국사료총서,100.0,조선왕조실록,100.0
濟原驛,2,14,7,50.0,0.0,한국사료총서,100.0,승정원일기,100.0
黔潭書院,2,15,5,33.3,0.0,한국사료총서,100.0,승정원일기,100.0
摩天嶺,3,35,26,74.3,0.0,한국사료총서,100.0,조선왕조실록,100.0
光明殿,3,424,359,84.7,0.0,한국사료총서,100.0,조선왕조실록,100.0
劍山,3,64,44,68.8,0.0,한국사료총서,100.0,조선왕조실록,100.0
瑞興,6,2054,1548,75.4,0.0,고려사절요,100.0,고순종실록,100.0
黔巖,3,385,343,89.1,0.0,한국사료총서,100.0,조선왕조실록,100.0
博川江,2,15,8,53.3,0.0,한국사료총서,100.0,조선왕조실록,100.0
石潭書院,3,24,21,87.5,0.0,한국사료총서,100.0,조선왕조실록,100.0
豊慶宮,2,153,150,98.0,0.0,한국사료총서,100.0,승정원일기,100.0
大巖洞,2,7,3,42.9,0.0,한국사료총서,100.0,조선왕조실록,100.0
興德殿,3,310,284,91.6,0.0,한국사료총서,100.0,고순종실록,100.0
漠,8,3465,36,1.0,0.0,고려사절요,100.0,삼국사기,100.0
重華宮,2,60,8,13.3,0.0,한국사료총서,100.0,승정원일기,100.0
大淸門,3,28,9,32.1,0.0,조선왕조실록,100.0,승정원일기,100.0
羅南,4,602,576,95.7,0.0,조선왕조실록,100.0,고순종실록,100.0
法伊山,2,6,3,50.0,0.0,한국사료총서,100.0,조선왕조실록,100.0
景武臺,3,1291,1149,89.0,0.0,한국사료총서,100.0,고순종실록,100.0
應昌,5,707,7,1.0,0.0,승정원일기,100.0,고려사절요,100.0
矍相,2,15,5,33.3,0.0,한국사료총서,100.0,승정원일기,100.0
沙火郞,2,14,7,50.0,0.0,한국사료총서,100.0,조선왕조실록,100.0
白雲洞書院,3,19,15,78.9,0.0,한국사료총서,100.0,조선왕조실록,100.0
倭山,3,30,19,63.3,0.0,한국사료총서,100.0,삼국사기,100.0
支那,3,319,241,75.5,0.0,승정원일기,100.0,고순종실록,100.0
項串,3,18,12,66.7,0.0,한국사료총서,100.0,승정원일기,100.0
尼谿,2,8,3,37.5,0.0,한국사료총서,100.0,삼국유사,100.0
對馬倭,2,15,12,80.0,0.0,승정원일기,100.0,조선왕조실록,100.0
萬馬關,3,18,15,83.3,0.0,한국사료총서,100.0,승정원일기,100.0
鷲巖山,2,9,3,33.3,0.0,한국사료총서,100.0,조선왕조실록,100.0
關東淮,2,14,11,78.6,0.0,조선왕조실록,100.0,승정원일기,100.0
松糕橋,2,7,4,57.1,0.0,한국사료총서,100.0,승정원일기,100.0
映花,4,232,219,94.4,0.0,한국사료총서,100.0,고순종실록,100.0
太古亭,2,9,6,66.7,0.0,한국사료총서,100.0,승정원일기,100.0
大英國,4,38,11,28.9,0.0,승정원일기,100.0,조선왕조실록,100.0
牛嶺,2,17,10,58.8,0.0,한국사료총서,100.0,조선왕조실록,100.0
油谷,2,6,3,50.0,0.0,승정원일기,100.0,한국사료총서,100.0
長堤,4,49,14,28.6,0.0,승정원일기,100.0,고려사,100.0
和城,3,14,4,28.6,0.0,한국사료총서,100.0,조선왕조실록,100.0
樂亭,6,179,110,61.5,0.0,고려사,100.0,조선왕조실록,100.0
白鹿山,2,15,10,66.7,0.0,한국사료총서,100.0,조선왕조실록,100.0
三叉,3,32,19,59.4,0.0,한국사료총서,100.0,조선왕조실록,100.0
日耳曼,3,23,8,34.8,0.0,승정원일기,100.0,고순종실록,100.0
永興濬源殿,2,20,16,80.0,0.0,한국사료총서,100.0,승정원일기,100.0
甫吉,4,70,48,68.6,0.0,고순종실록,100.0,조선왕조실록,100.0
玄武門,3,20,9,45.0,0.0,한국사료총서,100.0,조선왕조실록,100.0
比利,3,56,14,25.0,0.0,승정원일기,100.0,고순종실록,100.0
利見臺,2,12,5,41.7,0.0,한국사료총서,100.0,조선왕조실록,100.0
延生,5,392,250,63.8,0.0,고려사,100.0,고순종실록,100.0
比利時,3,20,9,45.0,0.0,승정원일기,100.0,고순종실록,100.0
西部盤石坊米廛下契,2,26,5,19.2,0.0,한국사료총서,100.0,승정원일기,100.0
淸聖廟,3,41,34,82.9,0.0,한국사료총서,100.0,조선왕조실록,100.0
鷺江,3,22,16,72.7,0.0,한국사료총서,100.0,조선왕조실록,100.0
右史堂,3,24,12,50.0,0.0,한국사료총서,100.0,고순종실록,100.0
城州,4,36,23,63.9,0.0,고려사,100.0,삼국사기,100.0
彰義祠,3,19,15,78.9,0.0,한국사료총서,100.0,조선왕조실록,100.0
古豐山堡,3,12,5,41.7,0.0,한국사료총서,100.0,승정원일기,100.0
冷井山,2,10,5,50.0,0.0,한국사료총서,100.0,승정원일기,100.0
健元陵,4,3661,3063,83.7,0.0,한국사료총서,100.0,고순종실록,100.0
獨逸,3,78,56,71.8,0.0,승정원일기,100.0,고순종실록,100.0
長樂殿,4,119,87,73.1,0.0,고려사,100.0,조선왕조실록,100.0
觀音殿,2,9,3,33.3,0.0,고려사,100.0,조선왕조실록,100.0
咸新,6,151,13,8.6,0.0,고순종실록,100.0,고려사절요,100.0
龍泉寺,3,19,3,15.8,0.0,고려사,100.0,조선왕조실록,100.0
彰烈祠,4,51,21,41.2,0.0,한국사료총서,100.0,조선왕조실록,100.0
降仙樓,3,36,26,72.2,0.0,한국사료총서,100.0,조선왕조실록,100.0
鳳凰巖,2,9,5,55.6,0.0,한국사료총서,100.0,조선왕조실록,100.0
巨野,2,10,4,40.0,0.0,한국사료총서,100.0,조선왕조실록,100.0
磨雲,3,94,60,63.8,0.0,한국사료총서,100.0,조선왕조실록,100.0
韶陵,3,15,7,46.7,0.0,고려사,100.0,승정원일기,100.0
南固山城,2,17,14,82.4,0.0,한국사료총서,100.0,승정원일기,100.0
外國語學校,3,238,20,8.4,0.0,승정원일기,100.0,고순종실록,100.0
竹山山城,3,17,9,52.9,0.0,한국사료총서,100.0,승정원일기,100.0
壽皇殿,2,18,9,50.0,0.0,한국사료총서,100.0,승정원일기,100.0
嵩善,4,63,10,15.9,0.0,승정원일기,100.0,고려사,100.0
西知,4,28,11,39.3,0.0,승정원일기,100.0,조선왕조실록,100.0
負兒山,2,9,5,55.6,0.0,한국사료총서,100.0,고려사,100.0
遼水,4,54,22,40.7,0.0,한국사료총서,100.0,삼국사기,100.0
景思殿,2,63,60,95.2,0.0,한국사료총서,100.0,조선왕조실록,100.0
宿州,2,9,4,44.4,0.0,한국사료총서,100.0,조선왕조실록,100.0
大朝鮮,3,274,160,58.4,0.0,승정원일기,100.0,고순종실록,100.0
神勒,3,53,32,60.4,0.0,한국사료총서,100.0,조선왕조실록,100.0
崇德殿,4,295,283,95.9,0.0,한국사료총서,100.0,고순종실록,100.0
奧地利,2,10,3,30.0,0.0,승정원일기,100.0,고순종실록,100.0
黃土嶺,2,12,4,33.3,0.0,한국사료총서,100.0,승정원일기,100.0
威鳳,6,445,100,22.5,0.0,고려사,100.0,고순종실록,100.0
陸昌,2,30,7,23.3,0.0,승정원일기,100.0,한국사료총서,100.0
懸燈寺,2,8,5,62.5,0.0,한국사료총서,100.0,조선왕조실록,100.0
華岳山,3,21,10,47.6,0.0,한국사료총서,100.0,조선왕조실록,100.0
皆骨山,3,24,17,70.8,0.0,한국사료총서,100.0,조선왕조실록,100.0
馬倉,3,34,13,38.2,0.0,한국사료총서,100.0,조선왕조실록,100.0
長澤,4,50,12,24.0,0.0,승정원일기,100.0,고려사,100.0
蒼光山,2,11,4,36.4,0.0,한국사료총서,100.0,승정원일기,100.0
蓬萊山,3,14,8,57.1,0.0,한국사료총서,100.0,승정원일기,100.0
忠淸道溫陽郡,2,32,22,68.8,0.0,한국사료총서,100.0,승정원일기,100.0
天柱寺,2,18,6,33.3,0.0,한국사료총서,100.0,승정원일기,100.0
鏡驛,2,10,3,30.0,0.0,한국사료총서,100.0,조선왕조실록,100.0
所屹山,2,9,3,33.3,0.0,한국사료총서,100.0,조선왕조실록,100.0
婆娑城,2,29,24,82.8,0.0,한국사료총서,100.0,조선왕조실록,100.0
莊義,4,37,18,48.6,0.0,고순종실록,100.0,조선왕조실록,100.0
嶺南浦項,2,29,20,69.0,0.0,조선왕조실록,100.0,승정원일기,100.0
鶯峰,3,24,17,70.8,0.0,한국사료총서,100.0,승정원일기,100.0
吐峴,2,9,3,33.3,0.0,한국사료총서,100.0,조선왕조실록,100.0
興巖書院,2,17,12,70.6,0.0,한국사료총서,100.0,승정원일기,100.0
津溟所,3,36,22,61.1,0.0,한국사료총서,100.0,고려사,100.0
唐古,6,67,31,46.3,0.0,고려사,100.0,한국사료총서,100.0
德仇非,2,6,3,50.0,0.0,한국사료총서,100.0,승정원일기,100.0
函谷,3,28,20,71.4,0.0,한국사료총서,100.0,조선왕조실록,100.0
北天,4,36,4,11.1,0.0,승정원일기,100.0,삼국유사,100.0
廟樓,4,2756,2688,97.5,0.0,한국사료총서,100.0,고순종실록,100.0
浪城,3,28,22,78.6,0.0,한국사료총서,100.0,조선왕조실록,100.0
駕羅,2,7,3,42.9,0.0,승정원일기,100.0,한국사료총서,100.0
長慶門,3,24,14,58.3,0.0,한국사료총서,100.0,승정원일기,100.0
天佛,3,27,19,70.4,0.0,한국사료총서,100.0,승정원일기,100.0
無量寺,2,9,5,55.6,0.0,한국사료총서,100.0,조선왕조실록,100.0
妙香,5,144,45,31.2,0.0,삼국사기,100.0,고순종실록,100.0
濬源,4,1288,785,60.9,0.0,한국사료총서,100.0,고순종실록,100.0
舍人巖,3,25,5,20.0,0.0,승정원일기,100.0,조선왕조실록,100.0
咸鏡道三水府,3,138,131,94.9,0.0,한국사료총서,100.0,조선왕조실록,100.0
亏弗,3,15,8,53.3,0.0,고려사,100.0,조선왕조실록,100.0
仍只,2,11,8,72.7,0.0,승정원일기,100.0,조선왕조실록,100.0
東武,5,789,24,3.0,0.0,고려사,100.0,고순종실록,100.0
臥龍山,3,33,11,33.3,0.0,한국사료총서,100.0,조선왕조실록,100.0
白岳山,4,235,214,91.1,0.0,한국사료총서,100.0,고려사,100.0
蓼島,3,26,23,88.5,0.0,한국사료총서,100.0,조선왕조실록,100.0
穢貊,4,35,6,17.1,0.0,삼국사기,100.0,조선왕조실록,100.0
白馬江,3,43,15,34.9,0.0,한국사료총서,100.0,승정원일기,100.0
虞帝祠,3,11,4,36.4,0.0,조선왕조실록,100.0,승정원일기,100.0
永渡,3,111,105,94.6,0.0,한국사료총서,100.0,조선왕조실록,100.0
紺嶽山,4,35,15,42.9,0.0,한국사료총서,100.0,조선왕조실록,100.0
八尾,4,88,20,22.7,0.0,조선왕조실록,100.0,고순종실록,100.0
華陽洞萬東廟,2,12,9,75.0,0.0,한국사료총서,100.0,승정원일기,100.0
草芝梁,2,13,8,61.5,0.0,승정원일기,100.0,조선왕조실록,100.0
公州府,3,51,37,72.5,0.0,한국사료총서,100.0,고순종실록,100.0
新恩驛,3,19,16,84.2,0.0,한국사료총서,100.0,조선왕조실록,100.0
興國寺,5,106,35,33.0,0.0,고려사,100.0,조선왕조실록,100.0
吾海也,2,7,4,57.1,0.0,한국사료총서,100.0,조선왕조실록,100.0
竹田嶺以東,2,10,7,70.0,0.0,조선왕조실록,100.0,승정원일기,100.0
雪嶽山,2,14,5,35.7,0.0,한국사료총서,100.0,조선왕조실록,100.0
黃草嶺,3,24,19,79.2,0.0,한국사료총서,100.0,조선왕조실록,100.0
一岐島,4,76,66,86.8,0.0,승정원일기,100.0,조선왕조실록,100.0
西巴,2,9,4,44.4,0.0,조선왕조실록,100.0,한국사료총서,100.0
延慶宮,5,164,12,7.3,0.0,고려사절요,100.0,승정원일기,100.0
法聖鎭,3,91,78,85.7,0.0,한국사료총서,100.0,조선왕조실록,100.0
龍首山,3,11,6,54.5,0.0,한국사료총서,100.0,고려사,100.0
耆老所靈壽閣,2,8,4,50.0,0.0,조선왕조실록,100.0,승정원일기,100.0
璿源閣,4,311,299,96.1,0.0,한국사료총서,100.0,조선왕조실록,100.0
山高水長閣,3,33,27,81.8,0.0,한국사료총서,100.0,조선왕조실록,100.0
昌道站,2,6,3,50.0,0.0,한국사료총서,100.0,승정원일기,100.0
大漢門,3,94,70,74.5,0.0,한국사료총서,100.0,승정원일기,100.0
梁楚,5,58,11,19.0,0.0,조선왕조실록,100.0,고려사절요,100.0
吾叉鎭,3,39,33,84.6,0.0,한국사료총서,100.0,고순종실록,100.0
江原道嶺西,2,34,16,47.1,0.0,조선왕조실록,100.0,승정원일기,100.0
汾,7,719,251,34.9,0.0,고려사,100.0,고순종실록,100.0
大朴山,2,11,6,54.5,0.0,한국사료총서,100.0,조선왕조실록,100.0
英吉,6,111,33,29.7,0.0,고려사,100.0,조선왕조실록,100.0
華嶺,2,8,4,50.0,0.0,한국사료총서,100.0,승정원일기,100.0
渾江,2,25,6,24.0,0.0,한국사료총서,100.0,승정원일기,100.0
駐蹕,7,763,19,2.5,0.0,고려사,100.0,삼국사기,100.0
農林學校,3,79,8,10.1,0.0,승정원일기,100.0,고순종실록,100.0
咸興鎭,2,9,5,55.6,0.0,한국사료총서,100.0,조선왕조실록,100.0
倭舘,2,92,7,7.6,0.0,한국사료총서,100.0,조선왕조실록,100.0
光化門,4,1185,1138,96.0,0.0,한국사료총서,100.0,고순종실록,100.0
大淸浦,2,10,5,50.0,0.0,한국사료총서,100.0,승정원일기,100.0
寶蓋山,3,28,12,42.9,0.0,한국사료총서,100.0,조선왕조실록,100.0
冽水,2,11,6,54.5,0.0,한국사료총서,100.0,승정원일기,100.0
甁項,3,19,4,21.1,0.0,승정원일기,100.0,고려사,100.0
景秋,3,177,157,88.7,0.0,한국사료총서,100.0,조선왕조실록,100.0
徽慶園,4,1112,1059,95.2,0.0,한국사료총서,100.0,고순종실록,100.0
長命驛,3,15,12,80.0,0.0,한국사료총서,100.0,조선왕조실록,100.0
西京畿,4,24,11,45.8,0.0,한국사료총서,100.0,승정원일기,100.0
大安,7,234,69,29.5,0.0,삼국유사,100.0,고순종실록,100.0
仁政門,4,3104,3032,97.7,0.0,한국사료총서,100.0,고순종실록,100.0
松林寺,2,14,5,35.7,0.0,한국사료총서,100.0,조선왕조실록,100.0
業淸江,2,12,7,58.3,0.0,한국사료총서,100.0,조선왕조실록,100.0
中原道,2,14,7,50.0,0.0,조선왕조실록,100.0,한국사료총서,100.0
仁殿門,2,9,3,33.3,0.0,고려사,100.0,승정원일기,100.0
雙溪寺,3,47,17,36.2,0.0,한국사료총서,100.0,조선왕조실록,100.0
大芚山,2,22,3,13.6,0.0,한국사료총서,100.0,조선왕조실록,100.0
母岳,3,45,11,24.4,0.0,한국사료총서,100.0,조선왕조실록,100.0
湖南全州,2,18,8,44.4,0.0,조선왕조실록,100.0,승정원일기,100.0
曦陽山,2,14,4,28.6,0.0,한국사료총서,100.0,조선왕조실록,100.0
石串峴,3,69,58,84.1,0.0,한국사료총서,100.0,조선왕조실록,100.0
南部廣通坊,2,8,5,62.5,0.0,조선왕조실록,100.0,승정원일기,100.0
東部崇敎坊,2,8,4,50.0,0.0,조선왕조실록,100.0,승정원일기,100.0
仁化門,4,185,169,91.4,0.0,한국사료총서,100.0,조선왕조실록,100.0
京府,4,49,10,20.4,0.0,한국사료총서,100.0,고순종실록,100.0
崇仁門,5,76,34,44.7,0.0,고려사,100.0,조선왕조실록,100.0
淸溪寺,3,20,15,75.0,0.0,한국사료총서,100.0,조선왕조실록,100.0
慶尙道昆陽,3,114,111,97.4,0.0,한국사료총서,100.0,조선왕조실록,100.0
圖們江北,2,6,3,50.0,0.0,고순종실록,100.0,승정원일기,100.0
遼陽城,3,26,13,50.0,0.0,한국사료총서,100.0,조선왕조실록,100.0
潞河,2,9,4,44.4,0.0,한국사료총서,100.0,조선왕조실록,100.0
古多津,2,10,3,30.0,0.0,한국사료총서,100.0,조선왕조실록,100.0
龜巖寺,2,9,5,55.6,0.0,한국사료총서,100.0,조선왕조실록,100.0
義州白馬山城,2,11,7,63.6,0.0,한국사료총서,100.0,승정원일기,100.0
大安門外,2,17,5,29.4,0.0,한국사료총서,100.0,승정원일기,100.0
金蹄驛,3,16,11,68.8,0.0,한국사료총서,100.0,조선왕조실록,100.0
法興寺,2,11,4,36.4,0.0,한국사료총서,100.0,승정원일기,100.0
森森坡堡,2,11,8,72.7,0.0,한국사료총서,100.0,조선왕조실록,100.0
茄乙坡,3,35,14,40.0,0.0,한국사료총서,100.0,조선왕조실록,100.0
眞鳥,3,10,6,60.0,0.0,한국사료총서,100.0,조선왕조실록,100.0
馬忽,4,38,8,21.1,0.0,승정원일기,100.0,삼국사기,100.0
礪山,5,2233,1390,62.2,0.0,고려사,100.0,고순종실록,100.0
洛峯,2,16,9,56.2,0.0,한국사료총서,100.0,승정원일기,100.0
驪州大老祠,2,8,4,50.0,0.0,한국사료총서,100.0,승정원일기,100.0
雪寒嶺,3,27,18,66.7,0.0,한국사료총서,100.0,조선왕조실록,100.0
汴宋,2,16,5,31.2,0.0,승정원일기,100.0,조선왕조실록,100.0
下百里,3,13,3,23.1,0.0,승정원일기,100.0,한국사료총서,100.0
雄基,3,12,6,50.0,0.0,승정원일기,100.0,고순종실록,100.0
鮒魚橋,3,23,18,78.3,0.0,한국사료총서,100.0,조선왕조실록,100.0
臨皐書院,3,14,6,42.9,0.0,한국사료총서,100.0,승정원일기,100.0
福宮,6,10755,9900,92.1,0.0,고려사,100.0,고순종실록,100.0
楸,7,5430,3206,59.0,0.0,삼국유사,100.0,고려사절요,100.0
昌慶,6,12587,12087,96.0,0.0,고려사,100.0,고순종실록,100.0
雲加委,2,8,5,62.5,0.0,한국사료총서,100.0,조선왕조실록,100.0
降仙亭,2,6,3,50.0,0.0,한국사료총서,100.0,승정원일기,100.0
萬頃,8,1530,976,63.8,0.0,삼국사기,100.0,고려사절요,100.0
生草,4,138,3,2.2,0.0,승정원일기,100.0,삼국사기,100.0
箕子殿,3,33,20,60.6,0.0,한국사료총서,100.0,승정원일기,100.0
隆武亭,3,10,4,40.0,0.0,한국사료총서,100.0,승정원일기,100.0
獯鬻,2,21,4,19.0,0.0,승정원일기,100.0,조선왕조실록,100.0
千秋殿,5,41,24,58.5,0.0,고려사,100.0,조선왕조실록,100.0
圜邱壇,2,13,3,23.1,0.0,한국사료총서,100.0,승정원일기,100.0
九里介,2,11,7,63.6,0.0,한국사료총서,100.0,승정원일기,100.0
和原,3,70,5,7.1,0.0,한국사료총서,100.0,조선왕조실록,100.0
鶴駕山,3,31,12,38.7,0.0,한국사료총서,100.0,조선왕조실록,100.0
延英殿,5,97,74,76.3,0.0,고려사,100.0,조선왕조실록,100.0
蟾江,3,28,8,28.6,0.0,한국사료총서,100.0,조선왕조실록,100.0
永嘉臺,2,22,8,36.4,0.0,한국사료총서,100.0,승정원일기,100.0
曾川,2,7,3,42.9,0.0,승정원일기,100.0,조선왕조실록,100.0
烏魯木齊,2,7,3,42.9,0.0,한국사료총서,100.0,승정원일기,100.0
朝陽閣,2,11,4,36.4,0.0,한국사료총서,100.0,승정원일기,100.0
安州道,2,27,21,77.8,0.0,고려사,100.0,조선왕조실록,100.0
華寧殿,4,1685,1647,97.7,0.0,한국사료총서,100.0,조선왕조실록,100.0
漱玉軒,3,117,99,84.6,0.0,한국사료총서,100.0,승정원일기,100.0
狄嶺,3,19,12,63.2,0.0,한국사료총서,100.0,조선왕조실록,100.0
純陵,5,696,613,88.1,0.0,고려사,100.0,고순종실록,100.0
葛草,2,14,6,42.9,0.0,승정원일기,100.0,고려사,100.0
峨嵯,3,140,128,91.4,0.0,한국사료총서,100.0,조선왕조실록,100.0
王方山,3,22,17,77.3,0.0,한국사료총서,100.0,승정원일기,100.0
山泉齋,2,7,4,57.1,0.0,한국사료총서,100.0,승정원일기,100.0
寧邊鎭,2,10,5,50.0,0.0,한국사료총서,100.0,조선왕조실록,100.0
廢茂山,4,313,137,43.8,0.0,한국사료총서,100.0,조선왕조실록,100.0
木覔山,3,97,92,94.8,0.0,한국사료총서,100.0,조선왕조실록,100.0
白馬,8,746,285,38.2,0.0,삼국사기,100.0,고순종실록,100.0
德殷,4,42,23,54.8,0.0,승정원일기,100.0,고려사,100.0
重興寺,5,59,36,61.0,0.0,고려사,100.0,조선왕조실록,100.0
夫子廟宮,2,7,4,57.1,0.0,조선왕조실록,100.0,승정원일기,100.0
明倫堂,4,942,718,76.2,0.0,한국사료총서,100.0,고순종실록,100.0
梁鐵坪,3,55,51,92.7,0.0,한국사료총서,100.0,조선왕조실록,100.0
建明門,3,1463,1436,98.2,0.0,한국사료총서,100.0,조선왕조실록,100.0
太和門,2,23,13,56.5,0.0,한국사료총서,100.0,승정원일기,100.0
迎秋,5,246,213,86.6,0.0,고려사,100.0,승정원일기,100.0
四佛,2,17,5,29.4,0.0,한국사료총서,100.0,조선왕조실록,100.0
北漢山州,2,11,8,72.7,0.0,한국사료총서,100.0,삼국사기,100.0
久邊,2,20,16,80.0,0.0,승정원일기,100.0,조선왕조실록,100.0
道峯書院,3,61,56,91.8,0.0,한국사료총서,100.0,승정원일기,100.0
新豐驛,3,18,12,66.7,0.0,한국사료총서,100.0,조선왕조실록,100.0
伊太,3,46,23,50.0,0.0,승정원일기,100.0,고순종실록,100.0
德月山,2,11,6,54.5,0.0,한국사료총서,100.0,승정원일기,100.0
鎭南門,2,14,5,35.7,0.0,한국사료총서,100.0,승정원일기,100.0
永陵,6,1393,1157,83.1,0.0,고려사,100.0,고순종실록,100.0
沙器日彦,2,7,4,57.1,0.0,한국사료총서,100.0,승정원일기,100.0
丹林,2,11,6,54.5,0.0,한국사료총서,100.0,고려사,100.0
幕嶺鎭,2,17,10,58.8,0.0,한국사료총서,100.0,승정원일기,100.0
佛朗,3,19,14,73.7,0.0,승정원일기,100.0,조선왕조실록,100.0
珍伊,3,24,10,41.7,0.0,승정원일기,100.0,한국사료총서,100.0
養心閣,2,38,33,86.8,0.0,한국사료총서,100.0,승정원일기,100.0
百濟,8,2527,1265,50.1,0.0,고려사,100.0,고순종실록,100.0
東鶴寺,3,13,9,69.2,0.0,한국사료총서,100.0,조선왕조실록,100.0
駒峴,3,23,15,65.2,0.0,한국사료총서,100.0,조선왕조실록,100.0
五臺山,5,358,295,82.4,0.0,삼국유사,100.0,조선왕조실록,100.0
五峯山,3,73,9,12.3,0.0,한국사료총서,100.0,조선왕조실록,100.0
秀龍山,3,13,5,38.5,0.0,한국사료총서,100.0,조선왕조실록,100.0
大樊,2,12,7,58.3,0.0,승정원일기,100.0,조선왕조실록,100.0
德水川,3,19,13,68.4,0.0,한국사료총서,100.0,조선왕조실록,100.0
五雲閣,2,7,4,57.1,0.0,한국사료총서,100.0,승정원일기,100.0
釰水,2,11,6,54.5,0.0,한국사료총서,100.0,승정원일기,100.0
黃武,2,9,6,66.7,0.0,승정원일기,100.0,한국사료총서,100.0
西華門,5,57,18,31.6,0.0,고려사,100.0,조선왕조실록,100.0
紹修書院,3,34,17,50.0,0.0,한국사료총서,100.0,조선왕조실록,100.0
美錢鎭,3,28,18,64.3,0.0,한국사료총서,100.0,조선왕조실록,100.0
龍駕驛,2,7,3,42.9,0.0,한국사료총서,100.0,조선왕조실록,100.0
多谷,3,17,8,47.1,0.0,승정원일기,100.0,조선왕조실록,100.0
施利,3,24,14,58.3,0.0,승정원일기,100.0,조선왕조실록,100.0
淑陵,4,631,573,90.8,0.0,한국사료총서,100.0,조선왕조실록,100.0
浮碧,5,59,23,39.0,0.0,한국사료총서,100.0,승정원일기,100.0
寶慶堂,3,346,340,98.3,0.0,한국사료총서,100.0,조선왕조실록,100.0
湖西淸州,2,8,4,50.0,0.0,조선왕조실록,100.0,승정원일기,100.0
善山契,2,6,3,50.0,0.0,한국사료총서,100.0,승정원일기,100.0
撫州,4,24,16,66.7,0.0,삼국사기,100.0,조선왕조실록,100.0
洛水,3,73,12,16.4,0.0,한국사료총서,100.0,조선왕조실록,100.0
保山,6,234,86,36.8,0.0,고려사,100.0,고순종실록,100.0
赤項,2,12,5,41.7,0.0,한국사료총서,100.0,조선왕조실록,100.0
八達山,3,34,29,85.3,0.0,한국사료총서,100.0,조선왕조실록,100.0
法華寺,3,12,7,58.3,0.0,한국사료총서,100.0,조선왕조실록,100.0
屈自,4,30,9,30.0,0.0,승정원일기,100.0,삼국사기,100.0
長水寺,2,10,4,40.0,0.0,한국사료총서,100.0,승정원일기,100.0
繩木山,2,7,3,42.9,0.0,한국사료총서,100.0,조선왕조실록,100.0
景佑宮,2,11,6,54.5,0.0,한국사료총서,100.0,승정원일기,100.0
洗劒亭,2,7,3,42.9,0.0,한국사료총서,100.0,조선왕조실록,100.0
安國寺,4,25,9,36.0,0.0,고려사,100.0,승정원일기,100.0
岱宗,3,12,5,41.7,0.0,한국사료총서,100.0,조선왕조실록,100.0
紺岳,4,103,82,79.6,0.0,한국사료총서,100.0,고려사,100.0
碧沙驛,3,28,11,39.3,0.0,한국사료총서,100.0,조선왕조실록,100.0
松岡,5,41,11,26.8,0.0,고순종실록,100.0,고려사절요,100.0
儉天,2,11,6,54.5,0.0,승정원일기,100.0,조선왕조실록,100.0
嚴有院,2,15,5,33.3,0.0,한국사료총서,100.0,조선왕조실록,100.0
景慕殿,3,145,127,87.6,0.0,한국사료총서,100.0,고순종실록,100.0
冬音,5,196,58,29.6,0.0,승정원일기,100.0,삼국사기,100.0
湖右,4,426,261,61.3,0.0,한국사료총서,100.0,고순종실록,100.0
垣浦,2,7,4,57.1,0.0,한국사료총서,100.0,조선왕조실록,100.0
汾水,4,92,81,88.0,0.0,한국사료총서,100.0,고순종실록,100.0
駱山,3,125,109,87.2,0.0,한국사료총서,100.0,조선왕조실록,100.0
厚訓,2,12,9,75.0,0.0,한국사료총서,100.0,조선왕조실록,100.0
壽靜,4,91,78,85.7,0.0,한국사료총서,100.0,조선왕조실록,100.0
睿陵,4,627,562,89.6,0.0,한국사료총서,100.0,고순종실록,100.0
星奇,2,16,4,25.0,0.0,한국사료총서,100.0,조선왕조실록,100.0
披香亭,2,7,4,57.1,0.0,한국사료총서,100.0,승정원일기,100.0
永安宮,4,39,10,25.6,0.0,고려사,100.0,승정원일기,100.0
九階嶺,2,6,3,50.0,0.0,한국사료총서,100.0,승정원일기,100.0
唐峴,2,9,6,66.7,0.0,한국사료총서,100.0,조선왕조실록,100.0
重熙堂,4,7584,7532,99.3,0.0,한국사료총서,100.0,조선왕조실록,100.0
彌智山,2,12,3,25.0,0.0,한국사료총서,100.0,조선왕조실록,100.0
首若,4,31,9,29.0,0.0,승정원일기,100.0,삼국사기,100.0
勤政門,4,871,858,98.5,0.0,한국사료총서,100.0,고순종실록,100.0
東大,7,1012,475,46.9,0.0,삼국사기,100.0,고순종실록,100.0
慶會樓,4,1026,975,95.0,0.0,한국사료총서,100.0,고순종실록,100.0
龍山江,4,450,404,89.8,0.0,한국사료총서,100.0,고순종실록,100.0
墺,3,251,79,31.5,0.0,승정원일기,100.0,고순종실록,100.0
豆尸,2,15,8,53.3,0.0,승정원일기,100.0,삼국사기,100.0
羅州府,3,43,40,93.0,0.0,한국사료총서,100.0,승정원일기,100.0
慕華舘,2,48,39,81.2,0.0,한국사료총서,100.0,조선왕조실록,100.0
黃利,3,19,5,26.3,0.0,승정원일기,100.0,고려사,100.0
玉山書院,3,33,20,60.6,0.0,한국사료총서,100.0,조선왕조실록,100.0
廣遠樓,2,11,7,63.6,0.0,한국사료총서,100.0,조선왕조실록,100.0
文山驛,2,6,3,50.0,0.0,한국사료총서,100.0,조선왕조실록,100.0
神勒寺,3,41,26,63.4,0.0,한국사료총서,100.0,조선왕조실록,100.0
隴,6,786,116,14.8,0.0,고순종실록,100.0,삼국사기,100.0
明川以北,3,9,3,33.3,0.0,조선왕조실록,100.0,승정원일기,100.0
安道,6,16445,15121,91.9,0.0,고려사절요,100.0,고순종실록,100.0
海浦,4,95,13,13.7,0.0,승정원일기,100.0,고려사,100.0
江界邑,2,9,4,44.4,0.0,조선왕조실록,100.0,승정원일기,100.0
磨天嶺,3,127,114,89.8,0.0,한국사료총서,100.0,조선왕조실록,100.0
孝思觀,3,19,7,36.8,0.0,고려사절요,100.0,조선왕조실록,100.0
義烈祠,3,32,16,50.0,0.0,한국사료총서,100.0,조선왕조실록,100.0
長城縣,4,87,16,18.4,0.0,한국사료총서,100.0,고려사,100.0
金川橋,2,10,6,60.0,0.0,한국사료총서,100.0,조선왕조실록,100.0
興宣大院君祠宇,2,7,3,42.9,0.0,고순종실록,100.0,승정원일기,100.0
長蘆,3,11,7,63.6,0.0,한국사료총서,100.0,승정원일기,100.0
宣德殿,2,17,5,29.4,0.0,고려사,100.0,승정원일기,100.0
浮山,3,27,9,33.3,0.0,한국사료총서,100.0,승정원일기,100.0
正大光明殿,3,75,15,20.0,0.0,한국사료총서,100.0,조선왕조실록,100.0
泰日,3,28,17,60.7,0.0,승정원일기,100.0,조선왕조실록,100.0
慶尙道東萊府,3,82,75,91.5,0.0,한국사료총서,100.0,조선왕조실록,100.0
遼陽路,3,14,6,42.9,0.0,한국사료총서,100.0,고려사절요,100.0
金山縣,4,18,9,50.0,0.0,승정원일기,100.0,고려사,100.0
檜巖寺,4,128,116,90.6,0.0,고려사,100.0,조선왕조실록,100.0
江華忠烈祠,3,16,13,81.2,0.0,한국사료총서,100.0,조선왕조실록,100.0
漢城高等女學校,2,33,3,9.1,0.0,승정원일기,100.0,고순종실록,100.0
大寶壇,2,8,4,50.0,0.0,한국사료총서,100.0,승정원일기,100.0
豆彦,3,73,13,17.8,0.0,한국사료총서,100.0,승정원일기,100.0
平安驛,3,16,4,25.0,0.0,한국사료총서,100.0,승정원일기,100.0
安民驛,2,11,4,36.4,0.0,한국사료총서,100.0,조선왕조실록,100.0
妙寂,2,26,19,73.1,0.0,한국사료총서,100.0,조선왕조실록,100.0
熙政,4,14339,14217,99.1,0.0,한국사료총서,100.0,고순종실록,100.0
龍山城,3,80,43,53.8,0.0,한국사료총서,100.0,조선왕조실록,100.0
餘乙外,2,7,3,42.9,0.0,한국사료총서,100.0,조선왕조실록,100.0
孫石項,4,53,42,79.2,0.0,한국사료총서,100.0,조선왕조실록,100.0
全州慶基殿,3,25,22,88.0,0.0,한국사료총서,100.0,조선왕조실록,100.0
安南都護府,3,17,8,47.1,0.0,조선왕조실록,100.0,고려사,100.0
山東省登州府榮成縣,2,8,3,37.5,0.0,한국사료총서,100.0,승정원일기,100.0
弘慶院,3,11,5,45.5,0.0,고려사,100.0,조선왕조실록,100.0
冬乙背串,2,12,8,66.7,0.0,한국사료총서,100.0,조선왕조실록,100.0
新倉津,2,8,5,62.5,0.0,한국사료총서,100.0,조선왕조실록,100.0
嶺右,4,113,58,51.3,0.0,한국사료총서,100.0,고순종실록,100.0
崇義殿,4,220,189,85.9,0.0,한국사료총서,100.0,고순종실록,100.0
宣化門,4,2924,2908,99.5,0.0,고려사,100.0,조선왕조실록,100.0
羅馬,6,101,45,44.6,0.0,고려사,100.0,고순종실록,100.0
盤龍山,2,35,9,25.7,0.0,한국사료총서,100.0,조선왕조실록,100.0
安心寺,3,14,6,42.9,0.0,한국사료총서,100.0,조선왕조실록,100.0
梨洞堡,2,14,3,21.4,0.0,한국사료총서,100.0,조선왕조실록,100.0
曹溪宗,2,28,10,35.7,0.0,한국사료총서,100.0,조선왕조실록,100.0
柔遠城,2,9,6,66.7,0.0,조선왕조실록,100.0,한국사료총서,100.0
金陽驛,2,11,7,63.6,0.0,한국사료총서,100.0,조선왕조실록,100.0
於汀灘,3,153,84,54.9,0.0,한국사료총서,100.0,조선왕조실록,100.0
法泉寺,4,25,10,40.0,0.0,고려사,100.0,조선왕조실록,100.0
大鷄,3,13,6,46.2,0.0,한국사료총서,100.0,조선왕조실록,100.0
火王山,2,17,4,23.5,0.0,한국사료총서,100.0,조선왕조실록,100.0
順全,2,10,3,30.0,0.0,승정원일기,100.0,한국사료총서,100.0
禿用山城,3,64,18,28.1,0.0,한국사료총서,100.0,조선왕조실록,100.0
宣城,4,185,99,53.5,0.0,조선왕조실록,100.0,고려사,100.0
海西金川,2,7,4,57.1,0.0,조선왕조실록,100.0,승정원일기,100.0
大麓,4,28,11,39.3,0.0,승정원일기,100.0,고려사,100.0
萬松院,3,408,21,5.1,0.0,한국사료총서,100.0,조선왕조실록,100.0
雲門山,2,27,10,37.0,0.0,한국사료총서,100.0,승정원일기,100.0
七重河,2,6,3,50.0,0.0,한국사료총서,100.0,삼국사기,100.0
香林,5,49,25,51.0,0.0,고려사,100.0,조선왕조실록,100.0
忠淸道槐山,3,107,102,95.3,0.0,한국사료총서,100.0,조선왕조실록,100.0
仁政殿,4,6874,6632,96.5,0.0,한국사료총서,100.0,고순종실록,100.0
薛罕嶺,3,42,38,90.5,0.0,한국사료총서,100.0,승정원일기,100.0
江陵五臺山,3,43,33,76.7,0.0,한국사료총서,100.0,승정원일기,100.0
首知,4,46,10,21.7,0.0,승정원일기,100.0,삼국사기,100.0
嵐谷,3,42,35,83.3,0.0,한국사료총서,100.0,조선왕조실록,100.0
曉星嶺,3,50,40,80.0,0.0,한국사료총서,100.0,조선왕조실록,100.0
奉省,6,89,31,34.8,0.0,고려사,100.0,고순종실록,100.0
白蓮寺,3,23,11,47.8,0.0,한국사료총서,100.0,승정원일기,100.0
天佛山,3,17,12,70.6,0.0,한국사료총서,100.0,조선왕조실록,100.0
天漢殿,3,327,316,96.6,0.0,한국사료총서,100.0,고순종실록,100.0
院峴,3,23,17,73.9,0.0,한국사료총서,100.0,조선왕조실록,100.0
恩彦君墓所,2,36,32,88.9,0.0,조선왕조실록,100.0,승정원일기,100.0
虛川江,2,12,4,33.3,0.0,한국사료총서,100.0,조선왕조실록,100.0
景祐宮,4,1494,1344,90.0,0.0,한국사료총서,100.0,조선왕조실록,100.0
闕城,4,22,11,50.0,0.0,승정원일기,100.0,고려사,100.0
作州,2,10,6,60.0,0.0,승정원일기,100.0,조선왕조실록,100.0
長谷,5,468,173,37.0,0.0,고순종실록,100.0,고려사,100.0
燕山君墓,3,25,16,64.0,0.0,조선왕조실록,100.0,승정원일기,100.0
靈光法聖鎭,2,6,3,50.0,0.0,한국사료총서,100.0,승정원일기,100.0
漢城高等學校,2,55,5,9.1,0.0,승정원일기,100.0,고순종실록,100.0
烏壤,2,12,6,50.0,0.0,한국사료총서,100.0,조선왕조실록,100.0
洪陵左岡,2,19,14,73.7,0.0,고순종실록,100.0,승정원일기,100.0
德山墓所,3,13,5,38.5,0.0,고순종실록,100.0,승정원일기,100.0
茂朱赤裳山城,3,43,38,88.4,0.0,한국사료총서,100.0,조선왕조실록,100.0
位良,4,24,11,45.8,0.0,고려사,100.0,한국사료총서,100.0
慈惠醫院,2,85,8,9.4,0.0,승정원일기,100.0,고순종실록,100.0
烽山,3,25,11,44.0,0.0,한국사료총서,100.0,삼국사기,100.0
餘次尼津,2,8,3,37.5,0.0,한국사료총서,100.0,조선왕조실록,100.0
浮碧樓,5,46,20,43.5,0.0,한국사료총서,100.0,조선왕조실록,100.0
慶基殿,4,1924,1282,66.6,0.0,한국사료총서,100.0,조선왕조실록,100.0
長村,3,19,4,21.1,0.0,승정원일기,100.0,조선왕조실록,100.0
大美,4,51,14,27.5,0.0,조선왕조실록,100.0,고순종실록,100.0
辰巖,3,35,29,82.9,0.0,고려사,100.0,조선왕조실록,100.0
伯夷山,2,14,5,35.7,0.0,한국사료총서,100.0,승정원일기,100.0
宣武祠,4,931,842,90.4,0.0,한국사료총서,100.0,고순종실록,100.0
國泰山,3,10,3,30.0,0.0,승정원일기,100.0,조선왕조실록,100.0
弼雲臺,3,24,18,75.0,0.0,한국사료총서,100.0,조선왕조실록,100.0
王輪寺,4,193,6,3.1,0.0,고려사,100.0,조선왕조실록,100.0
冰庫,3,57,22,38.6,0.0,한국사료총서,100.0,조선왕조실록,100.0
旺山,3,127,107,84.3,0.0,한국사료총서,100.0,조선왕조실록,100.0
欽敬,4,204,129,63.2,0.0,한국사료총서,100.0,고순종실록,100.0
雲暗山城,3,20,13,65.0,0.0,한국사료총서,100.0,조선왕조실록,100.0
長奠,2,23,19,82.6,0.0,승정원일기,100.0,조선왕조실록,100.0
風穴,4,31,4,12.9,0.0,승정원일기,100.0,고려사,100.0
神光寺,4,28,8,28.6,0.0,고려사,100.0,조선왕조실록,100.0
雲嶺,3,121,44,36.4,0.0,한국사료총서,100.0,조선왕조실록,100.0
突厥,4,103,33,32.0,0.0,삼국사기,100.0,조선왕조실록,100.0
增若驛,3,17,9,52.9,0.0,한국사료총서,100.0,조선왕조실록,100.0
分一里,2,14,5,35.7,0.0,승정원일기,100.0,한국사료총서,100.0
觀音窟,2,26,19,73.1,0.0,한국사료총서,100.0,조선왕조실록,100.0
古津江,2,13,7,53.8,0.0,한국사료총서,100.0,조선왕조실록,100.0
挹淸樓,3,21,16,76.2,0.0,한국사료총서,100.0,조선왕조실록,100.0
子規樓,3,29,21,72.4,0.0,한국사료총서,100.0,조선왕조실록,100.0
聖居山,3,58,23,39.7,0.0,한국사료총서,100.0,승정원일기,100.0
鹽倉,5,102,40,39.2,0.0,고려사절요,100.0,고순종실록,100.0
覺林,3,71,63,88.7,0.0,한국사료총서,100.0,조선왕조실록,100.0
海西延,2,22,15,68.2,0.0,조선왕조실록,100.0,승정원일기,100.0
佛恩寺,3,15,4,26.7,0.0,고려사,100.0,조선왕조실록,100.0
羅州鎭,4,30,14,46.7,0.0,한국사료총서,100.0,조선왕조실록,100.0
永濟橋,3,41,35,85.4,0.0,한국사료총서,100.0,승정원일기,100.0
叢石亭,2,11,5,45.5,0.0,한국사료총서,100.0,조선왕조실록,100.0
圓寂山,2,20,4,20.0,0.0,한국사료총서,100.0,조선왕조실록,100.0
白蓮寺洞口,2,7,4,57.1,0.0,고순종실록,100.0,승정원일기,100.0
于珍,6,109,9,8.3,0.0,고려사절요,100.0,삼국사기,100.0
大也盞,2,10,6,60.0,0.0,한국사료총서,100.0,조선왕조실록,100.0
窄梁,3,32,25,78.1,0.0,한국사료총서,100.0,고려사절요,100.0
三南東,2,7,4,57.1,0.0,한국사료총서,100.0,승정원일기,100.0
昌德宮大造殿,2,11,6,54.5,0.0,한국사료총서,100.0,승정원일기,100.0
淸凉山,2,47,9,19.1,0.0,한국사료총서,100.0,조선왕조실록,100.0
奉化太白,2,32,29,90.6,0.0,한국사료총서,100.0,승정원일기,100.0
肅靖門,3,597,582,97.5,0.0,한국사료총서,100.0,조선왕조실록,100.0
海寧,5,149,11,7.4,0.0,고순종실록,100.0,고려사절요,100.0
神方仇非,3,143,18,12.6,0.0,한국사료총서,100.0,조선왕조실록,100.0
大關嶺,3,67,41,61.2,0.0,한국사료총서,100.0,조선왕조실록,100.0
寶山驛,2,18,15,83.3,0.0,한국사료총서,100.0,승정원일기,100.0
竹田嶺,3,23,16,69.6,0.0,한국사료총서,100.0,조선왕조실록,100.0
和林,4,24,6,25.0,0.0,승정원일기,100.0,고려사,100.0
損竹島,2,13,10,76.9,0.0,한국사료총서,100.0,조선왕조실록,100.0
建章,3,26,14,53.8,0.0,한국사료총서,100.0,조선왕조실록,100.0
炭川,3,19,13,68.4,0.0,한국사료총서,100.0,조선왕조실록,100.0
長安門,3,104,89,85.6,0.0,한국사료총서,100.0,조선왕조실록,100.0
寶化堡,3,100,43,43.0,0.0,한국사료총서,100.0,조선왕조실록,100.0
楸池嶺,3,24,12,50.0,0.0,한국사료총서,100.0,승정원일기,100.0
煤山,2,13,4,30.8,0.0,한국사료총서,100.0,승정원일기,100.0
禿城山,3,59,49,83.1,0.0,한국사료총서,100.0,조선왕조실록,100.0
靈浦,2,12,4,33.3,0.0,한국사료총서,100.0,조선왕조실록,100.0
東林寺,2,11,4,36.4,0.0,한국사료총서,100.0,승정원일기,100.0
蛟龍山城,3,32,23,71.9,0.0,한국사료총서,100.0,조선왕조실록,100.0
迎曙,4,200,132,66.0,0.0,한국사료총서,100.0,고려사,100.0
寬田,2,15,11,73.3,0.0,승정원일기,100.0,조선왕조실록,100.0
玉兒,3,15,5,33.3,0.0,한국사료총서,100.0,고려사,100.0
山東省登州府榮城縣,2,14,7,50.0,0.0,한국사료총서,100.0,승정원일기,100.0
金城山城,3,67,20,29.9,0.0,한국사료총서,100.0,조선왕조실록,100.0
涉河,3,12,4,33.3,0.0,승정원일기,100.0,한국사료총서,100.0
豆門,3,34,25,73.5,0.0,고려사,100.0,조선왕조실록,100.0
蕩春新營,2,20,16,80.0,0.0,고순종실록,100.0,승정원일기,100.0
松廣,5,38,22,57.9,0.0,고려사,100.0,조선왕조실록,100.0
眞觀寺,3,17,3,17.6,0.0,고려사,100.0,조선왕조실록,100.0
楸仇,3,165,88,53.3,0.0,한국사료총서,100.0,조선왕조실록,100.0
慕華,6,6425,5897,91.8,0.0,고려사,100.0,고순종실록,100.0
果洞,3,21,6,28.6,0.0,조선왕조실록,100.0,한국사료총서,100.0
伊夫老山,2,6,3,50.0,0.0,한국사료총서,100.0,조선왕조실록,100.0
瓮城,3,29,9,31.0,0.0,한국사료총서,100.0,조선왕조실록,100.0
伊火峴,2,9,3,33.3,0.0,한국사료총서,100.0,조선왕조실록,100.0
獻陵,4,2791,2119,75.9,0.0,한국사료총서,100.0,고순종실록,100.0
長寧殿,4,951,619,65.1,0.0,한국사료총서,100.0,고순종실록,100.0
鷲嶺,2,23,4,17.4,0.0,한국사료총서,100.0,조선왕조실록,100.0
猪山,2,20,13,65.0,0.0,한국사료총서,100.0,조선왕조실록,100.0
城串山,2,10,4,40.0,0.0,한국사료총서,100.0,조선왕조실록,100.0
比豐,3,24,9,37.5,0.0,승정원일기,100.0,고려사,100.0
玉泉寺,2,21,13,61.9,0.0,한국사료총서,100.0,승정원일기,100.0
西郡,4,111,32,28.8,0.0,조선왕조실록,100.0,삼국유사,100.0
美崇山,2,13,4,30.8,0.0,한국사료총서,100.0,조선왕조실록,100.0
高句麗,7,1615,1240,76.8,0.0,고려사,100.0,조선왕조실록,100.0
覺華寺,2,26,15,57.7,0.0,한국사료총서,100.0,승정원일기,100.0
太祖峯,2,14,9,64.3,0.0,한국사료총서,100.0,승정원일기,100.0
湖西洪州,2,9,4,44.4,0.0,한국사료총서,100.0,승정원일기,100.0
光陵,4,1958,1442,73.6,0.0,한국사료총서,100.0,고순종실록,100.0
所乙非浦,2,8,3,37.5,0.0,한국사료총서,100.0,조선왕조실록,100.0
注葉山,2,16,11,68.8,0.0,한국사료총서,100.0,조선왕조실록,100.0
朝鮮館,3,18,7,38.9,0.0,한국사료총서,100.0,승정원일기,100.0
彌勒寺,4,22,6,27.3,0.0,고려사,100.0,조선왕조실록,100.0
長慶寺,3,23,10,43.5,0.0,고려사,100.0,승정원일기,100.0
迎賓館,4,45,14,31.1,0.0,고려사,100.0,조선왕조실록,100.0
慶園,6,1815,1723,94.9,0.0,고려사,100.0,고순종실록,100.0
大宰府,3,15,6,40.0,0.0,조선왕조실록,100.0,고려사절요,100.0
吾峴,3,14,9,64.3,0.0,한국사료총서,100.0,승정원일기,100.0
吐含山,3,19,9,47.4,0.0,한국사료총서,100.0,삼국유사,100.0
廣明寺,3,38,12,31.6,0.0,고려사,100.0,조선왕조실록,100.0
鎭江府,3,23,11,47.8,0.0,한국사료총서,100.0,조선왕조실록,100.0
麟趾堂,4,175,168,96.0,0.0,한국사료총서,100.0,조선왕조실록,100.0
道峯山,3,33,23,69.7,0.0,한국사료총서,100.0,조선왕조실록,100.0
鄂州,2,7,3,42.9,0.0,한국사료총서,100.0,조선왕조실록,100.0
朱雀門,2,13,7,53.8,0.0,고려사,100.0,조선왕조실록,100.0
城津鎭,3,31,22,71.0,0.0,한국사료총서,100.0,조선왕조실록,100.0
歧灘,2,29,17,58.6,0.0,한국사료총서,100.0,조선왕조실록,100.0
天磨山,4,45,26,57.8,0.0,한국사료총서,100.0,조선왕조실록,100.0
宗廟永寧殿,4,413,339,82.1,0.0,한국사료총서,100.0,고순종실록,100.0
南關王廟,4,1147,849,74.0,0.0,한국사료총서,100.0,고순종실록,100.0
土耳,4,95,69,72.6,0.0,승정원일기,100.0,고순종실록,100.0
賢閤,3,932,917,98.4,0.0,한국사료총서,100.0,조선왕조실록,100.0
佛日寺,3,15,3,20.0,0.0,고려사,100.0,조선왕조실록,100.0
米利,3,37,21,56.8,0.0,승정원일기,100.0,고순종실록,100.0
第一銀行,3,25,3,12.0,0.0,승정원일기,100.0,고순종실록,100.0
鞍嶺,3,24,11,45.8,0.0,한국사료총서,100.0,조선왕조실록,100.0
毅陵,4,23,8,34.8,0.0,한국사료총서,100.0,조선왕조실록,100.0
泰州,5,57,29,50.9,0.0,고려사절요,100.0,조선왕조실록,100.0
摩訶岬,2,12,5,41.7,0.0,한국사료총서,100.0,고려사,100.0
荒嶺山,2,11,3,27.3,0.0,한국사료총서,100.0,조선왕조실록,100.0
屛風巖,3,22,6,27.3,0.0,한국사료총서,100.0,조선왕조실록,100.0
太白山城,3,64,52,81.2,0.0,한국사료총서,100.0,조선왕조실록,100.0
海豐,6,212,100,47.2,0.0,고순종실록,100.0,고려사절요,100.0
巖泰,2,17,12,70.6,0.0,한국사료총서,100.0,조선왕조실록,100.0
稤倉,4,54,11,20.4,0.0,고순종실록,100.0,조선왕조실록,100.0
佛國,5,71,35,49.3,0.0,삼국유사,100.0,고순종실록,100.0
淸心堂,2,10,3,30.0,0.0,한국사료총서,100.0,조선왕조실록,100.0
鶴寺,3,36,21,58.3,0.0,한국사료총서,100.0,조선왕조실록,100.0
松生,5,44,27,61.4,0.0,승정원일기,100.0,고려사절요,100.0
白鶴山,2,14,7,50.0,0.0,한국사료총서,100.0,승정원일기,100.0
欽文閣,3,22,17,77.3,0.0,한국사료총서,100.0,고순종실록,100.0
隆福寺,2,19,4,21.1,0.0,한국사료총서,100.0,조선왕조실록,100.0
洛山寺,5,107,91,85.0,0.0,고려사,100.0,조선왕조실록,100.0
驪山,3,71,40,56.3,0.0,한국사료총서,100.0,승정원일기,100.0
甲巖,3,181,96,53.0,0.0,한국사료총서,100.0,조선왕조실록,100.0
洗心亭,2,21,10,47.6,0.0,한국사료총서,100.0,승정원일기,100.0
水長閣,3,39,33,84.6,0.0,한국사료총서,100.0,조선왕조실록,100.0
有栖川宮,2,10,7,70.0,0.0,승정원일기,100.0,고순종실록,100.0
竹林寺,2,7,3,42.9,0.0,한국사료총서,100.0,조선왕조실록,100.0
加恩,6,949,42,4.4,0.0,승정원일기,100.0,삼국사기,100.0
文峰,2,8,4,50.0,0.0,한국사료총서,100.0,승정원일기,100.0
湖西公州,2,21,15,71.4,0.0,조선왕조실록,100.0,승정원일기,100.0
顯忠祠,3,82,56,68.3,0.0,한국사료총서,100.0,조선왕조실록,100.0
主屹山,3,18,11,61.1,0.0,한국사료총서,100.0,조선왕조실록,100.0
直峴,2,9,4,44.4,0.0,한국사료총서,100.0,승정원일기,100.0
慶基,4,2309,1301,56.3,0.0,한국사료총서,100.0,고순종실록,100.0
順和宮,3,65,52,80.0,0.0,한국사료총서,100.0,고순종실록,100.0
義州行在所,2,12,6,50.0,0.0,고순종실록,100.0,승정원일기,100.0
觀豊閣,2,8,5,62.5,0.0,한국사료총서,100.0,승정원일기,100.0
雲浮寺,2,7,3,42.9,0.0,한국사료총서,100.0,조선왕조실록,100.0
沙峯,2,9,3,33.3,0.0,한국사료총서,100.0,승정원일기,100.0
玄陵,5,191,37,19.4,0.0,고려사,100.0,조선왕조실록,100.0
鰲川,4,39,30,76.9,0.0,조선왕조실록,100.0,고순종실록,100.0
衍禧宮,3,137,132,96.4,0.0,한국사료총서,100.0,승정원일기,100.0
衿,7,4337,1449,33.4,0.0,고순종실록,100.0,고려사절요,100.0
彰義門,4,809,763,94.3,0.0,한국사료총서,100.0,고순종실록,100.0
金剛山,7,363,253,69.7,0.0,한국사료총서,100.0,승정원일기,100.0
南陽邑,2,10,6,60.0,0.0,승정원일기,100.0,한국사료총서,100.0
兀茂之峴,2,7,4,57.1,0.0,고순종실록,100.0,승정원일기,100.0
小童巾,2,6,3,50.0,0.0,한국사료총서,100.0,조선왕조실록,100.0
永新,4,50,21,42.0,0.0,승정원일기,100.0,고려사,100.0
龍興寺,3,15,3,20.0,0.0,고려사,100.0,승정원일기,100.0
國淸寺,4,64,6,9.4,0.0,고려사,100.0,승정원일기,100.0
崇陵,5,3044,2494,81.9,0.0,고려사,100.0,고순종실록,100.0
宋天章,3,74,3,4.1,0.0,승정원일기,100.0,조선왕조실록,100.0
褒忠祠,4,60,35,58.3,0.0,한국사료총서,100.0,고순종실록,100.0
靑嚴,3,39,22,56.4,0.0,한국사료총서,100.0,조선왕조실록,100.0
茂朱赤裳山,3,56,51,91.1,0.0,한국사료총서,100.0,조선왕조실록,100.0
雍和宮,2,12,9,75.0,0.0,한국사료총서,100.0,승정원일기,100.0
布德門,2,71,63,88.7,0.0,한국사료총서,100.0,승정원일기,100.0
崇禮門,4,2120,2011,94.9,0.0,한국사료총서,100.0,고순종실록,100.0
黃石山城,3,39,26,66.7,0.0,한국사료총서,100.0,승정원일기,100.0
昌樂,6,379,174,45.9,0.0,고려사절요,100.0,고순종실록,100.0
小坡兒鎭,2,13,6,46.2,0.0,한국사료총서,100.0,승정원일기,100.0
南大門驛,2,59,56,94.9,0.0,한국사료총서,100.0,고순종실록,100.0
徽慶,4,1124,1064,94.7,0.0,한국사료총서,100.0,고순종실록,100.0
華陽書院,4,107,81,75.7,0.0,한국사료총서,100.0,조선왕조실록,100.0
長源亭,4,88,8,9.1,0.0,고려사,100.0,조선왕조실록,100.0
阿次,4,19,9,47.4,0.0,고려사절요,100.0,조선왕조실록,100.0
雙淸,3,41,8,19.5,0.0,승정원일기,100.0,조선왕조실록,100.0
乾鳳,4,32,18,56.2,0.0,한국사료총서,100.0,조선왕조실록,100.0
靜邊,5,55,35,63.6,0.0,승정원일기,100.0,고려사절요,100.0
永肅門,3,666,656,98.5,0.0,한국사료총서,100.0,조선왕조실록,100.0
高松,3,17,4,23.5,0.0,승정원일기,100.0,고순종실록,100.0
淸平寺,2,11,7,63.6,0.0,한국사료총서,100.0,승정원일기,100.0
廣延樓,3,193,190,98.4,0.0,한국사료총서,100.0,조선왕조실록,100.0
思悼廟,2,26,17,65.4,0.0,한국사료총서,100.0,승정원일기,100.0
元山倉,3,30,21,70.0,0.0,한국사료총서,100.0,조선왕조실록,100.0
龍巖寺,2,9,6,66.7,0.0,한국사료총서,100.0,승정원일기,100.0
耀金,3,121,109,90.1,0.0,한국사료총서,100.0,조선왕조실록,100.0
紫竹林,2,32,3,9.4,0.0,한국사료총서,100.0,승정원일기,100.0
敦禮門,4,97,92,94.8,0.0,한국사료총서,100.0,조선왕조실록,100.0
白蓮山上峯,2,6,3,50.0,0.0,고순종실록,100.0,승정원일기,100.0
九月山,4,268,119,44.4,0.0,한국사료총서,100.0,고려사,100.0
檜岩,2,8,5,62.5,0.0,한국사료총서,100.0,조선왕조실록,100.0
月波亭,2,23,9,39.1,0.0,한국사료총서,100.0,승정원일기,100.0
蘇堤,2,9,5,55.6,0.0,한국사료총서,100.0,승정원일기,100.0
五里浦,2,11,6,54.5,0.0,한국사료총서,100.0,고순종실록,100.0
渡迷津,3,36,31,86.1,0.0,한국사료총서,100.0,조선왕조실록,100.0
金烏書院,3,22,10,45.5,0.0,한국사료총서,100.0,조선왕조실록,100.0
定惠寺,2,15,5,33.3,0.0,한국사료총서,100.0,승정원일기,100.0
蘭國,3,28,9,32.1,0.0,승정원일기,100.0,조선왕조실록,100.0
潭陽金城山城,2,9,6,66.7,0.0,한국사료총서,100.0,조선왕조실록,100.0
漢挐山,3,68,47,69.1,0.0,한국사료총서,100.0,조선왕조실록,100.0
深源寺,2,21,9,42.9,0.0,한국사료총서,100.0,조선왕조실록,100.0
仙巖寺,2,20,11,55.0,0.0,한국사료총서,100.0,승정원일기,100.0
五賢書院,2,7,4,57.1,0.0,승정원일기,100.0,조선왕조실록,100.0
香閣,6,795,729,91.7,0.0,고려사,100.0,고순종실록,100.0
將軍坡,3,59,13,22.0,0.0,한국사료총서,100.0,조선왕조실록,100.0
通陽門,3,793,785,99.0,0.0,고려사,100.0,조선왕조실록,100.0
延詔門,3,14,5,35.7,0.0,한국사료총서,100.0,조선왕조실록,100.0
孝陵,4,1622,1132,69.8,0.0,한국사료총서,100.0,고순종실록,100.0
淨土寺,3,27,24,88.9,0.0,한국사료총서,100.0,조선왕조실록,100.0
蕩春臺,4,371,346,93.3,0.0,한국사료총서,100.0,고순종실록,100.0
渡迷,3,42,34,81.0,0.0,한국사료총서,100.0,조선왕조실록,100.0
樂善齋,3,92,84,91.3,0.0,한국사료총서,100.0,승정원일기,100.0
玉洞書院,2,19,10,52.6,0.0,한국사료총서,100.0,승정원일기,100.0
蛇梁鎭,3,14,11,78.6,0.0,한국사료총서,100.0,조선왕조실록,100.0
基麟,3,16,5,31.2,0.0,승정원일기,100.0,조선왕조실록,100.0
大淸,5,420,82,19.5,0.0,고려사,100.0,고순종실록,100.0
碧池,2,9,3,33.3,0.0,한국사료총서,100.0,고려사,100.0
雲頭山,3,15,8,53.3,0.0,한국사료총서,100.0,조선왕조실록,100.0
月籠山,3,35,24,68.6,0.0,한국사료총서,100.0,조선왕조실록,100.0
興天寺,4,259,240,92.7,0.0,고려사,100.0,승정원일기,100.0
順陵,5,1700,1307,76.9,0.0,고려사,100.0,고순종실록,100.0
福順,3,26,6,23.1,0.0,승정원일기,100.0,조선왕조실록,100.0
熊骨山,2,7,4,57.1,0.0,한국사료총서,100.0,조선왕조실록,100.0
武官學校,3,314,30,9.6,0.0,승정원일기,100.0,고순종실록,100.0
慶運宮別堂,2,8,5,62.5,0.0,고순종실록,100.0,승정원일기,100.0
關南北,3,14,7,50.0,0.0,조선왕조실록,100.0,고순종실록,100.0
松峯,3,22,10,45.5,0.0,한국사료총서,100.0,조선왕조실록,100.0
康陵,5,1458,1065,73.0,0.0,고려사,100.0,고순종실록,100.0
荷蘭,3,35,18,51.4,0.0,승정원일기,100.0,조선왕조실록,100.0
澠,3,38,11,28.9,0.0,한국사료총서,100.0,조선왕조실록,100.0
護國寺,2,8,4,50.0,0.0,한국사료총서,100.0,승정원일기,100.0
考巖書院,3,18,13,72.2,0.0,한국사료총서,100.0,조선왕조실록,100.0
耀金門,3,110,106,96.4,0.0,한국사료총서,100.0,조선왕조실록,100.0
三年城,2,14,5,35.7,0.0,고려사,100.0,조선왕조실록,100.0
居寧,4,53,11,20.8,0.0,승정원일기,100.0,고려사,100.0
扶蘇山,2,32,8,25.0,0.0,한국사료총서,100.0,고려사,100.0
烈山,5,35,23,65.7,0.0,승정원일기,100.0,고려사절요,100.0
八角殿,2,10,3,30.0,0.0,고려사,100.0,조선왕조실록,100.0
皷巖,3,10,6,60.0,0.0,한국사료총서,100.0,조선왕조실록,100.0
吉省,2,10,6,60.0,0.0,한국사료총서,100.0,고순종실록,100.0
白蓮山,3,19,10,52.6,0.0,한국사료총서,100.0,승정원일기,100.0
景靈殿,5,132,7,5.3,0.0,고려사,100.0,조선왕조실록,100.0
尙州鎭,3,36,15,41.7,0.0,한국사료총서,100.0,고순종실록,100.0
八巓,2,7,3,42.9,0.0,한국사료총서,100.0,조선왕조실록,100.0
尾路,2,6,3,50.0,0.0,승정원일기,100.0,조선왕조실록,100.0
鏡浦臺,3,19,13,68.4,0.0,한국사료총서,100.0,조선왕조실록,100.0
闕里祠,4,110,90,81.8,0.0,한국사료총서,100.0,고순종실록,100.0
寧壽宮,2,22,10,45.5,0.0,한국사료총서,100.0,조선왕조실록,100.0
仁遮外堡,2,13,9,69.2,0.0,한국사료총서,100.0,조선왕조실록,100.0
考巖,3,30,22,73.3,0.0,한국사료총서,100.0,조선왕조실록,100.0
正陽門,3,90,67,74.4,0.0,한국사료총서,100.0,조선왕조실록,100.0
古站,2,16,4,25.0,0.0,한국사료총서,100.0,조선왕조실록,100.0
望雲山,2,12,4,33.3,0.0,한국사료총서,100.0,조선왕조실록,100.0
義林池,2,7,4,57.1,0.0,한국사료총서,100.0,승정원일기,100.0
元曉,6,59,7,11.9,0.0,고려사,100.0,승정원일기,100.0
西宮景福堂,2,8,5,62.5,0.0,조선왕조실록,100.0,승정원일기,100.0
大坡兒,3,162,81,50.0,0.0,한국사료총서,100.0,조선왕조실록,100.0
梨田坪,2,7,3,42.9,0.0,한국사료총서,100.0,승정원일기,100.0
熙政堂,4,14260,14162,99.3,0.0,한국사료총서,100.0,고순종실록,100.0
顯光門,2,14,8,57.1,0.0,한국사료총서,100.0,승정원일기,100.0
草田,4,148,93,62.8,0.0,승정원일기,100.0,고려사,100.0
釋王,4,144,99,68.8,0.0,한국사료총서,100.0,고순종실록,100.0
孫梁,3,16,7,43.8,0.0,한국사료총서,100.0,조선왕조실록,100.0
蛟龍山,3,36,24,66.7,0.0,한국사료총서,100.0,조선왕조실록,100.0
坡山書院,3,27,22,81.5,0.0,한국사료총서,100.0,조선왕조실록,100.0
懿昭墓,4,1007,864,85.8,0.0,한국사료총서,100.0,고순종실록,100.0
安養寺,2,13,5,38.5,0.0,한국사료총서,100.0,조선왕조실록,100.0
摩嶺,2,16,7,43.8,0.0,한국사료총서,100.0,승정원일기,100.0
春川昭陽江,2,8,5,62.5,0.0,한국사료총서,100.0,조선왕조실록,100.0
岳陽樓,3,14,8,57.1,0.0,한국사료총서,100.0,조선왕조실록,100.0
佐賛,2,17,14,82.4,0.0,한국사료총서,100.0,조선왕조실록,100.0
長安城,4,14,9,64.3,0.0,삼국사기,100.0,승정원일기,100.0
溟所,4,82,25,30.5,0.0,한국사료총서,100.0,고려사,100.0
法泉,4,32,14,43.8,0.0,고려사,100.0,조선왕조실록,100.0
月波樓,2,8,5,62.5,0.0,한국사료총서,100.0,승정원일기,100.0
茄乙坡知,3,29,12,41.4,0.0,한국사료총서,100.0,조선왕조실록,100.0
醫閭,2,8,3,37.5,0.0,한국사료총서,100.0,조선왕조실록,100.0
火串嶺,2,7,4,57.1,0.0,한국사료총서,100.0,고려사,100.0
朝陽,6,542,109,20.1,0.0,고순종실록,100.0,고려사절요,100.0
嶺南樓,2,27,3,11.1,0.0,한국사료총서,100.0,조선왕조실록,100.0
涯月鎭,2,14,8,57.1,0.0,한국사료총서,100.0,승정원일기,100.0
龍珠寺,3,62,53,85.5,0.0,한국사료총서,100.0,조선왕조실록,100.0
敬天寺,2,24,10,41.7,0.0,고려사,100.0,조선왕조실록,100.0
祭堂淵,2,6,3,50.0,0.0,한국사료총서,100.0,조선왕조실록,100.0
慈母城,3,41,23,56.1,0.0,한국사료총서,100.0,조선왕조실록,100.0
魯木齊,2,8,4,50.0,0.0,한국사료총서,100.0,승정원일기,100.0
新安,6,449,232,51.7,0.0,고려사절요,100.0,고순종실록,100.0
白峙鎭,3,72,63,87.5,0.0,한국사료총서,100.0,조선왕조실록,100.0
奉化縣太白山,2,20,13,65.0,0.0,한국사료총서,100.0,승정원일기,100.0
懿陵,5,2337,1959,83.8,0.0,고려사,100.0,고순종실록,100.0
鎭海寺,3,21,17,81.0,0.0,한국사료총서,100.0,조선왕조실록,100.0
馬島鎭,2,8,5,62.5,0.0,한국사료총서,100.0,승정원일기,100.0
宣武門,2,8,4,50.0,0.0,한국사료총서,100.0,승정원일기,100.0
所要項,2,10,5,50.0,0.0,한국사료총서,100.0,조선왕조실록,100.0
昆夷,2,25,7,28.0,0.0,승정원일기,100.0,조선왕조실록,100.0
圓通寺,2,12,4,33.3,0.0,한국사료총서,100.0,조선왕조실록,100.0
下三里,2,8,3,37.5,0.0,한국사료총서,100.0,승정원일기,100.0
華藏山,3,14,7,50.0,0.0,한국사료총서,100.0,조선왕조실록,100.0
毓慶宮,2,8,5,62.5,0.0,한국사료총서,100.0,조선왕조실록,100.0
金谷乙坐,2,12,9,75.0,0.0,고순종실록,100.0,승정원일기,100.0
咸豐,5,183,21,11.5,0.0,고순종실록,100.0,고려사,100.0
懿孝殿,3,654,601,91.9,0.0,한국사료총서,100.0,고순종실록,100.0
感陰,4,26,12,46.2,0.0,승정원일기,100.0,고려사,100.0
江界狄踰嶺,2,8,5,62.5,0.0,한국사료총서,100.0,승정원일기,100.0
茂松,4,169,31,18.3,0.0,승정원일기,100.0,고려사,100.0
靑部,3,12,8,66.7,0.0,조선왕조실록,100.0,승정원일기,100.0
彰節祠,4,49,36,73.5,0.0,한국사료총서,100.0,고순종실록,100.0
文殊寺,2,24,7,29.2,0.0,한국사료총서,100.0,조선왕조실록,100.0
路井,2,6,3,50.0,0.0,승정원일기,100.0,한국사료총서,100.0
浿河,2,7,4,57.1,0.0,한국사료총서,100.0,삼국사기,100.0
松獄,2,12,7,58.3,0.0,승정원일기,100.0,고려사,100.0
始林,4,26,11,42.3,0.0,승정원일기,100.0,삼국사기,100.0
廣達門,3,885,872,98.5,0.0,한국사료총서,100.0,조선왕조실록,100.0
釋王寺,4,115,95,82.6,0.0,한국사료총서,100.0,고순종실록,100.0
慈悲,7,186,36,19.4,0.0,삼국사기,100.0,고려사절요,100.0
雲暗山,3,24,14,58.3,0.0,한국사료총서,100.0,조선왕조실록,100.0
劒水,2,20,17,85.0,0.0,한국사료총서,100.0,조선왕조실록,100.0
太古寺,2,10,6,60.0,0.0,한국사료총서,100.0,승정원일기,100.0
峴山城,3,62,15,24.2,0.0,한국사료총서,100.0,조선왕조실록,100.0
金井山,3,118,79,66.9,0.0,한국사료총서,100.0,조선왕조실록,100.0
金谷,6,455,354,77.8,0.0,삼국유사,100.0,조선왕조실록,100.0
鐵關,5,89,31,34.8,0.0,한국사료총서,100.0,고려사절요,100.0
交泰殿,4,130,114,87.7,0.0,한국사료총서,100.0,조선왕조실록,100.0
雙靑堡,2,14,5,35.7,0.0,한국사료총서,100.0,조선왕조실록,100.0
所串驛,2,14,11,78.6,0.0,한국사료총서,100.0,승정원일기,100.0
從容祠,3,22,10,45.5,0.0,한국사료총서,100.0,조선왕조실록,100.0
中國,8,8291,4157,50.1,0.0,고려사,100.0,고순종실록,100.0
三峯山,2,16,5,31.2,0.0,한국사료총서,100.0,승정원일기,100.0
扶蘇,4,130,25,19.2,0.0,승정원일기,100.0,고려사,100.0
佛地,2,9,5,55.6,0.0,한국사료총서,100.0,삼국유사,100.0
紫巖,2,13,10,76.9,0.0,한국사료총서,100.0,승정원일기,100.0
省法驛,2,11,3,27.3,0.0,한국사료총서,100.0,조선왕조실록,100.0
洛平驛,2,6,3,50.0,0.0,한국사료총서,100.0,조선왕조실록,100.0
奴谷,2,9,6,66.7,0.0,한국사료총서,100.0,조선왕조실록,100.0
義陵,5,657,576,87.7,0.0,고려사,100.0,고순종실록,100.0
三洞里,2,8,4,50.0,0.0,승정원일기,100.0,한국사료총서,100.0
檀君墓,3,12,6,50.0,0.0,조선왕조실록,100.0,승정원일기,100.0
雙樹驛,3,40,36,90.0,0.0,한국사료총서,100.0,조선왕조실록,100.0
昭慶,3,503,496,98.6,0.0,한국사료총서,100.0,승정원일기,100.0
慈悲嶺,5,50,31,62.0,0.0,한국사료총서,100.0,고려사절요,100.0
雲梯,7,160,28,17.5,0.0,삼국유사,100.0,고려사절요,100.0
雉岳山,3,57,18,31.6,0.0,한국사료총서,100.0,조선왕조실록,100.0
德倉,2,14,4,28.6,0.0,한국사료총서,100.0,승정원일기,100.0
碧波亭,5,56,17,30.4,0.0,고려사절요,100.0,조선왕조실록,100.0
仇知,5,169,26,15.4,0.0,승정원일기,100.0,삼국사기,100.0
隆福殿,3,89,85,95.5,0.0,한국사료총서,100.0,조선왕조실록,100.0
乾淸宮,4,419,387,92.4,0.0,한국사료총서,100.0,고순종실록,100.0
鎭南樓,3,31,15,48.4,0.0,한국사료총서,100.0,조선왕조실록,100.0
武烈祠,4,337,287,85.2,0.0,한국사료총서,100.0,고순종실록,100.0
高達山,2,22,4,18.2,0.0,한국사료총서,100.0,조선왕조실록,100.0
虞帝廟,2,10,4,40.0,0.0,조선왕조실록,100.0,승정원일기,100.0
漢挐,3,89,58,65.2,0.0,한국사료총서,100.0,조선왕조실록,100.0
長安堂,3,56,48,85.7,0.0,한국사료총서,100.0,승정원일기,100.0
九疑,4,33,19,57.6,0.0,한국사료총서,100.0,고순종실록,100.0
禁川橋,4,270,231,85.6,0.0,한국사료총서,100.0,조선왕조실록,100.0
鐵坪,3,72,58,80.6,0.0,한국사료총서,100.0,조선왕조실록,100.0
八良峴,2,16,8,50.0,0.0,한국사료총서,100.0,조선왕조실록,100.0
華藏寺,4,53,42,79.2,0.0,고려사,100.0,조선왕조실록,100.0
阿斯達山,3,17,14,82.4,0.0,한국사료총서,100.0,조선왕조실록,100.0
崇政門,4,875,841,96.1,0.0,한국사료총서,100.0,고순종실록,100.0
集福,3,71,62,87.3,0.0,한국사료총서,100.0,조선왕조실록,100.0
琉球國,6,800,543,67.9,0.0,고려사,100.0,고순종실록,100.0
康營,2,18,4,22.2,0.0,한국사료총서,100.0,승정원일기,100.0
望前山,2,7,3,42.9,0.0,한국사료총서,100.0,조선왕조실록,100.0
正陵,4,73,23,31.5,0.0,한국사료총서,100.0,고려사절요,100.0
衍福堂,2,15,8,53.3,0.0,한국사료총서,100.0,승정원일기,100.0
昌德宮仁政殿,3,15,12,80.0,0.0,한국사료총서,100.0,조선왕조실록,100.0
萬福寺,3,15,10,66.7,0.0,한국사료총서,100.0,조선왕조실록,100.0
鰲村,3,20,11,55.0,0.0,한국사료총서,100.0,조선왕조실록,100.0
泮水堂,3,144,129,89.6,0.0,한국사료총서,100.0,조선왕조실록,100.0
弘化門,4,3715,3624,97.6,0.0,한국사료총서,100.0,고순종실록,100.0
峩嵯山,3,89,83,93.3,0.0,한국사료총서,100.0,승정원일기,100.0
慈孝寺,2,7,3,42.9,0.0,고려사,100.0,조선왕조실록,100.0
金谷驛,3,48,39,81.2,0.0,한국사료총서,100.0,조선왕조실록,100.0
好連川,2,9,3,33.3,0.0,한국사료총서,100.0,승정원일기,100.0
紺嶽,5,66,37,56.1,0.0,한국사료총서,100.0,고려사절요,100.0
所應浦,2,6,3,50.0,0.0,한국사료총서,100.0,조선왕조실록,100.0
唐粮,2,15,4,26.7,0.0,한국사료총서,100.0,조선왕조실록,100.0
牧丹峯,3,25,17,68.0,0.0,한국사료총서,100.0,조선왕조실록,100.0
龍化池,2,8,5,62.5,0.0,한국사료총서,100.0,고려사,100.0
巴人,3,16,3,18.8,0.0,승정원일기,100.0,조선왕조실록,100.0
肅陵,4,25,10,40.0,0.0,고려사,100.0,조선왕조실록,100.0
雲興寺,2,22,5,22.7,0.0,한국사료총서,100.0,승정원일기,100.0
富利,3,18,9,50.0,0.0,승정원일기,100.0,조선왕조실록,100.0
龍馬山下,2,24,19,79.2,0.0,고순종실록,100.0,승정원일기,100.0
蒙羅,4,21,12,57.1,0.0,승정원일기,100.0,고려사절요,100.0
石亭,6,128,36,28.1,0.0,삼국사기,100.0,조선왕조실록,100.0
敬德宮,3,97,72,74.2,0.0,한국사료총서,100.0,승정원일기,100.0
見菴,2,9,6,66.7,0.0,한국사료총서,100.0,승정원일기,100.0
十字街,4,21,8,38.1,0.0,승정원일기,100.0,고려사절요,100.0
表訓寺,3,27,16,59.3,0.0,한국사료총서,100.0,조선왕조실록,100.0
觀音山,2,9,6,66.7,0.0,한국사료총서,100.0,조선왕조실록,100.0
白耳,4,46,16,34.8,0.0,승정원일기,100.0,고순종실록,100.0
江西寺,2,14,7,50.0,0.0,한국사료총서,100.0,조선왕조실록,100.0
甘峙山,2,7,3,42.9,0.0,한국사료총서,100.0,승정원일기,100.0
西闕內,2,10,3,30.0,0.0,한국사료총서,100.0,승정원일기,100.0
福源宮,3,20,3,15.0,0.0,고려사,100.0,조선왕조실록,100.0
仁物,4,23,5,21.7,0.0,승정원일기,100.0,고려사,100.0
南川,6,267,59,22.1,0.0,고려사절요,100.0,삼국사기,100.0
海州鄕校,2,6,3,50.0,0.0,조선왕조실록,100.0,승정원일기,100.0
聞喜,4,98,7,7.1,0.0,승정원일기,100.0,고려사,100.0
尙山,3,36,30,83.3,0.0,승정원일기,100.0,한국사료총서,100.0
斷俗寺,2,7,3,42.9,0.0,한국사료총서,100.0,조선왕조실록,100.0
德國,3,391,246,62.9,0.0,승정원일기,100.0,고순종실록,100.0
無等山,5,71,26,36.6,0.0,한국사료총서,100.0,조선왕조실록,100.0
唐恩,5,93,12,12.9,0.0,고순종실록,100.0,삼국사기,100.0
七岳,3,11,5,45.5,0.0,한국사료총서,100.0,승정원일기,100.0
綏陵殯殿,2,13,10,76.9,0.0,조선왕조실록,100.0,승정원일기,100.0
九月山城,3,98,19,19.4,0.0,한국사료총서,100.0,조선왕조실록,100.0
南原鎭,2,17,4,23.5,0.0,한국사료총서,100.0,승정원일기,100.0
盤乳,3,20,15,75.0,0.0,한국사료총서,100.0,승정원일기,100.0
利時,4,32,11,34.4,0.0,승정원일기,100.0,고순종실록,100.0
若州,4,24,10,41.7,0.0,승정원일기,100.0,삼국사기,100.0
吾海也項,2,6,3,50.0,0.0,한국사료총서,100.0,조선왕조실록,100.0
顯節祠,4,96,87,90.6,0.0,한국사료총서,100.0,고순종실록,100.0
南山驛,3,19,14,73.7,0.0,한국사료총서,100.0,조선왕조실록,100.0
紫光閣,3,120,25,20.8,0.0,한국사료총서,100.0,승정원일기,100.0
大峴山城,3,57,13,22.8,0.0,한국사료총서,100.0,조선왕조실록,100.0
八影山,2,7,4,57.1,0.0,한국사료총서,100.0,승정원일기,100.0
慶熙宮,4,11137,10772,96.7,0.0,한국사료총서,100.0,고순종실록,100.0
奉化太白山,2,28,25,89.3,0.0,한국사료총서,100.0,승정원일기,100.0
婆娑,7,290,93,32.1,0.0,삼국사기,100.0,고려사절요,100.0
加羅,5,137,60,43.8,0.0,삼국사기,100.0,고려사,100.0
北蘇,3,22,10,45.5,0.0,한국사료총서,100.0,고려사절요,100.0
鳳鳴山,2,14,4,28.6,0.0,한국사료총서,100.0,조선왕조실록,100.0
鶴峯山,2,9,3,33.3,0.0,한국사료총서,100.0,승정원일기,100.0
熙仁,3,135,104,77.0,0.0,한국사료총서,100.0,조선왕조실록,100.0
咸悅聖堂倉,3,14,10,71.4,0.0,한국사료총서,100.0,조선왕조실록,100.0
龍巖浦,2,8,5,62.5,0.0,한국사료총서,100.0,고순종실록,100.0
黃驪府,4,13,7,53.8,0.0,승정원일기,100.0,고려사,100.0
乾原堡,2,8,3,37.5,0.0,한국사료총서,100.0,조선왕조실록,100.0
夢賚亭,2,7,4,57.1,0.0,한국사료총서,100.0,승정원일기,100.0
會祥殿,3,372,366,98.4,0.0,한국사료총서,100.0,조선왕조실록,100.0
漢拏,3,33,29,87.9,0.0,한국사료총서,100.0,조선왕조실록,100.0
安邊都護府,3,22,9,40.9,0.0,조선왕조실록,100.0,한국사료총서,100.0
合樓,4,288,259,89.9,0.0,한국사료총서,100.0,조선왕조실록,100.0
崇文殿,3,24,12,50.0,0.0,고려사,100.0,조선왕조실록,100.0
迎香,3,116,8,6.9,0.0,승정원일기,100.0,한국사료총서,100.0
惠化門,4,703,682,97.0,0.0,한국사료총서,100.0,조선왕조실록,100.0
奉天殿,3,32,24,75.0,0.0,고려사,100.0,승정원일기,100.0
冠岳山,3,75,62,82.7,0.0,한국사료총서,100.0,조선왕조실록,100.0
永慕堂,3,114,95,83.3,0.0,한국사료총서,100.0,조선왕조실록,100.0
發羅,4,30,8,26.7,0.0,승정원일기,100.0,삼국사기,100.0
西面,5,903,559,61.9,0.0,고려사,100.0,고순종실록,100.0
沸流水,4,32,18,56.2,0.0,한국사료총서,100.0,삼국사기,100.0
一善,7,2409,110,4.6,0.1,승정원일기,100.0,삼국유사,99.9
鎬,6,42728,113,0.3,0.1,고순종실록,100.0,고려사절요,99.9
任存,5,1789,20,1.1,0.1,승정원일기,100.0,고려사,99.9
景賢堂,3,2689,2670,99.3,0.0,한국사료총서,99.8,승정원일기,99.8
孝定殿,3,476,463,97.3,0.0,한국사료총서,99.8,승정원일기,99.8
協陽,3,6534,6506,99.6,0.0,한국사료총서,99.7,승정원일기,99.7
興政堂,3,3019,2990,99.0,0.0,한국사료총서,99.7,조선왕조실록,99.7
源殿,4,3044,2437,80.1,0.0,한국사료총서,99.7,고순종실록,99.7
景孝殿,3,3184,2644,83.0,0.0,한국사료총서,99.7,고순종실록,99.7
誠正閣,3,9040,9008,99.6,0.0,한국사료총서,99.7,승정원일기,99.7
肅章,3,2245,2234,99.5,0.0,한국사료총서,99.7,승정원일기,99.7
熙堂,4,7640,7581,99.2,0.0,한국사료총서,99.7,승정원일기,99.7
協陽門,3,6496,6471,99.6,0.0,한국사료총서,99.7,승정원일기,99.7
京兆,5,7656,388,5.1,0.4,조선왕조실록,100.0,고순종실록,99.6
樂天亭,3,300,290,96.7,0.0,한국사료총서,99.6,조선왕조실록,99.6
壽宮,5,1361,1145,84.1,0.0,고려사,99.6,고순종실록,99.6
孝昌園,3,232,225,97.0,0.0,한국사료총서,99.5,승정원일기,99.5
景孝,4,3240,2648,81.7,0.0,조선왕조실록,99.5,고순종실록,99.5
司寒壇,2,840,832,99.0,0.0,조선왕조실록,99.5,승정원일기,99.5
璿源殿,4,1798,1667,92.7,0.0,한국사료총서,99.5,고순종실록,99.5
集慶堂,3,7157,7116,99.4,0.0,한국사료총서,99.5,승정원일기,99.5
慈慶殿,4,460,444,96.5,0.0,한국사료총서,99.5,승정원일기,99.5
崇賢門,3,942,929,98.6,0.0,한국사료총서,99.4,조선왕조실록,99.4
寒壇,2,845,836,98.9,0.0,조선왕조실록,99.4,승정원일기,99.4
興政,3,3063,3015,98.4,0.0,한국사료총서,99.4,조선왕조실록,99.4
覺寺,2,382,357,93.5,0.0,한국사료총서,99.4,조선왕조실록,99.4
觀物軒,4,776,765,98.6,0.0,한국사료총서,99.3,승정원일기,99.3
尊賢閣,3,1406,1380,98.2,0.0,한국사료총서,99.3,승정원일기,99.3
松浦,4,626,594,94.9,0.0,고순종실록,99.3,조선왕조실록,99.3
孝敬殿,3,421,394,93.6,0.0,한국사료총서,99.3,조선왕조실록,99.3
永昭殿,3,1002,767,76.5,0.0,한국사료총서,99.3,조선왕조실록,99.3
智異山,6,357,205,57.4,0.7,한국사료총서,100.0,조선왕조실록,99.3
崇文堂,3,1446,1412,97.6,0.0,한국사료총서,99.3,승정원일기,99.3
美國,3,1218,661,54.3,0.8,승정원일기,100.0,고순종실록,99.2
靖陵,4,1486,1060,71.3,0.0,한국사료총서,99.2,조선왕조실록,99.2
賢堂,4,2867,2815,98.2,0.0,한국사료총서,99.2,승정원일기,99.2
洪陵,4,912,794,87.1,0.0,고려사,99.2,고순종실록,99.2
華館,4,6088,5629,92.5,0.8,한국사료총서,100.0,고순종실록,99.2
興禮門,2,274,265,96.7,0.0,고려사,99.2,승정원일기,99.2
太白山,5,469,334,71.2,0.8,한국사료총서,100.0,조선왕조실록,99.2
大昌,3,165,23,13.9,0.8,승정원일기,100.0,조선왕조실록,99.2
下松,3,150,119,79.3,0.0,승정원일기,99.2,조선왕조실록,99.2
祈雨壇,2,704,661,93.9,0.0,한국사료총서,99.2,승정원일기,99.2
圜丘壇,4,285,254,89.1,0.0,한국사료총서,99.2,승정원일기,99.2
日本,8,30512,9512,31.2,0.0,고려사절요,99.2,고순종실록,99.2
乃而,3,132,117,88.6,0.0,승정원일기,99.2,조선왕조실록,99.2
慕華館,4,6037,5597,92.7,0.9,한국사료총서,100.0,고순종실록,99.1
明干,2,131,116,88.5,0.0,승정원일기,99.1,조선왕조실록,99.1
惠政橋,3,149,143,96.0,0.0,한국사료총서,99.1,승정원일기,99.1
昌德宮,4,68257,67394,98.7,0.0,한국사료총서,99.1,승정원일기,99.1
延英門,3,588,576,98.0,0.0,한국사료총서,99.1,승정원일기,99.1
圓覺寺,2,358,347,96.9,0.0,한국사료총서,99.1,조선왕조실록,99.1
仁慶宮,3,688,616,89.5,0.0,한국사료총서,99.1,조선왕조실록,99.1
孝和,4,289,236,81.7,0.0,고려사,99.1,승정원일기,99.1
敦化門,4,4435,4232,95.4,1.0,한국사료총서,100.0,고순종실록,99.0
宣陵,5,1824,1380,75.7,0.0,고려사,99.0,조선왕조실록,99.0
慶德宮,3,11692,11457,98.0,0.0,한국사료총서,99.0,조선왕조실록,99.0
翼陵,4,1826,1389,76.1,0.0,한국사료총서,99.0,조선왕조실록,99.0
賢閣,3,1427,1398,98.0,0.0,한국사료총서,99.0,승정원일기,99.0
崇政殿,4,2723,2657,97.6,0.0,한국사료총서,99.0,조선왕조실록,99.0
集慶,4,7356,7237,98.4,0.0,한국사료총서,99.0,승정원일기,99.0
歡慶殿,4,977,955,97.7,0.0,한국사료총서,99.0,승정원일기,99.0
光化,7,1366,1296,94.9,0.0,삼국사기,99.0,승정원일기,99.0
松院,3,422,29,6.9,1.0,한국사료총서,100.0,조선왕조실록,99.0
長溪,4,471,21,4.5,1.0,승정원일기,100.0,고려사,99.0
慶運,4,5876,4651,79.2,0.0,한국사료총서,99.0,고순종실록,99.0
裕康,3,165,109,66.1,0.0,한국사료총서,99.0,승정원일기,99.0
進善門,3,1436,1417,98.7,0.0,한국사료총서,99.0,승정원일기,99.0
輝德,2,214,204,95.3,0.0,승정원일기,99.0,조선왕조실록,99.0
政殿東月臺,2,256,182,71.1,0.0,조선왕조실록,98.9,승정원일기,98.9
德宮,6,80355,79079,98.4,0.0,고려사,98.9,승정원일기,98.9
關西路,2,187,181,96.8,0.0,승정원일기,98.9,조선왕조실록,98.9
韓國,6,1752,728,41.6,0.0,고려사,98.9,고순종실록,98.9
陽門,5,14601,14369,98.4,0.0,고려사,98.9,승정원일기,98.9
景陵,6,1682,1544,91.8,0.0,고려사,98.9,고순종실록,98.9
恭陵,4,1266,898,70.9,0.0,고려사,98.9,조선왕조실록,98.9
景福宮,4,10656,9849,92.4,1.1,한국사료총서,100.0,고순종실록,98.9
康寧殿,4,356,332,93.3,0.0,한국사료총서,98.9,조선왕조실록,98.9
孝德殿,2,461,451,97.8,0.0,한국사료총서,98.9,고순종실록,98.9
肇慶,4,1209,1049,86.8,0.0,한국사료총서,98.8,고순종실록,98.8
中和殿,3,343,303,88.3,0.0,한국사료총서,98.8,고순종실록,98.8
丹國,3,104,87,83.7,0.0,승정원일기,98.8,고순종실록,98.8
和殿,5,978,687,70.2,0.0,고려사,98.8,고순종실록,98.8
萬壽殿,3,132,122,92.4,0.0,한국사료총서,98.7,승정원일기,98.7
馬島倭,3,201,154,76.6,0.0,승정원일기,98.7,조선왕조실록,98.7
宣禧,4,1661,1469,88.4,0.0,한국사료총서,98.7,고순종실록,98.7
覲門,4,1083,1058,97.7,0.0,한국사료총서,98.6,승정원일기,98.6
平安,7,41767,25711,61.6,0.0,고려사,98.6,고순종실록,98.6
永宗,5,1786,1099,61.5,0.0,삼국사기,98.6,고순종실록,98.6
海印寺,5,212,108,50.9,0.0,고려사,98.6,조선왕조실록,98.6
明門,6,1786,1726,96.6,0.0,고려사,98.6,조선왕조실록,98.6
井山,3,165,93,56.4,1.4,한국사료총서,100.0,조선왕조실록,98.6
定寧,3,88,71,80.7,0.0,승정원일기,98.6,조선왕조실록,98.6
宣禧宮,4,1550,1372,88.5,0.0,한국사료총서,98.6,고순종실록,98.6
永肅,3,677,660,97.5,0.0,한국사료총서,98.6,승정원일기,98.6
嘉順,3,8787,106,1.2,0.0,한국사료총서,98.6,조선왕조실록,98.6
景武,4,1362,1151,84.5,0.0,조선왕조실록,98.6,고순종실록,98.6
崇政殿東月臺,2,215,142,66.0,0.0,조선왕조실록,98.6,승정원일기,98.6
英門,3,820,796,97.1,0.0,한국사료총서,98.5,승정원일기,98.5
全溪大院君墓所,2,74,65,87.8,0.0,조선왕조실록,98.5,승정원일기,98.5
昭寧園,4,1403,1209,86.2,0.0,한국사료총서,98.5,조선왕조실록,98.5
慶德,3,12070,11517,95.4,0.0,한국사료총서,98.5,조선왕조실록,98.5
首陽山,3,164,64,39.0,1.5,한국사료총서,100.0,조선왕조실록,98.5
明陵,6,4340,3642,83.9,0.0,고려사,98.5,조선왕조실록,98.5
善門,3,1652,1592,96.4,0.0,한국사료총서,98.5,승정원일기,98.5
元陵,5,6574,5609,85.3,0.0,고려사,98.5,조선왕조실록,98.5
淸水,5,2183,60,2.7,1.5,승정원일기,100.0,고려사,98.5
慶殿,6,2353,2035,86.5,0.0,고려사,98.5,승정원일기,98.5
大嶺,6,385,64,16.6,1.5,한국사료총서,100.0,삼국유사,98.5
孝德,4,608,454,74.7,0.0,조선왕조실록,98.5,고순종실록,98.5
彰義宮,3,1117,1085,97.1,0.0,한국사료총서,98.4,승정원일기,98.4
德壽,5,3696,723,19.6,0.0,고려사,98.4,고순종실록,98.4
藏義,5,140,127,90.7,0.0,고려사,98.4,조선왕조실록,98.4
萬東,4,648,308,47.5,0.0,한국사료총서,98.4,고순종실록,98.4
衍禧,3,147,139,94.6,0.0,한국사료총서,98.4,승정원일기,98.4
神武門,4,783,716,91.4,1.6,한국사료총서,100.0,고순종실록,98.4
月覲門,3,863,842,97.6,0.0,한국사료총서,98.3,승정원일기,98.3
寧陵,4,3062,2393,78.2,0.0,한국사료총서,98.3,조선왕조실록,98.3
明政門,3,1312,1282,97.7,0.0,한국사료총서,98.3,승정원일기,98.3
瑤華,3,136,121,89.0,0.0,한국사료총서,98.3,승정원일기,98.3
山川壇,4,127,65,51.2,0.0,조선왕조실록,98.3,승정원일기,98.3
智異,6,431,242,56.1,1.7,한국사료총서,100.0,고순종실록,98.3
勤政殿月臺,2,246,231,93.9,0.0,조선왕조실록,98.3,승정원일기,98.3
順和,5,390,74,19.0,1.8,조선왕조실록,100.0,고순종실록,98.2
秋風,4,449,95,21.2,1.8,한국사료총서,100.0,고순종실록,98.2
關北,4,1567,1114,71.1,1.8,조선왕조실록,100.0,고순종실록,98.2
英陵,5,2431,1806,74.3,0.0,고려사,98.2,조선왕조실록,98.2
綏陵,5,2732,2565,93.9,0.0,고려사,98.1,고순종실록,98.1
梅田,2,108,102,94.4,0.0,승정원일기,98.1,한국사료총서,98.1
蠶壇,3,1133,1072,94.6,0.0,조선왕조실록,98.1,승정원일기,98.1
含元殿,6,93,76,81.7,0.0,고려사,98.1,승정원일기,98.1
春門,4,1793,1726,96.3,0.0,한국사료총서,98.1,승정원일기,98.1
思政殿,4,1660,1587,95.6,0.0,한국사료총서,98.1,조선왕조실록,98.1
忽剌溫,3,476,455,95.6,0.0,승정원일기,98.1,조선왕조실록,98.1
忽剌,4,489,459,93.9,0.0,고려사절요,98.1,조선왕조실록,98.1
含元,6,100,77,77.0,0.0,고려사,98.1,승정원일기,98.1
仁陵,5,1632,1481,90.7,0.0,고려사,98.1,고순종실록,98.1
孝文殿,3,370,233,63.0,0.0,한국사료총서,98.1,고순종실록,98.1
勤政殿,4,2839,2672,94.1,0.0,한국사료총서,98.0,고순종실록,98.0
玉河,3,172,128,74.4,0.0,한국사료총서,98.0,조선왕조실록,98.0
高麗,8,7350,4000,54.4,0.0,고려사,98.0,고순종실록,98.0
崇化,4,224,204,91.1,0.0,고려사,98.0,승정원일기,98.0
大平館,3,271,202,74.5,0.0,한국사료총서,98.0,승정원일기,98.0
白嶽山,3,65,57,87.7,0.0,한국사료총서,98.0,승정원일기,98.0
門山,4,116,45,38.8,2.0,한국사료총서,100.0,고려사,98.0
京城,8,6514,3319,51.0,0.0,삼국사기,98.0,고려사절요,98.0
保定門,4,166,143,86.1,0.0,고려사,97.9,승정원일기,97.9
契丹,6,1702,258,15.2,0.0,고려사,97.9,조선왕조실록,97.9
健陵,4,2587,2495,96.4,0.0,한국사료총서,97.9,조선왕조실록,97.9
湖西,4,10729,7638,71.2,2.1,조선왕조실록,100.0,고순종실록,97.9
延祜宮,4,1001,930,92.9,0.0,한국사료총서,97.9,고순종실록,97.9
春塘臺,4,6569,6044,92.0,2.1,한국사료총서,100.0,고순종실록,97.9
延祜,4,1007,932,92.6,0.0,한국사료총서,97.9,고순종실록,97.9
思政,6,2586,2463,95.2,0.0,고려사,97.9,조선왕조실록,97.9
景賢,3,2904,2703,93.1,0.0,한국사료총서,97.9,조선왕조실록,97.9
先蠶壇,2,847,806,95.2,0.0,조선왕조실록,97.9,승정원일기,97.9
大浦,4,671,375,55.9,0.0,고순종실록,97.9,조선왕조실록,97.9
孝慕殿,3,941,810,86.1,0.0,한국사료총서,97.9,고순종실록,97.9
雨壇,3,865,745,86.1,0.0,조선왕조실록,97.8,승정원일기,97.8
齊陵,4,1919,1412,73.6,2.2,한국사료총서,100.0,고순종실록,97.8
藏義寺,2,52,45,86.5,0.0,고려사,97.8,조선왕조실록,97.8
日本國,6,4632,2795,60.3,0.0,고려사,97.8,고순종실록,97.8
仁之門,3,656,636,97.0,0.0,한국사료총서,97.8,승정원일기,97.8
延恩殿,3,285,270,94.7,0.0,한국사료총서,97.8,조선왕조실록,97.8
兀良哈,5,1370,1309,95.5,0.0,고려사,97.8,조선왕조실록,97.8
紫薇,5,420,369,87.9,0.0,고려사,97.8,승정원일기,97.8
兀良,5,1381,1320,95.6,0.0,고려사,97.8,조선왕조실록,97.8
海印,5,384,177,46.1,0.0,고려사,97.7,조선왕조실록,97.7
義門,6,3063,2860,93.4,0.0,고려사,97.7,승정원일기,97.7
玉河館,3,134,103,76.9,0.0,한국사료총서,97.7,조선왕조실록,97.7
慶熙,4,12747,11996,94.1,0.0,한국사료총서,97.7,조선왕조실록,97.7
長枝,2,94,84,89.4,0.0,승정원일기,97.7,한국사료총서,97.7
花原,4,343,216,63.0,0.0,고순종실록,97.7,한국사료총서,97.7
靈鷲,3,57,13,22.8,2.3,한국사료총서,100.0,조선왕조실록,97.7
興仁之門,3,655,634,96.8,0.0,한국사료총서,97.7,승정원일기,97.7
魚橋,3,69,24,34.8,2.3,한국사료총서,100.0,조선왕조실록,97.7
福世,2,72,42,58.3,0.0,승정원일기,97.7,조선왕조실록,97.7
武樓,3,109,64,58.7,0.0,한국사료총서,97.7,승정원일기,97.7
白馬山,6,166,120,72.3,2.3,한국사료총서,100.0,고순종실록,97.7
蜂巖,2,49,45,91.8,0.0,한국사료총서,97.7,승정원일기,97.7
啓聖殿,2,47,43,91.5,0.0,한국사료총서,97.7,조선왕조실록,97.7
丹鳳門,3,1510,1373,90.9,0.0,한국사료총서,97.6,조선왕조실록,97.6
孝正殿,3,636,561,88.2,0.0,한국사료총서,97.6,조선왕조실록,97.6
都連浦,3,74,67,90.5,0.0,한국사료총서,97.6,승정원일기,97.6
孝安殿,3,753,713,94.7,0.0,한국사료총서,97.6,조선왕조실록,97.6
興天,4,462,426,92.2,0.0,고려사,97.6,조선왕조실록,97.6
延和,5,1956,1864,95.3,0.0,고려사,97.6,조선왕조실록,97.6
肇慶廟,4,1048,900,85.9,0.0,한국사료총서,97.6,고순종실록,97.6
龍泉,6,168,98,58.3,0.0,고순종실록,97.6,조선왕조실록,97.6
慶廟,4,1051,903,85.9,0.0,한국사료총서,97.6,고순종실록,97.6
廣達,3,907,875,96.5,0.0,한국사료총서,97.5,승정원일기,97.5
延恩,3,573,534,93.2,0.0,한국사료총서,97.5,조선왕조실록,97.5
春塘,4,6707,6102,91.0,2.5,한국사료총서,100.0,고순종실록,97.5
楡岾寺,3,111,86,77.5,0.0,한국사료총서,97.5,조선왕조실록,97.5
雲林,4,140,14,10.0,2.5,승정원일기,100.0,고려사,97.5
鳳淵,2,251,236,94.0,0.0,승정원일기,97.5,한국사료총서,97.5
梨峴宮,4,119,109,91.6,0.0,한국사료총서,97.4,승정원일기,97.4
黃延,3,289,229,79.2,0.0,한국사료총서,97.4,조선왕조실록,97.4
摩尼,4,150,95,63.3,0.0,삼국사기,97.4,조선왕조실록,97.4
昌德,5,69883,68572,98.1,1.1,한국사료총서,98.5,승정원일기,97.4
哈,6,6255,3103,49.6,2.6,고려사절요,100.0,고순종실록,97.4
資政,4,1994,1903,95.4,0.0,고려사,97.3,조선왕조실록,97.3
永崇殿,3,74,52,70.3,0.0,한국사료총서,97.3,조선왕조실록,97.3
狻猊,5,64,47,73.4,0.0,고순종실록,97.3,조선왕조실록,97.3
儲慶宮,4,1591,1440,90.5,0.0,한국사료총서,97.3,고순종실록,97.3
北漢,6,4282,3861,90.2,2.7,한국사료총서,100.0,고순종실록,97.3
建陽,4,2991,2738,91.5,0.0,고순종실록,97.2,승정원일기,97.2
宜嬪廟,2,40,35,87.5,0.0,조선왕조실록,97.2,승정원일기,97.2
海浪島,2,75,69,92.0,0.0,한국사료총서,97.2,조선왕조실록,97.2
景思,3,82,69,84.1,0.0,승정원일기,97.2,조선왕조실록,97.2
臨江,6,382,116,30.4,2.8,한국사료총서,100.0,고려사절요,97.2
勒山,3,55,20,36.4,2.8,한국사료총서,100.0,조선왕조실록,97.2
海口,6,569,47,8.3,2.8,조선왕조실록,100.0,고려사,97.2
徽定殿,3,613,579,94.5,0.0,한국사료총서,97.2,승정원일기,97.2
汀,6,2330,206,8.8,2.8,조선왕조실록,100.0,고려사,97.2
默閤,3,440,417,94.8,0.0,한국사료총서,97.2,조선왕조실록,97.2
道峰,3,130,106,81.5,0.0,한국사료총서,97.2,조선왕조실록,97.2
白嶽,3,145,120,82.8,0.0,한국사료총서,97.1,승정원일기,97.1
文昭殿,3,1591,1505,94.6,0.0,한국사료총서,97.1,승정원일기,97.1
永成門,3,50,45,90.0,0.0,한국사료총서,97.1,승정원일기,97.1
仁門,6,2782,2537,91.2,0.0,고려사,97.1,조선왕조실록,97.1
嶺西,3,860,603,70.1,0.0,한국사료총서,97.1,승정원일기,97.1
白岳,6,503,443,88.1,2.9,한국사료총서,100.0,삼국유사,97.1
恭默閤,3,431,410,95.1,0.0,한국사료총서,97.1,조선왕조실록,97.1
演福寺,4,101,33,32.7,0.0,고려사,97.1,조선왕조실록,97.1
公忠,6,3455,2793,80.8,0.0,고려사,97.1,고순종실록,97.1
倭橋,2,38,34,89.5,0.0,한국사료총서,97.1,조선왕조실록,97.1
崇恩殿,3,106,96,90.6,0.0,한국사료총서,97.1,조선왕조실록,97.1
金城山,3,91,24,26.4,2.9,한국사료총서,100.0,조선왕조실록,97.1
恩彦君墓,2,39,33,84.6,0.0,조선왕조실록,97.1,승정원일기,97.1
天津,5,1071,737,68.8,0.0,고려사,97.0,고순종실록,97.0
磨天,3,240,208,86.7,0.0,한국사료총서,97.0,조선왕조실록,97.0
修政殿,3,122,110,90.2,0.0,한국사료총서,97.0,승정원일기,97.0
文祜廟,2,81,65,80.2,0.0,조선왕조실록,97.0,승정원일기,97.0
慈母山,4,230,135,58.7,3.0,한국사료총서,100.0,조선왕조실록,97.0
圜丘,5,726,544,74.9,0.0,고려사,97.0,고순종실록,97.0
厲壇,3,1016,685,67.4,0.0,한국사료총서,97.0,승정원일기,97.0
隆陵,3,244,212,86.9,0.0,한국사료총서,97.0,승정원일기,97.0
伽倻山,4,163,66,40.5,3.1,한국사료총서,100.0,승정원일기,96.9
松岳山,4,90,56,62.2,3.1,한국사료총서,100.0,조선왕조실록,96.9
木村,4,72,31,43.1,3.1,승정원일기,100.0,조선왕조실록,96.9
宣政門,3,198,184,92.9,0.0,한국사료총서,96.9,조선왕조실록,96.9
奉先寺,4,170,139,81.8,0.0,고려사,96.9,조선왕조실록,96.9
薛罕,3,53,48,90.6,0.0,한국사료총서,96.9,조선왕조실록,96.9
完陽府大夫人墓所,2,35,31,88.6,0.0,조선왕조실록,96.9,승정원일기,96.9
肅靖,4,621,584,94.0,0.0,한국사료총서,96.9,승정원일기,96.9
川亭,4,173,130,75.1,0.0,고려사,96.9,조선왕조실록,96.9
母山城,5,243,147,60.5,3.2,한국사료총서,100.0,고순종실록,96.8
湖南右道,2,45,31,68.9,0.0,조선왕조실록,96.8,승정원일기,96.8
光政,5,238,199,83.6,0.0,고려사,96.8,승정원일기,96.8
德寺,6,183,108,59.0,0.0,고려사,96.8,조선왕조실록,96.8
濟川亭,3,144,128,88.9,0.0,한국사료총서,96.8,조선왕조실록,96.8
白江,5,55,15,27.3,3.2,한국사료총서,100.0,삼국유사,96.8
雉岳,3,96,32,33.3,3.2,한국사료총서,100.0,조선왕조실록,96.8
月山,6,1000,155,15.5,3.3,한국사료총서,100.0,고려사,96.7
望遠亭,3,177,162,91.5,0.0,한국사료총서,96.7,조선왕조실록,96.7
密城,6,483,157,32.5,0.0,고순종실록,96.7,고려사절요,96.7
三和縣,4,147,28,19.0,3.3,승정원일기,100.0,고려사,96.7
海西,5,9727,7504,77.1,0.0,삼국사기,96.7,고순종실록,96.7
剌溫,3,674,639,94.8,0.0,승정원일기,96.7,조선왕조실록,96.7
流霞,4,344,310,90.1,0.0,고순종실록,96.7,승정원일기,96.7
峴宮,5,585,476,81.4,3.3,한국사료총서,100.0,고순종실록,96.7
法國,3,771,398,51.6,3.3,승정원일기,100.0,고순종실록,96.7
安東大都護,4,47,9,19.1,3.3,조선왕조실록,100.0,고려사,96.7
陽陵,6,182,19,10.4,3.4,조선왕조실록,100.0,고순종실록,96.6
俄國公使館,3,392,373,95.2,0.0,고순종실록,96.6,승정원일기,96.6
梨本宮,2,35,28,80.0,0.0,한국사료총서,96.6,고순종실록,96.6
鵲川,3,45,17,37.8,3.4,한국사료총서,100.0,조선왕조실록,96.6
月覲,3,905,862,95.2,0.0,한국사료총서,96.6,승정원일기,96.6
溪亭,3,40,12,30.0,3.4,한국사료총서,100.0,조선왕조실록,96.6
金烏山,3,145,46,31.7,3.4,한국사료총서,100.0,조선왕조실록,96.6
顯隆園,4,2636,2425,92.0,0.0,한국사료총서,96.6,조선왕조실록,96.6
寧殿,5,13963,12237,87.6,0.0,고려사,96.5,고순종실록,96.5
縣社,3,87,40,46.0,3.6,조선왕조실록,100.0,한국사료총서,96.4
海州牧,5,723,154,21.3,3.6,조선왕조실록,100.0,고순종실록,96.4
生陽,5,165,60,36.4,3.6,한국사료총서,100.0,고려사절요,96.4
雲峴宮,3,338,245,72.5,3.6,한국사료총서,100.0,고순종실록,96.4
文殊,7,913,590,64.6,3.6,고려사,100.0,고순종실록,96.4
白頭山,5,465,356,76.6,3.6,한국사료총서,100.0,고순종실록,96.4
靈隱,3,35,8,22.9,3.6,한국사료총서,100.0,조선왕조실록,96.4
栗峯驛,3,38,30,78.9,0.0,한국사료총서,96.4,승정원일기,96.4
白馬山城,4,126,96,76.2,3.6,한국사료총서,100.0,고순종실록,96.4
馬山城,4,128,99,77.3,3.6,한국사료총서,100.0,조선왕조실록,96.4
明政,5,4391,4140,94.3,0.0,고려사,96.3,승정원일기,96.3
徽殿,4,1285,1114,86.7,0.0,한국사료총서,96.3,조선왕조실록,96.3
閑院宮,2,34,26,76.5,0.0,한국사료총서,96.3,고순종실록,96.3
彌勒山,2,45,19,42.2,3.7,한국사료총서,100.0,조선왕조실록,96.3
幽燕,5,58,18,31.0,3.7,한국사료총서,100.0,고려사절요,96.3
達達,4,174,105,60.3,0.0,고려사,96.3,조선왕조실록,96.3
南新,4,143,10,7.0,3.7,한국사료총서,100.0,삼국사기,96.3
厚陵,6,1984,1526,76.9,0.0,고려사,96.3,조선왕조실록,96.3
北部觀光坊,2,85,79,92.9,0.0,고순종실록,96.3,승정원일기,96.3
仙巖,3,68,14,20.6,3.7,한국사료총서,100.0,조선왕조실록,96.3
解慍亭,2,31,26,83.9,0.0,고려사,96.3,조선왕조실록,96.3
冠岳,3,110,77,70.0,0.0,한국사료총서,96.3,조선왕조실록,96.3
慈母山城,4,222,134,60.4,3.7,한국사료총서,100.0,고순종실록,96.3
崇智,2,103,79,76.7,0.0,조선왕조실록,96.3,승정원일기,96.3
海珍,3,78,53,67.9,0.0,승정원일기,96.2,조선왕조실록,96.2
酉峯,2,59,51,86.4,0.0,한국사료총서,96.2,승정원일기,96.2
金虎門,3,3185,3024,94.9,0.0,한국사료총서,96.2,조선왕조실록,96.2
道西,5,394,119,30.2,3.8,조선왕조실록,100.0,삼국사기,96.2
兀狄哈,3,1439,1379,95.8,0.0,승정원일기,96.2,조선왕조실록,96.2
福泉,2,37,25,67.6,0.0,한국사료총서,96.2,조선왕조실록,96.2
仁山,4,427,64,15.0,3.9,조선왕조실록,100.0,고순종실록,96.1
漆谷府,4,101,11,10.9,3.9,승정원일기,100.0,한국사료총서,96.1
長陵,6,2707,2079,76.8,0.0,고려사,96.1,조선왕조실록,96.1
裕陵,5,282,232,82.3,0.0,고려사,96.1,조선왕조실록,96.1
寶慶,5,369,343,93.0,0.0,고려사,96.0,승정원일기,96.0
義國,4,1739,98,5.6,0.0,승정원일기,96.0,고순종실록,96.0
下北面,3,118,104,88.1,0.0,조선왕조실록,96.0,승정원일기,96.0
項山,4,39,12,30.8,4.0,한국사료총서,100.0,고순종실록,96.0
安東道,4,39,28,71.8,0.0,한국사료총서,96.0,조선왕조실록,96.0
南宋,5,166,53,31.9,0.0,고려사,96.0,조선왕조실록,96.0
兀狄,3,1453,1390,95.7,0.0,승정원일기,96.0,조선왕조실록,96.0
東廟,4,493,343,69.6,0.9,한국사료총서,96.8,고순종실록,96.0
知縣,6,280,40,14.3,4.1,조선왕조실록,100.0,고려사,95.9
凉,4,1866,77,4.1,0.0,고려사,95.9,조선왕조실록,95.9
敦化,5,4970,4619,92.9,0.0,고려사,95.9,승정원일기,95.9
倻山,4,190,69,36.3,4.1,한국사료총서,100.0,승정원일기,95.9
昌陵,6,2028,1555,76.7,2.4,한국사료총서,98.3,조선왕조실록,95.9
嶺南右道,3,37,26,70.3,0.0,한국사료총서,95.8,승정원일기,95.8
蓬山,4,110,15,13.6,4.2,승정원일기,100.0,고려사,95.8
禧殿,4,7672,6741,87.9,0.0,한국사료총서,95.8,고순종실록,95.8
大慈,3,214,187,87.4,0.0,한국사료총서,95.8,조선왕조실록,95.8
五冠山,4,103,73,70.9,4.2,한국사료총서,100.0,승정원일기,95.8
奉恩寺,5,474,90,19.0,0.0,고려사,95.8,승정원일기,95.8
淨業院,4,469,424,90.4,0.0,고려사,95.8,승정원일기,95.8
隆園,4,2639,2426,91.9,0.0,한국사료총서,95.8,조선왕조실록,95.8
開慶,4,135,93,68.9,0.0,고려사,95.8,조선왕조실록,95.8
永禧,6,7222,6139,85.0,0.0,고려사,95.8,고순종실록,95.8
降仙,3,66,38,57.6,4.2,한국사료총서,100.0,조선왕조실록,95.8
岳山,5,704,463,65.8,4.2,한국사료총서,100.0,고려사절요,95.8
永禧殿,4,7050,6128,86.9,0.0,한국사료총서,95.8,고순종실록,95.8
明殿,6,3974,1541,38.8,0.0,고려사,95.8,고순종실록,95.8
終南,5,279,81,29.0,4.2,한국사료총서,100.0,고순종실록,95.8
盆山,2,32,24,75.0,0.0,한국사료총서,95.7,승정원일기,95.7
景福,8,13143,11150,84.8,0.0,고려사,95.7,고순종실록,95.7
東萊鎭,3,41,32,78.0,0.0,한국사료총서,95.7,조선왕조실록,95.7
關王廟,4,2483,1905,76.7,1.6,한국사료총서,97.3,고순종실록,95.7
武安王廟,2,31,22,71.0,0.0,조선왕조실록,95.7,승정원일기,95.7
安陽,4,95,26,27.4,4.3,조선왕조실록,100.0,고려사,95.7
淸心樓,3,66,43,65.2,0.0,한국사료총서,95.7,조선왕조실록,95.7
母山,5,366,167,45.6,4.3,한국사료총서,100.0,고순종실록,95.7
慈寧宮,2,26,4,15.4,4.3,한국사료총서,100.0,승정원일기,95.7
昭廟,4,664,544,81.9,0.0,한국사료총서,95.7,고순종실록,95.7
靺鞨,7,291,54,18.6,0.0,고려사,95.7,조선왕조실록,95.7
進修堂,3,756,712,94.2,0.0,한국사료총서,95.7,승정원일기,95.7
崇政殿月臺,2,661,483,73.1,0.6,조선왕조실록,96.2,승정원일기,95.6
淨業,4,493,438,88.8,0.0,고려사,95.6,승정원일기,95.6
通化門,3,1081,1023,94.6,0.0,한국사료총서,95.6,승정원일기,95.6
德裕山,3,80,37,46.2,4.4,한국사료총서,100.0,조선왕조실록,95.6
虛空橋,2,71,65,91.5,0.0,한국사료총서,95.6,조선왕조실록,95.6
黃山江,4,43,20,46.5,4.5,한국사료총서,100.0,고려사절요,95.5
倭,8,46709,19068,40.8,0.0,고려사,95.5,조선왕조실록,95.5
弘化,6,4185,3801,90.8,0.0,고려사절요,95.5,승정원일기,95.5
永昭,4,1175,903,76.9,0.0,한국사료총서,95.5,조선왕조실록,95.5
上院寺,2,27,21,77.8,0.0,한국사료총서,95.5,조선왕조실록,95.5
南郊,7,1304,687,52.7,0.0,고순종실록,95.5,고려사절요,95.5
百祥樓,3,52,33,63.5,0.0,한국사료총서,95.5,조선왕조실록,95.5
峯山,4,362,86,23.8,2.0,한국사료총서,97.4,조선왕조실록,95.4
畿,8,77324,47323,61.2,0.0,삼국유사,95.3,고순종실록,95.3
忠洪道,3,152,129,84.9,0.0,한국사료총서,95.3,조선왕조실록,95.3
靈通,5,115,25,21.7,0.0,고려사,95.2,조선왕조실록,95.2
靈壽閣,4,355,323,91.0,0.0,한국사료총서,95.2,승정원일기,95.2
興化門,3,1726,1670,96.8,4.8,한국사료총서,100.0,조선왕조실록,95.2
上道里,2,25,5,20.0,4.8,승정원일기,100.0,한국사료총서,95.2
永興,8,4101,3113,75.9,0.0,삼국사기,95.2,고순종실록,95.2
三千鎭,3,30,23,76.7,0.0,한국사료총서,95.2,조선왕조실록,95.2
伏見宮,2,39,20,51.3,0.0,승정원일기,95.2,고순종실록,95.2
湖西左道,3,34,21,61.8,0.0,조선왕조실록,95.2,승정원일기,95.2
琅城,3,52,9,17.3,4.8,조선왕조실록,100.0,한국사료총서,95.2
葛嶺,3,38,17,44.7,4.8,한국사료총서,100.0,조선왕조실록,95.2
野人,4,5796,4935,85.1,0.0,고순종실록,95.2,조선왕조실록,95.2
高郞,2,102,28,27.5,1.4,한국사료총서,96.4,조선왕조실록,95.1
洞仙,5,240,182,75.8,4.9,한국사료총서,100.0,고려사절요,95.1
孝慕,4,962,813,84.5,0.0,한국사료총서,95.1,고순종실록,95.1
文政,4,725,508,70.1,0.0,한국사료총서,95.1,조선왕조실록,95.1
平北,4,189,133,70.4,0.0,조선왕조실록,95.1,승정원일기,95.1
儲慶,4,1664,1470,88.3,0.0,한국사료총서,95.1,고순종실록,95.1
吾乙足,3,75,21,28.0,0.0,한국사료총서,95.0,조선왕조실록,95.0
大日本,4,246,96,39.0,0.0,승정원일기,95.0,고순종실록,95.0
泰山,7,1569,524,33.4,5.0,한국사료총서,100.0,고려사절요,95.0
溫水,5,268,81,30.2,5.0,승정원일기,100.0,고려사절요,95.0
朝鮮國,6,14543,2508,17.2,0.0,고려사,95.0,고순종실록,95.0
麒麟閣,2,25,21,84.0,0.0,고려사,95.0,승정원일기,95.0
北岳,5,188,137,72.9,5.0,한국사료총서,100.0,고순종실록,95.0
太平館,3,1107,1033,93.3,2.8,한국사료총서,97.7,조선왕조실록,95.0
湯井,6,54,19,35.2,5.0,승정원일기,100.0,고려사절요,95.0
鮮國,6,14573,2516,17.3,0.0,고려사,95.0,고순종실록,95.0
演福,4,121,38,31.4,0.0,고려사,95.0,조선왕조실록,95.0
琉,7,1638,1060,64.7,0.0,고려사,95.0,조선왕조실록,95.0
永崇,3,84,58,69.0,0.0,한국사료총서,95.0,조선왕조실록,95.0
安康,5,211,98,46.4,5.0,승정원일기,100.0,삼국유사,95.0
栗峯,3,331,123,37.2,5.0,한국사료총서,100.0,조선왕조실록,95.0
西北松都,3,112,94,83.9,0.0,조선왕조실록,94.9,승정원일기,94.9
壽康,6,1323,1156,87.4,0.0,고려사,94.9,승정원일기,94.9
乭串,2,103,28,27.2,5.1,한국사료총서,100.0,승정원일기,94.9
倭人,8,7133,3246,45.5,0.0,고려사,94.9,조선왕조실록,94.9
六鎭,4,2936,1382,47.1,0.0,한국사료총서,94.9,고순종실록,94.9
釜山倭,3,57,39,68.4,0.0,한국사료총서,94.9,조선왕조실록,94.9
勤政,6,4912,3591,73.1,0.0,고려사,94.9,고순종실록,94.9
環翠亭,3,62,52,83.9,0.0,한국사료총서,94.9,승정원일기,94.9
吾都,3,285,257,90.2,0.0,고려사절요,94.8,조선왕조실록,94.8
永寧殿,4,6731,6242,92.7,0.0,한국사료총서,94.8,고순종실록,94.8
集祥殿,3,86,77,89.5,0.0,한국사료총서,94.8,조선왕조실록,94.8
永寧,6,6971,6337,90.9,0.0,고려사절요,94.8,고순종실록,94.8
平巖,2,26,6,23.1,5.3,한국사료총서,100.0,조선왕조실록,94.7
甕山城,2,27,22,81.5,0.0,한국사료총서,94.7,승정원일기,94.7
溫陵,4,1240,919,74.1,5.3,한국사료총서,100.0,고순종실록,94.7
猿山,2,24,6,25.0,5.3,한국사료총서,100.0,조선왕조실록,94.7
洛山,7,236,174,73.7,5.3,한국사료총서,100.0,고순종실록,94.7
加乙坡,2,25,5,20.0,5.3,한국사료총서,100.0,조선왕조실록,94.7
箕子墓,3,71,47,66.2,0.0,한국사료총서,94.7,승정원일기,94.7
唐城,6,161,28,17.4,5.3,승정원일기,100.0,삼국사기,94.7
禮成江,5,76,52,68.4,5.3,한국사료총서,100.0,승정원일기,94.7
挹淸,3,65,21,32.3,5.3,한국사료총서,100.0,조선왕조실록,94.7
江都忠烈祠,3,31,20,64.5,0.0,한국사료총서,94.7,승정원일기,94.7
麟山鎭,3,31,25,80.6,0.0,한국사료총서,94.7,조선왕조실록,94.7
昭陵,3,541,461,85.2,3.8,한국사료총서,98.4,조선왕조실록,94.6
江里,3,68,58,85.3,0.0,조선왕조실록,94.6,승정원일기,94.6
上松,3,433,359,82.9,2.7,승정원일기,97.3,조선왕조실록,94.6
洛東江,3,176,123,69.9,5.4,한국사료총서,100.0,조선왕조실록,94.6
含春,3,292,265,90.8,0.0,한국사료총서,94.5,승정원일기,94.5
檢天,2,23,17,73.9,0.0,한국사료총서,94.4,조선왕조실록,94.4
章陵,4,1809,1333,73.7,1.8,한국사료총서,96.2,조선왕조실록,94.4
湖南,4,15532,10844,69.8,5.6,조선왕조실록,100.0,고순종실록,94.4
葱秀山,3,28,23,82.1,0.0,한국사료총서,94.4,조선왕조실록,94.4
禿城山城,3,55,46,83.6,0.0,한국사료총서,94.4,조선왕조실록,94.4
寶化,3,120,62,51.7,0.0,한국사료총서,94.4,조선왕조실록,94.4
敬寧殿,3,728,476,65.4,0.0,한국사료총서,94.4,조선왕조실록,94.4
鐵甕山城,2,23,19,82.6,0.0,한국사료총서,94.4,승정원일기,94.4
龍淵寺,2,23,4,17.4,5.6,한국사료총서,100.0,승정원일기,94.4
奉天門,2,78,69,88.5,0.0,한국사료총서,94.4,조선왕조실록,94.4
景靈,5,159,24,15.1,0.0,고려사,94.4,조선왕조실록,94.4
法聖倉,3,155,136,87.7,0.0,한국사료총서,94.4,조선왕조실록,94.4
敬順王墓,2,21,17,81.0,0.0,조선왕조실록,94.4,승정원일기,94.4
坡平山,3,58,47,81.0,0.0,한국사료총서,94.4,승정원일기,94.4
萬景臺,2,27,10,37.0,5.6,한국사료총서,100.0,승정원일기,94.4
石山,5,521,119,22.8,5.7,한국사료총서,100.0,삼국사기,94.3
龍峴,2,39,34,87.2,0.0,한국사료총서,94.3,승정원일기,94.3
圓覺,3,443,398,89.8,0.0,한국사료총서,94.3,조선왕조실록,94.3
瑞葱臺,4,269,216,80.3,0.0,한국사료총서,94.2,승정원일기,94.2
鎭浦,5,276,54,19.6,5.8,승정원일기,100.0,고려사절요,94.2
先農壇,4,1320,1193,90.4,0.0,한국사료총서,94.2,승정원일기,94.2
興仁之,4,688,636,92.4,0.0,고순종실록,94.2,승정원일기,94.2
雩祀壇,4,1124,995,88.5,0.0,한국사료총서,94.2,승정원일기,94.2
鵲山,2,20,4,20.0,5.9,한국사료총서,100.0,승정원일기,94.1
綾城,4,933,227,24.3,5.9,승정원일기,100.0,고려사,94.1
牛頭山,2,21,4,19.0,5.9,한국사료총서,100.0,조선왕조실록,94.1
梵魚,3,31,13,41.9,5.9,한국사료총서,100.0,승정원일기,94.1
靈隱寺,2,20,4,20.0,5.9,한국사료총서,100.0,승정원일기,94.1
昌驛,3,98,78,79.6,5.9,한국사료총서,100.0,승정원일기,94.1
桐江,4,58,32,55.2,5.9,한국사료총서,100.0,고려사절요,94.1
洞仙嶺,3,84,63,75.0,0.0,한국사료총서,94.1,조선왕조실록,94.1
長壽山,3,87,34,39.1,5.9,한국사료총서,100.0,조선왕조실록,94.1
阿蘭陀,3,31,9,29.0,5.9,한국사료총서,100.0,조선왕조실록,94.1
小西門,3,58,17,29.3,0.0,한국사료총서,94.1,승정원일기,94.1
紺岳山,3,59,46,78.0,0.0,한국사료총서,94.1,조선왕조실록,94.1
黃江村,2,37,32,86.5,0.0,한국사료총서,94.1,승정원일기,94.1
蘆嶺,3,105,89,84.8,5.9,한국사료총서,100.0,조선왕조실록,94.1
山西面,3,28,22,78.6,0.0,조선왕조실록,94.1,승정원일기,94.1
雲從街,3,29,22,75.9,0.0,한국사료총서,94.1,조선왕조실록,94.1
隆福,4,138,98,71.0,0.0,고려사,94.1,조선왕조실록,94.1
永慶,4,3456,161,4.7,0.0,한국사료총서,94.1,고순종실록,94.1
大乘寺,2,21,5,23.8,5.9,한국사료총서,100.0,조선왕조실록,94.1
迎恩,5,424,369,87.0,0.0,고려사,94.0,승정원일기,94.0
禮成,6,2193,67,3.1,0.7,한국사료총서,94.7,고려사절요,94.0
楊山,4,104,27,26.0,6.0,조선왕조실록,100.0,삼국사기,94.0
五冠,4,125,87,69.6,3.2,한국사료총서,97.2,승정원일기,94.0
仙臺,2,41,10,24.4,6.1,한국사료총서,100.0,승정원일기,93.9
玉山,4,825,164,19.9,6.1,조선왕조실록,100.0,고려사,93.9
丹鳳,5,1609,1444,89.7,0.0,고려사,93.9,조선왕조실록,93.9
普通,7,2398,60,2.5,0.0,고려사절요,93.9,조선왕조실록,93.9
蔥臺,3,833,772,92.7,0.0,한국사료총서,93.9,승정원일기,93.9
隆武,4,672,562,83.6,0.0,한국사료총서,93.9,고순종실록,93.9
坡州牧行宮,2,76,62,81.6,0.0,조선왕조실록,93.9,승정원일기,93.9
箭串橋,2,57,48,84.2,0.0,한국사료총서,93.9,승정원일기,93.9
江華長寧殿,2,22,18,81.8,0.0,한국사료총서,93.8,승정원일기,93.8
烏川,4,1191,982,82.5,0.0,고순종실록,93.8,한국사료총서,93.8
文華閣,2,21,17,81.0,0.0,한국사료총서,93.8,승정원일기,93.8
孫乭項,2,20,5,25.0,6.2,한국사료총서,100.0,승정원일기,93.8
報恩寺,3,31,23,74.2,0.0,한국사료총서,93.8,조선왕조실록,93.8
敬陵,4,1840,1412,76.7,6.2,한국사료총서,100.0,조선왕조실록,93.8
豐後,2,29,15,51.7,0.0,승정원일기,93.8,조선왕조실록,93.8
畿湖,3,670,413,61.6,0.0,조선왕조실록,93.8,승정원일기,93.8
達摩,3,128,99,77.3,0.0,한국사료총서,93.8,승정원일기,93.8
禿魯江,3,34,20,58.8,0.0,한국사료총서,93.8,조선왕조실록,93.8
乾原,4,218,118,54.1,6.2,한국사료총서,100.0,고순종실록,93.8
飛禽,4,99,45,45.5,6.2,조선왕조실록,100.0,고순종실록,93.8
月明山,2,19,4,21.1,6.2,한국사료총서,100.0,승정원일기,93.8
逍遙山,2,45,30,66.7,0.0,한국사료총서,93.8,조선왕조실록,93.8
緩項,3,54,32,59.3,0.0,한국사료총서,93.8,조선왕조실록,93.8
上京,6,7783,38,0.5,0.0,고순종실록,93.8,고려사절요,93.8
新南營,2,38,30,78.9,0.0,한국사료총서,93.8,승정원일기,93.8
吾义,2,73,60,82.2,0.0,한국사료총서,93.8,승정원일기,93.8
鎭溟,4,67,42,62.7,0.0,승정원일기,93.8,조선왕조실록,93.8
邊面,4,75,33,44.0,0.0,고려사,93.8,한국사료총서,93.8
紫光,4,145,29,20.0,0.0,고려사,93.8,조선왕조실록,93.8
靈龜塔,2,20,15,75.0,0.0,한국사료총서,93.8,승정원일기,93.8
鉢浦鎭,2,20,15,75.0,0.0,한국사료총서,93.8,승정원일기,93.8
雲峴,3,599,276,46.1,6.3,한국사료총서,100.0,고순종실록,93.7
遁村,2,320,296,92.5,0.0,조선왕조실록,93.7,한국사료총서,93.7
甘浦,3,136,41,30.1,6.3,승정원일기,100.0,조선왕조실록,93.7
崇文,6,1679,1432,85.3,0.0,고려사,93.7,승정원일기,93.7
南壇,5,2058,1812,88.0,0.0,삼국사기,93.7,승정원일기,93.7
淸國,4,2204,1234,56.0,4.4,승정원일기,98.1,고순종실록,93.7
東關王廟,4,755,668,88.5,0.0,한국사료총서,93.7,승정원일기,93.7
孝昭,5,1417,1255,88.6,0.0,삼국사기,93.6,승정원일기,93.6
鷲山,4,83,17,20.5,6.4,한국사료총서,100.0,삼국유사,93.6
順安,6,1455,1079,74.2,0.0,고려사절요,93.5,조선왕조실록,93.5
肅寧,4,286,210,73.4,0.0,고려사,93.5,조선왕조실록,93.5
豊沛,3,50,36,72.0,0.0,한국사료총서,93.5,승정원일기,93.5
靑溪山,2,35,30,85.7,0.0,한국사료총서,93.5,조선왕조실록,93.5
東關王,4,763,670,87.8,0.0,한국사료총서,93.5,승정원일기,93.5
狄江,2,35,29,82.9,0.0,한국사료총서,93.5,조선왕조실록,93.5
彰義,4,2085,1945,93.3,2.9,한국사료총서,96.4,승정원일기,93.4
鏡,8,42549,18631,43.8,0.0,고려사절요,93.4,고순종실록,93.4
義宮,4,1690,1594,94.3,3.3,한국사료총서,96.7,승정원일기,93.4
州倭,3,104,57,54.8,0.0,승정원일기,93.4,조선왕조실록,93.4
南大門,4,607,491,80.9,5.1,한국사료총서,98.4,고순종실록,93.4
寧古㙮,2,18,4,22.2,6.7,한국사료총서,100.0,승정원일기,93.3
崇禮,6,2433,2076,85.3,0.0,고려사,93.3,승정원일기,93.3
首陽山城,3,82,31,37.8,6.7,한국사료총서,100.0,조선왕조실록,93.3
鎭洋縣,2,19,5,26.3,6.7,한국사료총서,100.0,승정원일기,93.3
煥章菴,3,28,23,82.1,0.0,한국사료총서,93.3,승정원일기,93.3
洞堡,3,55,21,38.2,0.0,한국사료총서,93.3,조선왕조실록,93.3
佛山,5,85,37,43.5,6.7,한국사료총서,100.0,승정원일기,93.3
平南,4,2787,252,9.0,6.7,승정원일기,100.0,고순종실록,93.3
德鎭,6,361,115,31.9,0.0,고순종실록,93.3,고려사절요,93.3
耀德,5,71,33,46.5,6.7,승정원일기,100.0,고려사절요,93.3
丹川,3,28,13,46.4,6.7,승정원일기,100.0,조선왕조실록,93.3
花藏,2,21,5,23.8,6.7,한국사료총서,100.0,조선왕조실록,93.3
天生山,3,41,29,70.7,0.0,한국사료총서,93.3,조선왕조실록,93.3
金山寺,4,45,26,57.8,0.0,고려사,93.3,조선왕조실록,93.3
嶺南浦項倉,2,21,14,66.7,0.0,조선왕조실록,93.3,승정원일기,93.3
江東城,3,28,20,71.4,0.0,한국사료총서,93.3,고려사,93.3
順康,4,924,768,83.1,0.0,한국사료총서,93.3,고순종실록,93.3
皇極殿,3,54,31,57.4,0.0,한국사료총서,93.3,조선왕조실록,93.3
薩水,4,56,41,73.2,6.7,한국사료총서,100.0,승정원일기,93.3
沙防,2,19,5,26.3,6.7,승정원일기,100.0,한국사료총서,93.3
摩尼山,3,97,68,70.1,6.7,한국사료총서,100.0,조선왕조실록,93.3
裳山,4,281,262,93.2,6.7,한국사료총서,100.0,조선왕조실록,93.3
恭陵丁字,2,24,14,58.3,0.0,조선왕조실록,93.3,승정원일기,93.3
漳州府,3,29,15,51.7,6.7,한국사료총서,100.0,조선왕조실록,93.3
朱乙溫,4,149,42,28.2,6.8,승정원일기,100.0,고순종실록,93.2
北墻門,4,147,124,84.4,0.0,고순종실록,93.2,승정원일기,93.2
孝安,3,807,715,88.6,0.0,한국사료총서,93.2,승정원일기,93.2
浿水,5,107,57,53.3,6.8,한국사료총서,100.0,삼국유사,93.2
嶺南,6,17010,12186,71.6,6.8,조선왕조실록,100.0,고순종실록,93.2
朝鮮,8,28084,10648,37.9,0.0,고려사,93.2,고순종실록,93.2
五臺,5,543,425,78.3,6.8,한국사료총서,100.0,고순종실록,93.2
南廟,4,407,346,85.0,0.0,한국사료총서,93.1,승정원일기,93.1
龍山倉,3,40,33,82.5,0.0,한국사료총서,93.1,조선왕조실록,93.1
道峯,3,247,194,78.5,2.4,한국사료총서,95.5,승정원일기,93.1
釜,6,8303,4679,56.4,0.0,고려사절요,93.1,고순종실록,93.1
石溪,2,193,175,90.7,0.0,조선왕조실록,93.1,한국사료총서,93.1
遼瀋,5,125,72,57.6,6.9,한국사료총서,100.0,고려사,93.1
伏龍,4,199,61,30.7,6.9,조선왕조실록,100.0,고려사,93.1
車嶺,3,386,171,44.3,6.9,한국사료총서,100.0,조선왕조실록,93.1
玁狁,4,184,30,16.3,0.0,한국사료총서,93.1,조선왕조실록,93.1
歧,8,2227,610,27.4,0.0,고순종실록,93.0,조선왕조실록,93.0
公洪,5,2963,1523,51.4,0.0,고려사,93.0,조선왕조실록,93.0
格浦,4,493,358,72.6,5.3,한국사료총서,98.2,조선왕조실록,93.0
顯隆,4,2664,2437,91.5,0.0,한국사료총서,93.0,승정원일기,93.0
仁政,6,11718,9800,83.6,0.0,고려사,93.0,고순종실록,93.0
峴山,3,127,40,31.5,7.0,한국사료총서,100.0,조선왕조실록,93.0
笠巖山,3,103,38,36.9,0.0,한국사료총서,92.9,조선왕조실록,92.9
忽溫,2,65,52,80.0,0.0,승정원일기,92.9,조선왕조실록,92.9
回紇,3,38,14,36.8,0.0,승정원일기,92.9,조선왕조실록,92.9
通橋,4,280,260,92.9,7.1,한국사료총서,100.0,조선왕조실록,92.9
馬祖,4,757,653,86.3,0.0,고려사,92.9,승정원일기,92.9
沙嶺,3,25,20,80.0,0.0,한국사료총서,92.9,조선왕조실록,92.9
一岐,4,502,425,84.7,0.0,승정원일기,92.9,조선왕조실록,92.9
仙山,4,45,19,42.2,0.0,한국사료총서,92.9,조선왕조실록,92.9
蓴池,2,22,9,40.9,7.1,한국사료총서,100.0,조선왕조실록,92.9
八良,3,102,82,80.4,0.0,한국사료총서,92.9,조선왕조실록,92.9
恭陵丁字閣,2,23,13,56.5,0.0,조선왕조실록,92.9,승정원일기,92.9
陽武,4,37,16,43.2,7.1,승정원일기,100.0,고려사,92.9
美錢,4,502,244,48.6,7.1,한국사료총서,100.0,고순종실록,92.9
許沙浦,2,20,7,35.0,7.1,승정원일기,100.0,조선왕조실록,92.9
武祠,4,990,885,89.4,0.0,한국사료총서,92.9,승정원일기,92.9
達島,3,36,28,77.8,0.0,한국사료총서,92.9,조선왕조실록,92.9
溫祚王廟,3,27,13,48.1,0.0,조선왕조실록,92.9,승정원일기,92.9
回部,3,23,7,30.4,7.1,한국사료총서,100.0,승정원일기,92.9
玄菟,7,131,80,61.1,0.0,고려사절요,92.9,삼국사기,92.9
淮西,3,58,37,63.8,0.0,한국사료총서,92.9,조선왕조실록,92.9
文淵閣,3,24,15,62.5,0.0,한국사료총서,92.9,조선왕조실록,92.9
北扶餘,4,32,15,46.9,0.0,삼국유사,92.9,한국사료총서,92.9
赤裳山,4,274,256,93.4,7.1,한국사료총서,100.0,조선왕조실록,92.9
濟橋,3,65,49,75.4,7.1,한국사료총서,100.0,승정원일기,92.9
松項,3,21,8,38.1,7.1,한국사료총서,100.0,조선왕조실록,92.9
天生山城,3,38,28,73.7,0.0,한국사료총서,92.9,조선왕조실록,92.9
吾乂,2,21,6,28.6,7.1,승정원일기,100.0,조선왕조실록,92.9
黔潭,2,24,10,41.7,7.1,한국사료총서,100.0,승정원일기,92.9
咸寧,7,775,415,53.5,0.0,고려사절요,92.9,고순종실록,92.9
藥店,3,30,14,46.7,0.0,고려사,92.9,승정원일기,92.9
竹嶺,6,362,251,69.3,7.2,한국사료총서,100.0,삼국사기,92.8
圓明園,3,198,75,37.9,2.5,한국사료총서,95.2,조선왕조실록,92.8
子山,5,252,58,23.0,7.2,한국사료총서,100.0,고려사절요,92.8
海關,4,1195,544,45.5,0.0,고순종실록,92.8,조선왕조실록,92.8
壽閣,4,374,329,88.0,0.0,한국사료총서,92.7,조선왕조실록,92.7
川江,5,323,222,68.7,7.3,한국사료총서,100.0,고려사절요,92.7
農壇,4,1569,1381,88.0,0.0,한국사료총서,92.6,승정원일기,92.6
文昭殿碑閣,2,261,238,91.2,0.0,조선왕조실록,92.6,승정원일기,92.6
積城縣,5,638,81,12.7,7.4,승정원일기,100.0,고려사,92.6
金城,8,2336,1473,63.1,3.0,삼국사기,95.7,고순종실록,92.6
葱臺,4,278,217,78.1,0.0,한국사료총서,92.5,승정원일기,92.5
中浪浦,2,81,64,79.0,0.0,한국사료총서,92.5,승정원일기,92.5
陽江,3,88,42,47.7,7.5,한국사료총서,100.0,조선왕조실록,92.5
浿,8,466,253,54.3,7.5,한국사료총서,100.0,고순종실록,92.5
論山,4,465,236,50.8,1.6,조선왕조실록,94.1,한국사료총서,92.5
珍島縣,4,56,16,28.6,7.5,승정원일기,100.0,고려사절요,92.5
瑞葱,4,275,218,79.3,0.0,한국사료총서,92.5,승정원일기,92.5
仁德宮,2,141,109,77.3,0.0,고려사,92.4,조선왕조실록,92.4
牙山貢津,3,93,80,86.0,0.0,한국사료총서,92.4,승정원일기,92.4
順川郡,4,765,108,14.1,7.6,조선왕조실록,100.0,고순종실록,92.4
平橋,3,68,55,80.9,0.0,한국사료총서,92.3,승정원일기,92.3
拱北門,3,493,450,91.3,0.0,한국사료총서,92.3,승정원일기,92.3
龍首,4,45,16,35.6,7.7,한국사료총서,100.0,고려사,92.3
定遼,4,78,37,47.4,0.0,한국사료총서,92.3,고려사절요,92.3
東北界,3,22,15,68.2,0.0,한국사료총서,92.3,고려사,92.3
渼湖,3,50,13,26.0,7.7,한국사료총서,100.0,승정원일기,92.3
齊陵丁字閣,2,43,36,83.7,0.0,조선왕조실록,92.3,승정원일기,92.3
奉元寺,2,18,13,72.2,0.0,한국사료총서,92.3,승정원일기,92.3
仁遮,4,368,137,37.2,7.7,한국사료총서,100.0,조선왕조실록,92.3
斜下北,2,20,12,60.0,0.0,승정원일기,92.3,조선왕조실록,92.3
藍溪,3,22,9,40.9,7.7,한국사료총서,100.0,조선왕조실록,92.3
頭陀山,2,17,5,29.4,7.7,한국사료총서,100.0,조선왕조실록,92.3
荊山,3,904,19,2.1,0.0,한국사료총서,92.3,승정원일기,92.3
大造,4,862,577,66.9,0.0,한국사료총서,92.3,고순종실록,92.3
昌城,6,3315,1949,58.8,0.0,고려사절요,92.3,고순종실록,92.3
西部坊,2,18,12,66.7,0.0,조선왕조실록,92.3,한국사료총서,92.3
東祠,3,71,60,84.5,0.0,한국사료총서,92.3,조선왕조실록,92.3
俄羅斯國,3,66,41,62.1,7.7,승정원일기,100.0,고순종실록,92.3
景福宮後苑,3,21,12,57.1,0.0,조선왕조실록,92.3,승정원일기,92.3
東萊州,2,17,5,29.4,7.7,한국사료총서,100.0,승정원일기,92.3
架山山城,3,43,35,81.4,0.0,한국사료총서,92.3,승정원일기,92.3
麗陽,2,18,6,33.3,7.7,한국사료총서,100.0,조선왕조실록,92.3
北習,2,22,9,40.9,7.7,승정원일기,100.0,한국사료총서,92.3
大淸國,4,111,31,27.9,7.7,조선왕조실록,100.0,고순종실록,92.3
慶尙道盈德,3,60,47,78.3,7.7,한국사료총서,100.0,승정원일기,92.3
遮歸,3,40,13,32.5,0.0,한국사료총서,92.3,조선왕조실록,92.3
樓閣洞,2,16,12,75.0,0.0,한국사료총서,92.3,승정원일기,92.3
文禧廟,4,575,383,66.6,0.0,조선왕조실록,92.3,고순종실록,92.3
孝昌,5,1288,844,65.5,0.0,고려사,92.3,고순종실록,92.3
天柱山,2,20,8,40.0,7.7,한국사료총서,100.0,조선왕조실록,92.3
拓坡,4,221,113,51.1,7.7,한국사료총서,100.0,조선왕조실록,92.3
保寧,6,1619,1111,68.6,7.7,고려사절요,100.0,고순종실록,92.3
湖,7,42468,25882,60.9,0.0,고려사절요,92.2,고순종실록,92.2
吾义浦,2,56,47,83.9,0.0,한국사료총서,92.2,승정원일기,92.2
頭山,7,812,462,56.9,7.9,한국사료총서,100.0,삼국유사,92.1
集祥,3,165,145,87.9,0.0,한국사료총서,92.1,조선왕조실록,92.1
毓祥,4,4913,4400,89.6,0.0,한국사료총서,92.1,승정원일기,92.1
龍宮縣,5,405,53,13.1,7.9,승정원일기,100.0,고려사,92.1
積山,4,117,74,63.2,7.9,한국사료총서,100.0,고순종실록,92.1
淸人,4,2167,549,25.3,0.0,고순종실록,92.0,조선왕조실록,92.0
金虎,5,3504,3159,90.2,0.0,고려사,92.0,승정원일기,92.0
官谷,3,113,92,81.4,0.0,승정원일기,92.0,한국사료총서,92.0
毓祥宮,4,4560,4124,90.4,0.0,한국사료총서,91.9,승정원일기,91.9
浿江,7,134,84,62.7,8.1,한국사료총서,100.0,삼국유사,91.9
居昌縣,4,289,46,15.9,8.2,승정원일기,100.0,고려사,91.8
徽陵丁字閣,2,77,57,74.0,0.0,고순종실록,91.8,승정원일기,91.8
大日本國,3,133,46,34.6,0.0,승정원일기,91.8,고순종실록,91.8
祥宮,4,4572,4132,90.4,0.0,한국사료총서,91.8,승정원일기,91.8
冷泉,4,286,243,85.0,3.7,한국사료총서,95.5,고순종실록,91.8
龍口,2,17,6,35.3,8.3,조선왕조실록,100.0,승정원일기,91.7
長壽山城,3,76,28,36.8,8.3,한국사료총서,100.0,조선왕조실록,91.7
丹丘驛,2,17,12,70.6,0.0,한국사료총서,91.7,승정원일기,91.7
兒山,3,24,9,37.5,8.3,한국사료총서,100.0,고려사,91.7
驪州英陵,2,15,11,73.3,0.0,한국사료총서,91.7,승정원일기,91.7
武德,5,664,575,86.6,0.0,고려사,91.7,승정원일기,91.7
海龍山,2,17,13,76.5,0.0,한국사료총서,91.7,조선왕조실록,91.7
淸江,4,353,91,25.8,8.3,한국사료총서,100.0,고려사,91.7
彌羅山,2,31,9,29.0,8.3,한국사료총서,100.0,조선왕조실록,91.7
暗林,2,17,13,76.5,0.0,한국사료총서,91.7,조선왕조실록,91.7
金剛,8,872,378,43.3,0.0,삼국사기,91.7,고순종실록,91.7
孝徽殿,3,474,420,88.6,0.0,한국사료총서,91.7,승정원일기,91.7
統軍亭,3,41,19,46.3,0.0,한국사료총서,91.7,조선왕조실록,91.7
筆巖,3,23,10,43.5,8.3,한국사료총서,100.0,조선왕조실록,91.7
凌漢山,3,40,29,72.5,8.3,한국사료총서,100.0,조선왕조실록,91.7
南海露梁,2,18,7,38.9,8.3,한국사료총서,100.0,조선왕조실록,91.7
新智,3,58,34,58.6,8.3,한국사료총서,100.0,조선왕조실록,91.7
穿川,2,40,34,85.0,0.0,한국사료총서,91.7,조선왕조실록,91.7
金烏,5,367,182,49.6,8.3,한국사료총서,100.0,고순종실록,91.7
興巖,3,61,45,73.8,8.3,한국사료총서,100.0,조선왕조실록,91.7
山高水長,3,222,35,15.8,0.0,한국사료총서,91.7,조선왕조실록,91.7
毋岳,3,51,43,84.3,0.0,한국사료총서,91.7,조선왕조실록,91.7
雙樹山城,2,91,69,75.8,0.0,한국사료총서,91.7,승정원일기,91.7
登州府榮成縣,2,18,7,38.9,8.3,한국사료총서,100.0,승정원일기,91.7
禮山縣,5,577,117,20.3,8.3,한국사료총서,100.0,고려사,91.7
潺水,2,20,9,45.0,8.3,한국사료총서,100.0,조선왕조실록,91.7
山丹,2,24,13,54.2,8.3,한국사료총서,100.0,조선왕조실록,91.7
吾乂浦,2,17,5,29.4,8.3,승정원일기,100.0,조선왕조실록,91.7
敦義,4,1670,1494,89.5,8.3,한국사료총서,100.0,고순종실록,91.7
東里鎭,2,21,12,57.1,0.0,한국사료총서,91.7,승정원일기,91.7
文朱,3,18,11,61.1,0.0,고려사,91.7,한국사료총서,91.7
黃拓坡,4,219,112,51.1,8.3,한국사료총서,100.0,조선왕조실록,91.7
順康園,4,889,746,83.9,0.0,한국사료총서,91.7,고순종실록,91.7
佛巖,3,73,54,74.0,8.3,한국사료총서,100.0,조선왕조실록,91.7
黃拓,4,227,117,51.5,8.3,한국사료총서,100.0,조선왕조실록,91.7
吉安,4,57,26,45.6,8.3,승정원일기,100.0,고려사,91.7
豐德浦,2,40,7,17.5,8.3,승정원일기,100.0,조선왕조실록,91.7
板積,3,39,22,56.4,0.0,한국사료총서,91.7,조선왕조실록,91.7
五龍亭,2,19,11,57.9,0.0,한국사료총서,91.7,승정원일기,91.7
觀峴,2,27,13,48.1,0.0,한국사료총서,91.7,승정원일기,91.7
綠礬,3,41,18,43.9,8.3,한국사료총서,100.0,승정원일기,91.7
達山,4,180,80,44.4,8.4,한국사료총서,100.0,고려사,91.6
全州府,4,882,310,35.1,8.4,조선왕조실록,100.0,고순종실록,91.6
養正齋,3,250,221,88.4,0.0,한국사료총서,91.6,승정원일기,91.6
東大門,4,541,443,81.9,8.4,한국사료총서,100.0,고순종실록,91.6
畿甸,6,4625,3060,66.2,0.0,고려사,91.5,승정원일기,91.5
倭國,6,484,174,36.0,0.0,고려사,91.5,조선왕조실록,91.5
豊山,4,361,319,88.4,0.0,고려사,91.5,한국사료총서,91.5
永懷,5,569,478,84.0,0.0,고려사,91.5,승정원일기,91.5
崇仁,6,1138,569,50.0,0.0,고려사,91.4,승정원일기,91.4
龍頭山,3,46,14,30.4,8.6,한국사료총서,100.0,조선왕조실록,91.4
漢殿,4,395,325,82.3,0.0,한국사료총서,91.4,승정원일기,91.4
猪灘,3,82,43,52.4,8.6,한국사료총서,100.0,조선왕조실록,91.4
大同,8,14563,660,4.5,1.1,고순종실록,92.5,고려사절요,91.4
嶠南,4,457,329,72.0,8.7,조선왕조실록,100.0,고순종실록,91.3
藥山城,2,33,22,66.7,0.0,한국사료총서,91.3,조선왕조실록,91.3
天城,6,386,174,45.1,8.7,한국사료총서,100.0,고려사절요,91.3
圓明,4,252,89,35.3,0.0,고려사,91.3,조선왕조실록,91.3
維鳩,3,105,15,14.3,8.7,한국사료총서,100.0,조선왕조실록,91.3
健元陵齋室,2,50,42,84.0,0.0,조선왕조실록,91.3,승정원일기,91.3
綠,7,4649,1255,27.0,3.7,한국사료총서,94.9,고려사절요,91.2
平壤道,3,60,42,70.0,0.0,삼국사기,91.2,조선왕조실록,91.2
三角,6,1238,1049,84.7,8.8,한국사료총서,100.0,고려사절요,91.2
三南,4,8082,6095,75.4,0.6,한국사료총서,91.7,승정원일기,91.1
長白,4,343,127,37.0,3.6,고순종실록,94.6,조선왕조실록,91.1
星壇,4,304,239,78.6,0.0,고순종실록,91.1,승정원일기,91.1
東寧,6,719,265,36.9,0.0,고순종실록,91.1,조선왕조실록,91.1
奉先殿,3,133,102,76.7,0.0,한국사료총서,91.1,조선왕조실록,91.1
先蠶,4,1056,824,78.0,0.0,고려사,91.1,승정원일기,91.1
中浪,2,94,73,77.7,0.0,한국사료총서,91.0,승정원일기,91.0
車踰嶺,3,87,48,55.2,0.0,한국사료총서,90.9,승정원일기,90.9
茂山嶺,3,41,26,63.4,0.0,한국사료총서,90.9,승정원일기,90.9
薪橋,3,19,8,42.1,9.1,한국사료총서,100.0,승정원일기,90.9
臨道,4,31,16,51.6,9.1,승정원일기,100.0,고려사,90.9
損竹,2,17,12,70.6,0.0,한국사료총서,90.9,조선왕조실록,90.9
舞鶴,3,70,46,65.7,9.1,한국사료총서,100.0,승정원일기,90.9
江華鎭,4,74,42,56.8,0.0,고순종실록,90.9,조선왕조실록,90.9
矗石山城,2,18,12,66.7,0.0,한국사료총서,90.9,승정원일기,90.9
閟宮,5,896,271,30.2,0.0,고려사,90.9,고순종실록,90.9
東明王墓,3,24,13,54.2,0.0,조선왕조실록,90.9,승정원일기,90.9
太倉州崇明縣,2,16,6,37.5,9.1,한국사료총서,100.0,승정원일기,90.9
智力山,2,14,10,71.4,0.0,한국사료총서,90.9,승정원일기,90.9
大朝,6,14694,167,1.1,0.0,고려사,90.9,고순종실록,90.9
宣陵丁字閣,2,25,20,80.0,0.0,조선왕조실록,90.9,승정원일기,90.9
山羊會,3,438,234,53.4,8.3,한국사료총서,99.2,조선왕조실록,90.9
平山山城,3,29,20,69.0,0.0,한국사료총서,90.9,승정원일기,90.9
蘇山,4,110,39,35.5,9.1,승정원일기,100.0,고려사,90.9
大母山,2,26,12,46.2,0.0,한국사료총서,90.9,조선왕조실록,90.9
鍾巖,2,94,62,66.0,0.0,한국사료총서,90.9,승정원일기,90.9
延秋門,3,89,69,77.5,0.0,한국사료총서,90.9,승정원일기,90.9
朝天館,2,16,11,68.8,0.0,한국사료총서,90.9,조선왕조실록,90.9
竹嶺山,3,19,13,68.4,0.0,한국사료총서,90.9,조선왕조실록,90.9
河西,7,280,81,28.9,0.0,고려사절요,90.9,삼국사기,90.9
關東北,2,21,10,47.6,0.0,조선왕조실록,90.9,승정원일기,90.9
大皇橋,2,41,31,75.6,0.0,한국사료총서,90.9,승정원일기,90.9
文昭,3,2011,1755,87.3,0.0,한국사료총서,90.9,승정원일기,90.9
日本銀行,3,24,10,41.7,0.0,승정원일기,90.9,고순종실록,90.9
西一面,3,26,12,46.2,0.0,조선왕조실록,90.9,한국사료총서,90.9
笠巖山城,3,91,35,38.5,0.0,한국사료총서,90.9,조선왕조실록,90.9
慈雲,4,41,14,34.1,0.0,한국사료총서,90.9,조선왕조실록,90.9
安東鄕校,3,30,10,33.3,0.0,조선왕조실록,90.9,승정원일기,90.9
泉州府,3,33,13,39.4,9.1,한국사료총서,100.0,조선왕조실록,90.9
平山山,3,30,21,70.0,0.0,한국사료총서,90.9,승정원일기,90.9
淸澗,4,26,15,57.7,9.1,한국사료총서,100.0,조선왕조실록,90.9
都京,4,184,63,34.2,0.0,조선왕조실록,90.9,고순종실록,90.9
濟原,3,296,139,47.0,9.1,한국사료총서,100.0,조선왕조실록,90.9
壹岐,3,33,21,63.6,9.1,한국사료총서,100.0,조선왕조실록,90.9
雙嶺,3,286,158,55.2,2.5,한국사료총서,93.3,승정원일기,90.8
嘉林,4,133,46,34.6,9.2,승정원일기,100.0,고려사,90.8
鶴峰,2,47,17,36.2,3.3,한국사료총서,94.1,승정원일기,90.8
北道,6,13343,9398,70.4,0.0,삼국사기,90.8,고순종실록,90.8
棘城,4,370,307,83.0,0.0,삼국사기,90.8,조선왕조실록,90.8
川浦,5,599,168,28.0,9.3,고순종실록,100.0,고려사,90.7
崇賢,4,1135,958,84.4,0.0,고순종실록,90.7,조선왕조실록,90.7
架山,3,276,212,76.8,6.4,한국사료총서,97.1,조선왕조실록,90.7
南別宮,3,789,605,76.7,0.0,한국사료총서,90.7,승정원일기,90.7
化西,4,424,373,88.0,0.0,고순종실록,90.7,승정원일기,90.7
笠巖,3,283,161,56.9,6.9,한국사료총서,97.6,조선왕조실록,90.6
大同江,5,351,248,70.7,9.4,한국사료총서,100.0,승정원일기,90.6
東良,3,274,178,65.0,0.0,한국사료총서,90.6,조선왕조실록,90.6
碧松亭,3,59,32,54.2,3.8,한국사료총서,94.4,승정원일기,90.6
崧陽,3,93,64,68.8,0.0,한국사료총서,90.6,승정원일기,90.6
鞍峴,4,254,216,85.0,9.4,한국사료총서,100.0,고순종실록,90.6
石見,3,273,141,51.6,0.0,승정원일기,90.5,조선왕조실록,90.5
廣孝,4,337,237,70.3,0.0,고순종실록,90.5,조선왕조실록,90.5
陽山,5,392,145,37.0,9.5,한국사료총서,100.0,삼국사기,90.5
居仁,5,683,497,72.8,0.0,고려사,90.5,한국사료총서,90.5
古巡廳契,2,29,19,65.5,0.0,한국사료총서,90.5,승정원일기,90.5
孫石,4,101,56,55.4,9.5,한국사료총서,100.0,고순종실록,90.5
孝惠,4,395,256,64.8,0.0,조선왕조실록,90.5,고순종실록,90.5
溟,8,8597,268,3.1,0.0,고순종실록,90.5,삼국사기,90.5
北廟,4,110,74,67.3,0.0,조선왕조실록,90.5,승정원일기,90.5
仁陽,4,387,66,17.1,0.0,고순종실록,90.4,조선왕조실록,90.4
河東縣,4,178,36,20.2,9.6,승정원일기,100.0,고려사절요,90.4
懷陵,3,68,55,80.9,0.0,한국사료총서,90.3,조선왕조실록,90.3
兩湖,4,3109,1657,53.3,0.0,한국사료총서,90.3,승정원일기,90.3
南伐,3,159,135,84.9,0.0,삼국사기,90.3,승정원일기,90.3
多溫,3,45,30,66.7,0.0,승정원일기,90.3,조선왕조실록,90.3
蒙古,5,2258,759,33.6,0.0,고려사,90.3,조선왕조실록,90.3
恩彦君祠宇,2,60,46,76.7,0.0,조선왕조실록,90.2,승정원일기,90.2
羊會,3,445,238,53.5,8.3,한국사료총서,98.5,조선왕조실록,90.2
矗石,3,154,67,43.5,0.0,한국사료총서,90.2,승정원일기,90.2
懿孝,3,686,603,87.9,0.0,한국사료총서,90.1,고순종실록,90.1
宜寧縣,5,795,99,12.5,9.9,승정원일기,100.0,고려사,90.1
金鰲,3,127,48,37.8,4.3,한국사료총서,94.4,조선왕조실록,90.1
三栗,2,34,27,79.4,0.0,한국사료총서,90.0,조선왕조실록,90.0
富昌,3,33,13,39.4,10.0,한국사료총서,100.0,승정원일기,90.0
名古,4,77,13,16.9,0.0,조선왕조실록,90.0,고순종실록,90.0
良門,2,16,9,56.2,0.0,한국사료총서,90.0,승정원일기,90.0
成周,5,583,102,17.5,0.0,고려사,90.0,고순종실록,90.0
北關,4,4871,3751,77.0,2.5,조선왕조실록,92.5,승정원일기,90.0
車踰,4,133,80,60.2,10.0,한국사료총서,100.0,고려사,90.0
誠正,4,10329,9019,87.3,0.0,한국사료총서,90.0,승정원일기,90.0
德祠,3,75,51,68.0,0.0,한국사료총서,90.0,조선왕조실록,90.0
大同門,4,43,24,55.8,0.0,고려사,90.0,승정원일기,90.0
礪峴,4,262,179,68.3,10.0,한국사료총서,100.0,조선왕조실록,90.0
禾積,3,40,31,77.5,10.0,한국사료총서,100.0,조선왕조실록,90.0
弟峯,2,17,9,52.9,0.0,한국사료총서,90.0,승정원일기,90.0
滎陽,2,25,19,76.0,0.0,한국사료총서,90.0,승정원일기,90.0
舊乫坡,3,61,14,23.0,10.0,조선왕조실록,100.0,고순종실록,90.0
朝陽門,3,18,9,50.0,10.0,한국사료총서,100.0,조선왕조실록,90.0
盤石坊古巡廳契,2,18,9,50.0,0.0,한국사료총서,90.0,승정원일기,90.0
文城鎭,2,35,29,82.9,0.0,한국사료총서,90.0,승정원일기,90.0
中日閣,4,275,227,82.5,0.0,한국사료총서,90.0,고순종실록,90.0
所已鎭,3,33,13,39.4,10.0,한국사료총서,100.0,조선왕조실록,90.0
正方山城,3,100,49,49.0,0.0,한국사료총서,90.0,조선왕조실록,90.0
訪花隨柳亭,2,15,11,73.3,0.0,한국사료총서,90.0,승정원일기,90.0
竹長,4,41,15,36.6,10.0,승정원일기,100.0,삼국사기,90.0
馬郞,4,27,18,66.7,0.0,고려사,90.0,승정원일기,90.0
南道,7,8931,4871,54.5,0.0,삼국사기,90.0,고순종실록,90.0
慶尙道固城,3,135,126,93.3,10.0,한국사료총서,100.0,조선왕조실록,90.0
塩,4,583,35,6.0,0.0,승정원일기,90.0,조선왕조실록,90.0
摩天,3,88,67,76.1,0.0,한국사료총서,90.0,승정원일기,90.0
頭流山,3,56,20,35.7,10.0,한국사료총서,100.0,조선왕조실록,90.0
銅龍,3,1995,1776,89.0,0.0,한국사료총서,89.9,승정원일기,89.9
禿城,3,286,225,78.7,7.1,한국사료총서,97.0,조선왕조실록,89.9
別儲廂,2,92,80,87.0,0.0,조선왕조실록,89.9,승정원일기,89.9
衞,4,242,80,33.1,0.0,삼국사기,89.9,조선왕조실록,89.9
景慕宮,4,17866,15848,88.7,0.0,한국사료총서,89.9,조선왕조실록,89.9
樂天,4,466,295,63.3,0.0,고순종실록,89.8,조선왕조실록,89.8
元陵丁字閣,2,67,53,79.1,0.0,조선왕조실록,89.8,승정원일기,89.8
鴨江,6,503,366,72.8,10.2,한국사료총서,100.0,고순종실록,89.8
健元陵丁字閣,2,56,44,78.6,0.0,조선왕조실록,89.8,승정원일기,89.8
壽進宮,4,509,434,85.3,0.0,한국사료총서,89.8,승정원일기,89.8
登山串,3,43,22,51.2,5.6,승정원일기,95.2,조선왕조실록,89.7
惠化,4,799,694,86.9,0.0,한국사료총서,89.7,승정원일기,89.7
嶠,5,1304,399,30.6,0.0,고려사,89.7,고순종실록,89.7
溪山,3,301,111,36.9,1.8,한국사료총서,91.5,조선왕조실록,89.7
景祐,6,2209,1352,61.2,0.0,고려사,89.7,고순종실록,89.7
牙山貢津倉,3,89,76,85.4,0.0,한국사료총서,89.7,승정원일기,89.7
漢水,4,256,128,50.0,2.7,한국사료총서,92.3,삼국사기,89.6
川橋,5,585,286,48.9,3.6,한국사료총서,93.2,조선왕조실록,89.6
左道,6,5809,3005,51.7,0.0,고려사,89.6,고순종실록,89.6
千葉,4,109,23,21.1,4.5,승정원일기,94.1,고순종실록,89.6
東別營,3,148,103,69.6,0.0,고순종실록,89.6,승정원일기,89.6
三岐,5,140,45,32.1,10.4,승정원일기,100.0,삼국유사,89.6
恩信君墓,3,25,17,68.0,0.0,고순종실록,89.5,승정원일기,89.5
成陵,4,127,89,70.1,0.0,고려사,89.5,조선왕조실록,89.5
九城,5,113,34,30.1,0.0,조선왕조실록,89.5,고려사절요,89.5
萬寧,3,313,174,55.6,0.0,한국사료총서,89.5,조선왕조실록,89.5
漢唐,5,1266,51,4.0,0.0,고려사,89.5,조선왕조실록,89.5
豐界,2,30,17,56.7,0.0,한국사료총서,89.5,조선왕조실록,89.5
冷山,3,27,7,25.9,10.5,한국사료총서,100.0,조선왕조실록,89.5
錦城山,4,59,41,69.5,10.5,한국사료총서,100.0,조선왕조실록,89.5
多佛,2,22,17,77.3,0.0,조선왕조실록,89.5,한국사료총서,89.5
祖江,4,66,36,54.5,10.5,한국사료총서,100.0,조선왕조실록,89.5
濟州鎭,2,24,17,70.8,0.0,조선왕조실록,89.5,승정원일기,89.5
雲橋,2,70,54,77.1,6.7,한국사료총서,96.1,승정원일기,89.4
鴨綠,6,1255,945,75.3,10.6,한국사료총서,100.0,고순종실록,89.4
關西,6,11790,8700,73.8,8.6,한국사료총서,97.9,고순종실록,89.3
豐海,3,355,331,93.2,7.7,승정원일기,97.0,조선왕조실록,89.3
宣沙浦,3,466,202,43.3,10.7,한국사료총서,100.0,조선왕조실록,89.3
長鬐郡,3,34,7,20.6,10.7,승정원일기,100.0,한국사료총서,89.3
仇非,3,585,198,33.8,5.4,한국사료총서,94.6,조선왕조실록,89.2
景慕,5,18223,15996,87.8,0.0,고려사,89.2,승정원일기,89.2
天嶺,4,192,157,81.8,10.8,한국사료총서,100.0,승정원일기,89.2
雙樹,4,288,214,74.3,10.8,한국사료총서,100.0,고순종실록,89.2
保和,4,185,44,23.8,0.0,고려사,89.2,조선왕조실록,89.2
延祐宮,2,208,181,87.0,0.0,한국사료총서,89.2,승정원일기,89.2
全羅道海南,3,292,259,88.7,10.8,한국사료총서,100.0,조선왕조실록,89.2
漢山城,5,860,695,80.8,10.8,한국사료총서,100.0,고순종실록,89.2
㺚,6,1543,834,54.1,10.8,한국사료총서,100.0,고순종실록,89.2
曉星,4,109,76,69.7,4.0,한국사료총서,93.1,조선왕조실록,89.1
昭格殿,2,168,147,87.5,0.0,한국사료총서,89.1,조선왕조실록,89.1
徽寧,3,2093,1824,87.1,4.8,한국사료총서,93.9,조선왕조실록,89.1
徽寧殿,3,2025,1768,87.3,5.3,한국사료총서,94.4,조선왕조실록,89.1
白山,7,983,643,65.4,11.0,한국사료총서,100.0,삼국사기,89.0
建明,3,1716,1448,84.4,3.7,한국사료총서,92.7,승정원일기,89.0
三登縣,4,411,72,17.5,11.0,승정원일기,100.0,고려사,89.0
泰陵,4,1446,1061,73.4,6.2,한국사료총서,95.2,조선왕조실록,89.0
東明王,6,361,251,69.5,0.0,삼국사기,89.0,승정원일기,89.0
萬里倉,3,89,67,75.3,0.0,한국사료총서,88.9,고순종실록,88.9
南材,2,15,8,53.3,0.0,조선왕조실록,88.9,승정원일기,88.9
西府,4,35,10,28.6,11.1,승정원일기,100.0,삼국유사,88.9
老山,4,44,14,31.8,11.1,한국사료총서,100.0,고려사,88.9
鵠嶺,3,46,17,37.0,0.0,한국사료총서,88.9,고려사,88.9
甑擊山,2,12,8,66.7,0.0,한국사료총서,88.9,조선왕조실록,88.9
鬱島,4,77,64,83.1,11.1,한국사료총서,100.0,조선왕조실록,88.9
海州首陽,2,20,12,60.0,11.1,한국사료총서,100.0,승정원일기,88.9
姬周,3,67,9,13.4,0.0,한국사료총서,88.9,조선왕조실록,88.9
華嚴宗,2,15,8,53.3,0.0,한국사료총서,88.9,조선왕조실록,88.9
讀書堂馳馬臺,2,13,5,38.5,11.1,승정원일기,100.0,조선왕조실록,88.9
鳥沒,2,19,11,57.9,11.1,한국사료총서,100.0,조선왕조실록,88.9
平壤大同江,2,16,8,50.0,11.1,한국사료총서,100.0,조선왕조실록,88.9
都乙漢,2,24,16,66.7,0.0,한국사료총서,88.9,조선왕조실록,88.9
千島,2,14,9,64.3,0.0,승정원일기,88.9,조선왕조실록,88.9
白馬城,3,35,27,77.1,11.1,한국사료총서,100.0,조선왕조실록,88.9
兄弟峯,2,16,8,50.0,0.0,한국사료총서,88.9,승정원일기,88.9
鎭海樓,3,27,20,74.1,0.0,한국사료총서,88.9,승정원일기,88.9
南郡,7,214,64,29.9,0.0,고려사절요,88.9,고순종실록,88.9
奉城,3,33,21,63.6,0.0,조선왕조실록,88.9,승정원일기,88.9
井邑縣,4,511,90,17.6,11.1,승정원일기,100.0,고려사,88.9
都城,8,5833,706,12.1,0.0,고순종실록,88.9,고려사절요,88.9
昭陽,3,83,34,41.0,0.0,한국사료총서,88.9,조선왕조실록,88.9
岐縣,5,458,82,17.9,11.1,승정원일기,100.0,삼국사기,88.9
養珍,3,17,6,35.3,11.1,한국사료총서,100.0,조선왕조실록,88.9
孟家,2,16,9,56.2,0.0,조선왕조실록,88.9,승정원일기,88.9
南池,5,61,25,41.0,0.0,고려사절요,88.9,승정원일기,88.9
矗石樓,3,65,23,35.4,0.0,한국사료총서,88.9,승정원일기,88.9
三郞,6,795,23,2.9,0.0,고순종실록,88.9,고려사,88.9
弘福山,2,15,9,60.0,0.0,한국사료총서,88.9,조선왕조실록,88.9
凌漢山城,3,35,27,77.1,11.1,한국사료총서,100.0,조선왕조실록,88.9
文山鎭,2,22,17,77.3,0.0,한국사료총서,88.9,승정원일기,88.9
廣通橋,4,246,234,95.1,11.1,한국사료총서,100.0,조선왕조실록,88.9
白巖,4,126,54,42.9,0.0,삼국사기,88.9,조선왕조실록,88.9
羅梁,2,15,8,53.3,0.0,한국사료총서,88.9,조선왕조실록,88.9
岬,6,124,56,45.2,11.1,한국사료총서,100.0,삼국사기,88.9
所川,3,19,7,36.8,11.1,한국사료총서,100.0,조선왕조실록,88.9
愛蘭,2,14,5,35.7,11.1,조선왕조실록,100.0,한국사료총서,88.9
文津,3,15,5,33.3,11.1,한국사료총서,100.0,승정원일기,88.9
烏山城,3,80,31,38.8,0.0,한국사료총서,88.9,조선왕조실록,88.9
三日浦,3,43,34,79.1,11.1,한국사료총서,100.0,조선왕조실록,88.9
咭唎,3,37,17,45.9,0.0,승정원일기,88.9,조선왕조실록,88.9
西寧,3,22,13,59.1,0.0,조선왕조실록,88.9,승정원일기,88.9
西部盤石坊古巡廳契,2,17,8,47.1,0.0,한국사료총서,88.9,승정원일기,88.9
金烏山城,3,78,29,37.2,0.0,한국사료총서,88.9,조선왕조실록,88.9
禮城,4,52,35,67.3,11.1,삼국사기,100.0,고려사,88.9
慶豐圖,2,14,8,57.1,0.0,승정원일기,88.9,조선왕조실록,88.9
所江,4,458,188,41.0,11.1,한국사료총서,100.0,고순종실록,88.9
嬴秦,3,58,9,15.5,0.0,승정원일기,88.9,조선왕조실록,88.9
金鼇,2,18,10,55.6,0.0,한국사료총서,88.9,승정원일기,88.9
紫雲,5,124,78,62.9,0.0,고려사,88.9,승정원일기,88.9
草岾,2,25,17,68.0,11.1,한국사료총서,100.0,조선왕조실록,88.9
靈山地,2,12,8,66.7,0.0,조선왕조실록,88.9,승정원일기,88.9
禿魯,5,110,44,40.0,11.1,고려사절요,100.0,승정원일기,88.9
羑里,3,42,31,73.8,0.0,한국사료총서,88.9,조선왕조실록,88.9
柳州,3,23,14,60.9,11.1,한국사료총서,100.0,승정원일기,88.9
參散,2,31,16,51.6,0.0,승정원일기,88.9,조선왕조실록,88.9
南唐,3,23,8,34.8,0.0,승정원일기,88.9,조선왕조실록,88.9
壹岐島,2,12,4,33.3,11.1,한국사료총서,100.0,승정원일기,88.9
兄山,4,39,17,43.6,0.0,승정원일기,88.9,삼국사기,88.9
八公,3,61,17,27.9,0.0,한국사료총서,88.9,조선왕조실록,88.9
驪州英,2,23,17,73.9,0.0,한국사료총서,88.9,승정원일기,88.9
龜巖,3,60,17,28.3,11.1,한국사료총서,100.0,승정원일기,88.9
關王,4,2637,1912,72.5,1.2,한국사료총서,90.0,고순종실록,88.8
綠楊,4,227,192,84.6,5.0,한국사료총서,93.8,승정원일기,88.8
奉化縣,4,468,83,17.7,11.2,승정원일기,100.0,고려사,88.8
鮮,8,37751,10795,28.6,0.0,고려사,88.8,고순종실록,88.8
安東,7,8051,6332,78.6,8.3,삼국사기,97.1,조선왕조실록,88.8
望廟,4,3126,2707,86.6,0.0,한국사료총서,88.7,승정원일기,88.7
永平,7,1983,1231,62.1,0.0,삼국유사,88.7,조선왕조실록,88.7
吾村,4,271,121,44.6,11.4,한국사료총서,100.0,조선왕조실록,88.6
淸北,4,2153,1784,82.9,10.0,한국사료총서,98.6,고순종실록,88.6
司寒,3,1007,842,83.6,0.0,조선왕조실록,88.5,승정원일기,88.5
太山,4,216,42,19.4,11.5,승정원일기,100.0,고려사,88.5
牙山倉,3,115,91,79.1,0.0,한국사료총서,88.5,승정원일기,88.5
龍洞宮,4,283,238,84.1,0.0,한국사료총서,88.5,승정원일기,88.5
鶯峯,2,47,38,80.9,0.0,한국사료총서,88.4,승정원일기,88.4
日本國對馬州,3,626,418,66.8,11.6,한국사료총서,100.0,고순종실록,88.4
全義縣,5,528,86,16.3,11.7,승정원일기,100.0,고려사,88.3
南大,7,1694,593,35.0,0.0,고려사절요,88.3,고순종실록,88.3
交河郡,5,496,79,15.9,11.7,승정원일기,100.0,고려사,88.3
桃源,4,450,175,38.9,11.7,한국사료총서,100.0,고려사,88.3
華城行宮,3,296,229,77.4,0.0,고순종실록,88.3,승정원일기,88.3
來遠,6,255,44,17.3,0.0,고순종실록,88.2,고려사절요,88.2
表訓,4,61,31,50.8,0.0,삼국유사,88.2,승정원일기,88.2
萬寧殿,3,204,94,46.1,0.0,한국사료총서,88.2,조선왕조실록,88.2
林州,5,53,29,54.7,11.8,삼국사기,100.0,고려사절요,88.2
寬毅,4,86,45,52.3,0.0,고려사,88.2,조선왕조실록,88.2
卽祚堂,3,43,27,62.8,0.0,한국사료총서,88.2,고순종실록,88.2
山海衛,2,20,15,75.0,0.0,한국사료총서,88.2,조선왕조실록,88.2
萬里峴,2,22,17,77.3,0.0,한국사료총서,88.2,승정원일기,88.2
平丘驛,3,67,55,82.1,0.0,한국사료총서,88.2,조선왕조실록,88.2
弁韓,2,60,48,80.0,0.0,승정원일기,88.2,한국사료총서,88.2
西旅,3,43,17,39.5,0.0,한국사료총서,88.2,조선왕조실록,88.2
西延,3,32,16,50.0,0.0,조선왕조실록,88.2,승정원일기,88.2
乾芝山,2,33,18,54.5,11.8,한국사료총서,100.0,승정원일기,88.2
鷹峯,3,218,199,91.3,11.8,한국사료총서,100.0,조선왕조실록,88.2
金川大,3,29,19,65.5,0.0,한국사료총서,88.2,승정원일기,88.2
洮,4,90,17,18.9,11.8,승정원일기,100.0,고려사,88.2
鴻門,2,24,17,70.8,0.0,한국사료총서,88.2,승정원일기,88.2
蕩春,4,762,709,93.0,10.0,한국사료총서,98.1,조선왕조실록,88.1
望洞,3,53,37,69.8,0.0,승정원일기,88.1,한국사료총서,88.1
新寧縣,4,424,70,16.5,11.9,승정원일기,100.0,한국사료총서,88.1
昌陵丁字閣,2,46,37,80.4,0.0,조선왕조실록,88.1,승정원일기,88.1
綠江,6,840,624,74.3,12.0,한국사료총서,100.0,고순종실록,88.0
儲廂,2,95,81,85.3,0.0,조선왕조실록,88.0,승정원일기,88.0
松溪橋,2,31,24,77.4,0.0,한국사료총서,88.0,승정원일기,88.0
虎門,3,3200,3034,94.8,8.3,한국사료총서,96.3,조선왕조실록,88.0
大報壇,4,2315,1955,84.4,0.0,한국사료총서,88.0,승정원일기,88.0
淸凉,3,216,49,22.7,12.0,한국사료총서,100.0,조선왕조실록,88.0
山淸郡,3,32,8,25.0,12.0,승정원일기,100.0,한국사료총서,88.0
㺚子,3,551,420,76.2,0.0,승정원일기,88.0,조선왕조실록,88.0
闕里,4,440,205,46.6,12.0,한국사료총서,100.0,고순종실록,88.0
延祐,5,298,183,61.4,0.0,고려사,87.9,승정원일기,87.9
典農,5,355,53,14.9,0.0,고려사,87.9,승정원일기,87.9
三角山,6,827,751,90.8,12.1,한국사료총서,100.0,고순종실록,87.9
威鳳山城,4,95,30,31.6,12.1,한국사료총서,100.0,조선왕조실록,87.9
晋城,2,61,10,16.4,12.1,조선왕조실록,100.0,한국사료총서,87.9
開城,7,12401,7472,60.3,12.1,고려사절요,100.0,고순종실록,87.9
儒城,4,102,52,51.0,12.1,승정원일기,100.0,고려사,87.9
報壇,4,2326,1958,84.2,0.0,한국사료총서,87.9,승정원일기,87.9
沁都,4,1467,1197,81.6,9.5,조선왕조실록,97.4,고순종실록,87.9
忠洪,3,421,208,49.4,11.1,한국사료총서,98.9,조선왕조실록,87.8
東良北,2,121,103,85.1,0.0,한국사료총서,87.8,조선왕조실록,87.8
雷雨壇,3,152,79,52.0,0.0,조선왕조실록,87.8,승정원일기,87.8
洪忠,4,1877,870,46.4,0.0,고순종실록,87.8,조선왕조실록,87.8
仁遮外,3,357,117,32.8,7.7,한국사료총서,95.5,조선왕조실록,87.8
龍城府大夫人墓,4,102,72,70.6,0.0,고순종실록,87.8,승정원일기,87.8
南漢山城,3,628,507,80.7,10.5,한국사료총서,98.2,조선왕조실록,87.7
慶會,5,2615,1064,40.7,0.0,고려사,87.7,조선왕조실록,87.7
建春,4,411,189,46.0,0.0,한국사료총서,87.7,조선왕조실록,87.7
馬峯,2,45,34,75.6,9.1,한국사료총서,96.8,승정원일기,87.7
嶺東,5,1962,1403,71.5,7.8,한국사료총서,95.5,승정원일기,87.7
東小門,3,223,174,78.0,9.8,한국사료총서,97.4,승정원일기,87.7
大興山,3,369,316,85.6,8.3,한국사료총서,96.0,조선왕조실록,87.7
山倉,4,787,359,45.6,1.3,한국사료총서,88.9,고순종실록,87.6
鴨綠江,6,826,620,75.1,12.4,한국사료총서,100.0,고순종실록,87.6
鳥嶺,4,977,752,77.0,12.4,한국사료총서,100.0,고순종실록,87.6
阿叱,5,69,20,29.0,0.0,고려사절요,87.5,승정원일기,87.5
泰仁邑,2,28,21,75.0,0.0,조선왕조실록,87.5,한국사료총서,87.5
古津,3,17,10,58.8,12.5,한국사료총서,100.0,조선왕조실록,87.5
襄平,3,25,7,28.0,12.5,한국사료총서,100.0,삼국사기,87.5
壽成,2,54,31,57.4,5.9,승정원일기,93.3,조선왕조실록,87.5
天寶山,2,22,7,31.8,0.0,한국사료총서,87.5,조선왕조실록,87.5
口井,2,21,9,42.9,0.0,한국사료총서,87.5,승정원일기,87.5
吾助,3,19,10,52.6,12.5,한국사료총서,100.0,조선왕조실록,87.5
崇靈兩殿,2,12,7,58.3,0.0,고순종실록,87.5,승정원일기,87.5
西歸鎭,2,16,7,43.8,0.0,한국사료총서,87.5,승정원일기,87.5
三郞城,3,21,13,61.9,12.5,한국사료총서,100.0,고려사절요,87.5
咸鏡道永興地,2,11,7,63.6,0.0,조선왕조실록,87.5,승정원일기,87.5
項山島,2,14,7,50.0,12.5,한국사료총서,100.0,고순종실록,87.5
漢人,5,2295,576,25.1,0.0,고려사,87.5,조선왕조실록,87.5
雙阜,4,35,26,74.3,12.5,한국사료총서,100.0,승정원일기,87.5
新院店,2,12,7,58.3,0.0,한국사료총서,87.5,승정원일기,87.5
嚴川,3,30,22,73.3,12.5,한국사료총서,100.0,승정원일기,87.5
西兩界,3,95,9,9.5,0.0,조선왕조실록,87.5,고려사,87.5
萬洞,3,187,94,50.3,12.5,한국사료총서,100.0,조선왕조실록,87.5
泰安倉,3,40,30,75.0,0.0,한국사료총서,87.5,승정원일기,87.5
骨城,4,61,38,62.3,12.5,삼국사기,100.0,승정원일기,87.5
會原,5,102,29,28.4,0.0,승정원일기,87.5,고려사,87.5
尊經閣,4,121,94,77.7,0.0,한국사료총서,87.5,조선왕조실록,87.5
三座門,2,98,7,7.1,0.0,한국사료총서,87.5,조선왕조실록,87.5
天津橋,3,19,12,63.2,12.5,한국사료총서,100.0,조선왕조실록,87.5
木覔,3,162,148,91.4,12.5,한국사료총서,100.0,조선왕조실록,87.5
寶文閣,6,171,30,17.5,0.0,고려사,87.5,고순종실록,87.5
安水,5,32,17,53.1,12.5,승정원일기,100.0,고려사절요,87.5
新平,4,61,41,67.2,12.5,승정원일기,100.0,고려사,87.5
惠陵紅箭門,2,12,7,58.3,0.0,조선왕조실록,87.5,승정원일기,87.5
吾助川,3,15,7,46.7,12.5,한국사료총서,100.0,조선왕조실록,87.5
赤裳,4,450,419,93.1,12.5,한국사료총서,100.0,고순종실록,87.5
華山城,2,13,7,53.8,0.0,한국사료총서,87.5,승정원일기,87.5
權現,3,75,19,25.3,0.0,한국사료총서,87.5,조선왕조실록,87.5
國仁,6,531,11,2.1,0.0,고려사,87.5,고순종실록,87.5
北齊,4,45,18,40.0,0.0,삼국사기,87.5,조선왕조실록,87.5
長陵齋室後,2,12,7,58.3,0.0,조선왕조실록,87.5,승정원일기,87.5
件加退,2,20,14,70.0,0.0,한국사료총서,87.5,조선왕조실록,87.5
畿內,6,3260,2279,69.9,0.0,고려사,87.5,고순종실록,87.5
林堂,2,13,5,38.5,12.5,한국사료총서,100.0,조선왕조실록,87.5
朝珍,3,19,12,63.2,12.5,한국사료총서,100.0,조선왕조실록,87.5
上州,5,45,24,53.3,0.0,승정원일기,87.5,삼국사기,87.5
橋浦,2,23,9,39.1,12.5,한국사료총서,100.0,승정원일기,87.5
象山,4,247,61,24.7,12.5,한국사료총서,100.0,고려사,87.5
都連,3,89,72,80.9,0.0,한국사료총서,87.5,승정원일기,87.5
水鍾,3,14,9,64.3,0.0,한국사료총서,87.5,조선왕조실록,87.5
椒島鎭,2,67,51,76.1,0.0,한국사료총서,87.5,승정원일기,87.5
老江鎭,2,14,9,64.3,0.0,한국사료총서,87.5,승정원일기,87.5
樂浪,7,294,148,50.3,0.0,고려사절요,87.5,조선왕조실록,87.5
平安南道,4,922,817,88.6,12.5,한국사료총서,100.0,조선왕조실록,87.5
可興倉,4,182,145,79.7,12.5,한국사료총서,100.0,고순종실록,87.5
靑浦,3,29,22,75.9,12.5,한국사료총서,100.0,조선왕조실록,87.5
南原城,3,35,17,48.6,12.5,한국사료총서,100.0,승정원일기,87.5
康基,3,57,7,12.3,0.0,고순종실록,87.5,한국사료총서,87.5
達溪,2,11,4,36.4,12.5,한국사료총서,100.0,조선왕조실록,87.5
靜江,2,20,9,45.0,0.0,한국사료총서,87.5,승정원일기,87.5
慶城,3,17,8,47.1,12.5,한국사료총서,100.0,조선왕조실록,87.5
伊火,3,24,15,62.5,12.5,한국사료총서,100.0,조선왕조실록,87.5
赤池,3,51,26,51.0,0.0,한국사료총서,87.5,조선왕조실록,87.5
西京城,3,17,8,47.1,0.0,조선왕조실록,87.5,고려사절요,87.5
東城,8,469,84,17.9,0.0,고순종실록,87.5,고려사절요,87.5
月峴,2,13,6,46.2,12.5,한국사료총서,100.0,승정원일기,87.5
德城,5,128,53,41.4,0.0,삼국사기,87.5,고려사절요,87.5
淸南北,4,98,52,53.1,0.0,조선왕조실록,87.5,고순종실록,87.5
永安城,2,14,7,50.0,12.5,한국사료총서,100.0,고려사,87.5
楊下,3,245,46,18.8,12.6,승정원일기,100.0,조선왕조실록,87.4
寧北,3,233,209,89.7,8.3,한국사료총서,95.8,조선왕조실록,87.4
新驛,4,160,62,38.8,12.6,조선왕조실록,100.0,고려사,87.4
始興行宮,2,97,69,71.1,0.0,조선왕조실록,87.3,승정원일기,87.3
靈壽,4,428,336,78.5,0.0,한국사료총서,87.3,승정원일기,87.3
龍骨山,3,76,41,53.9,12.8,한국사료총서,100.0,조선왕조실록,87.2
里郡,4,60,24,40.0,12.8,한국사료총서,100.0,삼국사기,87.2
全光,3,582,177,30.4,0.0,한국사료총서,87.2,조선왕조실록,87.2
平澤縣,5,542,97,17.9,12.8,승정원일기,100.0,고려사,87.2
南別殿,3,445,317,71.2,0.0,한국사료총서,87.2,조선왕조실록,87.2
谷城縣,4,612,104,17.0,12.8,승정원일기,100.0,삼국사기,87.2
京都,7,1426,394,27.6,0.0,삼국사기,87.1,고려사절요,87.1
思陵,3,1216,859,70.6,7.7,한국사료총서,94.8,조선왕조실록,87.1
松村,3,90,63,70.0,0.0,고순종실록,87.1,한국사료총서,87.1
臨津渡,3,51,21,41.2,0.0,승정원일기,87.0,조선왕조실록,87.0
懿昭,4,2246,1413,62.9,0.0,한국사료총서,87.0,고순종실록,87.0
萬壽山,4,65,41,63.1,13.0,한국사료총서,100.0,고려사,87.0
右道,6,5350,2845,53.2,0.0,고려사절요,87.0,고순종실록,87.0
元陵齋室,2,65,53,81.5,0.0,조선왕조실록,86.9,승정원일기,86.9
社稷神室,2,135,113,83.7,0.0,조선왕조실록,86.9,승정원일기,86.9
竹田,6,231,60,26.0,13.1,승정원일기,100.0,고려사절요,86.9
黃橋,4,58,33,56.9,4.8,한국사료총서,91.7,승정원일기,86.9
陰竹縣,5,636,109,17.1,13.1,승정원일기,100.0,고려사,86.9
宗廟北門,2,42,33,78.6,0.0,조선왕조실록,86.8,승정원일기,86.8
建福,6,85,50,58.8,0.0,고순종실록,86.8,승정원일기,86.8
慈慶,4,525,493,93.9,10.0,한국사료총서,96.8,승정원일기,86.8
鷄龍山,3,76,29,38.2,13.2,한국사료총서,100.0,조선왕조실록,86.8
冠山,4,145,96,66.2,7.1,한국사료총서,93.9,승정원일기,86.8
興山,3,470,370,78.7,2.5,한국사료총서,89.3,조선왕조실록,86.8
籠山,4,106,63,59.4,0.0,고려사절요,86.7,승정원일기,86.7
佛蘭,3,65,33,50.8,13.3,승정원일기,100.0,조선왕조실록,86.7
南二面,3,25,15,60.0,0.0,조선왕조실록,86.7,한국사료총서,86.7
藏經閣,2,20,15,75.0,0.0,한국사료총서,86.7,승정원일기,86.7
光化門東,2,19,13,68.4,0.0,조선왕조실록,86.7,승정원일기,86.7
宗廟大門,2,548,461,84.1,0.0,조선왕조실록,86.7,승정원일기,86.7
彌勒堂,3,46,28,60.9,0.0,한국사료총서,86.7,조선왕조실록,86.7
一歧,5,223,204,91.5,13.3,승정원일기,100.0,조선왕조실록,86.7
廣化,5,83,18,21.7,0.0,고려사,86.7,승정원일기,86.7
嶺南左道,3,60,26,43.3,0.0,조선왕조실록,86.7,승정원일기,86.7
京圻,4,271,155,57.2,0.0,고려사절요,86.7,조선왕조실록,86.7
婆,7,1060,528,49.8,0.0,삼국사기,86.7,조선왕조실록,86.7
黔丹,3,40,26,65.0,13.3,한국사료총서,100.0,승정원일기,86.7
永申,3,30,7,23.3,13.3,한국사료총서,100.0,조선왕조실록,86.7
尺面,3,61,40,65.6,0.0,조선왕조실록,86.7,한국사료총서,86.7
龜城郡,3,32,14,43.8,13.3,승정원일기,100.0,한국사료총서,86.7
先春,4,46,23,50.0,13.3,한국사료총서,100.0,고려사,86.7
雙山,2,21,8,38.1,13.3,한국사료총서,100.0,조선왕조실록,86.7
沁,4,3702,1801,48.6,9.4,한국사료총서,96.1,고순종실록,86.6
城峴,3,35,19,54.3,7.1,한국사료총서,93.8,조선왕조실록,86.6
兩南,4,3446,2147,62.3,3.1,한국사료총서,89.7,고순종실록,86.6
昭寧,4,1466,1255,85.6,0.0,한국사료총서,86.6,조선왕조실록,86.6
漢北,4,309,253,81.9,5.9,조선왕조실록,92.5,승정원일기,86.6
文殊山,4,344,262,76.2,13.5,한국사료총서,100.0,고순종실록,86.5
淸川江,5,216,177,81.9,13.5,한국사료총서,100.0,고려사절요,86.5
蝟島鎭,2,42,33,78.6,0.0,한국사료총서,86.5,승정원일기,86.5
摩雲,3,29,21,72.4,0.0,한국사료총서,86.4,승정원일기,86.4
谷城郡,4,43,17,39.5,13.6,승정원일기,100.0,조선왕조실록,86.4
幕嶺,3,333,140,42.0,3.6,한국사료총서,90.0,조선왕조실록,86.4
龍門,6,2097,1817,86.6,8.2,한국사료총서,94.6,승정원일기,86.4
大成門,2,36,20,55.6,0.0,한국사료총서,86.4,승정원일기,86.4
草原,3,44,18,40.9,13.6,한국사료총서,100.0,조선왕조실록,86.4
安東鎭,3,44,15,34.1,13.6,한국사료총서,100.0,조선왕조실록,86.4
鷗亭,3,85,72,84.7,11.1,한국사료총서,97.5,승정원일기,86.4
崇義,4,554,443,80.0,0.0,한국사료총서,86.4,승정원일기,86.4
風雲雷雨壇,3,147,76,51.7,0.0,조선왕조실록,86.4,승정원일기,86.4
庇仁縣,5,742,128,17.3,13.6,승정원일기,100.0,고순종실록,86.4
寶山,4,129,63,48.8,13.7,한국사료총서,100.0,고려사,86.3
孝章廟,3,538,457,84.9,0.0,한국사료총서,86.3,승정원일기,86.3
童巾,2,57,40,70.2,11.1,한국사료총서,97.4,조선왕조실록,86.3
崇恩,3,120,97,80.8,0.0,한국사료총서,86.3,승정원일기,86.3
灣府,4,2901,2406,82.9,12.0,조선왕조실록,98.2,고순종실록,86.2
畿邑,4,3453,1093,31.7,0.0,조선왕조실록,86.2,고순종실록,86.2
曳橋,2,33,25,75.8,0.0,한국사료총서,86.2,조선왕조실록,86.2
羅,8,89667,40649,45.3,3.4,삼국유사,89.6,고순종실록,86.2
慶興,5,3672,2709,73.8,12.5,고려사,98.6,고순종실록,86.1
孝徽,3,562,466,82.9,0.0,한국사료총서,86.0,승정원일기,86.0
寧縣,7,3273,651,19.9,14.1,승정원일기,100.0,삼국사기,85.9
晴川,3,244,109,44.7,14.1,한국사료총서,100.0,조선왕조실록,85.9
西海路,2,87,68,78.2,0.0,승정원일기,85.9,조선왕조실록,85.9
漢江,6,3276,2867,87.5,14.2,한국사료총서,100.0,삼국사기,85.8
梁文,3,225,25,11.1,2.4,한국사료총서,88.2,조선왕조실록,85.8
昌寧縣,5,566,103,18.2,14.2,승정원일기,100.0,고려사,85.8
加利,6,160,119,74.4,4.3,승정원일기,90.2,한국사료총서,85.8
漢城府,4,18717,4008,21.4,9.0,한국사료총서,94.8,고순종실록,85.8
燕尾亭,3,103,87,84.5,12.5,한국사료총서,98.3,승정원일기,85.8
南將臺,3,27,15,55.6,0.0,한국사료총서,85.7,승정원일기,85.7
金烏鎭,3,13,7,53.8,14.3,한국사료총서,100.0,조선왕조실록,85.7
慰禮城,4,37,25,67.6,14.3,삼국사기,100.0,조선왕조실록,85.7
觀風閣,2,13,7,53.8,0.0,한국사료총서,85.7,승정원일기,85.7
月溪,3,41,16,39.0,14.3,한국사료총서,100.0,조선왕조실록,85.7
俄夷,3,58,6,10.3,0.0,승정원일기,85.7,고순종실록,85.7
長葛,2,15,6,40.0,0.0,한국사료총서,85.7,승정원일기,85.7
雪嶽,3,31,12,38.7,0.0,한국사료총서,85.7,조선왕조실록,85.7
松倉,2,11,7,63.6,0.0,한국사료총서,85.7,승정원일기,85.7
權現堂,3,55,18,32.7,0.0,한국사료총서,85.7,조선왕조실록,85.7
背屯,2,12,5,41.7,14.3,한국사료총서,100.0,조선왕조실록,85.7
魚川驛,3,24,16,66.7,0.0,한국사료총서,85.7,조선왕조실록,85.7
省草,3,35,15,42.9,0.0,한국사료총서,85.7,조선왕조실록,85.7
東西兩界,3,91,8,8.8,0.0,조선왕조실록,85.7,고려사,85.7
羅城,6,69,17,24.6,0.0,고려사절요,85.7,승정원일기,85.7
桐華,5,37,11,29.7,0.0,고려사,85.7,승정원일기,85.7
北城山,2,15,6,40.0,0.0,한국사료총서,85.7,승정원일기,85.7
咸鏡道六鎭,2,28,13,46.4,0.0,조선왕조실록,85.7,승정원일기,85.7
關西淸,2,20,12,60.0,0.0,조선왕조실록,85.7,승정원일기,85.7
北原,5,50,31,62.0,14.3,조선왕조실록,100.0,승정원일기,85.7
龍興江,3,41,29,70.7,14.3,한국사료총서,100.0,조선왕조실록,85.7
尙州道,4,33,20,60.6,14.3,한국사료총서,100.0,조선왕조실록,85.7
史呑,3,17,9,52.9,14.3,한국사료총서,100.0,조선왕조실록,85.7
三忠祠,3,36,25,69.4,0.0,한국사료총서,85.7,조선왕조실록,85.7
匙山,3,14,8,57.1,14.3,한국사료총서,100.0,조선왕조실록,85.7
沙梁部,3,19,10,52.6,0.0,삼국유사,85.7,한국사료총서,85.7
水落山,3,21,15,71.4,14.3,한국사료총서,100.0,조선왕조실록,85.7
公州牧,5,802,286,35.7,0.0,삼국유사,85.7,고순종실록,85.7
西右道,2,30,19,63.3,0.0,조선왕조실록,85.7,승정원일기,85.7
蘇泰,3,18,10,55.6,14.3,승정원일기,100.0,고려사,85.7
亏叱浦,2,10,4,40.0,14.3,한국사료총서,100.0,조선왕조실록,85.7
延禧,4,248,192,77.4,0.0,고려사,85.7,승정원일기,85.7
北宋,3,28,6,21.4,0.0,승정원일기,85.7,조선왕조실록,85.7
華甫,2,13,7,53.8,14.3,한국사료총서,100.0,조선왕조실록,85.7
麒麟島,3,22,15,68.2,14.3,한국사료총서,100.0,조선왕조실록,85.7
舂陵,3,40,23,57.5,0.0,한국사료총서,85.7,조선왕조실록,85.7
龍城大君墓,2,17,12,70.6,0.0,조선왕조실록,85.7,승정원일기,85.7
龍灣館,3,48,42,87.5,14.3,한국사료총서,100.0,조선왕조실록,85.7
華城舊舊鄕校基,2,12,6,50.0,0.0,조선왕조실록,85.7,승정원일기,85.7
槐台,3,22,12,54.5,14.3,한국사료총서,100.0,승정원일기,85.7
高嶺鎭,3,46,40,87.0,14.3,한국사료총서,100.0,조선왕조실록,85.7
朝峴,3,46,27,58.7,0.0,한국사료총서,85.7,조선왕조실록,85.7
上都,5,802,40,5.0,0.0,조선왕조실록,85.7,고려사절요,85.7
巴水,2,11,5,45.5,14.3,한국사료총서,100.0,조선왕조실록,85.7
帶方郡,4,26,14,53.8,14.3,삼국사기,100.0,조선왕조실록,85.7
堂底,3,25,9,36.0,0.0,승정원일기,85.7,조선왕조실록,85.7
盤松池,3,18,10,55.6,0.0,한국사료총서,85.7,조선왕조실록,85.7
波里,2,17,11,64.7,14.3,조선왕조실록,100.0,한국사료총서,85.7
廣城鎭,2,12,6,50.0,14.3,한국사료총서,100.0,고순종실록,85.7
兒島,4,73,40,54.8,14.3,고순종실록,100.0,조선왕조실록,85.7
習比,4,26,12,46.2,0.0,승정원일기,85.7,한국사료총서,85.7
水踰峴,3,30,22,73.3,14.3,한국사료총서,100.0,조선왕조실록,85.7
中正殿,2,32,7,21.9,0.0,한국사료총서,85.7,조선왕조실록,85.7
順昌,5,515,265,51.5,0.0,고려사,85.7,고순종실록,85.7
馬頭山,2,12,6,50.0,14.3,한국사료총서,100.0,조선왕조실록,85.7
鼎足山,4,251,227,90.4,14.3,한국사료총서,100.0,고순종실록,85.7
不朝峴,3,42,24,57.1,0.0,한국사료총서,85.7,조선왕조실록,85.7
駕洛,5,150,81,54.0,0.0,삼국유사,85.7,조선왕조실록,85.7
高沙里,3,40,34,85.0,14.3,승정원일기,100.0,한국사료총서,85.7
玉江鎭,2,17,11,64.7,14.3,한국사료총서,100.0,승정원일기,85.7
卞韓,6,77,28,36.4,0.0,고려사,85.7,한국사료총서,85.7
浦村,4,114,50,43.9,14.3,조선왕조실록,100.0,삼국사기,85.7
背串,3,21,15,71.4,14.3,한국사료총서,100.0,조선왕조실록,85.7
吾老梁,3,381,184,48.3,14.3,한국사료총서,100.0,조선왕조실록,85.7
文化郡,2,25,6,24.0,14.3,승정원일기,100.0,고순종실록,85.7
鷹峰,3,126,114,90.5,14.3,한국사료총서,100.0,조선왕조실록,85.7
北元,5,134,27,20.1,0.0,승정원일기,85.7,조선왕조실록,85.7
獜山,3,72,23,31.9,14.3,한국사료총서,100.0,조선왕조실록,85.7
獫狁,2,10,6,60.0,0.0,승정원일기,85.7,조선왕조실록,85.7
守山堤,2,17,12,70.6,0.0,한국사료총서,85.7,조선왕조실록,85.7
倉德,2,15,9,60.0,14.3,승정원일기,100.0,조선왕조실록,85.7
安源,2,10,4,40.0,14.3,승정원일기,100.0,조선왕조실록,85.7
先春嶺,4,22,16,72.7,14.3,한국사료총서,100.0,조선왕조실록,85.7
高山道,3,60,37,61.7,0.0,한국사료총서,85.7,조선왕조실록,85.7
秋風嶺,3,73,61,83.6,14.3,한국사료총서,100.0,조선왕조실록,85.7
寶賢,3,189,125,66.1,14.3,한국사료총서,100.0,고순종실록,85.7
楓岳,4,39,13,33.3,0.0,한국사료총서,85.7,조선왕조실록,85.7
彌勒院,2,19,11,57.9,14.3,한국사료총서,100.0,조선왕조실록,85.7
左蘇,3,19,12,63.2,0.0,한국사료총서,85.7,고려사절요,85.7
靑丹驛,3,32,23,71.9,14.3,한국사료총서,100.0,조선왕조실록,85.7
慶尙道金海,3,183,170,92.9,14.3,한국사료총서,100.0,조선왕조실록,85.7
佛谷,2,11,5,45.5,14.3,한국사료총서,100.0,조선왕조실록,85.7
昌保,2,12,6,50.0,14.3,한국사료총서,100.0,조선왕조실록,85.7
興義,5,177,51,28.8,14.4,조선왕조실록,100.0,고려사절요,85.6
歡慶,4,1177,969,82.3,0.0,한국사료총서,85.5,승정원일기,85.5
內面,3,973,495,50.9,3.8,조선왕조실록,89.3,한국사료총서,85.5
都里,5,362,276,76.2,0.0,고려사,85.5,조선왕조실록,85.5
金溪,2,282,237,84.0,0.0,승정원일기,85.5,한국사료총서,85.5
對馬州,4,1632,1222,74.9,14.6,한국사료총서,100.0,고순종실록,85.4
俄,8,25216,1503,6.0,0.0,고려사,85.4,고순종실록,85.4
大韓國,3,93,62,66.7,12.5,승정원일기,97.9,고순종실록,85.4
興福,6,652,339,52.0,0.0,고려사,85.4,고순종실록,85.4
威鳳山,4,96,31,32.3,14.7,한국사료총서,100.0,조선왕조실록,85.3
蜂峴,3,283,234,82.7,0.0,한국사료총서,85.3,승정원일기,85.3
仁化,4,357,174,48.7,2.2,한국사료총서,87.5,고순종실록,85.3
木覓,6,1010,933,92.4,14.7,한국사료총서,100.0,고순종실록,85.3
大報,4,2466,1985,80.5,0.0,한국사료총서,85.2,승정원일기,85.2
太倉州,2,42,19,45.2,14.8,한국사료총서,100.0,승정원일기,85.2
蘇州府,3,99,47,47.5,14.8,한국사료총서,100.0,조선왕조실록,85.2
通海,5,93,27,29.0,5.7,승정원일기,90.9,고려사,85.2
基郡,5,648,123,19.0,14.8,승정원일기,100.0,삼국사기,85.2
黃江,3,130,82,63.1,14.8,한국사료총서,100.0,조선왕조실록,85.2
梧木,4,69,33,47.8,14.8,조선왕조실록,100.0,고순종실록,85.2
宣義門,4,85,23,27.1,0.0,고려사,85.2,조선왕조실록,85.2
川城,5,424,257,60.6,0.0,고순종실록,85.1,한국사료총서,85.1
奧,5,2155,129,6.0,0.0,고려사,85.0,고순종실록,85.0
壯義,4,116,76,65.5,0.0,고순종실록,85.0,한국사료총서,85.0
敬思,3,230,185,80.4,0.0,한국사료총서,85.0,승정원일기,85.0
龍南,3,33,23,69.7,0.0,조선왕조실록,85.0,승정원일기,85.0
凌漢,3,95,65,68.4,4.5,한국사료총서,89.6,조선왕조실록,85.0
元魏,3,95,36,37.9,0.0,승정원일기,85.0,조선왕조실록,85.0
湖西右道,2,29,18,62.1,0.0,조선왕조실록,85.0,승정원일기,85.0
會同館,4,158,58,36.7,0.0,고려사,85.0,조선왕조실록,85.0
伊集院,4,82,51,62.2,0.0,고순종실록,85.0,조선왕조실록,85.0
永成門內,2,32,17,53.1,0.0,고순종실록,85.0,승정원일기,85.0
靑岩,3,65,26,40.0,15.0,승정원일기,100.0,조선왕조실록,85.0
潭,6,10604,2184,20.6,15.0,승정원일기,100.0,고려사절요,85.0
覺華,3,64,29,45.3,15.0,한국사료총서,100.0,조선왕조실록,85.0
永安,7,2240,1450,64.7,0.0,고순종실록,84.9,조선왕조실록,84.9
永春縣,5,469,94,20.0,15.1,승정원일기,100.0,고려사,84.9
啓聖廟,3,170,120,70.6,0.0,한국사료총서,84.8,승정원일기,84.8
殷栗縣,4,616,114,18.5,15.2,승정원일기,100.0,고려사,84.8
東北道,2,54,40,74.1,0.0,조선왕조실록,84.8,승정원일기,84.8
鼎足山城,4,210,193,91.9,15.4,한국사료총서,100.0,고순종실록,84.6
多初,2,21,8,38.1,15.4,승정원일기,100.0,한국사료총서,84.6
通泰,4,41,17,41.5,0.0,승정원일기,84.6,고려사,84.6
北一面,4,53,34,64.2,0.0,조선왕조실록,84.6,한국사료총서,84.6
翠屛,3,39,11,28.2,0.0,승정원일기,84.6,조선왕조실록,84.6
東華,4,133,27,20.3,0.0,고려사,84.6,조선왕조실록,84.6
鬼方,3,34,12,35.3,0.0,한국사료총서,84.6,조선왕조실록,84.6
淸涼,4,679,137,20.2,15.4,조선왕조실록,100.0,고순종실록,84.6
磨谷,2,25,14,56.0,15.4,한국사료총서,100.0,조선왕조실록,84.6
望月臺,2,25,13,52.0,0.0,한국사료총서,84.6,승정원일기,84.6
天台,4,48,14,29.2,0.0,고려사,84.6,조선왕조실록,84.6
麟山,4,574,369,64.3,15.4,한국사료총서,100.0,고순종실록,84.6
江南省蘇州府,2,65,32,49.2,15.4,한국사료총서,100.0,승정원일기,84.6
麗太祖陵,3,38,24,63.2,0.0,한국사료총서,84.6,승정원일기,84.6
歸州,5,66,46,69.7,15.4,한국사료총서,100.0,고순종실록,84.6
湖西左,3,41,23,56.1,0.0,조선왕조실록,84.6,승정원일기,84.6
摩山,2,36,14,38.9,15.4,한국사료총서,100.0,승정원일기,84.6
漢村,3,24,10,41.7,15.4,승정원일기,100.0,고려사,84.6
黃龍城,2,24,13,54.2,15.4,한국사료총서,100.0,승정원일기,84.6
於蘭鎭,2,16,11,68.8,0.0,한국사료총서,84.6,승정원일기,84.6
福陵,2,20,9,45.0,15.4,한국사료총서,100.0,조선왕조실록,84.6
馬州,4,1701,1276,75.0,15.5,한국사료총서,100.0,고순종실록,84.5
於義宮,4,567,497,87.7,7.1,한국사료총서,91.7,승정원일기,84.5
畿沿,4,574,321,55.9,0.0,조선왕조실록,84.4,고순종실록,84.4
箭串,3,768,679,88.4,6.7,한국사료총서,91.0,조선왕조실록,84.3
淸門,3,485,448,92.4,14.7,한국사료총서,99.0,승정원일기,84.3
開城府,6,4951,3703,74.8,12.9,고려사절요,97.2,고순종실록,84.3
惠山鎭,4,63,51,81.0,12.5,한국사료총서,96.8,조선왕조실록,84.3
水口門,3,384,282,73.4,2.3,한국사료총서,86.6,승정원일기,84.3
永昌大君墓,2,22,16,72.7,0.0,조선왕조실록,84.2,승정원일기,84.2
連原,4,317,200,63.1,15.8,한국사료총서,100.0,고순종실록,84.2
骨浦,3,154,129,83.8,15.8,승정원일기,100.0,조선왕조실록,84.2
莽牛哨,3,50,36,72.0,0.0,승정원일기,84.2,한국사료총서,84.2
華殿,5,142,92,64.8,0.0,고려사,84.2,승정원일기,84.2
安骨浦,3,140,117,83.6,15.8,승정원일기,100.0,조선왕조실록,84.2
於赤島,3,27,19,70.4,0.0,한국사료총서,84.2,조선왕조실록,84.2
阿蘭,4,68,26,38.2,0.0,삼국유사,84.2,조선왕조실록,84.2
資善,4,67,44,65.7,0.0,한국사료총서,84.2,조선왕조실록,84.2
復學,3,77,58,75.3,0.0,조선왕조실록,84.1,승정원일기,84.1
雙溪,3,167,62,37.1,10.8,한국사료총서,94.9,승정원일기,84.1
延秋,3,113,79,69.9,0.0,한국사료총서,84.1,승정원일기,84.1
慈山府,4,524,100,19.1,16.0,승정원일기,100.0,고순종실록,84.0
湖南左道,2,39,22,56.4,0.0,조선왕조실록,84.0,승정원일기,84.0
鼻白,3,56,35,62.5,0.0,한국사료총서,84.0,승정원일기,84.0
金吾門,4,1637,1319,80.6,0.0,고순종실록,84.0,승정원일기,84.0
延慶,5,656,222,33.8,0.0,고려사절요,84.0,승정원일기,84.0
通津縣,4,242,64,26.4,16.0,승정원일기,100.0,고려사,84.0
曹溪,4,100,35,35.0,0.0,한국사료총서,84.0,조선왕조실록,84.0
聖堂,4,352,277,78.7,9.7,한국사료총서,93.5,조선왕조실록,83.9
箭串一,2,60,47,78.3,0.0,조선왕조실록,83.9,승정원일기,83.9
耽,7,2855,1365,47.8,0.0,삼국사기,83.9,고려사,83.9
北洋,3,233,79,33.9,6.2,한국사료총서,90.2,승정원일기,83.9
王京,7,764,116,15.2,0.0,고순종실록,83.9,고려사,83.9
鐵橋,2,89,49,55.1,3.2,한국사료총서,87.0,승정원일기,83.8
吾叉,4,386,184,47.7,16.2,한국사료총서,100.0,조선왕조실록,83.8
陽城,6,2116,1370,64.7,16.2,고려사,100.0,고순종실록,83.8
集春,3,2600,2169,83.4,0.0,한국사료총서,83.8,승정원일기,83.8
山東,8,1916,1122,58.6,0.0,삼국유사,83.8,조선왕조실록,83.8
延英,6,910,717,78.8,0.0,고려사,83.7,승정원일기,83.7
西都,5,309,162,52.4,8.8,조선왕조실록,92.5,고려사절요,83.7
淨土,4,113,45,39.8,0.0,삼국사기,83.7,조선왕조실록,83.7
鼎足,4,438,295,67.4,11.9,한국사료총서,95.5,고순종실록,83.6
玉果縣,5,811,372,45.9,16.4,조선왕조실록,100.0,고려사,83.6
西江,6,915,666,72.8,16.4,한국사료총서,100.0,고순종실록,83.6
隋,8,1383,462,33.4,0.0,고려사절요,83.5,조선왕조실록,83.5
北苑,4,885,653,73.8,0.0,한국사료총서,83.5,승정원일기,83.5
蠶室,4,327,106,32.4,0.0,고순종실록,83.5,승정원일기,83.5
嶺,8,45501,24150,53.1,8.3,한국사료총서,91.7,삼국사기,83.4
普光,3,76,25,32.9,2.3,한국사료총서,85.7,조선왕조실록,83.4
龍溪縣,2,18,8,44.4,16.7,한국사료총서,100.0,승정원일기,83.3
頓山,3,12,5,41.7,0.0,승정원일기,83.3,조선왕조실록,83.3
社稷壇,6,527,106,20.1,0.0,고려사,83.3,고순종실록,83.3
靑龍山,3,58,20,34.5,0.0,한국사료총서,83.3,승정원일기,83.3
龍媒梁,2,18,13,72.2,16.7,승정원일기,100.0,조선왕조실록,83.3
甲斐,2,24,10,41.7,0.0,승정원일기,83.3,조선왕조실록,83.3
烏兒,2,23,8,34.8,16.7,한국사료총서,100.0,조선왕조실록,83.3
黃海道長山以北,2,10,5,50.0,0.0,고순종실록,83.3,승정원일기,83.3
古里串,3,15,10,66.7,16.7,한국사료총서,100.0,조선왕조실록,83.3
濟州大靜縣,3,20,15,75.0,16.7,한국사료총서,100.0,조선왕조실록,83.3
魚山,2,32,11,34.4,16.7,한국사료총서,100.0,조선왕조실록,83.3
結城倉,3,28,20,71.4,0.0,한국사료총서,83.3,조선왕조실록,83.3
槐,8,5766,1888,32.7,0.0,삼국유사,83.3,고려사절요,83.3
荊江,3,16,10,62.5,16.7,한국사료총서,100.0,승정원일기,83.3
淡烟,2,12,5,41.7,0.0,한국사료총서,83.3,조선왕조실록,83.3
嶺南安東,2,16,10,62.5,16.7,조선왕조실록,100.0,승정원일기,83.3
長興,7,5685,2739,48.2,0.0,삼국유사,83.3,고순종실록,83.3
圓寂,2,40,6,15.0,0.0,한국사료총서,83.3,조선왕조실록,83.3
高坪,2,24,10,41.7,0.0,승정원일기,83.3,한국사료총서,83.3
楓橋,2,22,15,68.2,0.0,한국사료총서,83.3,승정원일기,83.3
洛平,3,15,6,40.0,16.7,한국사료총서,100.0,조선왕조실록,83.3
育英公院,3,93,21,22.6,0.0,한국사료총서,83.3,고순종실록,83.3
光陽,6,1962,1444,73.6,16.7,고려사절요,100.0,고순종실록,83.3
沃沮,5,75,49,65.3,0.0,삼국유사,83.3,조선왕조실록,83.3
安悅,5,24,6,25.0,0.0,고려사,83.3,조선왕조실록,83.3
泥河,2,13,8,61.5,16.7,한국사료총서,100.0,삼국사기,83.3
忠州府,3,42,36,85.7,16.7,한국사료총서,100.0,고순종실록,83.3
押海,5,46,41,89.1,16.7,한국사료총서,100.0,조선왕조실록,83.3
西北界,4,33,15,45.5,0.0,조선왕조실록,83.3,고려사,83.3
禾積淵,3,35,30,85.7,16.7,한국사료총서,100.0,조선왕조실록,83.3
要項,2,11,6,54.5,16.7,한국사료총서,100.0,조선왕조실록,83.3
道東書院,3,44,34,77.3,16.7,한국사료총서,100.0,조선왕조실록,83.3
忠祠,4,403,227,56.3,0.0,한국사료총서,83.3,고순종실록,83.3
麗太祖墓,2,11,5,45.5,0.0,조선왕조실록,83.3,승정원일기,83.3
荷衣島,2,18,13,72.2,16.7,한국사료총서,100.0,승정원일기,83.3
獨島,2,9,5,55.6,0.0,승정원일기,83.3,한국사료총서,83.3
眞海,3,28,18,64.3,16.7,한국사료총서,100.0,승정원일기,83.3
德池,3,139,91,65.5,10.0,한국사료총서,93.3,조선왕조실록,83.3
咸鏡道德源地,2,9,5,55.6,0.0,조선왕조실록,83.3,승정원일기,83.3
砥平縣,6,731,145,19.8,16.7,승정원일기,100.0,고려사절요,83.3
表忠祠,3,51,28,54.9,0.0,한국사료총서,83.3,조선왕조실록,83.3
雩祀,5,1504,1048,69.7,0.0,고려사,83.3,승정원일기,83.3
吾川,3,25,18,72.0,16.7,한국사료총서,100.0,승정원일기,83.3
義城縣,5,616,119,19.3,16.7,승정원일기,100.0,고려사,83.3
蔓嶺,3,17,12,70.6,16.7,한국사료총서,100.0,조선왕조실록,83.3
阿吾地堡,3,24,15,62.5,16.7,승정원일기,100.0,조선왕조실록,83.3
京甸,2,19,10,52.6,0.0,조선왕조실록,83.3,승정원일기,83.3
開元寺,2,18,6,33.3,0.0,한국사료총서,83.3,승정원일기,83.3
昌化,5,49,28,57.1,0.0,승정원일기,83.3,조선왕조실록,83.3
吉利國,3,32,16,50.0,16.7,승정원일기,100.0,조선왕조실록,83.3
興業銀行,2,11,5,45.5,16.7,승정원일기,100.0,고순종실록,83.3
寧越府,4,556,112,20.1,0.0,고순종실록,83.3,한국사료총서,83.3
委谷,2,9,4,44.4,16.7,승정원일기,100.0,한국사료총서,83.3
宣化堂,3,121,57,47.1,0.0,한국사료총서,83.3,조선왕조실록,83.3
江原道高城,3,72,66,91.7,16.7,한국사료총서,100.0,승정원일기,83.3
大城,7,167,45,26.9,0.0,고려사절요,83.3,삼국사기,83.3
琇陽城,2,10,5,50.0,16.7,한국사료총서,100.0,승정원일기,83.3
白也串,2,11,6,54.5,16.7,한국사료총서,100.0,승정원일기,83.3
太廟洞,3,35,21,60.0,16.7,조선왕조실록,100.0,한국사료총서,83.3
注葉,2,19,14,73.7,16.7,한국사료총서,100.0,조선왕조실록,83.3
四美堂,2,13,5,38.5,0.0,한국사료총서,83.3,승정원일기,83.3
臨河,4,149,119,79.9,16.7,승정원일기,100.0,고려사,83.3
雙水,2,30,6,20.0,0.0,한국사료총서,83.3,승정원일기,83.3
東明王廟,3,15,5,33.3,0.0,조선왕조실록,83.3,승정원일기,83.3
豐德校宮,2,10,5,50.0,0.0,조선왕조실록,83.3,승정원일기,83.3
渼陰,3,126,118,93.7,16.7,한국사료총서,100.0,조선왕조실록,83.3
鎭江山,3,23,7,30.4,0.0,한국사료총서,83.3,조선왕조실록,83.3
七佛,2,23,8,34.8,16.7,한국사료총서,100.0,승정원일기,83.3
加耶,5,98,13,13.3,0.0,승정원일기,83.3,한국사료총서,83.3
竹林,5,266,76,28.6,16.7,한국사료총서,100.0,고려사절요,83.3
尹城,3,28,8,28.6,0.0,승정원일기,83.3,삼국사기,83.3
斜下,3,32,15,46.9,0.0,승정원일기,83.3,조선왕조실록,83.3
臨安,3,67,40,59.7,0.0,한국사료총서,83.3,조선왕조실록,83.3
紀功祠,2,11,6,54.5,0.0,한국사료총서,83.3,승정원일기,83.3
益水,3,13,5,38.5,0.0,승정원일기,83.3,조선왕조실록,83.3
聖祠,4,437,290,66.4,0.0,한국사료총서,83.3,고순종실록,83.3
伊城,5,40,22,55.0,0.0,승정원일기,83.3,고려사,83.3
銅仙,2,17,11,64.7,0.0,한국사료총서,83.3,승정원일기,83.3
獒樹驛,3,28,15,53.6,16.7,한국사료총서,100.0,조선왕조실록,83.3
八角亭,3,18,6,33.3,0.0,한국사료총서,83.3,승정원일기,83.3
渭橋,3,37,27,73.0,0.0,한국사료총서,83.3,조선왕조실록,83.3
摛文,4,870,649,74.6,0.0,한국사료총서,83.3,고순종실록,83.3
惠陵,4,1767,1429,80.9,16.7,한국사료총서,100.0,조선왕조실록,83.3
巷里,2,15,5,33.3,0.0,승정원일기,83.3,한국사료총서,83.3
沙斤驛,3,25,15,60.0,16.7,한국사료총서,100.0,조선왕조실록,83.3
海西黃州,2,10,4,40.0,16.7,조선왕조실록,100.0,승정원일기,83.3
無訖,3,22,5,22.7,0.0,승정원일기,83.3,조선왕조실록,83.3
班城,5,59,27,45.8,16.7,조선왕조실록,100.0,고려사절요,83.3
日本長崎,3,22,13,59.1,16.7,승정원일기,100.0,조선왕조실록,83.3
加乙浦,2,12,6,50.0,16.7,한국사료총서,100.0,조선왕조실록,83.3
速平,2,24,15,62.5,0.0,한국사료총서,83.3,조선왕조실록,83.3
長德山,3,19,9,47.4,16.7,한국사료총서,100.0,조선왕조실록,83.3
稷壇,6,565,118,20.9,0.0,고려사,83.3,고순종실록,83.3
漢陽府,3,39,17,43.6,16.7,고려사절요,100.0,조선왕조실록,83.3
魚游,4,365,168,46.0,16.7,한국사료총서,100.0,고순종실록,83.3
椒子,3,22,9,40.9,0.0,한국사료총서,83.3,승정원일기,83.3
慕華官,2,9,5,55.6,0.0,한국사료총서,83.3,승정원일기,83.3
慶尙下道,2,9,4,44.4,16.7,조선왕조실록,100.0,승정원일기,83.3
福建省泉州府同安縣,2,16,6,37.5,16.7,한국사료총서,100.0,승정원일기,83.3
多浦,3,33,13,39.4,16.7,승정원일기,100.0,조선왕조실록,83.3
峯道只,2,9,5,55.6,0.0,한국사료총서,83.3,승정원일기,83.3
開寧,6,1175,862,73.4,16.7,고려사절요,100.0,고순종실록,83.3
牟,8,7729,218,2.8,0.0,고순종실록,83.3,삼국유사,83.3
桶兒,3,38,5,13.2,0.0,승정원일기,83.3,조선왕조실록,83.3
長樂宮,4,34,21,61.8,0.0,고려사,83.3,조선왕조실록,83.3
愼妃廟,2,9,5,55.6,0.0,조선왕조실록,83.3,승정원일기,83.3
江原道杆城,3,74,68,91.9,16.7,한국사료총서,100.0,조선왕조실록,83.3
仇羅梁,2,11,5,45.5,0.0,한국사료총서,83.3,조선왕조실록,83.3
崇明,4,151,77,51.0,0.0,고려사,83.3,승정원일기,83.3
披香,2,13,5,38.5,0.0,한국사료총서,83.3,승정원일기,83.3
就善,3,80,31,38.8,0.0,한국사료총서,83.3,조선왕조실록,83.3
江原嶺西,2,15,5,33.3,0.0,조선왕조실록,83.3,승정원일기,83.3
輸城道,3,36,17,47.2,0.0,한국사료총서,83.3,조선왕조실록,83.3
船村,2,13,7,53.8,16.7,승정원일기,100.0,한국사료총서,83.3
九州,7,635,312,49.1,0.0,삼국사기,83.3,고순종실록,83.3
白石浦,2,12,7,58.3,16.7,한국사료총서,100.0,승정원일기,83.3
祖月,2,13,5,38.5,16.7,한국사료총서,100.0,고려사,83.3
殷周,4,219,8,3.7,0.0,고려사,83.3,조선왕조실록,83.3
畿西,2,17,11,64.7,0.0,조선왕조실록,83.3,승정원일기,83.3
惠任,2,11,5,45.5,0.0,승정원일기,83.3,조선왕조실록,83.3
大政殿,2,9,5,55.6,0.0,한국사료총서,83.3,조선왕조실록,83.3
慰禮,5,205,34,16.6,5.7,조선왕조실록,88.9,삼국사기,83.2
化東,4,190,141,74.2,0.0,고순종실록,83.1,승정원일기,83.1
章廟,3,566,464,82.0,0.0,한국사료총서,83.1,승정원일기,83.1
厚昌,3,356,193,54.2,16.9,한국사료총서,100.0,고순종실록,83.1
下契,3,180,128,71.1,0.0,조선왕조실록,83.1,승정원일기,83.1
泮宮,5,2638,1232,46.7,0.0,고려사,83.1,고순종실록,83.1
兔山縣,4,456,95,20.8,17.0,승정원일기,100.0,고순종실록,83.0
平虜,4,92,37,40.2,4.5,조선왕조실록,87.5,고려사,83.0
普賢,7,222,80,36.0,0.0,삼국사기,83.0,조선왕조실록,83.0
楊根郡,5,810,162,20.0,17.0,승정원일기,100.0,고려사,83.0
太廟,5,11532,7751,67.2,0.0,고려사,83.0,승정원일기,83.0
成歡驛,4,163,128,78.5,8.3,한국사료총서,91.3,승정원일기,82.9
扶餘,8,1643,1122,68.3,17.1,삼국유사,100.0,고순종실록,82.9
務安縣,5,886,189,21.3,17.1,승정원일기,100.0,고려사,82.9
奉天府,4,199,50,25.1,17.1,한국사료총서,100.0,고순종실록,82.9
白頭,6,815,423,51.9,1.8,한국사료총서,84.6,승정원일기,82.9
未央,3,91,44,48.4,0.0,한국사료총서,82.8,조선왕조실록,82.8
釜山港,4,177,150,84.7,17.2,한국사료총서,100.0,승정원일기,82.8
嘉平,5,100,51,51.0,0.0,삼국유사,82.8,조선왕조실록,82.8
金門,4,1300,1073,82.5,4.8,한국사료총서,87.7,승정원일기,82.8
昌寧郡,2,38,13,34.2,17.2,승정원일기,100.0,고려사,82.8
項嶺,3,84,48,57.1,3.7,한국사료총서,86.4,조선왕조실록,82.7
奉恩,7,1515,116,7.7,0.0,고려사,82.7,조선왕조실록,82.7
大院君墓所,3,148,110,74.3,0.0,고순종실록,82.7,승정원일기,82.7
道北,4,302,174,57.6,0.0,고려사,82.7,승정원일기,82.7
山縣,8,10686,2478,23.2,17.3,고순종실록,100.0,삼국유사,82.7
莊陵,4,1384,917,66.3,0.0,한국사료총서,82.6,조선왕조실록,82.6
有庳,3,112,38,33.9,0.0,한국사료총서,82.6,조선왕조실록,82.6
慶宮,6,29130,14193,48.7,0.0,고려사절요,82.5,조선왕조실록,82.5
江南省蘇州,2,66,33,50.0,17.5,한국사료총서,100.0,승정원일기,82.5
助泥鎭,2,25,17,68.0,0.0,한국사료총서,82.4,승정원일기,82.4
蒙人,5,121,14,11.6,0.0,고려사,82.4,조선왕조실록,82.4
興海郡,5,666,139,20.9,17.6,승정원일기,100.0,고려사,82.4
萊州府,2,23,9,39.1,17.6,한국사료총서,100.0,승정원일기,82.4
西華,5,84,22,26.2,0.0,고려사,82.4,조선왕조실록,82.4
龍城,7,658,478,72.6,0.0,고순종실록,82.4,조선왕조실록,82.4
華亭,3,45,25,55.6,17.6,한국사료총서,100.0,승정원일기,82.4
延福,5,357,245,68.6,0.0,고려사절요,82.4,조선왕조실록,82.4
岊嶺,5,95,79,83.2,17.6,한국사료총서,100.0,조선왕조실록,82.4
禿用,3,201,118,58.7,17.6,한국사료총서,100.0,조선왕조실록,82.4
建康,3,58,33,56.9,0.0,한국사료총서,82.4,조선왕조실록,82.4
白登,3,48,23,47.9,0.0,한국사료총서,82.4,조선왕조실록,82.4
匈奴,3,175,58,33.1,0.0,승정원일기,82.4,조선왕조실록,82.4
大成殿,4,390,268,68.7,0.0,고려사,82.3,승정원일기,82.3
香山,7,346,181,52.3,0.0,삼국사기,82.3,승정원일기,82.3
廣浦,2,24,14,58.3,10.0,한국사료총서,92.3,승정원일기,82.3
十字,6,1164,82,7.0,1.0,한국사료총서,83.3,고려사절요,82.3
穆陵,4,3009,2398,79.7,15.9,한국사료총서,98.1,고순종실록,82.2
慶嬪墓,3,54,39,72.2,0.0,고순종실록,82.2,승정원일기,82.2
迎春軒,3,128,121,94.5,16.7,한국사료총서,98.8,승정원일기,82.2
思政門外,2,46,32,69.6,0.0,조선왕조실록,82.1,승정원일기,82.1
智島鎭,2,32,23,71.9,0.0,한국사료총서,82.1,승정원일기,82.1
黃原,4,75,58,77.3,0.0,한국사료총서,82.1,승정원일기,82.1
江場,3,95,70,73.7,0.0,한국사료총서,82.1,승정원일기,82.1
多大,5,1032,520,50.4,0.0,고려사,82.1,조선왕조실록,82.1
大老祠,3,53,34,64.2,0.0,한국사료총서,82.1,승정원일기,82.1
龍壇,2,91,83,91.2,16.7,조선왕조실록,98.8,승정원일기,82.1
漢城,6,28660,6768,23.6,12.2,승정원일기,94.3,고순종실록,82.1
禿山,4,65,39,60.0,17.9,한국사료총서,100.0,고려사,82.1
靈光法聖,3,37,14,37.8,17.9,한국사료총서,100.0,조선왕조실록,82.1
南門驛,2,32,9,28.1,17.9,한국사료총서,100.0,고순종실록,82.1
興仁,6,2113,1631,77.2,0.0,고려사절요,82.0,승정원일기,82.0
鴨,8,2742,1649,60.1,11.9,한국사료총서,94.0,고려사절요,82.0
西路,4,4040,2549,63.1,0.7,한국사료총서,82.6,승정원일기,81.9
南漢山,4,651,522,80.2,16.4,한국사료총서,98.3,조선왕조실록,81.9
大門,7,5272,2019,38.3,0.0,삼국사기,81.9,고순종실록,81.9
拱北,4,892,459,51.5,0.0,고려사,81.8,승정원일기,81.8
亭子山,3,33,23,69.7,18.2,한국사료총서,100.0,조선왕조실록,81.8
鳥山,3,20,6,30.0,18.2,한국사료총서,100.0,승정원일기,81.8
臨津江,3,43,30,69.8,18.2,한국사료총서,100.0,승정원일기,81.8
龍岩浦,2,14,5,35.7,18.2,한국사료총서,100.0,승정원일기,81.8
蠶頭,3,162,96,59.3,0.0,한국사료총서,81.8,조선왕조실록,81.8
遼東山,2,16,7,43.8,18.2,한국사료총서,100.0,조선왕조실록,81.8
箕子廟,3,63,18,28.6,0.0,조선왕조실록,81.8,승정원일기,81.8
雙靑,3,214,119,55.6,4.3,한국사료총서,86.1,조선왕조실록,81.8
安南道,4,1024,866,84.6,18.2,한국사료총서,100.0,고순종실록,81.8
四東,2,21,9,42.9,0.0,한국사료총서,81.8,승정원일기,81.8
新恩,6,2837,87,3.1,0.0,고순종실록,81.8,고려사,81.8
西苑,3,24,13,54.2,0.0,한국사료총서,81.8,승정원일기,81.8
正方山,3,107,50,46.7,0.0,한국사료총서,81.8,조선왕조실록,81.8
甲峴,3,21,12,57.1,18.2,한국사료총서,100.0,조선왕조실록,81.8
西夏,2,22,13,59.1,18.2,승정원일기,100.0,조선왕조실록,81.8
涯月,3,37,18,48.6,18.2,한국사료총서,100.0,조선왕조실록,81.8
即墨,2,47,36,76.6,0.0,한국사료총서,81.8,조선왕조실록,81.8
倫敦,3,83,50,60.2,0.0,조선왕조실록,81.8,한국사료총서,81.8
者片,2,15,9,60.0,0.0,승정원일기,81.8,조선왕조실록,81.8
慶尙道昌原,3,108,96,88.9,18.2,한국사료총서,100.0,조선왕조실록,81.8
富平縣,2,45,9,20.0,0.0,승정원일기,81.8,조선왕조실록,81.8
奴胡,3,33,9,27.3,0.0,승정원일기,81.8,조선왕조실록,81.8
黃崗,2,15,9,60.0,0.0,한국사료총서,81.8,승정원일기,81.8
槐里,3,20,10,50.0,18.2,승정원일기,100.0,조선왕조실록,81.8
白雲臺,2,15,6,40.0,18.2,한국사료총서,100.0,승정원일기,81.8
烏孫,2,15,5,33.3,18.2,승정원일기,100.0,조선왕조실록,81.8
圜壇,3,24,12,50.0,0.0,한국사료총서,81.8,승정원일기,81.8
哈丹,5,102,12,11.8,0.0,고려사,81.8,조선왕조실록,81.8
狼山,3,25,15,60.0,18.2,한국사료총서,100.0,삼국유사,81.8
鹿山,4,36,21,58.3,18.2,한국사료총서,100.0,조선왕조실록,81.8
永保亭,2,17,10,58.8,0.0,한국사료총서,81.8,승정원일기,81.8
南固,4,113,87,77.0,18.2,한국사료총서,100.0,고순종실록,81.8
洛邑,3,102,73,71.6,0.0,한국사료총서,81.8,조선왕조실록,81.8
留春,3,28,13,46.4,0.0,한국사료총서,81.8,조선왕조실록,81.8
鍾城鎭,2,27,19,70.4,0.0,승정원일기,81.8,조선왕조실록,81.8
德嶺,3,27,14,51.9,8.3,한국사료총서,90.0,승정원일기,81.7
勤政門外,2,264,49,18.6,0.0,조선왕조실록,81.7,승정원일기,81.7
華山,4,299,139,46.5,9.5,한국사료총서,91.2,승정원일기,81.7
明光,3,716,560,78.2,0.0,한국사료총서,81.7,승정원일기,81.7
鎭江場,3,89,68,76.4,0.0,한국사료총서,81.6,승정원일기,81.6
固城郡,4,73,26,35.6,18.4,승정원일기,100.0,고려사,81.6
同福縣,5,492,109,22.2,18.4,승정원일기,100.0,고려사,81.6
尙州浦,2,53,22,41.5,18.4,승정원일기,100.0,조선왕조실록,81.6
普濟院,3,199,183,92.0,14.3,한국사료총서,95.7,승정원일기,81.5
宣仁,6,2044,1494,73.1,0.0,고려사,81.5,승정원일기,81.5
歐洲,3,152,37,24.3,7.4,한국사료총서,88.9,고순종실록,81.5
北路,6,3388,2108,62.2,0.0,한국사료총서,81.5,승정원일기,81.5
南行閣,2,133,101,75.9,0.0,고순종실록,81.5,승정원일기,81.5
耳山,4,119,62,52.1,14.8,한국사료총서,96.3,조선왕조실록,81.5
瓮津府,2,50,13,26.0,18.6,승정원일기,100.0,조선왕조실록,81.4
綏陵齋室,2,47,35,74.5,0.0,고순종실록,81.4,승정원일기,81.4
險川,3,122,98,80.3,12.5,한국사료총서,93.9,조선왕조실록,81.4
角山,7,953,821,86.1,18.6,한국사료총서,100.0,고순종실록,81.4
甫乙下,3,163,108,66.3,12.2,승정원일기,93.5,조선왕조실록,81.3
島山,3,196,123,62.8,7.0,한국사료총서,88.3,조선왕조실록,81.3
永祐園,3,644,514,79.8,0.0,한국사료총서,81.3,승정원일기,81.3
留浦,3,230,20,8.7,0.5,조선왕조실록,81.8,한국사료총서,81.3
下坊,3,38,13,34.2,0.0,승정원일기,81.2,한국사료총서,81.2
日光,6,739,60,8.1,0.0,고려사,81.2,고순종실록,81.2
全羅道康津,4,626,585,93.5,18.8,한국사료총서,100.0,조선왕조실록,81.2
澶淵,3,75,52,69.3,0.0,한국사료총서,81.2,조선왕조실록,81.2
漢山,8,1149,845,73.5,18.8,한국사료총서,100.0,삼국유사,81.2
也春,3,42,21,50.0,12.5,한국사료총서,93.8,조선왕조실록,81.2
灣館,3,57,46,80.7,12.5,한국사료총서,93.8,조선왕조실록,81.2
靈岩郡,4,128,44,34.4,18.8,한국사료총서,100.0,고려사,81.2
德興大院君祠宇,3,58,39,67.2,0.0,고순종실록,81.2,승정원일기,81.2
洞山,4,168,46,27.4,6.3,한국사료총서,87.5,고려사,81.2
高峯,4,316,82,25.9,8.8,승정원일기,90.0,고려사,81.2
大院君墓,4,183,125,68.3,0.0,고순종실록,81.2,승정원일기,81.2
馬岩,4,50,22,44.0,18.8,한국사료총서,100.0,고려사절요,81.2
火王,2,26,13,50.0,18.8,한국사료총서,100.0,조선왕조실록,81.2
海雲臺,2,25,12,48.0,18.8,한국사료총서,100.0,조선왕조실록,81.2
月峯,3,102,27,26.5,2.8,한국사료총서,84.0,승정원일기,81.2
靈宮,3,31,20,64.5,0.0,고려사,81.2,조선왕조실록,81.2
林原,5,179,21,11.7,0.7,승정원일기,81.8,고려사,81.1
孝寧殿,3,289,230,79.6,0.0,한국사료총서,81.1,조선왕조실록,81.1
琿春,3,176,74,42.0,18.9,한국사료총서,100.0,고순종실록,81.1
高沙,3,48,36,75.0,12.5,승정원일기,93.5,조선왕조실록,81.0
登州府榮城縣,2,31,14,45.2,19.0,한국사료총서,100.0,승정원일기,81.0
白蓮,4,422,66,15.6,3.6,한국사료총서,84.6,고순종실록,81.0
泉州,6,93,58,62.4,19.0,한국사료총서,100.0,조선왕조실록,81.0
康津郡,3,28,8,28.6,19.0,승정원일기,100.0,고순종실록,81.0
聖居,3,95,32,33.7,0.0,한국사료총서,81.0,조선왕조실록,81.0
池城,2,27,9,33.3,19.0,한국사료총서,100.0,조선왕조실록,81.0
江原道嶺東,2,54,24,44.4,7.1,조선왕조실록,88.0,승정원일기,80.9
寧郡,7,2023,486,24.0,19.1,승정원일기,100.0,삼국사기,80.9
神武,7,1244,727,58.4,0.0,고려사,80.9,승정원일기,80.9
普濟,5,484,192,39.7,0.0,고려사,80.8,조선왕조실록,80.8
高興,5,156,71,45.5,6.5,승정원일기,87.2,조선왕조실록,80.8
白城,5,55,32,58.2,19.2,한국사료총서,100.0,조선왕조실록,80.8
燕尾,3,150,108,72.0,13.2,한국사료총서,93.9,조선왕조실록,80.8
明禮宮,4,349,246,70.5,0.0,한국사료총서,80.7,조선왕조실록,80.7
川郡,6,13379,2929,21.9,19.3,승정원일기,100.0,삼국사기,80.7
雲亭,3,97,29,29.9,19.3,한국사료총서,100.0,조선왕조실록,80.7
長津府,3,218,52,23.9,19.3,승정원일기,100.0,고순종실록,80.7
薩,8,903,467,51.7,3.8,삼국유사,84.6,조선왕조실록,80.7
金峙,3,739,48,6.5,0.0,조선왕조실록,80.7,한국사료총서,80.7
育英,4,198,26,13.1,0.0,조선왕조실록,80.6,고순종실록,80.6
門峴,2,32,19,59.4,8.3,한국사료총서,88.9,승정원일기,80.6
大池,5,173,75,43.4,2.8,한국사료총서,83.3,고순종실록,80.6
嵋山,2,37,12,32.4,19.4,한국사료총서,100.0,승정원일기,80.6
西關,3,1385,1000,72.2,7.4,한국사료총서,88.0,승정원일기,80.6
長白山,3,145,94,64.8,19.4,한국사료총서,100.0,승정원일기,80.6
後漕倉,3,170,56,32.9,8.3,조선왕조실록,88.9,고순종실록,80.6
浪島,2,81,74,91.4,16.7,한국사료총서,97.3,조선왕조실록,80.6
岫巖,2,68,18,26.5,19.4,한국사료총서,100.0,조선왕조실록,80.6
安縣,7,5400,1330,24.6,19.5,승정원일기,100.0,삼국사기,80.5
長田,5,81,33,40.7,0.0,고려사,80.5,한국사료총서,80.5
遠村,3,274,165,60.2,0.0,승정원일기,80.5,한국사료총서,80.5
明禮,5,1403,975,69.5,0.0,고려사,80.5,승정원일기,80.5
後百濟,5,70,37,52.9,0.0,고려사,80.5,한국사료총서,80.5
嶺北,5,173,69,39.9,0.0,조선왕조실록,80.5,승정원일기,80.5
望遠,3,277,177,63.9,0.0,한국사료총서,80.5,조선왕조실록,80.5
龍城府,4,132,75,56.8,0.0,고순종실록,80.4,승정원일기,80.4
龍城府大夫人,4,128,74,57.8,0.0,고순종실록,80.4,승정원일기,80.4
禁川,4,293,241,82.3,11.1,한국사료총서,91.5,조선왕조실록,80.4
昌平縣,3,367,63,17.2,9.7,승정원일기,90.0,한국사료총서,80.3
細橋,3,42,24,57.1,7.7,한국사료총서,88.0,승정원일기,80.3
芳春,4,74,8,10.8,3.0,조선왕조실록,83.3,고려사,80.3
南關,4,2329,1748,75.1,8.3,조선왕조실록,88.6,고순종실록,80.3
思賢,5,1222,927,75.9,0.0,고려사,80.3,승정원일기,80.3
淮陽府,5,996,232,23.3,19.7,승정원일기,100.0,고려사절요,80.3
兩西,4,4641,3070,66.1,1.4,한국사료총서,81.7,승정원일기,80.3
德縣,6,2642,597,22.6,19.7,승정원일기,100.0,고려사절요,80.3
宣武,6,1344,867,64.5,0.0,고려사,80.2,승정원일기,80.2
龍岡縣,6,621,143,23.0,19.8,승정원일기,100.0,고려사절요,80.2
英陽縣,4,387,89,23.0,15.2,승정원일기,95.5,한국사료총서,80.2
泉井,5,106,20,18.9,5.6,조선왕조실록,85.7,삼국사기,80.2
烏山,4,344,104,30.2,19.8,조선왕조실록,100.0,고려사,80.2
玉流洞,2,9,5,55.6,20.0,한국사료총서,100.0,승정원일기,80.0
武成王廟,2,15,4,26.7,0.0,조선왕조실록,80.0,승정원일기,80.0
水仁,3,12,6,50.0,20.0,한국사료총서,100.0,조선왕조실록,80.0
瀋陽路,3,14,6,42.9,20.0,조선왕조실록,100.0,고려사절요,80.0
洗心臺,3,81,36,44.4,0.0,한국사료총서,80.0,조선왕조실록,80.0
鐵甕城,3,36,21,58.3,0.0,한국사료총서,80.0,승정원일기,80.0
交河客舍,2,8,4,50.0,0.0,조선왕조실록,80.0,승정원일기,80.0
楡林,3,13,9,69.2,20.0,한국사료총서,100.0,조선왕조실록,80.0
尼邱,2,14,4,28.6,0.0,한국사료총서,80.0,승정원일기,80.0
酒登,2,20,4,20.0,0.0,한국사료총서,80.0,조선왕조실록,80.0
坤寧,4,175,27,15.4,0.0,한국사료총서,80.0,고순종실록,80.0
黃土,5,346,149,43.1,0.0,고려사,80.0,고순종실록,80.0
望海亭,3,32,16,50.0,0.0,한국사료총서,80.0,조선왕조실록,80.0
西將臺,3,91,55,60.4,0.0,한국사료총서,80.0,조선왕조실록,80.0
花石亭,2,11,5,45.5,0.0,한국사료총서,80.0,승정원일기,80.0
大聖殿,3,22,14,63.6,0.0,한국사료총서,80.0,승정원일기,80.0
端山,3,16,10,62.5,20.0,한국사료총서,100.0,조선왕조실록,80.0
義安,5,750,32,4.3,0.0,고순종실록,80.0,고려사,80.0
慶尙道熊川,3,121,116,95.9,20.0,한국사료총서,100.0,조선왕조실록,80.0
玉門,4,119,35,29.4,20.0,승정원일기,100.0,삼국사기,80.0
于山國,4,18,9,50.0,0.0,고려사절요,80.0,한국사료총서,80.0
東晉,5,217,10,4.6,0.0,삼국사기,80.0,조선왕조실록,80.0
延日縣,5,493,114,23.1,20.0,승정원일기,100.0,고려사,80.0
金井道,2,15,5,33.3,20.0,승정원일기,100.0,조선왕조실록,80.0
慶尙道梁山,3,65,61,93.8,20.0,한국사료총서,100.0,조선왕조실록,80.0
金界,2,14,4,28.6,0.0,승정원일기,80.0,조선왕조실록,80.0
阜城,2,13,4,30.8,0.0,한국사료총서,80.0,조선왕조실록,80.0
覺淵,2,9,4,44.4,20.0,승정원일기,100.0,조선왕조실록,80.0
顯城,2,40,4,10.0,0.0,승정원일기,80.0,조선왕조실록,80.0
石院,3,23,9,39.1,20.0,한국사료총서,100.0,조선왕조실록,80.0
龍骨山城,3,61,40,65.6,20.0,한국사료총서,100.0,조선왕조실록,80.0
霜陰,4,32,23,71.9,20.0,한국사료총서,100.0,조선왕조실록,80.0
廣州道,3,11,6,54.5,0.0,승정원일기,80.0,고려사,80.0
玉居,2,22,12,54.5,0.0,승정원일기,80.0,한국사료총서,80.0
結城郡,2,25,9,36.0,20.0,승정원일기,100.0,한국사료총서,80.0
曹魏,3,43,8,18.6,0.0,승정원일기,80.0,조선왕조실록,80.0
金提,3,20,12,60.0,20.0,한국사료총서,100.0,고순종실록,80.0
先漢,3,32,5,15.6,0.0,한국사료총서,80.0,조선왕조실록,80.0
大觀亭,2,18,5,27.8,0.0,한국사료총서,80.0,승정원일기,80.0
禮安陶山,3,13,9,69.2,20.0,한국사료총서,100.0,승정원일기,80.0
五鳳樓,3,16,6,37.5,0.0,한국사료총서,80.0,승정원일기,80.0
烏原,2,15,10,66.7,20.0,한국사료총서,100.0,조선왕조실록,80.0
板籍,2,13,4,30.8,0.0,승정원일기,80.0,조선왕조실록,80.0
石多山,3,29,25,86.2,20.0,한국사료총서,100.0,조선왕조실록,80.0
素洞,2,10,4,40.0,0.0,승정원일기,80.0,한국사료총서,80.0
防畓,2,12,5,41.7,0.0,한국사료총서,80.0,승정원일기,80.0
東邊道,3,35,11,31.4,0.0,한국사료총서,80.0,고순종실록,80.0
阿羅,5,72,10,13.9,0.0,고려사,80.0,한국사료총서,80.0
水節,3,33,10,30.3,0.0,한국사료총서,80.0,조선왕조실록,80.0
祝靈,2,20,5,25.0,0.0,한국사료총서,80.0,조선왕조실록,80.0
東區,3,27,17,63.0,0.0,한국사료총서,80.0,승정원일기,80.0
天龍,6,222,19,8.6,0.0,삼국유사,80.0,고려사절요,80.0
長城,8,2668,1477,55.4,0.0,삼국유사,80.0,고려사절요,80.0
黃山道,3,39,26,66.7,20.0,한국사료총서,100.0,조선왕조실록,80.0
采石,3,13,5,38.5,20.0,승정원일기,100.0,조선왕조실록,80.0
白巖城,2,11,5,45.5,0.0,삼국사기,80.0,한국사료총서,80.0
中浦,4,39,19,48.7,20.0,승정원일기,100.0,고려사,80.0
杆城縣,2,11,6,54.5,20.0,승정원일기,100.0,고려사,80.0
小坡兒,3,164,87,53.0,0.0,한국사료총서,80.0,조선왕조실록,80.0
通洋浦,2,12,8,66.7,20.0,한국사료총서,100.0,조선왕조실록,80.0
連島,3,15,10,66.7,20.0,한국사료총서,100.0,승정원일기,80.0
嵩山,4,53,15,28.3,0.0,한국사료총서,80.0,조선왕조실록,80.0
鳥嶺山城,3,39,24,61.5,0.0,한국사료총서,80.0,조선왕조실록,80.0
忠原可興,2,8,4,50.0,0.0,한국사료총서,80.0,승정원일기,80.0
壬海,3,79,46,58.2,20.0,한국사료총서,100.0,조선왕조실록,80.0
江原道襄陽,3,118,114,96.6,20.0,한국사료총서,100.0,조선왕조실록,80.0
四忠祠,4,90,48,53.3,0.0,한국사료총서,80.0,고순종실록,80.0
金波,2,107,4,3.7,0.0,조선왕조실록,80.0,한국사료총서,80.0
倭西館,2,13,8,61.5,0.0,한국사료총서,80.0,승정원일기,80.0
寒水齋,3,15,5,33.3,0.0,한국사료총서,80.0,승정원일기,80.0
所己,3,109,41,37.6,0.0,한국사료총서,80.0,조선왕조실록,80.0
上川,3,36,19,52.8,20.0,승정원일기,100.0,조선왕조실록,80.0
金谷倉,2,8,4,50.0,0.0,한국사료총서,80.0,조선왕조실록,80.0
木覓山,4,698,665,95.3,20.0,한국사료총서,100.0,고순종실록,80.0
公州郡,3,59,21,35.6,20.0,고순종실록,100.0,한국사료총서,80.0
分嶺郡,2,12,8,66.7,20.0,한국사료총서,100.0,고려사,80.0
司醞洞,2,12,8,66.7,20.0,한국사료총서,100.0,승정원일기,80.0
興園,2,11,6,54.5,20.0,고순종실록,100.0,승정원일기,80.0
利安,4,50,30,60.0,0.0,승정원일기,80.0,조선왕조실록,80.0
潮州府,2,10,6,60.0,20.0,한국사료총서,100.0,승정원일기,80.0
蟾居,2,11,6,54.5,20.0,한국사료총서,100.0,조선왕조실록,80.0
閩,6,687,206,30.0,0.0,고순종실록,80.0,고려사절요,80.0
海州府,3,53,43,81.1,20.0,한국사료총서,100.0,고순종실록,80.0
涵春,2,16,9,56.2,0.0,한국사료총서,80.0,승정원일기,80.0
安州淸川江,3,23,19,82.6,20.0,한국사료총서,100.0,조선왕조실록,80.0
柵城,2,14,10,71.4,20.0,조선왕조실록,100.0,삼국사기,80.0
德物,4,24,14,58.3,20.0,한국사료총서,100.0,승정원일기,80.0
濟州郡,3,56,21,37.5,0.0,한국사료총서,80.0,고순종실록,80.0
左道慶州,2,9,4,44.4,0.0,조선왕조실록,80.0,승정원일기,80.0
南掌,3,64,24,37.5,0.0,승정원일기,80.0,조선왕조실록,80.0
黑烟,2,12,4,33.3,0.0,한국사료총서,80.0,승정원일기,80.0
玉包,2,10,6,60.0,0.0,한국사료총서,80.0,조선왕조실록,80.0
面堡,3,15,10,66.7,20.0,한국사료총서,100.0,승정원일기,80.0
平壤府城,2,13,4,30.8,0.0,조선왕조실록,80.0,승정원일기,80.0
菱谷,2,10,4,40.0,0.0,승정원일기,80.0,한국사료총서,80.0
淸虛樓,2,14,4,28.6,0.0,한국사료총서,80.0,승정원일기,80.0
伊板,2,14,9,64.3,20.0,한국사료총서,100.0,고려사,80.0
助馬,3,11,6,54.5,0.0,승정원일기,80.0,한국사료총서,80.0
波瀦,2,11,7,63.6,20.0,한국사료총서,100.0,조선왕조실록,80.0
永谷,2,12,5,41.7,0.0,승정원일기,80.0,한국사료총서,80.0
白沙汀,2,25,17,68.0,0.0,한국사료총서,80.0,조선왕조실록,80.0
養心,4,1945,875,45.0,0.0,한국사료총서,80.0,고순종실록,80.0
黃津,2,11,4,36.4,0.0,한국사료총서,80.0,승정원일기,80.0
連川縣,3,12,6,50.0,20.0,승정원일기,100.0,한국사료총서,80.0
善績鎭,2,16,4,25.0,0.0,한국사료총서,80.0,승정원일기,80.0
美國紐約,3,11,6,54.5,20.0,승정원일기,100.0,고순종실록,80.0
平戎,5,98,11,11.2,0.0,승정원일기,80.0,고려사,80.0
南楚,3,29,4,13.8,0.0,승정원일기,80.0,조선왕조실록,80.0
南扶餘,2,15,7,46.7,0.0,삼국유사,80.0,한국사료총서,80.0
貞淸,3,18,8,44.4,0.0,승정원일기,80.0,조선왕조실록,80.0
咸平,6,2130,1402,65.8,20.0,고려사절요,100.0,고순종실록,80.0
遼西,4,43,22,51.2,20.0,한국사료총서,100.0,조선왕조실록,80.0
北別堂,3,20,10,50.0,0.0,한국사료총서,80.0,승정원일기,80.0
上院,4,80,31,38.8,0.0,삼국유사,80.0,조선왕조실록,80.0
獐望,2,10,6,60.0,20.0,한국사료총서,100.0,조선왕조실록,80.0
雞龍,4,45,38,84.4,20.0,삼국유사,100.0,조선왕조실록,80.0
富安,3,23,9,39.1,0.0,승정원일기,80.0,한국사료총서,80.0
交可,2,14,4,28.6,0.0,한국사료총서,80.0,조선왕조실록,80.0
馬津,2,14,6,42.9,0.0,한국사료총서,80.0,승정원일기,80.0
浦坪,2,10,4,40.0,0.0,한국사료총서,80.0,승정원일기,80.0
高崎,3,19,4,21.1,0.0,고순종실록,80.0,한국사료총서,80.0
御留山城,3,19,9,47.4,0.0,한국사료총서,80.0,조선왕조실록,80.0
半石,3,36,5,13.9,0.0,한국사료총서,80.0,조선왕조실록,80.0
桂城,4,103,24,23.3,0.0,승정원일기,80.0,고려사,80.0
海蔘,4,350,82,23.4,0.0,조선왕조실록,80.0,고순종실록,80.0
忠右,4,66,59,89.4,20.0,한국사료총서,100.0,고순종실록,80.0
昭顯廟,2,112,76,67.9,0.0,조선왕조실록,80.0,승정원일기,80.0
關內道,2,13,8,61.5,20.0,한국사료총서,100.0,고려사,80.0
福建省漳州府海澄縣,2,9,5,55.6,20.0,한국사료총서,100.0,승정원일기,80.0
黃石城,2,15,4,26.7,0.0,한국사료총서,80.0,조선왕조실록,80.0
綠沙,2,12,8,66.7,20.0,한국사료총서,100.0,조선왕조실록,80.0
遯巖,3,34,16,47.1,0.0,한국사료총서,80.0,조선왕조실록,80.0
阿斯,5,52,44,84.6,20.0,한국사료총서,100.0,조선왕조실록,80.0
寧塞,3,85,6,7.1,0.0,고려사절요,80.0,한국사료총서,80.0
波瀦江,2,9,5,55.6,20.0,한국사료총서,100.0,조선왕조실록,80.0
京山,6,418,214,51.2,20.0,승정원일기,100.0,삼국사기,80.0
安平,7,602,53,8.8,0.0,고려사절요,80.0,삼국사기,80.0
小南,4,211,131,62.1,0.0,고려사,80.0,승정원일기,80.0
安部,3,32,12,37.5,0.0,승정원일기,80.0,한국사료총서,80.0
末訖川,2,10,4,40.0,0.0,한국사료총서,80.0,조선왕조실록,80.0
東溪,3,37,11,29.7,20.0,한국사료총서,100.0,승정원일기,80.0
山北面,3,19,8,42.1,0.0,조선왕조실록,80.0,승정원일기,80.0
軍岳,2,9,5,55.6,20.0,한국사료총서,100.0,고려사,80.0
安原,5,332,126,38.0,0.0,삼국사기,80.0,고순종실록,80.0
遲遲臺,3,93,67,72.0,0.0,한국사료총서,80.0,조선왕조실록,80.0
萬春殿,2,11,6,54.5,0.0,한국사료총서,80.0,승정원일기,80.0
北島,2,16,5,31.2,0.0,승정원일기,80.0,조선왕조실록,80.0
博多,2,103,98,95.1,20.0,승정원일기,100.0,조선왕조실록,80.0
大部,4,149,34,22.8,0.0,한국사료총서,80.0,고려사,80.0
加林,4,48,18,37.5,0.0,승정원일기,80.0,한국사료총서,80.0
三關,4,24,7,29.2,0.0,조선왕조실록,80.0,고려사,80.0
摠南,2,91,4,4.4,0.0,승정원일기,80.0,조선왕조실록,80.0
西禁川橋,2,8,4,50.0,0.0,고순종실록,80.0,승정원일기,80.0
加兒,2,8,4,50.0,0.0,한국사료총서,80.0,조선왕조실록,80.0
香山寺,2,10,4,40.0,0.0,한국사료총서,80.0,승정원일기,80.0
開丹,3,13,4,30.8,0.0,승정원일기,80.0,한국사료총서,80.0
大同驛,3,40,28,70.0,0.0,한국사료총서,80.0,조선왕조실록,80.0
啓聖公祠,2,12,4,33.3,0.0,조선왕조실록,80.0,승정원일기,80.0
尙乘,3,47,4,8.5,0.0,고려사,80.0,조선왕조실록,80.0
碣,5,873,21,2.4,0.0,고순종실록,80.0,삼국사기,80.0
瓦浦,2,11,7,63.6,20.0,한국사료총서,100.0,조선왕조실록,80.0
丹陽,6,1450,1064,73.4,20.0,고려사절요,100.0,고순종실록,80.0
中和縣,3,25,12,48.0,20.0,승정원일기,100.0,고려사,80.0
壯南,3,39,26,66.7,0.0,한국사료총서,80.0,조선왕조실록,80.0
春元,4,186,12,6.5,0.0,조선왕조실록,80.0,고순종실록,80.0
牛洞,2,9,5,55.6,20.0,한국사료총서,100.0,승정원일기,80.0
鄢,3,27,14,51.9,0.0,한국사료총서,80.0,조선왕조실록,80.0
坡院,2,20,12,60.0,20.0,한국사료총서,100.0,승정원일기,80.0
翼嶺,2,19,15,78.9,20.0,한국사료총서,100.0,고려사,80.0
阿老,5,54,9,16.7,0.0,고려사절요,80.0,삼국사기,80.0
御留山,3,20,10,50.0,0.0,한국사료총서,80.0,조선왕조실록,80.0
小川邊,2,9,5,55.6,0.0,한국사료총서,80.0,승정원일기,80.0
古京,3,24,10,41.7,0.0,승정원일기,80.0,고려사,80.0
大連,4,101,31,30.7,0.0,조선왕조실록,80.0,고순종실록,80.0
北平,4,122,76,62.3,20.0,승정원일기,100.0,고려사,80.0
函關,2,16,9,56.2,0.0,한국사료총서,80.0,승정원일기,80.0
通洋,4,42,10,23.8,0.0,고순종실록,80.0,조선왕조실록,80.0
海西長山,3,57,52,91.2,20.0,조선왕조실록,100.0,고순종실록,80.0
沓,6,4234,20,0.5,0.0,고순종실록,80.0,삼국사기,80.0
峩嵯,3,96,90,93.8,20.0,한국사료총서,100.0,승정원일기,80.0
赤峴,3,35,18,51.4,20.0,삼국사기,100.0,승정원일기,80.0
彰善,4,290,13,4.5,0.0,한국사료총서,80.0,고려사,80.0
遼城,4,82,45,54.9,20.0,한국사료총서,100.0,고려사,80.0
內藏山,2,23,4,17.4,0.0,한국사료총서,80.0,조선왕조실록,80.0
西北鄙,3,19,5,26.3,0.0,조선왕조실록,80.0,고려사,80.0
黃土岐,3,108,51,47.2,20.0,한국사료총서,100.0,조선왕조실록,80.0
京城五部,3,17,4,23.5,0.0,조선왕조실록,80.0,승정원일기,80.0
大定江,3,26,18,69.2,20.0,한국사료총서,100.0,조선왕조실록,80.0
關彌城,2,8,4,50.0,20.0,삼국사기,100.0,한국사료총서,80.0
廣灘,4,116,78,67.2,16.2,한국사료총서,96.2,조선왕조실록,79.9
箭灘,2,78,59,75.6,16.7,한국사료총서,96.6,조선왕조실록,79.9
寧北鎭,2,151,141,93.4,16.7,한국사료총서,96.5,조선왕조실록,79.9
交趾,5,92,62,67.4,16.7,한국사료총서,96.6,조선왕조실록,79.9
乙下,3,176,115,65.3,12.2,승정원일기,92.1,조선왕조실록,79.9
安倉,3,61,37,60.7,5.9,한국사료총서,85.7,승정원일기,79.8
甲津,3,122,94,77.0,11.1,한국사료총서,90.9,조선왕조실록,79.8
金山,8,1951,1189,60.9,9.1,고려사절요,88.9,고순종실록,79.8
碌磻,3,151,137,90.7,16.7,한국사료총서,96.4,승정원일기,79.8
大興山城,3,364,309,84.9,10.0,한국사료총서,89.8,조선왕조실록,79.8
廣通,4,307,271,88.3,15.0,한국사료총서,94.8,승정원일기,79.8
丑山,4,190,64,33.7,11.6,승정원일기,91.4,조선왕조실록,79.8
犬項,2,132,113,85.6,14.3,한국사료총서,94.1,조선왕조실록,79.8
歙谷縣,5,491,110,22.4,20.3,승정원일기,100.0,고순종실록,79.7
桐宮,3,594,463,77.9,0.0,한국사료총서,79.7,승정원일기,79.7
茂李,2,83,55,66.3,0.0,승정원일기,79.7,한국사료총서,79.7
東漢,3,645,130,20.2,0.7,승정원일기,80.4,조선왕조실록,79.7
碧山,4,97,30,30.9,20.3,한국사료총서,100.0,고려사,79.7
錢山,2,30,15,50.0,13.3,한국사료총서,92.9,조선왕조실록,79.5
延光,3,147,104,70.7,0.0,한국사료총서,79.5,승정원일기,79.5
垂恩廟,2,51,31,60.8,0.0,조선왕조실록,79.5,승정원일기,79.5
全羅左,4,2828,1239,43.8,10.5,한국사료총서,90.0,고순종실록,79.5
佳山,3,84,59,70.2,0.0,조선왕조실록,79.5,한국사료총서,79.5
萊山,3,44,23,52.3,15.0,한국사료총서,94.4,승정원일기,79.4
凶奴,5,337,53,15.7,0.0,고려사,79.4,조선왕조실록,79.4
堂峴,3,61,40,65.6,15.0,한국사료총서,94.4,조선왕조실록,79.4
東林,4,465,272,58.5,0.0,고려사,79.3,조선왕조실록,79.3
三川,3,173,130,75.1,16.1,한국사료총서,95.5,조선왕조실록,79.3
盛京,4,4334,1668,38.5,15.9,한국사료총서,95.2,고순종실록,79.3
江原,5,20848,15225,73.0,20.0,고려사,99.3,조선왕조실록,79.3
乫坡,3,199,56,28.1,20.7,승정원일기,100.0,고순종실록,79.3
元興,6,140,33,23.6,0.0,삼국사기,79.2,고려사,79.2
西安,4,160,63,39.4,20.8,조선왕조실록,100.0,삼국사기,79.2
建州衛,3,587,549,93.5,16.7,한국사료총서,95.9,조선왕조실록,79.2
仰巖,2,21,13,61.9,12.5,한국사료총서,91.7,조선왕조실록,79.2
大韓,3,1043,300,28.8,0.5,승정원일기,79.7,고순종실록,79.2
俗離,5,236,113,47.9,20.8,한국사료총서,100.0,삼국유사,79.2
薺,4,1056,752,71.2,18.6,한국사료총서,97.8,조선왕조실록,79.2
原春,3,968,442,45.7,18.2,한국사료총서,97.3,조선왕조실록,79.2
榮城縣,2,37,18,48.6,20.8,한국사료총서,100.0,승정원일기,79.2
馬峴,2,49,15,30.6,20.9,한국사료총서,100.0,조선왕조실록,79.1
山郡,8,14173,3361,23.7,20.9,승정원일기,100.0,삼국유사,79.1
隴西,4,136,70,51.5,20.9,한국사료총서,100.0,고려사,79.1
昌寧地,2,50,34,68.0,0.0,조선왕조실록,79.1,승정원일기,79.1
箕城,4,228,115,50.4,21.0,조선왕조실록,100.0,고려사,79.0
加平,5,1542,1117,72.4,16.7,고려사,95.7,고순종실록,79.0
蓮池,5,462,305,66.0,0.0,고려사,79.0,승정원일기,79.0
獻陵丁字閣,2,22,15,68.2,14.3,조선왕조실록,93.3,승정원일기,79.0
雄州,5,187,64,34.2,21.1,승정원일기,100.0,고려사절요,78.9
和順郡,2,23,8,34.8,21.1,승정원일기,100.0,한국사료총서,78.9
陵城,4,33,16,48.5,11.1,승정원일기,90.0,고려사,78.9
平澤郡,2,23,8,34.8,21.1,승정원일기,100.0,한국사료총서,78.9
中原,7,3747,411,11.0,6.9,조선왕조실록,85.7,삼국사기,78.9
火峴,3,39,21,53.8,21.1,한국사료총서,100.0,조선왕조실록,78.9
鷲巖,3,29,14,48.3,21.1,한국사료총서,100.0,조선왕조실록,78.9
生昌,4,94,41,43.6,0.0,고려사,78.9,승정원일기,78.9
天摩山,2,27,12,44.4,21.1,한국사료총서,100.0,승정원일기,78.9
唐人,7,2836,1911,67.4,0.0,고려사,78.8,조선왕조실록,78.8
德堡,3,43,14,32.6,21.2,한국사료총서,100.0,조선왕조실록,78.8
洞,8,49644,19080,38.4,21.2,삼국유사,100.0,삼국사기,78.8
扶餘郡,6,54,26,48.1,21.2,승정원일기,100.0,한국사료총서,78.8
賀島,2,44,14,31.8,12.1,한국사료총서,90.9,조선왕조실록,78.8
長林,4,185,59,31.9,21.2,승정원일기,100.0,고려사,78.8
寶城郡,6,1008,256,25.4,21.2,승정원일기,100.0,고려사,78.8
長湍縣,3,79,39,49.4,13.5,승정원일기,92.3,고려사,78.8
北鎭,3,269,178,66.2,5.7,한국사료총서,84.4,조선왕조실록,78.7
淸道郡,5,547,132,24.1,21.3,승정원일기,100.0,고려사,78.7
南北道,4,291,131,45.0,12.2,조선왕조실록,90.9,고순종실록,78.7
牛仇里,2,37,14,37.8,21.4,승정원일기,100.0,조선왕조실록,78.6
北松,3,151,110,72.8,15.0,한국사료총서,93.6,승정원일기,78.6
華院,2,22,9,40.9,21.4,한국사료총서,100.0,승정원일기,78.6
慶尙道機張,3,193,181,93.8,21.4,한국사료총서,100.0,조선왕조실록,78.6
昌城府,4,1049,239,22.8,21.4,승정원일기,100.0,고순종실록,78.6
武英殿,2,24,13,54.2,0.0,한국사료총서,78.6,조선왕조실록,78.6
越州,3,37,23,62.2,21.4,한국사료총서,100.0,조선왕조실록,78.6
林塘,3,27,15,55.6,0.0,조선왕조실록,78.6,승정원일기,78.6
三韓,8,1426,90,6.3,0.0,고려사,78.6,삼국유사,78.6
關廟,4,181,76,42.0,0.0,조선왕조실록,78.6,고순종실록,78.6
印度,4,152,106,69.7,21.4,승정원일기,100.0,조선왕조실록,78.6
武靈,4,211,14,6.6,1.4,조선왕조실록,80.0,고려사,78.6
州府,7,12526,2899,23.1,0.0,고려사절요,78.6,고순종실록,78.6
釰山,2,22,8,36.4,7.1,한국사료총서,85.7,승정원일기,78.6
朝島,2,19,11,57.9,0.0,조선왕조실록,78.6,한국사료총서,78.6
光海君墓,2,19,11,57.9,0.0,조선왕조실록,78.6,승정원일기,78.6
浦項,4,587,459,78.2,21.4,한국사료총서,100.0,고순종실록,78.6
兩界,6,2330,258,11.1,0.0,고순종실록,78.6,고려사절요,78.6
斧山,3,23,11,47.8,21.4,한국사료총서,100.0,조선왕조실록,78.6
嶺郡,5,40,20,50.0,21.4,승정원일기,100.0,고려사,78.6
始興縣行宮,2,96,73,76.0,0.0,조선왕조실록,78.5,승정원일기,78.5
狄踰,3,106,75,70.8,15.0,한국사료총서,93.5,조선왕조실록,78.5
昌縣,6,1444,258,17.9,12.4,승정원일기,90.9,고려사,78.5
江陰縣,4,104,38,36.5,21.6,승정원일기,100.0,고려사,78.4
全羅道靈巖,3,259,228,88.0,21.6,한국사료총서,100.0,조선왕조실록,78.4
白塔,3,43,17,39.5,9.1,한국사료총서,87.5,조선왕조실록,78.4
昭義,3,584,406,69.5,0.0,한국사료총서,78.4,승정원일기,78.4
平康縣,5,595,168,28.2,21.6,승정원일기,100.0,고순종실록,78.4
鍾閣,4,622,451,72.5,21.7,한국사료총서,100.0,고순종실록,78.3
北道六鎭,2,59,40,67.8,8.3,조선왕조실록,86.7,승정원일기,78.3
丹城縣,4,548,128,23.4,21.7,승정원일기,100.0,고순종실록,78.3
仁慶,3,930,686,73.8,0.0,한국사료총서,78.3,조선왕조실록,78.3
積生,3,32,19,59.4,0.0,승정원일기,78.3,조선왕조실록,78.3
靉江西岸,2,144,83,57.6,0.0,한국사료총서,78.3,승정원일기,78.3
城郡,8,4504,1415,31.4,21.7,승정원일기,100.0,삼국유사,78.3
煥章,4,220,57,25.9,0.0,고순종실록,78.3,조선왕조실록,78.3
瞻星,3,51,14,27.5,7.4,한국사료총서,85.7,조선왕조실록,78.3
同安縣,2,34,16,47.1,21.7,한국사료총서,100.0,승정원일기,78.3
淸南,4,1624,1417,87.3,15.7,조선왕조실록,94.1,고순종실록,78.3
土亭,3,114,62,54.4,0.0,조선왕조실록,78.2,승정원일기,78.2
龍城府大夫人墓所,4,97,61,62.9,0.0,고순종실록,78.2,승정원일기,78.2
高山縣,4,589,143,24.3,21.8,승정원일기,100.0,고려사,78.2
大宛,2,40,12,30.0,10.7,승정원일기,88.9,조선왕조실록,78.2
康縣,7,670,236,35.2,21.8,승정원일기,100.0,삼국사기,78.2
集賢,7,2241,619,27.6,0.0,고려사,78.2,승정원일기,78.2
新豐,4,513,197,38.4,21.9,조선왕조실록,100.0,고려사,78.1
廣石,3,67,28,41.8,5.3,조선왕조실록,83.3,승정원일기,78.1
吉道,3,3118,3076,98.7,21.4,한국사료총서,99.5,조선왕조실록,78.1
高靈郡,3,50,22,44.0,21.9,승정원일기,100.0,고려사,78.1
文廟,6,4737,2463,52.0,0.0,고려사,78.1,고순종실록,78.1
禮宮,4,366,247,67.5,0.0,한국사료총서,78.0,조선왕조실록,78.0
洛東,4,330,220,66.7,22.0,한국사료총서,100.0,고려사,78.0
一新縣,3,64,19,29.7,22.0,승정원일기,100.0,한국사료총서,78.0
南康,3,169,141,83.4,10.0,한국사료총서,87.9,승정원일기,77.9
望山,4,86,26,30.2,4.4,한국사료총서,82.4,조선왕조실록,77.9
水原行宮,2,34,21,61.8,9.1,조선왕조실록,87.0,승정원일기,77.9
江南省,3,128,68,53.1,22.1,한국사료총서,100.0,조선왕조실록,77.9
金島,3,21,13,61.9,22.2,한국사료총서,100.0,승정원일기,77.8
仁驛,3,64,38,59.4,22.2,한국사료총서,100.0,조선왕조실록,77.8
沔,6,2084,1210,58.1,22.2,고려사절요,100.0,고순종실록,77.8
沁府,4,181,112,61.9,0.0,조선왕조실록,77.8,고순종실록,77.8
濟院,6,2040,1652,81.0,15.7,한국사료총서,93.5,조선왕조실록,77.8
車踰峴,2,23,16,69.6,22.2,한국사료총서,100.0,승정원일기,77.8
英吉利,4,52,29,55.8,22.2,승정원일기,100.0,조선왕조실록,77.8
所訖,3,22,7,31.8,0.0,승정원일기,77.8,조선왕조실록,77.8
苗蠻,2,38,7,18.4,0.0,승정원일기,77.8,조선왕조실록,77.8
東一面,2,15,7,46.7,0.0,승정원일기,77.8,한국사료총서,77.8
胡人,4,1420,674,47.5,0.0,고려사,77.8,조선왕조실록,77.8
沙車,2,16,7,43.8,0.0,한국사료총서,77.8,조선왕조실록,77.8
君子亭,2,18,7,38.9,0.0,한국사료총서,77.8,승정원일기,77.8
滄洲精舍,3,16,9,56.2,0.0,한국사료총서,77.8,승정원일기,77.8
溫昌,3,16,10,62.5,0.0,승정원일기,77.8,조선왕조실록,77.8
水城,5,87,49,56.3,22.2,승정원일기,100.0,고려사,77.8
米廛下契,2,49,21,42.9,0.0,한국사료총서,77.8,승정원일기,77.8
完,8,50909,794,1.6,0.0,고려사절요,77.8,삼국사기,77.8
料物庫,2,17,7,41.2,0.0,고려사,77.8,조선왕조실록,77.8
和平翁主墓,2,14,7,50.0,0.0,조선왕조실록,77.8,승정원일기,77.8
西原,7,1271,705,55.5,11.1,고려사절요,88.9,고순종실록,77.8
女國,2,17,7,41.2,0.0,삼국유사,77.8,조선왕조실록,77.8
廣津,4,377,343,91.0,20.0,고순종실록,97.8,조선왕조실록,77.8
金堂,5,73,16,21.9,0.0,삼국유사,77.8,조선왕조실록,77.8
南竹,2,27,7,25.9,0.0,승정원일기,77.8,한국사료총서,77.8
西館東大廳,2,16,7,43.8,0.0,한국사료총서,77.8,승정원일기,77.8
牛毛嶺,2,16,9,56.2,22.2,한국사료총서,100.0,조선왕조실록,77.8
八尾島,3,33,18,54.5,22.2,한국사료총서,100.0,고순종실록,77.8
本彼,2,18,10,55.6,0.0,삼국유사,77.8,한국사료총서,77.8
寶文,6,368,42,11.4,0.0,고려사,77.8,고순종실록,77.8
晉州城,2,18,9,50.0,11.1,한국사료총서,88.9,승정원일기,77.8
鳥島,3,28,19,67.9,22.2,한국사료총서,100.0,조선왕조실록,77.8
長湍郡,4,77,26,33.8,22.2,조선왕조실록,100.0,한국사료총서,77.8
佛蘭西,3,51,30,58.8,22.2,승정원일기,100.0,조선왕조실록,77.8
四訥,3,20,9,45.0,0.0,승정원일기,77.8,조선왕조실록,77.8
通陽,3,811,797,98.3,22.2,고려사,100.0,조선왕조실록,77.8
深岳,2,17,9,52.9,22.2,한국사료총서,100.0,조선왕조실록,77.8
平東,4,42,9,21.4,0.0,고려사,77.8,승정원일기,77.8
所串站,2,16,8,50.0,0.0,한국사료총서,77.8,승정원일기,77.8
穆淸,5,566,315,55.7,0.0,고려사,77.8,고순종실록,77.8
化仁,3,34,14,41.2,0.0,승정원일기,77.8,조선왕조실록,77.8
炭項,2,17,9,52.9,0.0,한국사료총서,77.8,조선왕조실록,77.8
天水,5,212,34,16.0,0.0,고려사,77.8,조선왕조실록,77.8
藥山,3,204,123,60.3,16.7,한국사료총서,94.4,승정원일기,77.8
湖左,4,170,98,57.6,0.0,한국사료총서,77.8,고순종실록,77.8
樂民樓,2,26,7,26.9,0.0,한국사료총서,77.8,승정원일기,77.8
萊倭館,3,24,13,54.2,0.0,한국사료총서,77.8,승정원일기,77.8
造山堡,3,49,40,81.6,22.2,한국사료총서,100.0,승정원일기,77.8
忠武祠,2,19,7,36.8,0.0,한국사료총서,77.8,승정원일기,77.8
江南蘇州府,2,12,5,41.7,22.2,한국사료총서,100.0,승정원일기,77.8
馬巖,5,67,37,55.2,22.2,한국사료총서,100.0,조선왕조실록,77.8
靈慶,3,24,9,37.5,0.0,한국사료총서,77.8,승정원일기,77.8
梁部,4,39,22,56.4,22.2,삼국유사,100.0,조선왕조실록,77.8
窟山,3,16,7,43.8,22.2,한국사료총서,100.0,조선왕조실록,77.8
豊縣,4,154,56,36.4,22.3,승정원일기,100.0,삼국사기,77.7
丹陽郡,5,607,155,25.5,22.3,승정원일기,100.0,고려사,77.7
引月,4,109,20,18.3,5.7,승정원일기,83.3,고려사,77.7
椒,6,3089,598,19.4,8.0,한국사료총서,85.7,고려사절요,77.7
淸川,5,737,363,49.3,22.4,한국사료총서,100.0,고려사절요,77.6
神方,3,319,88,27.6,6.2,한국사료총서,83.9,조선왕조실록,77.6
紫霞,5,132,88,66.7,11.1,조선왕조실록,88.7,승정원일기,77.6
甸,6,6410,3281,51.2,0.0,고려사절요,77.6,고순종실록,77.6
若木,4,219,99,45.2,2.4,승정원일기,80.0,고려사,77.6
乫坡知,2,164,50,30.5,22.4,승정원일기,100.0,조선왕조실록,77.6
南山,7,2849,1555,54.6,10.5,고려사,88.0,삼국유사,77.5
蓮堤,2,25,8,32.0,5.9,한국사료총서,83.3,승정원일기,77.5
巨濟郡,5,60,24,40.0,22.5,승정원일기,100.0,조선왕조실록,77.5
堀浦,3,43,21,48.8,6.7,승정원일기,84.2,조선왕조실록,77.5
碧團鎭,3,21,12,57.1,12.5,한국사료총서,90.0,조선왕조실록,77.5
永思,3,268,191,71.3,0.0,한국사료총서,77.5,조선왕조실록,77.5
厚昌郡,3,116,21,18.1,10.1,승정원일기,87.5,고순종실록,77.4
公山,7,1184,710,60.0,22.6,한국사료총서,100.0,삼국유사,77.4
望星,2,36,24,66.7,0.0,승정원일기,77.4,한국사료총서,77.4
韓山,6,1800,1240,68.9,0.0,고려사절요,77.4,조선왕조실록,77.4
東闕,4,97,49,50.5,0.0,조선왕조실록,77.4,승정원일기,77.4
全羅道珍島,3,354,337,95.2,22.7,한국사료총서,100.0,조선왕조실록,77.3
始興郡,4,59,21,35.6,22.7,승정원일기,100.0,고순종실록,77.3
光熙,4,699,459,65.7,0.0,고순종실록,77.3,조선왕조실록,77.3
吐蕃,5,127,73,57.5,16.0,승정원일기,93.3,고려사절요,77.3
先農,5,2043,1289,63.1,0.0,고려사,77.2,승정원일기,77.2
鍾山,3,70,19,27.1,2.8,한국사료총서,80.0,승정원일기,77.2
錦城,7,1413,378,26.8,22.8,승정원일기,100.0,삼국사기,77.2
寬奠,3,97,83,85.6,14.3,한국사료총서,91.5,조선왕조실록,77.2
崇政,4,5198,3636,69.9,0.0,한국사료총서,77.2,승정원일기,77.2
英陵丁字閣,2,45,27,60.0,0.0,조선왕조실록,77.1,승정원일기,77.1
廣城,4,194,111,57.2,22.9,조선왕조실록,100.0,고순종실록,77.1
朴加,3,48,27,56.2,0.0,승정원일기,77.1,조선왕조실록,77.1
邊府,6,2246,625,27.8,22.9,승정원일기,100.0,고려사절요,77.1
撫夷堡,3,48,37,77.1,16.7,한국사료총서,93.8,조선왕조실록,77.1
北界,6,284,140,49.3,0.0,고순종실록,77.0,고려사,77.0
醴泉郡,5,572,169,29.5,23.0,승정원일기,100.0,고려사,77.0
九龍山,4,44,22,50.0,23.1,한국사료총서,100.0,승정원일기,76.9
黔巖站,2,18,12,66.7,0.0,한국사료총서,76.9,승정원일기,76.9
楊津,4,332,299,90.1,23.1,한국사료총서,100.0,고려사,76.9
厚峙,3,26,13,50.0,0.0,한국사료총서,76.9,승정원일기,76.9
凌煙,2,18,6,33.3,23.1,승정원일기,100.0,조선왕조실록,76.9
中日,5,23415,327,1.4,0.0,고려사,76.9,고순종실록,76.9
高城縣,2,20,10,50.0,23.1,승정원일기,100.0,고려사,76.9
東小,3,273,180,65.9,8.5,한국사료총서,85.4,승정원일기,76.9
蘇州府南通州,2,18,8,44.4,23.1,한국사료총서,100.0,승정원일기,76.9
德峴,3,31,21,67.7,23.1,한국사료총서,100.0,조선왕조실록,76.9
金郊驛,5,95,79,83.2,23.1,한국사료총서,100.0,고려사절요,76.9
善積,3,219,92,42.0,0.0,한국사료총서,76.9,조선왕조실록,76.9
虎溪書院,2,17,7,41.2,23.1,한국사료총서,100.0,승정원일기,76.9
戡蠻夷,2,17,7,41.2,23.1,한국사료총서,100.0,조선왕조실록,76.9
慶尙道東萊,3,146,135,92.5,23.1,한국사료총서,100.0,조선왕조실록,76.9
崇明縣,2,34,14,41.2,23.1,한국사료총서,100.0,승정원일기,76.9
利仁驛,3,38,24,63.2,23.1,한국사료총서,100.0,조선왕조실록,76.9
楚國,3,66,12,18.2,0.0,승정원일기,76.9,조선왕조실록,76.9
東南廟,3,23,11,47.8,0.0,조선왕조실록,76.9,승정원일기,76.9
母城,3,83,42,50.6,3.2,한국사료총서,80.0,승정원일기,76.8
達子,3,174,92,52.9,0.0,승정원일기,76.7,조선왕조실록,76.7
礪山府,4,737,205,27.8,12.2,조선왕조실록,88.9,고순종실록,76.7
大芚,3,66,33,50.0,23.3,한국사료총서,100.0,조선왕조실록,76.7
洛江,3,146,71,48.6,12.8,한국사료총서,89.5,조선왕조실록,76.7
二南面,3,61,39,63.9,0.0,조선왕조실록,76.7,승정원일기,76.7
三淸,5,344,217,63.1,0.0,고려사,76.7,승정원일기,76.7
惠安,3,80,49,61.3,0.0,승정원일기,76.6,조선왕조실록,76.6
增若,4,53,31,58.5,9.1,한국사료총서,85.7,조선왕조실록,76.6
魚面,3,379,167,44.1,22.2,한국사료총서,98.8,조선왕조실록,76.6
齊廟,3,48,27,56.2,9.1,한국사료총서,85.7,조선왕조실록,76.6
兜率,4,88,34,38.6,23.4,한국사료총서,100.0,고순종실록,76.6
雪雲,3,23,8,34.8,23.5,승정원일기,100.0,조선왕조실록,76.5
草串,2,52,44,84.6,16.7,한국사료총서,93.2,조선왕조실록,76.5
咸吉道,3,3038,3014,99.2,23.1,한국사료총서,99.6,조선왕조실록,76.5
完陽府大夫人,3,102,62,60.8,0.0,조선왕조실록,76.5,승정원일기,76.5
馬灘,5,37,24,64.9,23.5,한국사료총서,100.0,조선왕조실록,76.5
白鹿洞,4,99,64,64.6,23.5,한국사료총서,100.0,고순종실록,76.5
武侯廟,3,30,15,50.0,0.0,한국사료총서,76.5,승정원일기,76.5
平安道龍,3,208,198,95.2,22.2,한국사료총서,98.7,승정원일기,76.5
明月鎭,2,25,14,56.0,0.0,한국사료총서,76.5,승정원일기,76.5
隆文樓,2,58,45,77.6,23.5,조선왕조실록,100.0,승정원일기,76.5
義順,3,224,118,52.7,2.9,승정원일기,79.4,조선왕조실록,76.5
安偃,2,41,28,68.3,0.0,승정원일기,76.5,한국사료총서,76.5
澗,7,2533,971,38.3,0.0,삼국유사,76.5,고순종실록,76.5
西闕,3,113,62,54.9,0.0,조선왕조실록,76.5,승정원일기,76.5
沙邑,3,30,11,36.7,11.1,한국사료총서,87.5,조선왕조실록,76.4
太液池,3,41,33,80.5,16.7,한국사료총서,93.1,승정원일기,76.4
省法,3,32,13,40.6,12.5,한국사료총서,88.9,조선왕조실록,76.4
下西面,3,30,19,63.3,12.5,조선왕조실록,88.9,한국사료총서,76.4
同縣,6,865,234,27.1,23.6,승정원일기,100.0,삼국사기,76.4
瀋,6,4841,3844,79.4,23.7,고려사절요,100.0,고순종실록,76.3
巴里,2,104,78,75.0,0.0,삼국유사,76.3,한국사료총서,76.3
江都,6,10013,7791,77.8,18.8,조선왕조실록,95.1,승정원일기,76.3
反浦,3,173,50,28.9,0.0,승정원일기,76.3,한국사료총서,76.3
珍原,4,146,96,65.8,23.8,승정원일기,100.0,고려사,76.2
連城,6,277,97,35.0,23.8,조선왕조실록,100.0,삼국사기,76.2
紀伊,2,27,10,37.0,23.8,한국사료총서,100.0,조선왕조실록,76.2
濟民倉,3,183,32,17.5,0.0,한국사료총서,76.2,조선왕조실록,76.2
渤海,7,281,113,40.2,0.0,고려사,76.2,조선왕조실록,76.2
金良,7,4156,209,5.0,0.0,고려사,76.2,한국사료총서,76.2
集春營,2,1613,1224,75.9,0.0,조선왕조실록,76.2,승정원일기,76.2
黃池,3,83,60,72.3,23.8,한국사료총서,100.0,조선왕조실록,76.2
琴湖,3,54,22,40.7,23.8,한국사료총서,100.0,조선왕조실록,76.2
守山,4,270,63,23.3,3.8,승정원일기,80.0,고려사,76.2
昌原,5,2815,2000,71.0,22.2,고려사,98.4,고순종실록,76.2
北郊,6,1722,1028,59.7,0.0,한국사료총서,76.1,승정원일기,76.1
中牟,5,145,66,45.5,4.0,승정원일기,80.0,고려사절요,76.0
宮里,3,41,21,51.2,0.0,조선왕조실록,76.0,한국사료총서,76.0
渭水,3,101,79,78.2,13.3,한국사료총서,89.3,승정원일기,76.0
碧瀾,5,93,58,62.4,24.0,한국사료총서,100.0,고려사,76.0
浦項倉,3,178,123,69.1,0.0,한국사료총서,75.9,승정원일기,75.9
女直,3,75,41,54.7,0.0,고려사,75.9,조선왕조실록,75.9
燕都,5,83,47,56.6,24.1,한국사료총서,100.0,고려사절요,75.9
遼河,3,67,39,58.2,19.4,한국사료총서,95.2,조선왕조실록,75.9
上西面,3,52,38,73.1,11.1,조선왕조실록,87.0,승정원일기,75.8
正陽門外,3,49,25,51.0,0.0,조선왕조실록,75.8,승정원일기,75.8
保定,6,429,275,64.1,0.0,고려사,75.8,승정원일기,75.8
西省,4,88,46,52.3,24.2,승정원일기,100.0,조선왕조실록,75.8
雲山,4,1901,996,52.4,24.2,한국사료총서,100.0,고순종실록,75.8
五島,3,372,247,66.4,4.5,승정원일기,80.3,조선왕조실록,75.8
撫夷,4,515,244,47.4,15.0,한국사료총서,90.7,조선왕조실록,75.7
平縣,7,3230,704,21.8,15.6,승정원일기,91.3,고려사,75.7
長位,2,54,47,87.0,20.0,한국사료총서,95.7,승정원일기,75.7
遂安縣,3,31,7,22.6,4.3,승정원일기,80.0,고려사,75.7
海際,3,88,17,19.3,2.9,한국사료총서,78.6,조선왕조실록,75.7
夷齊廟,3,41,26,63.4,10.0,한국사료총서,85.7,조선왕조실록,75.7
遮外,4,375,123,32.8,7.7,한국사료총서,83.3,조선왕조실록,75.6
泰寧,4,418,308,73.7,0.0,한국사료총서,75.6,승정원일기,75.6
孝元,4,1735,811,46.7,0.0,삼국사기,75.6,승정원일기,75.6
筑,4,462,360,77.9,20.0,승정원일기,95.6,조선왕조실록,75.6
吉祥牧場,2,27,22,81.5,20.0,조선왕조실록,95.5,승정원일기,75.5
濊貊,3,52,15,28.8,3.0,승정원일기,78.6,한국사료총서,75.5
對馬,6,4572,3823,83.6,24.5,한국사료총서,100.0,고순종실록,75.5
椒島,6,604,422,69.9,24.5,한국사료총서,100.0,조선왕조실록,75.5
四明,3,44,7,15.9,4.5,승정원일기,80.0,조선왕조실록,75.5
注文島,3,108,35,32.4,24.5,승정원일기,100.0,조선왕조실록,75.5
樂安郡,5,904,240,26.5,24.5,승정원일기,100.0,고려사,75.5
永慕,5,585,343,58.6,0.0,고려사,75.5,조선왕조실록,75.5
俗離山,5,164,77,47.0,24.6,한국사료총서,100.0,조선왕조실록,75.4
山東登州,2,69,20,29.0,24.6,한국사료총서,100.0,승정원일기,75.4
南邑,3,738,126,17.1,0.0,조선왕조실록,75.4,한국사료총서,75.4
月坪,2,64,46,71.9,0.0,승정원일기,75.4,한국사료총서,75.4
龍巖,4,125,62,49.6,24.7,한국사료총서,100.0,조선왕조실록,75.3
芝山,3,163,38,23.3,11.7,한국사료총서,87.0,승정원일기,75.3
玉泉,3,100,39,39.0,13.6,한국사료총서,88.9,승정원일기,75.3
俄羅,3,245,140,57.1,24.7,승정원일기,100.0,고순종실록,75.3
威遠,5,118,37,31.4,3.7,승정원일기,78.9,고려사,75.2
春營,3,1652,1228,74.3,0.0,조선왕조실록,75.2,승정원일기,75.2
御留,3,51,20,39.2,6.7,한국사료총서,81.8,조선왕조실록,75.2
駕山,3,51,16,31.4,3.3,한국사료총서,78.6,승정원일기,75.2
龍淵,5,473,155,32.8,24.8,한국사료총서,100.0,고순종실록,75.2
慈壽,4,409,150,36.7,0.0,고순종실록,75.1,조선왕조실록,75.1
興禮,6,444,281,63.3,2.0,조선왕조실록,77.0,승정원일기,75.1
䔉山,2,17,11,64.7,0.0,한국사료총서,75.0,승정원일기,75.0
上黨山城,4,94,80,85.1,25.0,한국사료총서,100.0,고순종실록,75.0
羅津,3,16,10,62.5,25.0,한국사료총서,100.0,조선왕조실록,75.0
瀛原,2,11,3,27.3,0.0,승정원일기,75.0,조선왕조실록,75.0
東萊城,3,15,8,53.3,25.0,한국사료총서,100.0,조선왕조실록,75.0
禿峴,2,10,7,70.0,25.0,한국사료총서,100.0,조선왕조실록,75.0
陵寺,2,124,21,16.9,12.5,한국사료총서,87.5,조선왕조실록,75.0
日語學校,2,86,3,3.5,0.0,승정원일기,75.0,고순종실록,75.0
大坡,4,177,94,53.1,25.0,한국사료총서,100.0,조선왕조실록,75.0
德烽,2,36,3,8.3,0.0,한국사료총서,75.0,승정원일기,75.0
格浦鎭,3,53,48,90.6,25.0,한국사료총서,100.0,고순종실록,75.0
城津郡,3,19,11,57.9,25.0,한국사료총서,100.0,고순종실록,75.0
欲乃,3,18,7,38.9,0.0,승정원일기,75.0,한국사료총서,75.0
栍,6,3573,17,0.5,0.0,고순종실록,75.0,고려사,75.0
慶浦,3,303,130,42.9,25.0,한국사료총서,100.0,조선왕조실록,75.0
占城,4,30,11,36.7,0.0,고려사,75.0,조선왕조실록,75.0
慶尙道星州,3,171,168,98.2,25.0,한국사료총서,100.0,조선왕조실록,75.0
鹿野,3,22,13,59.1,25.0,한국사료총서,100.0,조선왕조실록,75.0
長者池,2,9,6,66.7,25.0,한국사료총서,100.0,조선왕조실록,75.0
孔夫子廟,2,7,3,42.9,0.0,한국사료총서,75.0,승정원일기,75.0
南三面,3,37,12,32.4,0.0,승정원일기,75.0,한국사료총서,75.0
平安道龍川,3,89,82,92.1,25.0,한국사료총서,100.0,조선왕조실록,75.0
錢江,2,11,3,27.3,0.0,한국사료총서,75.0,조선왕조실록,75.0
覺華島,2,9,5,55.6,25.0,한국사료총서,100.0,조선왕조실록,75.0
小靑島,3,30,24,80.0,25.0,한국사료총서,100.0,조선왕조실록,75.0
慶源江,2,8,4,50.0,0.0,조선왕조실록,75.0,승정원일기,75.0
春閣,2,12,6,50.0,0.0,한국사료총서,75.0,승정원일기,75.0
成歡道,3,27,16,59.3,0.0,한국사료총서,75.0,승정원일기,75.0
孝經橋,3,62,55,88.7,25.0,한국사료총서,100.0,고순종실록,75.0
新興驛,3,35,29,82.9,25.0,한국사료총서,100.0,조선왕조실록,75.0
石壕,3,24,7,29.2,0.0,한국사료총서,75.0,조선왕조실록,75.0
忠淸道瑞山,3,177,173,97.7,25.0,한국사료총서,100.0,조선왕조실록,75.0
長鎭,3,109,11,10.1,0.0,한국사료총서,75.0,조선왕조실록,75.0
隋氏,3,21,3,14.3,0.0,승정원일기,75.0,조선왕조실록,75.0
混同江,2,10,4,40.0,0.0,한국사료총서,75.0,승정원일기,75.0
巴只,4,31,10,32.3,0.0,승정원일기,75.0,고려사,75.0
陽城邑,2,7,3,42.9,0.0,승정원일기,75.0,한국사료총서,75.0
華嶽,3,39,17,43.6,0.0,한국사료총서,75.0,조선왕조실록,75.0
居烈,3,16,7,43.8,0.0,승정원일기,75.0,삼국사기,75.0
開原城,2,8,4,50.0,0.0,한국사료총서,75.0,승정원일기,75.0
胡照里,2,17,14,82.4,25.0,한국사료총서,100.0,조선왕조실록,75.0
狄洞,3,13,10,76.9,25.0,한국사료총서,100.0,조선왕조실록,75.0
慶尙道淸河,2,25,22,88.0,25.0,한국사료총서,100.0,승정원일기,75.0
楡楊,2,10,5,50.0,25.0,조선왕조실록,100.0,승정원일기,75.0
獻陵右岡,2,8,3,37.5,0.0,조선왕조실록,75.0,승정원일기,75.0
陶山書院,4,82,66,80.5,25.0,한국사료총서,100.0,승정원일기,75.0
廣寒樓,2,11,3,27.3,0.0,한국사료총서,75.0,조선왕조실록,75.0
西原縣,4,373,110,29.5,0.0,한국사료총서,75.0,고순종실록,75.0
濟用庫,2,7,3,42.9,0.0,고려사,75.0,조선왕조실록,75.0
斗尾江,2,8,4,50.0,0.0,한국사료총서,75.0,승정원일기,75.0
化北,2,8,5,62.5,25.0,한국사료총서,100.0,승정원일기,75.0
呂宋國,3,26,19,73.1,25.0,한국사료총서,100.0,조선왕조실록,75.0
馬川,5,91,60,65.9,25.0,한국사료총서,100.0,승정원일기,75.0
皇穹宇,2,15,9,60.0,0.0,고순종실록,75.0,승정원일기,75.0
西谷,3,21,9,42.9,0.0,조선왕조실록,75.0,승정원일기,75.0
星子,3,23,5,21.7,0.0,한국사료총서,75.0,조선왕조실록,75.0
走壤,2,7,3,42.9,0.0,한국사료총서,75.0,삼국사기,75.0
仁陵局內,2,8,3,37.5,0.0,조선왕조실록,75.0,승정원일기,75.0
陳洞,2,7,3,42.9,0.0,승정원일기,75.0,한국사료총서,75.0
陽巖,3,22,13,59.1,25.0,한국사료총서,100.0,조선왕조실록,75.0
靑橋,2,10,5,50.0,0.0,한국사료총서,75.0,승정원일기,75.0
碧骨,5,60,52,86.7,25.0,한국사료총서,100.0,조선왕조실록,75.0
岳麓,2,7,3,42.9,0.0,한국사료총서,75.0,승정원일기,75.0
北路六鎭,2,11,6,54.5,0.0,조선왕조실록,75.0,승정원일기,75.0
珍藏閣,2,11,5,45.5,0.0,한국사료총서,75.0,승정원일기,75.0
北豐,3,12,4,33.3,0.0,승정원일기,75.0,조선왕조실록,75.0
八洞,2,12,3,25.0,0.0,한국사료총서,75.0,승정원일기,75.0
姑蘇臺,2,10,4,40.0,0.0,한국사료총서,75.0,조선왕조실록,75.0
負兒,4,107,40,37.4,0.0,한국사료총서,75.0,고려사,75.0
林丹,2,13,10,76.9,25.0,한국사료총서,100.0,승정원일기,75.0
檜巖,6,254,239,94.1,25.0,고려사,100.0,고순종실록,75.0
石峴,5,136,105,77.2,25.0,삼국사기,100.0,고순종실록,75.0
安北府,3,23,20,87.0,25.0,한국사료총서,100.0,고려사절요,75.0
富原,4,64,53,82.8,25.0,승정원일기,100.0,한국사료총서,75.0
九龍淵,2,20,14,70.0,25.0,한국사료총서,100.0,조선왕조실록,75.0
鳴皐,2,7,3,42.9,0.0,한국사료총서,75.0,승정원일기,75.0
三南左,2,23,15,65.2,0.0,조선왕조실록,75.0,승정원일기,75.0
高山驛,4,59,49,83.1,25.0,한국사료총서,100.0,고순종실록,75.0
法化,2,12,6,50.0,0.0,승정원일기,75.0,한국사료총서,75.0
博川津,3,26,8,30.8,0.0,조선왕조실록,75.0,승정원일기,75.0
戶法,3,23,5,21.7,0.0,조선왕조실록,75.0,한국사료총서,75.0
安浦,4,33,25,75.8,25.0,승정원일기,100.0,조선왕조실록,75.0
屛巖,2,14,4,28.6,0.0,한국사료총서,75.0,조선왕조실록,75.0
暎湖樓,2,18,8,44.4,25.0,한국사료총서,100.0,조선왕조실록,75.0
火燈,2,20,4,20.0,0.0,한국사료총서,75.0,조선왕조실록,75.0
終南山,3,25,8,32.0,0.0,한국사료총서,75.0,승정원일기,75.0
寓州,2,8,3,37.5,0.0,한국사료총서,75.0,조선왕조실록,75.0
九連,4,105,75,71.4,25.0,한국사료총서,100.0,고순종실록,75.0
豐前,2,70,9,12.9,0.0,승정원일기,75.0,조선왕조실록,75.0
道上面,2,9,3,33.3,0.0,승정원일기,75.0,한국사료총서,75.0
海澄縣,3,16,10,62.5,25.0,한국사료총서,100.0,조선왕조실록,75.0
伯顔愁所,2,19,16,84.2,25.0,한국사료총서,100.0,조선왕조실록,75.0
全羅道靈巖郡,3,172,166,96.5,25.0,한국사료총서,100.0,조선왕조실록,75.0
所斤浦,3,16,3,18.8,0.0,승정원일기,75.0,조선왕조실록,75.0
恭嬪墓,2,9,3,33.3,0.0,조선왕조실록,75.0,승정원일기,75.0
廣州南漢,2,9,5,55.6,0.0,한국사료총서,75.0,승정원일기,75.0
馬乳,2,23,9,39.1,0.0,한국사료총서,75.0,조선왕조실록,75.0
靑河,2,13,8,61.5,0.0,한국사료총서,75.0,조선왕조실록,75.0
南述,3,116,3,2.6,0.0,승정원일기,75.0,조선왕조실록,75.0
孔林,2,15,3,20.0,0.0,한국사료총서,75.0,승정원일기,75.0
石牛,3,21,4,19.0,0.0,조선왕조실록,75.0,고려사,75.0
豐潤,3,40,18,45.0,25.0,승정원일기,100.0,한국사료총서,75.0
孝文,4,1245,236,19.0,0.0,한국사료총서,75.0,고순종실록,75.0
居山道,3,43,19,44.2,0.0,한국사료총서,75.0,조선왕조실록,75.0
忠淸道瑞,3,180,176,97.8,25.0,한국사료총서,100.0,조선왕조실록,75.0
慈仁,6,1204,574,47.7,25.0,고려사,100.0,고순종실록,75.0
甑城,2,13,8,61.5,25.0,한국사료총서,100.0,조선왕조실록,75.0
襄陽都護府,2,7,3,42.9,0.0,조선왕조실록,75.0,승정원일기,75.0
津門,2,15,6,40.0,0.0,한국사료총서,75.0,승정원일기,75.0
釜館,3,34,9,26.5,5.0,한국사료총서,80.0,승정원일기,75.0
龜峰,2,30,3,10.0,0.0,한국사료총서,75.0,조선왕조실록,75.0
濮王廟,2,12,3,25.0,0.0,승정원일기,75.0,조선왕조실록,75.0
咸興城,3,22,8,36.4,0.0,한국사료총서,75.0,승정원일기,75.0
慶州鎭,2,15,4,26.7,0.0,한국사료총서,75.0,승정원일기,75.0
延花,2,15,4,26.7,0.0,승정원일기,75.0,조선왕조실록,75.0
務安郡,4,41,23,56.1,25.0,승정원일기,100.0,한국사료총서,75.0
安信,4,166,5,3.0,0.0,승정원일기,75.0,고려사,75.0
布國,4,111,11,9.9,0.0,조선왕조실록,75.0,고순종실록,75.0
康福,3,41,12,29.3,0.0,한국사료총서,75.0,조선왕조실록,75.0
定州郡,4,50,17,34.0,0.0,조선왕조실록,75.0,고순종실록,75.0
東山,6,700,230,32.9,0.0,고려사절요,75.0,고순종실록,75.0
替子,2,10,3,30.0,0.0,승정원일기,75.0,조선왕조실록,75.0
栗原,4,54,7,13.0,0.0,고순종실록,75.0,조선왕조실록,75.0
迷津,3,83,35,42.2,0.0,한국사료총서,75.0,조선왕조실록,75.0
沙平,6,53,37,69.8,25.0,한국사료총서,100.0,삼국사기,75.0
綿山,2,12,3,25.0,0.0,한국사료총서,75.0,승정원일기,75.0
連州,5,39,28,71.8,16.7,한국사료총서,91.7,승정원일기,75.0
平成門內,2,7,3,42.9,0.0,고순종실록,75.0,승정원일기,75.0
修仁,4,87,38,43.7,0.0,한국사료총서,75.0,고순종실록,75.0
東西江,5,70,30,42.9,0.0,한국사료총서,75.0,고려사절요,75.0
琵琶,6,240,51,21.2,0.0,삼국사기,75.0,삼국유사,75.0
史勿,3,37,7,18.9,0.0,승정원일기,75.0,한국사료총서,75.0
霧山,2,12,3,25.0,0.0,한국사료총서,75.0,조선왕조실록,75.0
車城,4,20,9,45.0,0.0,승정원일기,75.0,삼국사기,75.0
鎭南郡,3,23,12,52.2,25.0,승정원일기,100.0,고순종실록,75.0
回鶻,3,23,5,21.7,0.0,승정원일기,75.0,조선왕조실록,75.0
豊陵,3,31,12,38.7,0.0,한국사료총서,75.0,조선왕조실록,75.0
東泉,3,19,10,52.6,25.0,한국사료총서,100.0,승정원일기,75.0
有隣,5,8169,13,0.2,0.0,고순종실록,75.0,고려사,75.0
平陵道,3,23,16,69.6,25.0,한국사료총서,100.0,조선왕조실록,75.0
湖南一省,2,9,3,33.3,0.0,한국사료총서,75.0,승정원일기,75.0
百濟始祖廟,2,9,3,33.3,0.0,조선왕조실록,75.0,승정원일기,75.0
泗上,3,29,6,20.7,0.0,한국사료총서,75.0,조선왕조실록,75.0
麗水,6,187,136,72.7,25.0,삼국사기,100.0,고순종실록,75.0
楓島,4,19,16,84.2,25.0,한국사료총서,100.0,조선왕조실록,75.0
比谷,3,28,16,57.1,0.0,승정원일기,75.0,조선왕조실록,75.0
金剛城,2,11,4,36.4,0.0,조선왕조실록,75.0,고려사,75.0
閱武堂,2,12,5,41.7,0.0,한국사료총서,75.0,승정원일기,75.0
黑江,2,19,12,63.2,0.0,한국사료총서,75.0,승정원일기,75.0
元定峴,2,7,3,42.9,0.0,한국사료총서,75.0,조선왕조실록,75.0
全羅道海南縣,3,219,214,97.7,25.0,한국사료총서,100.0,조선왕조실록,75.0
一洞內,2,9,3,33.3,0.0,승정원일기,75.0,한국사료총서,75.0
東峯,3,32,5,15.6,0.0,한국사료총서,75.0,승정원일기,75.0
少年臺,2,8,3,37.5,0.0,승정원일기,75.0,한국사료총서,75.0
洛陽驛,2,13,3,23.1,0.0,한국사료총서,75.0,조선왕조실록,75.0
登津,2,8,4,50.0,25.0,한국사료총서,100.0,조선왕조실록,75.0
仍甫,2,10,3,30.0,0.0,한국사료총서,75.0,조선왕조실록,75.0
燕然,3,11,4,36.4,0.0,한국사료총서,75.0,조선왕조실록,75.0
質山,2,11,8,72.7,25.0,한국사료총서,100.0,삼국사기,75.0
席島,6,47,37,78.7,25.0,한국사료총서,100.0,조선왕조실록,75.0
樓巖,3,51,34,66.7,25.0,한국사료총서,100.0,조선왕조실록,75.0
琵琶串,2,8,5,62.5,25.0,한국사료총서,100.0,조선왕조실록,75.0
江都南,3,23,13,56.5,0.0,조선왕조실록,75.0,승정원일기,75.0
西海道,4,345,250,72.5,20.0,한국사료총서,95.0,조선왕조실록,75.0
中丘,2,15,8,53.3,25.0,승정원일기,100.0,조선왕조실록,75.0
岐灘,2,16,10,62.5,25.0,한국사료총서,100.0,조선왕조실록,75.0
北嶽,3,53,21,39.6,0.0,한국사료총서,75.0,승정원일기,75.0
耽羅國,5,35,22,62.9,25.0,한국사료총서,100.0,조선왕조실록,75.0
天坪,3,38,33,86.8,25.0,한국사료총서,100.0,조선왕조실록,75.0
春生,4,476,64,13.4,0.0,조선왕조실록,75.0,고순종실록,75.0
洞仙關,2,7,3,42.9,0.0,한국사료총서,75.0,승정원일기,75.0
慶州,8,5736,4426,77.2,25.0,삼국유사,100.0,삼국사기,75.0
三水,6,3293,2577,78.3,25.0,고려사,100.0,고순종실록,75.0
八鎭驛,2,10,4,40.0,0.0,한국사료총서,75.0,승정원일기,75.0
夾谷,3,22,6,27.3,0.0,한국사료총서,75.0,조선왕조실록,75.0
喬桐縣,5,73,36,49.3,25.0,승정원일기,100.0,고려사절요,75.0
斡東,3,36,33,91.7,25.0,한국사료총서,100.0,조선왕조실록,75.0
億政,2,7,3,42.9,0.0,승정원일기,75.0,조선왕조실록,75.0
虛項,3,46,29,63.0,0.0,한국사료총서,75.0,조선왕조실록,75.0
浙西,3,22,15,68.2,25.0,한국사료총서,100.0,승정원일기,75.0
遠田,3,25,3,12.0,0.0,승정원일기,75.0,한국사료총서,75.0
世川,2,10,4,40.0,0.0,한국사료총서,75.0,조선왕조실록,75.0
丹東,3,74,6,8.1,0.0,고려사,75.0,한국사료총서,75.0
慶尙道倭,2,11,6,54.5,25.0,승정원일기,100.0,조선왕조실록,75.0
晴虹,2,7,3,42.9,0.0,한국사료총서,75.0,조선왕조실록,75.0
皆骨,3,48,22,45.8,0.0,한국사료총서,75.0,조선왕조실록,75.0
班石,3,15,8,53.3,25.0,조선왕조실록,100.0,고려사,75.0
心臺,3,101,41,40.6,0.0,한국사료총서,75.0,조선왕조실록,75.0
甲山邑,2,8,3,37.5,0.0,조선왕조실록,75.0,승정원일기,75.0
濁川,2,8,4,50.0,0.0,승정원일기,75.0,한국사료총서,75.0
淄川,2,8,3,37.5,0.0,조선왕조실록,75.0,한국사료총서,75.0
山端,3,19,7,36.8,0.0,승정원일기,75.0,조선왕조실록,75.0
雙浦,2,13,7,53.8,25.0,한국사료총서,100.0,조선왕조실록,75.0
宣義,5,113,26,23.0,0.0,승정원일기,75.0,조선왕조실록,75.0
靖嬪李氏,2,10,3,30.0,0.0,조선왕조실록,75.0,승정원일기,75.0
吉祥山,2,17,11,64.7,25.0,한국사료총서,100.0,조선왕조실록,75.0
倉橋,2,10,7,70.0,25.0,한국사료총서,100.0,승정원일기,75.0
通口,3,21,9,42.9,0.0,승정원일기,75.0,조선왕조실록,75.0
長通坊,3,45,42,93.3,25.0,한국사료총서,100.0,조선왕조실록,75.0
忠淸道瑞山郡,3,32,28,87.5,25.0,한국사료총서,100.0,승정원일기,75.0
多慶浦,3,298,127,42.6,25.0,한국사료총서,100.0,조선왕조실록,75.0
桃山,2,20,6,30.0,0.0,한국사료총서,75.0,고순종실록,75.0
趙人,3,47,6,12.8,0.0,승정원일기,75.0,조선왕조실록,75.0
利城,5,1057,612,57.9,25.0,삼국사기,100.0,고려사,75.0
楊根城,3,10,7,70.0,25.0,조선왕조실록,100.0,고려사절요,75.0
義州玉江,2,7,3,42.9,0.0,한국사료총서,75.0,승정원일기,75.0
晉州府,3,34,31,91.2,25.0,한국사료총서,100.0,승정원일기,75.0
星嶺,3,62,48,77.4,25.0,한국사료총서,100.0,조선왕조실록,75.0
滕國,3,33,5,15.2,0.0,승정원일기,75.0,조선왕조실록,75.0
水州,5,53,38,71.7,25.0,삼국사기,100.0,조선왕조실록,75.0
高麗溝,3,19,10,52.6,25.0,승정원일기,100.0,조선왕조실록,75.0
泗水,5,90,36,40.0,25.0,한국사료총서,100.0,고려사절요,75.0
化平,5,38,8,21.1,0.0,고려사절요,75.0,조선왕조실록,75.0
紫芝,4,47,7,14.9,0.0,고순종실록,75.0,조선왕조실록,75.0
時津,3,27,7,25.9,0.0,승정원일기,75.0,조선왕조실록,75.0
南館,3,47,10,21.3,0.0,조선왕조실록,75.0,승정원일기,75.0
銀嶺,2,8,5,62.5,25.0,한국사료총서,100.0,조선왕조실록,75.0
礪峴鎭,3,43,37,86.0,25.0,한국사료총서,100.0,조선왕조실록,75.0
可里,2,7,3,42.9,0.0,조선왕조실록,75.0,한국사료총서,75.0
勒院,2,20,12,60.0,25.0,한국사료총서,100.0,조선왕조실록,75.0
有扈,3,111,4,3.6,0.0,승정원일기,75.0,고순종실록,75.0
獨松亭,3,16,9,56.2,0.0,한국사료총서,75.0,조선왕조실록,75.0
西蠶室,2,16,3,18.8,0.0,조선왕조실록,75.0,승정원일기,75.0
實相寺,2,12,4,33.3,0.0,한국사료총서,75.0,승정원일기,75.0
大也峴,2,7,4,57.1,25.0,한국사료총서,100.0,승정원일기,75.0
上黨山,4,94,81,86.2,25.0,한국사료총서,100.0,고순종실록,75.0
池島,3,18,15,83.3,25.0,한국사료총서,100.0,조선왕조실록,75.0
泰封,6,65,15,23.1,0.0,고려사,75.0,조선왕조실록,75.0
國師堂,3,27,17,63.0,0.0,한국사료총서,75.0,승정원일기,75.0
茂豐,5,83,19,22.9,0.0,고순종실록,75.0,고려사,75.0
大富,4,36,11,30.6,0.0,한국사료총서,75.0,고려사,75.0
竹田以東,2,7,3,42.9,0.0,조선왕조실록,75.0,승정원일기,75.0
梨峙,3,30,14,46.7,25.0,승정원일기,100.0,조선왕조실록,75.0
摩震,2,8,3,37.5,0.0,삼국사기,75.0,한국사료총서,75.0
步江,2,9,4,44.4,0.0,한국사료총서,75.0,고순종실록,75.0
蟾津,5,242,156,64.5,25.0,한국사료총서,100.0,조선왕조실록,75.0
所浦,2,10,5,50.0,0.0,한국사료총서,75.0,승정원일기,75.0
錢塘,3,61,25,41.0,0.0,한국사료총서,75.0,조선왕조실록,75.0
貞民,3,23,19,82.6,25.0,한국사료총서,100.0,조선왕조실록,75.0
獨樂亭,2,9,6,66.7,25.0,한국사료총서,100.0,승정원일기,75.0
慶安宮,3,22,6,27.3,0.0,고려사,75.0,승정원일기,75.0
天台宗,2,12,6,50.0,0.0,고려사,75.0,조선왕조실록,75.0
舟越,2,13,3,23.1,0.0,한국사료총서,75.0,조선왕조실록,75.0
佛菴,2,24,5,20.8,0.0,한국사료총서,75.0,조선왕조실록,75.0
周山,4,38,16,42.1,25.0,한국사료총서,100.0,고순종실록,75.0
踏溪,2,17,8,47.1,25.0,한국사료총서,100.0,조선왕조실록,75.0
府東面,3,18,8,44.4,25.0,조선왕조실록,100.0,승정원일기,75.0
辰串,2,8,5,62.5,25.0,한국사료총서,100.0,조선왕조실록,75.0
水安,3,21,9,42.9,0.0,승정원일기,75.0,조선왕조실록,75.0
大德國,2,8,5,62.5,25.0,한국사료총서,100.0,고순종실록,75.0
鵲峴,2,11,8,72.7,25.0,한국사료총서,100.0,승정원일기,75.0
沃原,3,23,17,73.9,25.0,승정원일기,100.0,조선왕조실록,75.0
東島,2,15,6,40.0,0.0,한국사료총서,75.0,조선왕조실록,75.0
登山鎭,2,36,33,91.7,25.0,한국사료총서,100.0,승정원일기,75.0
豐倉,3,19,7,36.8,25.0,승정원일기,100.0,조선왕조실록,75.0
景福宮門前,2,7,3,42.9,0.0,조선왕조실록,75.0,승정원일기,75.0
紫禁城,2,20,17,85.0,25.0,한국사료총서,100.0,승정원일기,75.0
雪岳,3,16,7,43.8,0.0,한국사료총서,75.0,조선왕조실록,75.0
娛賓,3,28,14,50.0,0.0,한국사료총서,75.0,승정원일기,75.0
僧倉,3,69,7,10.1,0.0,한국사료총서,75.0,조선왕조실록,75.0
樂育齋,3,30,8,26.7,0.0,한국사료총서,75.0,조선왕조실록,75.0
東萊倭,3,46,18,39.1,0.0,한국사료총서,75.0,조선왕조실록,75.0
深河,3,268,103,38.4,5.4,한국사료총서,80.3,조선왕조실록,74.9
廣智營,3,1274,946,74.3,0.0,조선왕조실록,74.8,승정원일기,74.8
水亭,3,66,20,30.3,10.9,한국사료총서,85.7,고순종실록,74.8
上北面,2,76,28,36.8,19.6,한국사료총서,94.4,승정원일기,74.8
登州府,3,201,96,47.8,25.2,한국사료총서,100.0,승정원일기,74.8
洪道,3,1702,1330,78.1,15.2,한국사료총서,89.9,조선왕조실록,74.7
白峙,3,387,216,55.8,23.1,한국사료총서,97.7,조선왕조실록,74.7
銅雀江,3,43,32,74.4,20.0,한국사료총서,94.7,승정원일기,74.7
順安縣,5,593,183,30.9,25.3,승정원일기,100.0,고순종실록,74.7
景春,3,803,485,60.4,0.0,한국사료총서,74.6,조선왕조실록,74.6
全溪大院君,4,282,147,52.1,0.0,고순종실록,74.6,승정원일기,74.6
甲寺,2,16,7,43.8,11.1,한국사료총서,85.7,승정원일기,74.6
順懷,4,802,487,60.7,0.0,한국사료총서,74.6,승정원일기,74.6
首比,3,31,20,64.5,14.3,승정원일기,88.9,한국사료총서,74.6
淸浦,3,20,10,50.0,11.1,한국사료총서,85.7,승정원일기,74.6
廣智,3,1328,983,74.0,0.0,한국사료총서,74.6,승정원일기,74.6
松亭,4,509,266,52.3,25.4,한국사료총서,100.0,고순종실록,74.6
雲峯縣,4,435,63,14.5,10.0,승정원일기,84.6,한국사료총서,74.6
溫陽行宮,2,211,121,57.3,1.9,조선왕조실록,76.4,승정원일기,74.5
金海府,7,1561,629,40.3,25.5,조선왕조실록,100.0,삼국유사,74.5
安眠,4,478,401,83.9,25.6,한국사료총서,100.0,고순종실록,74.4
莞,6,1993,241,12.1,5.6,한국사료총서,80.0,고순종실록,74.4
西挾門,4,566,401,70.8,0.0,고순종실록,74.4,승정원일기,74.4
閩浙,2,25,7,28.0,5.6,한국사료총서,80.0,조선왕조실록,74.4
潞,4,2579,38,1.5,0.8,승정원일기,75.0,고려사,74.2
崇山,3,71,20,28.2,9.1,한국사료총서,83.3,조선왕조실록,74.2
沙峴,6,395,341,86.3,25.8,한국사료총서,100.0,고려사절요,74.2
南海郡,2,41,18,43.9,25.8,승정원일기,100.0,조선왕조실록,74.2
泉南,2,20,8,40.0,9.1,한국사료총서,83.3,조선왕조실록,74.2
曲山,2,17,6,35.3,9.1,한국사료총서,83.3,조선왕조실록,74.2
公洪道,3,1069,982,91.9,20.0,한국사료총서,94.1,조선왕조실록,74.1
古嶺,3,37,23,62.2,0.0,한국사료총서,74.1,승정원일기,74.1
開原,3,128,111,86.7,23.1,한국사료총서,97.1,조선왕조실록,74.0
孤山,5,174,76,43.7,26.0,한국사료총서,100.0,삼국사기,74.0
太祖陵,4,86,44,51.2,0.0,고순종실록,74.0,승정원일기,74.0
山站,3,96,63,65.6,21.9,한국사료총서,95.8,조선왕조실록,74.0
廣明,4,77,25,32.5,0.0,고려사,73.9,조선왕조실록,73.9
開寧郡,4,38,19,50.0,26.1,승정원일기,100.0,조선왕조실록,73.9
楊州牧場,2,27,17,63.0,0.0,조선왕조실록,73.9,승정원일기,73.9
多大浦,3,524,282,53.8,25.4,승정원일기,99.2,조선왕조실록,73.9
利川行宮,2,30,17,56.7,0.0,조선왕조실록,73.9,승정원일기,73.9
山東省登州府,2,79,48,60.8,26.2,한국사료총서,100.0,승정원일기,73.8
茂山堡,2,49,34,69.4,0.0,한국사료총서,73.8,조선왕조실록,73.8
歧縣,3,102,32,31.4,8.0,승정원일기,81.8,한국사료총서,73.8
南漢,5,6233,5140,82.5,26.2,한국사료총서,100.0,고순종실록,73.8
板橋,4,179,122,68.2,20.0,고려사,93.8,승정원일기,73.8
殷豐,3,46,38,82.6,20.0,승정원일기,93.8,조선왕조실록,73.8
寧海郡,3,50,18,36.0,26.3,승정원일기,100.0,한국사료총서,73.7
寧夏,4,2404,24,1.0,0.0,고순종실록,73.7,조선왕조실록,73.7
光化門前路,2,41,28,68.3,0.0,조선왕조실록,73.7,승정원일기,73.7
完府,4,75,42,56.0,26.3,한국사료총서,100.0,고순종실록,73.7
鎭嶺,3,29,12,41.4,26.3,승정원일기,100.0,한국사료총서,73.7
狐村,2,23,9,39.1,26.3,한국사료총서,100.0,승정원일기,73.7
架山城,3,28,18,64.3,0.0,한국사료총서,73.7,승정원일기,73.7
鼎足山城史庫,2,27,14,51.9,0.0,고순종실록,73.7,승정원일기,73.7
高陽行宮,2,23,14,60.9,0.0,조선왕조실록,73.7,승정원일기,73.7
月巖,3,31,14,45.2,26.3,한국사료총서,100.0,조선왕조실록,73.7
石宗,3,206,14,6.8,0.0,승정원일기,73.7,한국사료총서,73.7
楊廣道,4,239,107,44.8,26.4,고려사절요,100.0,조선왕조실록,73.6
南北關,4,160,94,58.8,0.0,조선왕조실록,73.6,승정원일기,73.6
永化,2,241,207,85.9,16.7,한국사료총서,90.3,승정원일기,73.6
迎日縣,7,248,92,37.1,26.4,승정원일기,100.0,삼국유사,73.6
全溪大院君祠宇,3,71,36,50.7,0.0,고순종실록,73.5,승정원일기,73.5
伐登浦,3,44,24,54.5,18.2,한국사료총서,91.7,조선왕조실록,73.5
咸陽地,3,56,36,64.3,0.0,조선왕조실록,73.5,승정원일기,73.5
求禮縣,4,782,234,29.9,26.6,승정원일기,100.0,고려사,73.4
北神,3,162,98,60.5,0.0,한국사료총서,73.3,조선왕조실록,73.3
伊勢,3,55,33,60.0,0.0,승정원일기,73.3,조선왕조실록,73.3
丹溪,5,154,86,55.8,26.7,한국사료총서,100.0,고순종실록,73.3
德泉,5,80,14,17.5,0.0,고려사절요,73.3,조선왕조실록,73.3
老江,3,454,214,47.1,16.7,한국사료총서,90.0,조선왕조실록,73.3
五原,2,40,8,20.0,6.7,승정원일기,80.0,조선왕조실록,73.3
支天,3,62,11,17.7,0.0,고려사,73.3,조선왕조실록,73.3
晋山,2,141,17,12.1,1.7,조선왕조실록,75.0,한국사료총서,73.3
宣化,6,4182,2988,71.4,2.9,한국사료총서,76.2,승정원일기,73.3
三支,3,27,14,51.9,26.7,한국사료총서,100.0,조선왕조실록,73.3
辰韓,7,166,77,46.4,0.0,고려사,73.3,한국사료총서,73.3
全羅道羅州,3,528,507,96.0,26.1,한국사료총서,99.3,승정원일기,73.2
富山,4,138,121,87.7,25.0,삼국유사,98.2,조선왕조실록,73.2
紫霞洞,5,100,85,85.0,25.0,조선왕조실록,98.2,승정원일기,73.2
壽進坊,3,60,52,86.7,20.0,한국사료총서,93.2,승정원일기,73.2
漢南,6,525,284,54.1,0.0,고려사절요,73.2,승정원일기,73.2
鄲,5,110,55,50.0,0.0,고려사절요,73.2,승정원일기,73.2
宗廟大門外,2,348,251,72.1,0.0,조선왕조실록,73.2,승정원일기,73.2
瞻星臺,3,33,13,39.4,12.5,한국사료총서,85.7,조선왕조실록,73.2
道康,6,781,720,92.2,26.9,한국사료총서,100.0,고순종실록,73.1
遼海,5,107,25,23.4,1.9,한국사료총서,75.0,고려사절요,73.1
興德郡,3,34,13,38.2,26.9,승정원일기,100.0,한국사료총서,73.1
洛河,3,41,22,53.7,11.1,한국사료총서,84.2,조선왕조실록,73.1
西平,4,1214,200,16.5,10.2,한국사료총서,83.3,고순종실록,73.1
馬韓,7,353,201,56.9,0.0,고려사,73.1,한국사료총서,73.1
元井,2,60,54,90.0,25.0,승정원일기,98.1,한국사료총서,73.1
龍興舊宮,2,45,27,60.0,0.0,조선왕조실록,73.0,승정원일기,73.0
廣興倉,6,1719,371,21.6,0.0,고려사,73.0,조선왕조실록,73.0
解慍,4,78,27,34.6,0.0,고려사,73.0,조선왕조실록,73.0
內契,2,217,154,71.0,0.0,한국사료총서,73.0,승정원일기,73.0
鵝湖,2,30,8,26.7,4.8,한국사료총서,77.8,승정원일기,73.0
大梁,4,45,15,33.3,7.1,한국사료총서,80.0,삼국사기,72.9
汝島,2,58,8,13.8,2.1,조선왕조실록,75.0,승정원일기,72.9
宗廟洞口,2,220,147,66.8,0.0,조선왕조실록,72.8,승정원일기,72.8
邊德,3,100,8,8.0,0.0,승정원일기,72.7,한국사료총서,72.7
助泥,4,300,151,50.3,27.3,한국사료총서,100.0,고순종실록,72.7
靑寧,3,64,40,62.5,0.0,고순종실록,72.7,승정원일기,72.7
墨山,3,17,9,52.9,27.3,한국사료총서,100.0,조선왕조실록,72.7
祥山,2,21,12,57.1,27.3,한국사료총서,100.0,조선왕조실록,72.7
宜嬪,3,171,116,67.8,8.3,조선왕조실록,81.0,승정원일기,72.7
蛇川,2,17,9,52.9,27.3,한국사료총서,100.0,조선왕조실록,72.7
村,8,22216,6995,31.5,8.1,고순종실록,80.8,삼국사기,72.7
垈也,2,18,8,44.4,0.0,한국사료총서,72.7,승정원일기,72.7
毛只,2,20,11,55.0,0.0,조선왕조실록,72.7,한국사료총서,72.7
安谷驛,2,14,6,42.9,27.3,한국사료총서,100.0,조선왕조실록,72.7
楊淵,3,22,12,54.5,27.3,조선왕조실록,100.0,승정원일기,72.7
觀刈臺,2,14,8,57.1,0.0,조선왕조실록,72.7,승정원일기,72.7
宣沙,3,544,265,48.7,27.3,한국사료총서,100.0,조선왕조실록,72.7
渾河,3,27,18,66.7,27.3,한국사료총서,100.0,조선왕조실록,72.7
馬井,3,22,14,63.6,27.3,한국사료총서,100.0,조선왕조실록,72.7
淸洪,2,316,303,95.9,26.7,한국사료총서,99.3,조선왕조실록,72.7
常州,3,21,11,52.4,27.3,승정원일기,100.0,조선왕조실록,72.7
靑巖道,2,16,9,56.2,0.0,한국사료총서,72.7,승정원일기,72.7
高州,4,52,30,57.7,27.3,고려사절요,100.0,조선왕조실록,72.7
野城,4,29,14,48.3,0.0,승정원일기,72.7,한국사료총서,72.7
吾叉浦,3,294,117,39.8,27.3,한국사료총서,100.0,조선왕조실록,72.7
廣南,3,26,16,61.5,27.3,한국사료총서,100.0,고려사,72.7
永豐,5,504,168,33.3,0.0,고순종실록,72.7,고려사,72.7
森森,3,402,129,32.1,0.0,한국사료총서,72.7,조선왕조실록,72.7
羅暖,4,360,139,38.6,27.3,한국사료총서,100.0,고순종실록,72.7
大興,7,3171,1977,62.3,16.7,고려사,89.3,고순종실록,72.6
旌義,4,2228,1604,72.0,27.4,한국사료총서,100.0,고순종실록,72.6
支石,3,53,23,43.4,4.3,조선왕조실록,76.9,한국사료총서,72.6
會寧郡,2,46,17,37.0,27.5,승정원일기,100.0,고순종실록,72.5
近畿,4,1381,901,65.2,0.9,조선왕조실록,73.3,승정원일기,72.5
淸亭,3,206,71,34.5,27.5,한국사료총서,100.0,조선왕조실록,72.5
益州,5,220,154,70.0,23.5,고려사절요,96.0,조선왕조실록,72.5
鳳陽,5,316,24,7.6,2.6,승정원일기,75.0,조선왕조실록,72.4
南塘,3,197,114,57.9,14.5,한국사료총서,87.0,조선왕조실록,72.4
井谷,2,34,22,64.7,0.0,승정원일기,72.4,한국사료총서,72.4
汶,6,1187,50,4.2,2.6,승정원일기,75.0,삼국사기,72.4
麗,8,18101,6414,35.4,0.0,삼국유사,72.4,고순종실록,72.4
道安,7,1838,1533,83.4,18.8,고려사절요,91.2,승정원일기,72.4
仁邑,3,82,61,74.4,14.3,조선왕조실록,86.7,한국사료총서,72.4
榮城,3,45,24,53.3,27.6,한국사료총서,100.0,조선왕조실록,72.4
丘,8,11468,2931,25.6,2.9,고려사절요,75.3,고순종실록,72.4
龍灣,5,557,407,73.1,27.7,한국사료총서,100.0,고려사,72.3
防垣,3,371,147,39.6,0.0,한국사료총서,72.3,조선왕조실록,72.3
蜀,7,1776,523,29.4,13.4,한국사료총서,85.7,고순종실록,72.3
東耤親耕田,2,187,133,71.1,0.0,고순종실록,72.3,승정원일기,72.3
三萬衛,2,18,13,72.2,20.0,한국사료총서,92.3,조선왕조실록,72.3
泗,8,4372,2352,53.8,27.7,한국사료총서,100.0,고려사절요,72.3
平安道義,3,192,178,92.7,26.7,한국사료총서,99.0,조선왕조실록,72.3
山驛,6,612,447,73.0,27.7,한국사료총서,100.0,고려사절요,72.3
夾江,2,85,57,67.1,0.0,한국사료총서,72.2,조선왕조실록,72.2
進禮,6,885,40,4.5,1.1,한국사료총서,73.3,고려사,72.2
波斯,3,43,26,60.5,0.0,승정원일기,72.2,한국사료총서,72.2
鳳山縣,2,36,15,41.7,5.6,승정원일기,77.8,조선왕조실록,72.2
四街,2,43,26,60.5,16.7,한국사료총서,88.9,승정원일기,72.2
金堤郡,5,1142,486,42.6,27.8,조선왕조실록,100.0,고려사,72.2
楚邱,2,23,14,60.9,0.0,한국사료총서,72.2,승정원일기,72.2
繼照,4,285,112,39.3,0.0,한국사료총서,72.2,조선왕조실록,72.2
鐘樓,3,51,31,60.8,0.0,한국사료총서,72.2,승정원일기,72.2
易東書院,2,24,11,45.8,27.8,한국사료총서,100.0,승정원일기,72.2
德安,5,213,69,32.4,0.0,고려사,72.1,고순종실록,72.1
奉安閣,3,421,296,70.3,0.0,한국사료총서,72.1,승정원일기,72.1
江陵郡,2,50,17,34.0,27.9,승정원일기,100.0,고순종실록,72.1
福興,4,105,19,18.1,2.9,승정원일기,75.0,조선왕조실록,72.1
台山,3,36,16,44.4,28.0,한국사료총서,100.0,조선왕조실록,72.0
板幕,3,36,17,47.2,28.0,한국사료총서,100.0,조선왕조실록,72.0
川沙,4,208,96,46.2,0.0,고순종실록,72.0,한국사료총서,72.0
㺚川,6,115,95,82.6,28.0,한국사료총서,100.0,조선왕조실록,72.0
峨,3,389,177,45.5,11.0,한국사료총서,83.0,조선왕조실록,72.0
九連城,4,92,73,79.3,28.0,한국사료총서,100.0,조선왕조실록,72.0
魚川,4,528,218,41.3,28.0,한국사료총서,100.0,고순종실록,72.0
山村,5,248,114,46.0,28.0,조선왕조실록,100.0,고려사,72.0
雁門,2,31,18,58.1,0.0,조선왕조실록,72.0,승정원일기,72.0
竹溪,3,124,28,22.6,13.8,한국사료총서,85.7,승정원일기,71.9
郵局,3,69,23,33.3,0.0,고순종실록,71.9,승정원일기,71.9
安邊府,6,1187,367,30.9,28.1,승정원일기,100.0,고려사절요,71.9
礪,7,13730,1621,11.8,3.2,고려사절요,75.0,삼국사기,71.8
東關,4,865,726,83.9,19.2,조선왕조실록,91.0,승정원일기,71.8
義順館,2,102,93,91.2,25.0,한국사료총서,96.8,조선왕조실록,71.8
龍川郡,4,95,27,28.4,11.5,승정원일기,83.3,고순종실록,71.8
春原,3,39,6,15.4,3.3,승정원일기,75.0,조선왕조실록,71.7
州北面,3,32,16,50.0,8.3,조선왕조실록,80.0,승정원일기,71.7
葱秀,3,60,41,68.3,15.4,한국사료총서,87.0,조선왕조실록,71.6
南院,2,106,65,61.3,0.0,승정원일기,71.6,한국사료총서,71.6
盤松亭,3,114,98,86.0,25.0,한국사료총서,96.5,조선왕조실록,71.5
泰安,6,2468,1799,72.9,25.0,고려사절요,96.5,조선왕조실록,71.5
遼東,8,5555,5002,90.0,25.0,고순종실록,96.5,조선왕조실록,71.5
定陵,4,447,302,67.6,0.0,한국사료총서,71.5,승정원일기,71.5
湖嶺,3,330,91,27.6,0.0,한국사료총서,71.4,승정원일기,71.4
承暉,3,32,19,59.4,0.0,한국사료총서,71.4,조선왕조실록,71.4
芮城,2,12,5,41.7,0.0,고려사,71.4,조선왕조실록,71.4
叢石,3,23,7,30.4,0.0,한국사료총서,71.4,조선왕조실록,71.4
葛坡,3,33,25,75.8,28.6,한국사료총서,100.0,조선왕조실록,71.4
廣平大君墓,2,12,5,41.7,0.0,조선왕조실록,71.4,승정원일기,71.4
縣北面,3,25,13,52.0,0.0,조선왕조실록,71.4,승정원일기,71.4
寶林,5,61,7,11.5,0.0,고려사,71.4,승정원일기,71.4
慈恩島,3,27,22,81.5,28.6,한국사료총서,100.0,조선왕조실록,71.4
東晋,3,48,25,52.1,0.0,삼국유사,71.4,조선왕조실록,71.4
東倉,3,127,30,23.6,3.6,한국사료총서,75.0,조선왕조실록,71.4
虛項嶺,3,28,18,64.3,0.0,한국사료총서,71.4,조선왕조실록,71.4
長西,3,39,11,28.2,0.0,조선왕조실록,71.4,한국사료총서,71.4
仁安,4,49,18,36.7,0.0,고려사,71.4,조선왕조실록,71.4
井浦堡,2,11,6,54.5,28.6,승정원일기,100.0,한국사료총서,71.4
朝天宮,3,22,10,45.5,0.0,고려사,71.4,조선왕조실록,71.4
松南,2,15,8,53.3,14.3,한국사료총서,85.7,승정원일기,71.4
東西北面,3,54,10,18.5,0.0,조선왕조실록,71.4,고려사절요,71.4
九陵,6,95,37,38.9,0.0,고려사,71.4,고순종실록,71.4
鷄林,6,418,235,56.2,0.0,고려사절요,71.4,한국사료총서,71.4
黔浦,3,16,10,62.5,28.6,승정원일기,100.0,한국사료총서,71.4
上坊,2,24,14,58.3,14.3,승정원일기,85.7,한국사료총서,71.4
設陷,2,26,10,38.5,0.0,승정원일기,71.4,조선왕조실록,71.4
東九,4,340,43,12.6,0.0,조선왕조실록,71.4,고순종실록,71.4
箕山,3,43,22,51.2,28.6,한국사료총서,100.0,삼국사기,71.4
歐羅,3,45,17,37.8,28.6,승정원일기,100.0,고순종실록,71.4
山泉,3,41,8,19.5,0.0,한국사료총서,71.4,조선왕조실록,71.4
石莊,2,14,5,35.7,0.0,한국사료총서,71.4,승정원일기,71.4
德通驛,2,10,5,50.0,28.6,한국사료총서,100.0,조선왕조실록,71.4
時梗,2,13,7,53.8,28.6,승정원일기,100.0,조선왕조실록,71.4
興德殿內,2,10,5,50.0,0.0,고순종실록,71.4,승정원일기,71.4
造山,4,711,353,49.6,28.6,한국사료총서,100.0,고순종실록,71.4
大田,4,170,66,38.8,0.0,조선왕조실록,71.4,고순종실록,71.4
望夷,3,17,6,35.3,0.0,한국사료총서,71.4,조선왕조실록,71.4
涵仁亭前庭,2,33,20,60.6,0.0,조선왕조실록,71.4,승정원일기,71.4
檀君廟,2,18,5,27.8,0.0,조선왕조실록,71.4,승정원일기,71.4
茂山郡,3,38,15,39.5,28.6,한국사료총서,100.0,고순종실록,71.4
牛耳島,2,24,19,79.2,28.6,한국사료총서,100.0,승정원일기,71.4
西水羅,4,338,221,65.4,28.6,한국사료총서,100.0,고순종실록,71.4
猪,8,2852,691,24.2,0.0,고순종실록,71.4,삼국사기,71.4
紹熙,3,17,5,29.4,0.0,고려사,71.4,조선왕조실록,71.4
山東省登州府福山縣,2,12,7,58.3,28.6,한국사료총서,100.0,승정원일기,71.4
口子,4,665,91,13.7,0.0,승정원일기,71.4,고려사,71.4
龍津陣,2,11,5,45.5,0.0,승정원일기,71.4,조선왕조실록,71.4
松峙,3,45,17,37.8,28.6,한국사료총서,100.0,조선왕조실록,71.4
珍城,3,79,29,36.7,0.0,승정원일기,71.4,조선왕조실록,71.4
居庸,3,34,20,58.8,0.0,한국사료총서,71.4,조선왕조실록,71.4
滇,3,58,12,20.7,0.0,한국사료총서,71.4,조선왕조실록,71.4
先聖廟,4,35,5,14.3,0.0,고려사,71.4,승정원일기,71.4
塹城,3,24,11,45.8,0.0,한국사료총서,71.4,조선왕조실록,71.4
懷德,6,2232,1724,77.2,28.6,고려사절요,100.0,고순종실록,71.4
海雲,3,375,45,12.0,1.1,승정원일기,72.5,조선왕조실록,71.4
濟州大靜,3,36,30,83.3,28.6,한국사료총서,100.0,승정원일기,71.4
長德,4,243,27,11.1,0.0,승정원일기,71.4,고순종실록,71.4
中南面,3,17,6,35.3,0.0,조선왕조실록,71.4,한국사료총서,71.4
大串,3,56,44,78.6,28.6,한국사료총서,100.0,조선왕조실록,71.4
法水,2,43,25,58.1,0.0,승정원일기,71.4,한국사료총서,71.4
洗踏房,2,10,5,50.0,0.0,조선왕조실록,71.4,승정원일기,71.4
巨谷,3,15,9,60.0,28.6,승정원일기,100.0,한국사료총서,71.4
西林鎭,2,13,8,61.5,28.6,한국사료총서,100.0,승정원일기,71.4
阿達哈哈番,2,10,5,50.0,0.0,조선왕조실록,71.4,한국사료총서,71.4
長巖,4,21,12,57.1,28.6,한국사료총서,100.0,고려사,71.4
河曲,5,23,16,69.6,28.6,한국사료총서,100.0,삼국사기,71.4
平安道義州,3,189,177,93.7,28.6,한국사료총서,100.0,조선왕조실록,71.4
春谷,2,13,5,38.5,0.0,한국사료총서,71.4,조선왕조실록,71.4
大丘縣,2,13,8,61.5,28.6,조선왕조실록,100.0,고려사,71.4
麻田嶺,3,26,21,80.8,28.6,한국사료총서,100.0,조선왕조실록,71.4
枝江,2,14,5,35.7,0.0,한국사료총서,71.4,조선왕조실록,71.4
河間府,2,10,5,50.0,28.6,한국사료총서,100.0,조선왕조실록,71.4
七松亭,2,15,7,46.7,14.3,한국사료총서,85.7,승정원일기,71.4
實錄閣,3,47,26,55.3,0.0,한국사료총서,71.4,승정원일기,71.4
遵化,3,26,19,73.1,28.6,한국사료총서,100.0,승정원일기,71.4
富林,3,40,11,27.5,0.0,한국사료총서,71.4,승정원일기,71.4
金甲,6,4786,3338,69.7,0.0,고려사,71.4,승정원일기,71.4
振威,6,1946,1416,72.8,28.6,고려사,100.0,고순종실록,71.4
南關廟,2,14,7,50.0,0.0,한국사료총서,71.4,승정원일기,71.4
玄風地,2,20,10,50.0,0.0,조선왕조실록,71.4,승정원일기,71.4
崇禮門樓,3,21,10,47.6,0.0,조선왕조실록,71.4,승정원일기,71.4
修因,3,13,5,38.5,0.0,승정원일기,71.4,조선왕조실록,71.4
麻兒,2,12,5,41.7,0.0,한국사료총서,71.4,조선왕조실록,71.4
水原府,6,3404,1218,35.8,28.6,한국사료총서,100.0,고순종실록,71.4
新州,4,20,9,45.0,0.0,한국사료총서,71.4,삼국사기,71.4
迎秋門外,3,57,30,52.6,0.0,조선왕조실록,71.4,승정원일기,71.4
北兩界,6,67,21,31.3,0.0,고순종실록,71.4,고려사,71.4
任谷,2,68,6,8.8,0.0,승정원일기,71.4,한국사료총서,71.4
太子河,2,12,7,58.3,28.6,한국사료총서,100.0,조선왕조실록,71.4
利生,5,45,5,11.1,0.0,고려사,71.4,한국사료총서,71.4
建陰,2,11,5,45.5,0.0,승정원일기,71.4,한국사료총서,71.4
漆川,3,19,14,73.7,28.6,한국사료총서,100.0,조선왕조실록,71.4
鷹島,3,20,14,70.0,28.6,한국사료총서,100.0,승정원일기,71.4
羅巖,3,45,18,40.0,0.0,한국사료총서,71.4,조선왕조실록,71.4
西陣,3,71,5,7.0,0.0,조선왕조실록,71.4,승정원일기,71.4
陰城縣,4,475,65,13.7,8.7,승정원일기,80.0,한국사료총서,71.3
蓮花,5,336,156,46.4,0.0,삼국유사,71.3,승정원일기,71.3
見乃梁,3,75,53,70.7,25.9,한국사료총서,97.1,조선왕조실록,71.2
外奎章閣,2,85,57,67.1,0.0,조선왕조실록,71.2,승정원일기,71.2
長崎,4,763,280,36.7,28.8,한국사료총서,100.0,조선왕조실록,71.2
牛耳,3,170,105,61.8,14.5,한국사료총서,85.7,승정원일기,71.2
倭寇,5,1461,433,29.6,0.0,고려사,71.1,조선왕조실록,71.1
假㺚,3,118,69,58.5,0.0,승정원일기,71.1,조선왕조실록,71.1
延曙,3,716,420,58.7,24.0,한국사료총서,95.1,조선왕조실록,71.1
咸吉,3,3481,3443,98.9,28.6,한국사료총서,99.7,조선왕조실록,71.1
眞㺚,3,80,27,33.8,0.0,승정원일기,71.1,조선왕조실록,71.1
雩,6,2313,1171,50.6,0.0,고려사,71.0,승정원일기,71.0
趙宋,3,125,40,32.0,0.0,승정원일기,70.9,조선왕조실록,70.9
隨州,3,28,18,64.3,20.0,승정원일기,90.9,조선왕조실록,70.9
柔遠鎭,3,61,33,54.1,20.0,한국사료총서,90.9,조선왕조실록,70.9
天竺,4,55,28,50.9,16.7,고려사,87.5,조선왕조실록,70.8
任實郡,3,39,20,51.3,29.2,승정원일기,100.0,고려사,70.8
金化縣,4,631,208,33.0,29.2,승정원일기,100.0,고려사,70.8
山南面,3,21,12,57.1,16.7,조선왕조실록,87.5,한국사료총서,70.8
央土,3,37,21,56.8,0.0,승정원일기,70.8,조선왕조실록,70.8
峩山,2,29,12,41.4,29.2,한국사료총서,100.0,승정원일기,70.8
鍾樓,3,457,296,64.8,6.0,한국사료총서,76.8,승정원일기,70.8
日瞻,3,358,242,67.6,0.0,한국사료총서,70.8,승정원일기,70.8
山城,8,10332,3689,35.7,0.0,삼국유사,70.8,고순종실록,70.8
全羅右,4,2562,1200,46.8,19.4,한국사료총서,90.2,고순종실록,70.8
珍同,3,21,11,52.4,12.5,한국사료총서,83.3,고려사,70.8
安奇,4,383,161,42.0,29.2,한국사료총서,100.0,고순종실록,70.8
內南山,3,48,30,62.5,0.0,조선왕조실록,70.7,승정원일기,70.7
多慶,4,351,146,41.6,11.1,한국사료총서,81.8,조선왕조실록,70.7
夜味,2,121,9,7.4,4.3,한국사료총서,75.0,승정원일기,70.7
仁昌,4,299,72,24.1,4.3,조선왕조실록,75.0,고순종실록,70.7
聊城,3,35,22,62.9,29.4,한국사료총서,100.0,승정원일기,70.6
長淵縣,5,595,207,34.8,9.4,한국사료총서,80.0,고려사절요,70.6
彌串,3,460,193,42.0,29.4,승정원일기,100.0,조선왕조실록,70.6
槐亭,2,34,21,61.8,29.4,한국사료총서,100.0,승정원일기,70.6
宗廟,7,33886,20676,61.0,0.0,고려사,70.6,승정원일기,70.6
三節軒,2,25,14,56.0,0.0,한국사료총서,70.6,승정원일기,70.6
彼得,3,184,74,40.2,0.0,조선왕조실록,70.6,한국사료총서,70.6
達洞,3,26,13,50.0,29.4,한국사료총서,100.0,조선왕조실록,70.6
西生浦,3,154,137,89.0,28.6,승정원일기,99.2,조선왕조실록,70.6
松溪,3,130,88,67.7,16.7,한국사료총서,87.3,승정원일기,70.6
俄羅斯,3,218,129,59.2,29.5,승정원일기,100.0,고순종실록,70.5
東耤,3,277,189,68.2,0.0,조선왕조실록,70.5,승정원일기,70.5
永淸,5,504,397,78.8,18.4,한국사료총서,88.9,승정원일기,70.5
定原縣,3,50,18,36.0,29.5,승정원일기,100.0,조선왕조실록,70.5
四賢祠,3,182,111,61.0,0.0,한국사료총서,70.5,승정원일기,70.5
沔川郡,4,698,138,19.8,18.5,승정원일기,88.9,고순종실록,70.4
仁嬪墓,2,77,50,64.9,0.0,조선왕조실록,70.4,승정원일기,70.4
北漢城,3,279,186,66.7,0.0,한국사료총서,70.4,조선왕조실록,70.4
全羅道興陽,3,315,295,93.7,29.6,한국사료총서,100.0,조선왕조실록,70.4
南平,7,1121,756,67.4,20.0,고려사절요,90.4,조선왕조실록,70.4
鄭今,2,46,19,41.3,0.0,승정원일기,70.4,조선왕조실록,70.4
五國城,3,76,45,59.2,0.0,한국사료총서,70.4,승정원일기,70.4
大院君祠宇,3,244,131,53.7,0.0,고순종실록,70.4,승정원일기,70.4
東津,5,115,85,73.9,29.6,한국사료총서,100.0,조선왕조실록,70.4
瑞原,4,146,21,14.4,4.7,승정원일기,75.0,한국사료총서,70.3
奉天省,3,48,20,41.7,29.7,한국사료총서,100.0,조선왕조실록,70.3
雩壇,3,172,93,54.1,0.0,한국사료총서,70.3,승정원일기,70.3
本國,8,12659,2796,22.1,0.0,고려사,70.3,고순종실록,70.3
漢江津,3,44,27,61.4,0.0,조선왕조실록,70.3,승정원일기,70.3
咸從府,4,573,75,13.1,4.8,한국사료총서,75.0,고순종실록,70.2
陽驛,5,135,91,67.4,29.8,한국사료총서,100.0,고려사절요,70.2
瑞興縣,3,343,86,25.1,19.8,승정원일기,90.0,한국사료총서,70.2
海府,7,2412,868,36.0,29.8,조선왕조실록,100.0,삼국유사,70.2
弘禮,3,132,96,72.7,12.5,승정원일기,82.7,조선왕조실록,70.2
南海島,4,68,25,36.8,4.8,승정원일기,75.0,고려사,70.2
紫極,3,163,66,40.5,0.0,한국사료총서,70.1,승정원일기,70.1
南別,4,3053,1834,60.1,0.0,한국사료총서,70.1,조선왕조실록,70.1
璿源,4,4901,2007,41.0,0.0,한국사료총서,70.1,고순종실록,70.1
伐登,4,367,165,45.0,25.0,고순종실록,95.0,조선왕조실록,70.0
孝陵丁字閣,2,13,7,53.8,0.0,조선왕조실록,70.0,승정원일기,70.0
居庸關,3,23,10,43.5,0.0,한국사료총서,70.0,조선왕조실록,70.0
秘苑,3,62,39,62.9,0.0,한국사료총서,70.0,고순종실록,70.0
魚遊澗,2,25,9,36.0,30.0,승정원일기,100.0,조선왕조실록,70.0
渭川,3,39,20,51.3,20.0,한국사료총서,90.0,조선왕조실록,70.0
檜淵,2,25,11,44.0,30.0,한국사료총서,100.0,승정원일기,70.0
鷹巖,2,30,16,53.3,30.0,한국사료총서,100.0,조선왕조실록,70.0
王山,3,415,223,53.7,13.6,한국사료총서,83.6,승정원일기,70.0
大尺,2,27,14,51.9,0.0,승정원일기,70.0,한국사료총서,70.0
灣,5,7327,4716,64.4,30.0,한국사료총서,100.0,고려사,70.0
加羅山,2,19,12,63.2,30.0,한국사료총서,100.0,조선왕조실록,70.0
兔山郡,3,27,12,44.4,30.0,승정원일기,100.0,조선왕조실록,70.0
江南省蘇州府南通州,2,14,7,50.0,30.0,한국사료총서,100.0,승정원일기,70.0
孤竹國,2,15,8,53.3,0.0,승정원일기,70.0,한국사료총서,70.0
下南面,3,28,8,28.6,0.0,조선왕조실록,70.0,한국사료총서,70.0
恩山,4,425,35,8.2,0.0,고순종실록,70.0,조선왕조실록,70.0
柞,3,63,10,15.9,0.0,한국사료총서,70.0,조선왕조실록,70.0
岑,8,2280,741,32.5,0.0,삼국유사,70.0,고순종실록,70.0
皇城,6,926,204,22.0,0.0,고순종실록,70.0,고려사,70.0
長山以北黃州,2,13,7,53.8,0.0,고순종실록,70.0,승정원일기,70.0
仇寧鎭,3,23,16,69.6,30.0,한국사료총서,100.0,조선왕조실록,70.0
佛峴,2,27,20,74.1,30.0,한국사료총서,100.0,승정원일기,70.0
邳,2,20,9,45.0,0.0,한국사료총서,70.0,승정원일기,70.0
慶尙道巨濟,3,292,283,96.9,30.0,한국사료총서,100.0,조선왕조실록,70.0
吐,8,10555,209,2.0,0.0,고순종실록,70.0,고려사절요,70.0
越松,4,292,124,42.5,30.0,한국사료총서,100.0,고순종실록,70.0
斜谷,2,14,7,50.0,30.0,한국사료총서,100.0,조선왕조실록,70.0
陳州,3,23,17,73.9,20.0,한국사료총서,90.0,승정원일기,70.0
朴淵,4,276,161,58.3,25.0,한국사료총서,95.0,고려사,70.0
注文鎭,2,28,21,75.0,30.0,한국사료총서,100.0,승정원일기,70.0
豆只,3,24,7,29.2,0.0,승정원일기,70.0,조선왕조실록,70.0
沙島,2,52,43,82.7,27.3,한국사료총서,97.3,조선왕조실록,70.0
魯城縣,4,230,54,23.5,0.0,조선왕조실록,70.0,한국사료총서,70.0
烏島,3,19,11,57.9,30.0,한국사료총서,100.0,조선왕조실록,70.0
南一面,2,38,19,50.0,8.3,승정원일기,78.3,한국사료총서,69.9
壽酒亭,2,125,89,71.2,23.1,조선왕조실록,93.0,승정원일기,69.9
越中,3,134,60,44.8,0.0,한국사료총서,69.9,조선왕조실록,69.9
茂陵,3,86,64,74.4,20.0,한국사료총서,89.8,조선왕조실록,69.8
豆滿,4,421,332,78.9,30.2,한국사료총서,100.0,고순종실록,69.8
江春,3,370,187,50.5,15.4,한국사료총서,85.2,조선왕조실록,69.8
西海,8,1105,571,51.7,0.0,삼국사기,69.7,고려사절요,69.7
北關六鎭,2,30,20,66.7,16.7,조선왕조실록,86.4,승정원일기,69.7
呂宋,3,65,50,76.9,25.0,한국사료총서,94.7,조선왕조실록,69.7
虛川,2,36,23,63.9,25.0,한국사료총서,94.7,조선왕조실록,69.7
高陽郡,4,1691,468,27.7,25.9,승정원일기,95.5,고순종실록,69.6
東郊,5,2016,964,47.8,0.6,조선왕조실록,70.1,승정원일기,69.6
頭毛,3,33,14,42.4,30.4,한국사료총서,100.0,조선왕조실록,69.6
永州,6,124,84,67.7,30.4,고려사절요,100.0,조선왕조실록,69.6
弼雲,3,60,20,33.3,0.0,한국사료총서,69.6,승정원일기,69.6
銀川,5,103,16,15.5,5.4,조선왕조실록,75.0,한국사료총서,69.6
金輪,4,53,20,37.7,0.0,삼국유사,69.6,승정원일기,69.6
□□堂,2,28,16,57.1,0.0,한국사료총서,69.6,승정원일기,69.6
福山縣,3,58,26,44.8,30.4,한국사료총서,100.0,조선왕조실록,69.6
碧團,3,538,315,58.6,26.7,한국사료총서,96.2,조선왕조실록,69.5
仁德,5,445,144,32.4,0.0,고려사,69.5,조선왕조실록,69.5
東州,6,115,82,71.3,21.4,승정원일기,90.9,고려사절요,69.5
碧,8,5714,2985,52.2,13.5,삼국사기,82.9,조선왕조실록,69.4
廣州府,4,2590,890,34.4,25.4,조선왕조실록,94.9,고순종실록,69.4
宿鴻驛,2,23,18,78.3,25.0,조선왕조실록,94.4,승정원일기,69.4
兜率院,2,53,19,35.8,30.6,한국사료총서,100.0,고려사,69.4
灘,6,2675,848,31.7,13.2,한국사료총서,82.6,고려사,69.4
岐,8,14327,1557,10.9,5.7,고순종실록,75.0,삼국유사,69.3
荏子,4,1493,1197,80.2,30.7,한국사료총서,100.0,고순종실록,69.3
圓山,3,45,18,40.0,20.7,한국사료총서,90.0,조선왕조실록,69.3
春苑,3,325,290,89.2,25.0,한국사료총서,94.3,승정원일기,69.3
廣興,6,3435,627,18.3,0.0,고려사,69.3,조선왕조실록,69.3
泰安郡,5,851,271,31.8,30.7,승정원일기,100.0,고순종실록,69.3
馬島,6,4993,3990,79.9,30.7,한국사료총서,100.0,고순종실록,69.3
正因,3,112,62,55.4,0.0,한국사료총서,69.3,조선왕조실록,69.3
華陽院,3,23,11,47.8,0.0,한국사료총서,69.2,승정원일기,69.2
岳,8,23349,3155,13.5,9.1,승정원일기,78.3,고려사,69.2
沃溝府,2,46,28,60.9,0.0,고순종실록,69.2,승정원일기,69.2
嶺南下道,2,16,9,56.2,0.0,조선왕조실록,69.2,승정원일기,69.2
沙津浦,3,22,13,59.1,30.8,한국사료총서,100.0,조선왕조실록,69.2
第二陵,2,18,9,50.0,0.0,고순종실록,69.2,승정원일기,69.2
沙浦,3,634,311,49.1,28.6,한국사료총서,97.7,조선왕조실록,69.2
大猷,4,613,77,12.6,0.0,한국사료총서,69.2,고순종실록,69.2
晉陽城,2,18,10,55.6,0.0,한국사료총서,69.2,승정원일기,69.2
始興,5,1362,1162,85.3,30.8,고려사,100.0,고순종실록,69.2
西冰庫,2,20,10,50.0,30.8,승정원일기,100.0,조선왕조실록,69.2
衛翼,4,56,10,17.9,0.0,고순종실록,69.2,한국사료총서,69.2
於蘭,3,406,171,42.1,10.0,한국사료총서,79.2,조선왕조실록,69.2
知禮,6,2371,730,30.8,7.7,고려사절요,76.9,고순종실록,69.2
薪智,4,2704,2529,93.5,30.8,한국사료총서,100.0,조선왕조실록,69.2
古豐山,4,287,132,46.0,15.4,한국사료총서,84.6,고순종실록,69.2
定海縣,2,17,8,47.1,30.8,한국사료총서,100.0,조선왕조실록,69.2
花水,3,84,48,57.1,0.0,한국사료총서,69.2,승정원일기,69.2
內西面,3,19,10,52.6,0.0,조선왕조실록,69.2,한국사료총서,69.2
廬山,3,43,14,32.6,0.0,한국사료총서,69.2,승정원일기,69.2
薪智島,4,2662,2496,93.8,30.8,한국사료총서,100.0,조선왕조실록,69.2
尙家,3,41,22,53.7,0.0,승정원일기,69.2,조선왕조실록,69.2
北營,4,1220,771,63.2,0.0,고순종실록,69.2,승정원일기,69.2
大英,4,521,15,2.9,0.0,승정원일기,69.2,고순종실록,69.2
和順地,2,17,9,52.9,0.0,조선왕조실록,69.2,승정원일기,69.2
時錢,2,43,18,41.9,0.0,승정원일기,69.2,조선왕조실록,69.2
兔城,3,209,68,32.5,30.8,승정원일기,100.0,조선왕조실록,69.2
武烈,6,636,294,46.2,0.0,고려사,69.1,승정원일기,69.1
顓臾,3,81,53,65.4,0.0,한국사료총서,69.1,승정원일기,69.1
北漢行宮,3,161,105,65.2,0.0,고순종실록,69.1,승정원일기,69.1
延山,4,119,32,26.9,6.0,승정원일기,75.0,고려사,69.0
稷山縣,5,842,293,34.8,31.0,한국사료총서,100.0,고려사,69.0
省峴,4,329,135,41.0,31.0,승정원일기,100.0,고순종실록,69.0
桃木,2,61,40,65.6,0.0,조선왕조실록,69.0,한국사료총서,69.0
喬桐郡,3,38,17,44.7,31.0,승정원일기,100.0,고순종실록,69.0
花園,5,374,247,66.0,8.9,고려사,77.9,한국사료총서,69.0
甑峯,2,15,6,40.0,11.1,한국사료총서,80.0,승정원일기,68.9
一契,3,262,160,61.1,0.0,한국사료총서,68.9,승정원일기,68.9
加平縣,2,42,22,52.4,11.1,승정원일기,80.0,조선왕조실록,68.9
屯洞,2,16,9,56.2,20.0,한국사료총서,88.9,조선왕조실록,68.9
艾峴,2,16,11,68.8,20.0,한국사료총서,88.9,승정원일기,68.9
朝驛,2,15,5,33.3,11.1,한국사료총서,80.0,조선왕조실록,68.9
遠城,5,78,42,53.8,21.1,승정원일기,90.0,고려사절요,68.9
龜玆,3,17,6,35.3,11.1,승정원일기,80.0,조선왕조실록,68.9
東村,4,289,175,60.6,31.1,조선왕조실록,100.0,삼국유사,68.9
海浪,3,169,79,46.7,4.8,한국사료총서,73.5,조선왕조실록,68.8
瓊林,3,95,45,47.4,0.0,한국사료총서,68.8,조선왕조실록,68.8
平安北道,4,646,632,97.8,31.2,한국사료총서,100.0,조선왕조실록,68.8
廣城堡,3,26,14,53.8,31.2,승정원일기,100.0,고순종실록,68.8
祥雲驛,2,21,17,81.0,25.0,한국사료총서,93.8,승정원일기,68.8
文化,6,1687,907,53.8,24.1,한국사료총서,92.9,조선왕조실록,68.8
綏吉,3,257,220,85.6,31.2,조선왕조실록,100.0,고순종실록,68.8
大丘鎭,2,21,5,23.8,6.2,한국사료총서,75.0,승정원일기,68.8
孝明,6,1066,640,60.0,0.0,고려사,68.8,승정원일기,68.8
咸安,7,1568,1145,73.0,25.0,삼국유사,93.8,조선왕조실록,68.8
平安南,4,974,859,88.2,31.2,한국사료총서,100.0,고순종실록,68.8
西郊,6,1234,406,32.9,0.0,삼국유사,68.8,고려사절요,68.8
永同郡,3,46,21,45.7,31.2,승정원일기,100.0,고려사,68.8
福建省,3,85,52,61.2,31.2,한국사료총서,100.0,조선왕조실록,68.8
永濟,4,429,37,8.6,0.0,고순종실록,68.8,조선왕조실록,68.8
赤間,3,62,50,80.6,31.2,한국사료총서,100.0,승정원일기,68.8
姑蘇,3,30,11,36.7,6.2,한국사료총서,75.0,조선왕조실록,68.8
孟津,3,75,51,68.0,13.3,한국사료총서,82.0,승정원일기,68.7
加川,3,68,45,66.2,22.2,한국사료총서,90.9,조선왕조실록,68.7
洞里,5,1822,1511,82.9,31.4,승정원일기,100.0,고려사,68.6
大溪,2,162,21,13.0,9.2,한국사료총서,77.8,승정원일기,68.6
鎭川縣,4,739,246,33.3,31.4,승정원일기,100.0,고순종실록,68.6
南通州,2,43,19,44.2,31.4,한국사료총서,100.0,승정원일기,68.6
苞山,2,41,25,61.0,0.0,조선왕조실록,68.6,한국사료총서,68.6
紅賊,5,209,24,11.5,0.0,고려사,68.6,조선왕조실록,68.6
鶴山,3,156,30,19.2,6.5,한국사료총서,75.0,조선왕조실록,68.5
慶尙右道,4,1301,1104,84.9,30.0,한국사료총서,98.5,조선왕조실록,68.5
黃鳳,4,65,12,18.5,11.5,승정원일기,80.0,고려사절요,68.5
順化,5,128,49,38.3,13.3,한국사료총서,81.8,조선왕조실록,68.5
朔州府,4,946,381,40.3,19.0,한국사료총서,87.5,고순종실록,68.5
黃山驛,3,42,30,71.4,20.0,한국사료총서,88.5,승정원일기,68.5
楊廣,5,443,231,52.1,22.2,승정원일기,90.8,조선왕조실록,68.5
麗水郡,3,27,13,48.1,31.6,승정원일기,100.0,고순종실록,68.4
五部,8,4708,427,9.1,0.0,고순종실록,68.4,고려사절요,68.4
定原,6,167,96,57.5,0.0,고려사,68.4,조선왕조실록,68.4
鎭海縣,5,1000,383,38.3,31.6,한국사료총서,100.0,고려사,68.4
銀所,3,52,18,34.6,0.0,승정원일기,68.4,한국사료총서,68.4
楸坡,4,378,158,41.8,31.6,승정원일기,100.0,조선왕조실록,68.4
叱洞,3,29,13,44.8,31.6,승정원일기,100.0,조선왕조실록,68.4
孔廟,3,69,14,20.3,0.0,조선왕조실록,68.4,승정원일기,68.4
楊州府,3,64,16,25.0,17.3,조선왕조실록,85.7,승정원일기,68.4
分水嶺,3,57,22,38.6,0.0,한국사료총서,68.4,조선왕조실록,68.4
樓岩,2,24,10,41.7,31.6,한국사료총서,100.0,승정원일기,68.4
金墉,3,55,14,25.5,0.0,승정원일기,68.4,조선왕조실록,68.4
那山,3,24,7,29.2,6.7,한국사료총서,75.0,삼국유사,68.3
薊遼,2,27,17,63.0,25.0,한국사료총서,93.3,조선왕조실록,68.3
高敞縣,3,566,84,14.8,9.2,승정원일기,77.4,한국사료총서,68.2
慶尙道蔚山,3,189,144,76.2,28.6,한국사료총서,96.8,조선왕조실록,68.2
堤,8,13040,3948,30.3,0.0,삼국유사,68.2,고려사절요,68.2
洛,8,17388,2182,12.5,6.8,고순종실록,75.0,삼국사기,68.2
華城府,3,161,144,89.4,25.0,한국사료총서,93.2,승정원일기,68.2
梨津,3,346,164,47.4,31.8,한국사료총서,100.0,조선왕조실록,68.2
靑山,5,1561,876,56.1,31.8,한국사료총서,100.0,고려사,68.2
和泉,2,26,11,42.3,31.8,한국사료총서,100.0,조선왕조실록,68.2
七山,3,122,61,50.0,25.5,한국사료총서,93.8,조선왕조실록,68.2
全羅道長興,3,166,151,91.0,31.8,한국사료총서,100.0,조선왕조실록,68.2
南驛,3,127,23,18.1,0.0,한국사료총서,68.2,조선왕조실록,68.2
藥水,3,119,34,28.6,15.2,승정원일기,83.3,조선왕조실록,68.1
唐,8,33885,9529,28.1,0.5,삼국유사,68.6,조선왕조실록,68.1
三山,6,399,73,18.3,6.9,조선왕조실록,75.0,고려사절요,68.1
沙汀,3,87,32,36.8,5.0,한국사료총서,73.1,조선왕조실록,68.1
松林,5,567,215,37.9,9.7,승정원일기,77.8,고려사,68.1
上枝,3,33,17,51.5,0.0,고순종실록,68.0,한국사료총서,68.0
四都,6,1042,465,44.6,0.0,고려사,68.0,승정원일기,68.0
串,7,7228,3435,47.5,32.0,한국사료총서,100.0,삼국사기,68.0
盆城,2,31,17,54.8,0.0,승정원일기,68.0,한국사료총서,68.0
所坪,2,19,15,78.9,25.0,한국사료총서,92.9,승정원일기,67.9
雲山郡,4,766,164,21.4,17.8,승정원일기,85.7,고순종실록,67.9
泮水,3,389,171,44.0,0.0,한국사료총서,67.9,승정원일기,67.9
峰山,3,63,24,38.1,16.7,한국사료총서,84.6,조선왕조실록,67.9
長興府,6,1448,596,41.2,22.1,한국사료총서,90.0,고려사절요,67.9
安行,3,431,94,21.8,0.0,한국사료총서,67.9,조선왕조실록,67.9
花渡,3,308,249,80.8,29.2,한국사료총서,97.0,조선왕조실록,67.9
鷄龍,3,123,51,41.5,12.9,한국사료총서,80.8,조선왕조실록,67.9
板門,3,105,22,21.0,7.1,한국사료총서,75.0,조선왕조실록,67.9
莬,3,27,17,63.0,25.0,승정원일기,92.9,삼국사기,67.9
丹巖,3,30,14,46.7,15.4,한국사료총서,83.3,조선왕조실록,67.9
美作,2,32,19,59.4,0.0,승정원일기,67.9,조선왕조실록,67.9
文羅,3,27,18,66.7,22.2,한국사료총서,90.0,승정원일기,67.8
牛峯,5,260,194,74.6,32.3,한국사료총서,100.0,고려사절요,67.7
遼,8,11114,7390,66.5,23.4,고려사절요,91.1,조선왕조실록,67.7
小安,3,201,33,16.4,0.0,조선왕조실록,67.7,한국사료총서,67.7
平壤城,6,244,105,43.0,0.0,삼국유사,67.7,승정원일기,67.7
南小門,3,201,180,89.6,28.6,한국사료총서,96.3,승정원일기,67.7
義倉,6,782,439,56.1,0.0,고려사,67.7,조선왕조실록,67.7
塞門,3,66,25,37.9,0.0,승정원일기,67.7,조선왕조실록,67.7
瀛臺,2,35,7,20.0,3.7,한국사료총서,71.4,조선왕조실록,67.7
河北,5,272,190,69.9,19.4,한국사료총서,86.9,승정원일기,67.6
麗太祖顯陵,4,55,25,45.5,0.0,고순종실록,67.6,승정원일기,67.6
樂器庫,3,43,26,60.5,0.0,한국사료총서,67.6,승정원일기,67.6
阿山,4,486,206,42.4,32.5,승정원일기,100.0,고순종실록,67.5
包伊浦,3,63,31,49.2,32.5,승정원일기,100.0,조선왕조실록,67.5
德興大院君墓,3,49,27,55.1,0.0,고순종실록,67.5,승정원일기,67.5
免山,3,36,15,41.7,21.4,승정원일기,88.9,조선왕조실록,67.5
山城州,2,13,8,61.5,20.0,한국사료총서,87.5,조선왕조실록,67.5
安義,6,1305,708,54.3,27.7,조선왕조실록,95.2,고순종실록,67.5
穴口,6,58,21,36.2,12.5,승정원일기,80.0,삼국사기,67.5
劒,6,732,98,13.4,0.0,삼국유사,67.5,조선왕조실록,67.5
慶興鎭,2,13,8,61.5,20.0,승정원일기,87.5,조선왕조실록,67.5
鐵峴,2,56,40,71.4,12.5,한국사료총서,80.0,승정원일기,67.5
義州江,3,60,21,35.0,6.2,조선왕조실록,73.7,한국사료총서,67.4
平戶,3,70,45,64.3,16.7,승정원일기,84.1,조선왕조실록,67.4
花江,3,21,6,28.6,7.7,한국사료총서,75.0,조선왕조실록,67.3
鰲頭,3,21,6,28.6,7.7,한국사료총서,75.0,승정원일기,67.3
院川,3,38,10,26.3,7.7,한국사료총서,75.0,승정원일기,67.3
甫老知,2,65,31,47.7,32.7,승정원일기,100.0,조선왕조실록,67.3
利泰,3,36,30,83.3,25.0,한국사료총서,92.3,조선왕조실록,67.3
延英門外,3,376,243,64.6,0.0,조선왕조실록,67.3,승정원일기,67.3
西挾,4,765,490,64.1,0.0,고순종실록,67.3,승정원일기,67.3
南別營,2,1333,894,67.1,0.0,조선왕조실록,67.3,승정원일기,67.3
江府,3,74,31,41.9,18.4,한국사료총서,85.7,조선왕조실록,67.3
春川府,4,1239,329,26.6,18.2,한국사료총서,85.4,고순종실록,67.2
大興郡,4,570,117,20.5,18.6,승정원일기,85.7,고순종실록,67.2
福川,3,76,33,43.4,7.1,승정원일기,74.4,한국사료총서,67.2
登縣,4,452,99,21.9,12.8,승정원일기,80.0,고려사,67.2
廣橋,2,30,20,66.7,27.3,한국사료총서,94.4,승정원일기,67.2
利原縣,3,246,88,35.8,32.9,승정원일기,100.0,조선왕조실록,67.1
靈光郡,6,1428,551,38.6,32.9,조선왕조실록,100.0,고려사절요,67.1
豐基郡,4,533,90,16.9,12.9,승정원일기,80.0,고순종실록,67.1
義興,6,1173,592,50.5,32.9,조선왕조실록,100.0,고순종실록,67.1
滄洲,3,116,48,41.4,15.7,한국사료총서,82.9,승정원일기,67.1
龍潭縣,4,464,117,25.2,20.4,승정원일기,87.5,고순종실록,67.1
平海郡,5,876,305,34.8,33.0,승정원일기,100.0,고려사,67.0
嘉禾,5,104,25,24.0,8.0,승정원일기,75.0,고려사,67.0
韃靼,5,150,98,65.3,22.2,고려사,89.2,조선왕조실록,67.0
新宗,2,88,18,20.5,4.5,조선왕조실록,71.4,한국사료총서,66.9
助羅,3,333,149,44.7,33.1,승정원일기,100.0,조선왕조실록,66.9
倭奴,5,1610,876,54.4,0.0,고려사,66.9,조선왕조실록,66.9
忽,8,51854,1020,2.0,0.0,고순종실록,66.9,삼국사기,66.9
馬海,4,238,144,60.5,28.6,한국사료총서,95.5,조선왕조실록,66.9
召村,3,308,149,48.4,26.3,한국사료총서,93.1,조선왕조실록,66.8
北口,2,33,14,42.4,11.8,조선왕조실록,78.6,한국사료총서,66.8
高丘,3,42,17,40.5,33.3,한국사료총서,100.0,고려사,66.7
山陽,5,241,139,57.7,33.3,삼국사기,100.0,고려사,66.7
別珍,2,10,8,80.0,33.3,한국사료총서,100.0,조선왕조실록,66.7
悅已,3,14,3,21.4,0.0,승정원일기,66.7,한국사료총서,66.7
竹城,4,36,5,13.9,0.0,고려사,66.7,승정원일기,66.7
彌山,5,27,5,18.5,0.0,고려사절요,66.7,고려사,66.7
仁昭,4,75,44,58.7,0.0,한국사료총서,66.7,고순종실록,66.7
鎭海灣,3,14,12,85.7,33.3,한국사료총서,100.0,승정원일기,66.7
盧扁,3,13,2,15.4,0.0,승정원일기,66.7,조선왕조실록,66.7
全羅道樂安,3,123,119,96.7,33.3,한국사료총서,100.0,조선왕조실록,66.7
周原,3,63,5,7.9,0.0,승정원일기,66.7,조선왕조실록,66.7
長汀,2,6,2,33.3,0.0,한국사료총서,66.7,조선왕조실록,66.7
鎭瑞,3,63,7,11.1,0.0,승정원일기,66.7,한국사료총서,66.7
宣安,3,20,5,25.0,0.0,고려사,66.7,조선왕조실록,66.7
卒本,3,48,34,70.8,20.0,승정원일기,86.7,삼국사기,66.7
蒜山鎭,3,55,43,78.2,33.3,한국사료총서,100.0,조선왕조실록,66.7
講武堂,3,25,7,28.0,0.0,한국사료총서,66.7,조선왕조실록,66.7
신호,3,14,2,14.3,0.0,고려사,66.7,한국사료총서,66.7
兔,6,1900,718,37.8,0.0,삼국사기,66.7,고순종실록,66.7
大遼,5,38,2,5.3,0.0,고려사,66.7,조선왕조실록,66.7
太陵,2,7,2,28.6,0.0,승정원일기,66.7,조선왕조실록,66.7
水原勸業模範場,2,8,2,25.0,0.0,고순종실록,66.7,승정원일기,66.7
德部,5,31,21,67.7,33.3,승정원일기,100.0,고려사절요,66.7
長利,4,562,11,2.0,0.0,승정원일기,66.7,고려사,66.7
三危,3,69,38,55.1,0.0,한국사료총서,66.7,조선왕조실록,66.7
盖州,3,27,21,77.8,33.3,한국사료총서,100.0,조선왕조실록,66.7
里仁,4,108,12,11.1,0.0,고려사,66.7,조선왕조실록,66.7
中部洞,3,19,14,73.7,33.3,한국사료총서,100.0,조선왕조실록,66.7
馬爾賽,2,8,2,25.0,0.0,한국사료총서,66.7,승정원일기,66.7
民樓,2,44,8,18.2,0.0,한국사료총서,66.7,승정원일기,66.7
防禦山,2,12,2,16.7,0.0,한국사료총서,66.7,조선왕조실록,66.7
虞萬,3,41,2,4.9,0.0,승정원일기,66.7,한국사료총서,66.7
厚羅,3,33,28,84.8,33.3,한국사료총서,100.0,승정원일기,66.7
寒川,2,12,2,16.7,0.0,한국사료총서,66.7,승정원일기,66.7
十三山,2,13,4,30.8,0.0,한국사료총서,66.7,조선왕조실록,66.7
守陽,2,9,2,22.2,0.0,승정원일기,66.7,한국사료총서,66.7
五臺山史庫,2,21,17,81.0,33.3,조선왕조실록,100.0,승정원일기,66.7
東堡,3,14,5,35.7,0.0,한국사료총서,66.7,조선왕조실록,66.7
朔庭,3,21,16,76.2,33.3,조선왕조실록,100.0,고려사,66.7
江界廢四郡,2,13,4,30.8,0.0,한국사료총서,66.7,승정원일기,66.7
仁城,5,758,27,3.6,0.0,고순종실록,66.7,고려사,66.7
黃營,2,7,2,28.6,0.0,한국사료총서,66.7,승정원일기,66.7
鶴野,3,11,3,27.3,0.0,승정원일기,66.7,조선왕조실록,66.7
戴雲,3,31,15,48.4,0.0,조선왕조실록,66.7,한국사료총서,66.7
甫峴,2,12,6,50.0,33.3,한국사료총서,100.0,조선왕조실록,66.7
能昌,5,57,4,7.0,0.0,고려사,66.7,조선왕조실록,66.7
鹿兒島,2,13,7,53.8,33.3,한국사료총서,100.0,승정원일기,66.7
西火,3,21,6,28.6,0.0,승정원일기,66.7,한국사료총서,66.7
方下串,2,6,4,66.7,33.3,한국사료총서,100.0,승정원일기,66.7
妙覺,3,11,2,18.2,0.0,고려사,66.7,조선왕조실록,66.7
化仁津,2,7,5,71.4,33.3,한국사료총서,100.0,조선왕조실록,66.7
欲智,3,20,17,85.0,33.3,한국사료총서,100.0,조선왕조실록,66.7
天津海口,2,6,4,66.7,33.3,승정원일기,100.0,한국사료총서,66.7
長生浦,3,14,11,78.6,33.3,고려사,100.0,조선왕조실록,66.7
待變亭,3,30,7,23.3,0.0,한국사료총서,66.7,조선왕조실록,66.7
高麗溝子,2,9,7,77.8,33.3,승정원일기,100.0,조선왕조실록,66.7
鐘峴,2,8,6,75.0,33.3,한국사료총서,100.0,조선왕조실록,66.7
句驪,2,6,2,33.3,0.0,한국사료총서,66.7,승정원일기,66.7
燕臺,3,16,3,18.8,0.0,한국사료총서,66.7,조선왕조실록,66.7
高麗山,3,37,5,13.5,0.0,한국사료총서,66.7,승정원일기,66.7
平安西道,2,13,11,84.6,33.3,승정원일기,100.0,조선왕조실록,66.7
老人峙,2,13,4,30.8,0.0,한국사료총서,66.7,승정원일기,66.7
倭野,2,14,6,42.9,0.0,승정원일기,66.7,조선왕조실록,66.7
南仙,2,7,5,71.4,33.3,한국사료총서,100.0,승정원일기,66.7
居陁,2,18,5,27.8,0.0,삼국유사,66.7,고려사,66.7
東峴,2,8,4,50.0,0.0,한국사료총서,66.7,승정원일기,66.7
東亭,5,131,79,60.3,0.0,고려사,66.7,한국사료총서,66.7
文昭殿後,2,11,2,18.2,0.0,조선왕조실록,66.7,승정원일기,66.7
義城府,3,20,12,60.0,33.3,한국사료총서,100.0,삼국사기,66.7
束溪,2,7,2,28.6,0.0,한국사료총서,66.7,승정원일기,66.7
回子,3,53,15,28.3,0.0,승정원일기,66.7,조선왕조실록,66.7
天堡,3,70,53,75.7,33.3,한국사료총서,100.0,조선왕조실록,66.7
仙嚴,2,8,4,50.0,33.3,고려사,100.0,조선왕조실록,66.7
狼川郡,2,21,7,33.3,0.0,승정원일기,66.7,고순종실록,66.7
莘野,3,55,25,45.5,0.0,한국사료총서,66.7,조선왕조실록,66.7
雞龍山,3,32,30,93.8,33.3,한국사료총서,100.0,조선왕조실록,66.7
金海大山,2,7,5,71.4,33.3,한국사료총서,100.0,승정원일기,66.7
關原,2,19,4,21.1,0.0,승정원일기,66.7,조선왕조실록,66.7
熊岳,3,24,4,16.7,0.0,한국사료총서,66.7,승정원일기,66.7
圓峰,2,8,3,37.5,0.0,한국사료총서,66.7,승정원일기,66.7
省山,2,25,2,8.0,0.0,한국사료총서,66.7,조선왕조실록,66.7
金馬,5,204,87,42.6,33.3,승정원일기,100.0,삼국사기,66.7
靈巖城,2,6,2,33.3,0.0,한국사료총서,66.7,조선왕조실록,66.7
鐵圓,4,26,18,69.2,33.3,승정원일기,100.0,고려사,66.7
潞州,3,33,16,48.5,33.3,승정원일기,100.0,고려사,66.7
西六鎭,2,16,8,50.0,0.0,조선왕조실록,66.7,승정원일기,66.7
滿浦兩鎭,2,15,4,26.7,0.0,한국사료총서,66.7,승정원일기,66.7
羅暖堡,2,14,10,71.4,33.3,한국사료총서,100.0,조선왕조실록,66.7
齊山,3,32,3,9.4,0.0,한국사료총서,66.7,조선왕조실록,66.7
牛家,3,57,44,77.2,33.3,한국사료총서,100.0,조선왕조실록,66.7
綏吉園,3,246,216,87.8,33.3,조선왕조실록,100.0,고순종실록,66.7
甛水站,3,18,16,88.9,33.3,한국사료총서,100.0,조선왕조실록,66.7
望海,6,190,30,15.8,0.0,삼국사기,66.7,고려사절요,66.7
丹南,2,13,6,46.2,0.0,고려사,66.7,한국사료총서,66.7
淡亭,2,7,5,71.4,33.3,한국사료총서,100.0,조선왕조실록,66.7
臨臯,2,19,9,47.4,33.3,한국사료총서,100.0,승정원일기,66.7
羅州地方,2,11,4,36.4,0.0,한국사료총서,66.7,승정원일기,66.7
尙州松,2,7,5,71.4,33.3,승정원일기,100.0,한국사료총서,66.7
荊湖,3,18,3,16.7,0.0,한국사료총서,66.7,승정원일기,66.7
慈山慈母山城,2,6,2,33.3,0.0,한국사료총서,66.7,승정원일기,66.7
知里,4,80,8,10.0,0.0,승정원일기,66.7,고려사,66.7
陶工,2,34,4,11.8,0.0,한국사료총서,66.7,조선왕조실록,66.7
眞珠,7,251,8,3.2,0.0,고려사절요,66.7,고순종실록,66.7
見巖,3,20,6,30.0,0.0,한국사료총서,66.7,조선왕조실록,66.7
懷慶,3,32,11,34.4,11.1,조선왕조실록,77.8,승정원일기,66.7
鹽倉項,3,32,26,81.2,33.3,한국사료총서,100.0,고순종실록,66.7
吐番,2,13,5,38.5,0.0,승정원일기,66.7,한국사료총서,66.7
七岳山,2,10,4,40.0,0.0,한국사료총서,66.7,조선왕조실록,66.7
望春,3,28,14,50.0,0.0,한국사료총서,66.7,승정원일기,66.7
寧德城,3,20,18,90.0,33.3,한국사료총서,100.0,고려사절요,66.7
南水閣,2,108,106,98.1,33.3,조선왕조실록,100.0,승정원일기,66.7
鴨綠津,2,9,2,22.2,0.0,한국사료총서,66.7,조선왕조실록,66.7
永福,5,656,3,0.5,0.0,고려사,66.7,고순종실록,66.7
奈生,3,13,5,38.5,0.0,승정원일기,66.7,삼국사기,66.7
黃澗郡,2,21,11,52.4,33.3,승정원일기,100.0,한국사료총서,66.7
燕子樓,2,12,3,25.0,0.0,한국사료총서,66.7,조선왕조실록,66.7
古倉,3,17,4,23.5,0.0,조선왕조실록,66.7,승정원일기,66.7
直洞堡,3,12,3,25.0,0.0,한국사료총서,66.7,조선왕조실록,66.7
娘臂城,2,6,4,66.7,33.3,삼국사기,100.0,한국사료총서,66.7
五十井,2,7,3,42.9,0.0,한국사료총서,66.7,승정원일기,66.7
平川驛,3,32,29,90.6,33.3,한국사료총서,100.0,조선왕조실록,66.7
高浪浦,2,9,7,77.8,33.3,한국사료총서,100.0,조선왕조실록,66.7
將臺,4,604,159,26.3,0.0,한국사료총서,66.7,고순종실록,66.7
壤城,6,264,117,44.3,0.0,삼국유사,66.7,승정원일기,66.7
龍珠,4,160,57,35.6,0.0,한국사료총서,66.7,조선왕조실록,66.7
五十川,2,12,2,16.7,0.0,한국사료총서,66.7,승정원일기,66.7
甫羅,3,263,4,1.5,0.0,승정원일기,66.7,한국사료총서,66.7
南部,6,3236,1790,55.3,0.0,삼국사기,66.7,고려사,66.7
寧德,5,62,46,74.2,33.3,승정원일기,100.0,고려사절요,66.7
觀光坊,3,108,101,93.5,33.3,고순종실록,100.0,조선왕조실록,66.7
神興,3,36,10,27.8,13.3,한국사료총서,80.0,승정원일기,66.7
幡摩州,2,21,19,90.5,33.3,한국사료총서,100.0,조선왕조실록,66.7
果川行宮,2,42,22,52.4,0.0,조선왕조실록,66.7,승정원일기,66.7
貞武公奇虔,2,7,2,28.6,0.0,조선왕조실록,66.7,승정원일기,66.7
旌善縣,2,14,8,57.1,33.3,승정원일기,100.0,고려사,66.7
湟中,2,6,4,66.7,33.3,승정원일기,100.0,조선왕조실록,66.7
李恒福書院,2,8,2,25.0,0.0,조선왕조실록,66.7,승정원일기,66.7
廣慶,5,697,9,1.3,0.0,고순종실록,66.7,고려사절요,66.7
加巖,2,8,5,62.5,33.3,한국사료총서,100.0,조선왕조실록,66.7
新劍,2,6,2,33.3,0.0,승정원일기,66.7,한국사료총서,66.7
蕯摩,3,24,19,79.2,33.3,한국사료총서,100.0,조선왕조실록,66.7
商室,2,7,2,28.6,0.0,승정원일기,66.7,조선왕조실록,66.7
趙憲書院,2,7,2,28.6,0.0,조선왕조실록,66.7,승정원일기,66.7
野春,3,14,3,21.4,0.0,한국사료총서,66.7,조선왕조실록,66.7
南嶽,2,22,4,18.2,0.0,한국사료총서,66.7,승정원일기,66.7
寶山縣,2,15,9,60.0,33.3,한국사료총서,100.0,승정원일기,66.7
注乙洞,2,7,5,71.4,33.3,한국사료총서,100.0,조선왕조실록,66.7
崇福,5,46,5,10.9,0.0,고려사,66.7,승정원일기,66.7
熊耳,2,20,10,50.0,33.3,한국사료총서,100.0,조선왕조실록,66.7
押鷗,2,12,10,83.3,33.3,한국사료총서,100.0,승정원일기,66.7
東林山,2,11,3,27.3,0.0,한국사료총서,66.7,승정원일기,66.7
古城鎭,3,31,23,74.2,25.0,한국사료총서,91.7,조선왕조실록,66.7
皇華亭,2,12,8,66.7,33.3,한국사료총서,100.0,승정원일기,66.7
安波,2,11,9,81.8,33.3,한국사료총서,100.0,조선왕조실록,66.7
釜鎭,3,12,9,75.0,33.3,조선왕조실록,100.0,승정원일기,66.7
安綏,3,21,2,9.5,0.0,조선왕조실록,66.7,승정원일기,66.7
西初,3,43,7,16.3,0.0,조선왕조실록,66.7,한국사료총서,66.7
奭求,2,31,2,6.5,0.0,승정원일기,66.7,한국사료총서,66.7
謙菴,2,10,2,20.0,0.0,한국사료총서,66.7,승정원일기,66.7
臥石,2,15,6,40.0,0.0,승정원일기,66.7,한국사료총서,66.7
文義邑,2,12,9,75.0,33.3,승정원일기,100.0,한국사료총서,66.7
黃浦,2,6,4,66.7,33.3,한국사료총서,100.0,조선왕조실록,66.7
蒙古人,4,47,4,8.5,0.0,고려사,66.7,조선왕조실록,66.7
薺浦,4,968,748,77.3,33.3,한국사료총서,100.0,고순종실록,66.7
汲,8,19344,27,0.1,0.0,고려사절요,66.7,삼국사기,66.7
新昌邑,2,10,8,80.0,33.3,승정원일기,100.0,한국사료총서,66.7
百嶺,3,12,7,58.3,33.3,조선왕조실록,100.0,승정원일기,66.7
全左,2,8,2,25.0,0.0,조선왕조실록,66.7,한국사료총서,66.7
球,6,7949,1058,13.3,0.0,고려사,66.7,조선왕조실록,66.7
白頭山北,3,15,2,13.3,0.0,조선왕조실록,66.7,승정원일기,66.7
火旺山城,2,7,2,28.6,0.0,한국사료총서,66.7,조선왕조실록,66.7
曺溪,3,23,18,78.3,33.3,한국사료총서,100.0,조선왕조실록,66.7
平陵驛,3,30,26,86.7,33.3,한국사료총서,100.0,승정원일기,66.7
慶興都護府,3,48,3,6.2,0.0,승정원일기,66.7,한국사료총서,66.7
浣沙,2,11,4,36.4,0.0,한국사료총서,66.7,조선왕조실록,66.7
蛇洞,2,14,8,57.1,33.3,한국사료총서,100.0,승정원일기,66.7
桑島,2,10,6,60.0,33.3,승정원일기,100.0,조선왕조실록,66.7
轉山,3,14,3,21.4,0.0,승정원일기,66.7,조선왕조실록,66.7
丸都城,2,16,5,31.2,0.0,삼국사기,66.7,한국사료총서,66.7
大吉號里堡,2,6,2,33.3,0.0,한국사료총서,66.7,승정원일기,66.7
豐德府,4,736,91,12.4,11.1,승정원일기,77.8,한국사료총서,66.7
沈,8,195441,107,0.1,0.0,고려사,66.7,삼국유사,66.7
桑樹,4,20,2,10.0,0.0,승정원일기,66.7,고려사,66.7
終排,2,9,2,22.2,0.0,승정원일기,66.7,조선왕조실록,66.7
豆毛鎭,3,11,8,72.7,33.3,한국사료총서,100.0,조선왕조실록,66.7
慶雲宮,2,9,2,22.2,0.0,한국사료총서,66.7,승정원일기,66.7
右渠,4,47,2,4.3,0.0,삼국유사,66.7,조선왕조실록,66.7
宜豐,4,88,2,2.3,0.0,고순종실록,66.7,한국사료총서,66.7
龍華,4,78,5,6.4,0.0,고려사,66.7,삼국유사,66.7
凌漢城,2,9,3,33.3,0.0,한국사료총서,66.7,조선왕조실록,66.7
松西,3,93,83,89.2,33.3,한국사료총서,100.0,조선왕조실록,66.7
楊州城,2,12,8,66.7,33.3,조선왕조실록,100.0,승정원일기,66.7
博平,3,15,3,20.0,0.0,승정원일기,66.7,고려사,66.7
邦畿,4,352,40,11.4,0.0,조선왕조실록,66.7,고순종실록,66.7
龍虎山,2,15,11,73.3,33.3,승정원일기,100.0,조선왕조실록,66.7
大猪項里,2,6,4,66.7,33.3,한국사료총서,100.0,승정원일기,66.7
夕陽樓,2,10,4,40.0,0.0,한국사료총서,66.7,승정원일기,66.7
所灘,2,10,8,80.0,33.3,승정원일기,100.0,조선왕조실록,66.7
會老堂,2,11,4,36.4,0.0,한국사료총서,66.7,조선왕조실록,66.7
聖歷,3,21,9,42.9,0.0,한국사료총서,66.7,조선왕조실록,66.7
鐵串,3,218,132,60.6,33.3,한국사료총서,100.0,조선왕조실록,66.7
博文局,3,87,3,3.4,0.0,한국사료총서,66.7,고순종실록,66.7
笁,5,46,12,26.1,0.0,삼국사기,66.7,삼국유사,66.7
金泉驛,3,20,15,75.0,25.0,한국사료총서,91.7,승정원일기,66.7
大康,5,48,9,18.8,0.0,고려사,66.7,조선왕조실록,66.7
智島郡,3,71,47,66.2,33.3,한국사료총서,100.0,고순종실록,66.7
淸泠浦,2,15,13,86.7,33.3,한국사료총서,100.0,승정원일기,66.7
火池,2,9,6,66.7,33.3,한국사료총서,100.0,조선왕조실록,66.7
忠原鎭,2,14,10,71.4,33.3,승정원일기,100.0,한국사료총서,66.7
醉仙,2,9,4,44.4,0.0,승정원일기,66.7,조선왕조실록,66.7
德豐,5,107,50,46.7,0.0,고순종실록,66.7,한국사료총서,66.7
長臨,4,52,4,7.7,0.0,고순종실록,66.7,조선왕조실록,66.7
礪良,4,75,9,12.0,0.0,승정원일기,66.7,한국사료총서,66.7
禹廟,2,7,2,28.6,0.0,조선왕조실록,66.7,승정원일기,66.7
八馬,2,19,4,21.1,0.0,한국사료총서,66.7,조선왕조실록,66.7
禿用鎭,2,8,6,75.0,33.3,한국사료총서,100.0,승정원일기,66.7
唐宋,4,464,24,5.2,0.0,고려사,66.7,조선왕조실록,66.7
江陽,5,137,40,29.2,0.0,고려사절요,66.7,한국사료총서,66.7
獨浦,2,6,4,66.7,33.3,조선왕조실록,100.0,승정원일기,66.7
鷲峰,2,8,6,75.0,33.3,한국사료총서,100.0,승정원일기,66.7
雲興站,2,15,11,73.3,33.3,한국사료총서,100.0,승정원일기,66.7
東萊倭館,3,24,12,50.0,0.0,한국사료총서,66.7,승정원일기,66.7
長載,2,11,2,18.2,0.0,승정원일기,66.7,조선왕조실록,66.7
甕津,5,710,542,76.3,33.3,고려사절요,100.0,고순종실록,66.7
都致串,3,20,18,90.0,33.3,한국사료총서,100.0,조선왕조실록,66.7
合德,6,360,78,21.7,0.0,고순종실록,66.7,고려사절요,66.7
武橋,3,17,15,88.2,33.3,한국사료총서,100.0,승정원일기,66.7
列山,2,32,2,6.2,0.0,조선왕조실록,66.7,고려사,66.7
鳳州,5,108,100,92.6,33.3,승정원일기,100.0,조선왕조실록,66.7
月峰,2,25,4,16.0,0.0,한국사료총서,66.7,승정원일기,66.7
忠左,4,91,70,76.9,33.3,한국사료총서,100.0,고순종실록,66.7
信都,4,45,6,13.3,0.0,승정원일기,66.7,고려사,66.7
老邊城,2,8,6,75.0,33.3,한국사료총서,100.0,조선왕조실록,66.7
少爲浦,3,18,10,55.6,33.3,승정원일기,100.0,조선왕조실록,66.7
十里堡,2,7,5,71.4,33.3,한국사료총서,100.0,조선왕조실록,66.7
勿安,2,6,2,33.3,0.0,승정원일기,66.7,한국사료총서,66.7
京畿仁川,3,247,243,98.4,33.3,한국사료총서,100.0,조선왕조실록,66.7
閒山,2,6,4,66.7,33.3,한국사료총서,100.0,승정원일기,66.7
湧珠,4,56,46,82.1,33.3,한국사료총서,100.0,조선왕조실록,66.7
白易山,2,11,2,18.2,0.0,한국사료총서,66.7,승정원일기,66.7
沈洛,2,36,6,16.7,0.0,승정원일기,66.7,한국사료총서,66.7
廣東省潮州府,2,7,5,71.4,33.3,한국사료총서,100.0,승정원일기,66.7
殷人,3,83,8,9.6,0.0,승정원일기,66.7,조선왕조실록,66.7
龜州城,2,10,6,60.0,0.0,한국사료총서,66.7,고려사,66.7
瑟海,3,18,7,38.9,0.0,한국사료총서,66.7,조선왕조실록,66.7
安城面,3,19,15,78.9,33.3,승정원일기,100.0,한국사료총서,66.7
陜,7,2029,1432,70.6,33.3,삼국사기,100.0,고순종실록,66.7
住羅,2,7,2,28.6,0.0,조선왕조실록,66.7,승정원일기,66.7
嵎夷,3,14,3,21.4,0.0,한국사료총서,66.7,삼국사기,66.7
子城,4,78,5,6.4,0.0,한국사료총서,66.7,고려사,66.7
淸水洞,2,8,6,75.0,33.3,한국사료총서,100.0,승정원일기,66.7
扞城,3,37,24,64.9,33.3,한국사료총서,100.0,조선왕조실록,66.7
郭山雲興站,2,6,4,66.7,33.3,한국사료총서,100.0,승정원일기,66.7
安西道,2,15,13,86.7,33.3,승정원일기,100.0,조선왕조실록,66.7
淮水,2,13,4,30.8,0.0,한국사료총서,66.7,승정원일기,66.7
華麗,5,221,5,2.3,0.0,고순종실록,66.7,삼국사기,66.7
海藩,4,209,17,8.1,0.0,조선왕조실록,66.7,고순종실록,66.7
鳥三,2,19,2,10.5,0.0,승정원일기,66.7,한국사료총서,66.7
黃江驛,2,23,19,82.6,33.3,한국사료총서,100.0,승정원일기,66.7
冬忽,2,16,6,37.5,0.0,승정원일기,66.7,한국사료총서,66.7
永島,3,18,3,16.7,0.0,고순종실록,66.7,한국사료총서,66.7
廣德寺,2,10,6,60.0,33.3,한국사료총서,100.0,조선왕조실록,66.7
八嶺,3,21,9,42.9,0.0,조선왕조실록,66.7,승정원일기,66.7
蔚陵島,4,80,58,72.5,33.3,고려사절요,100.0,승정원일기,66.7
開目,3,56,2,3.6,0.0,승정원일기,66.7,조선왕조실록,66.7
慕慈,2,15,2,13.3,0.0,승정원일기,66.7,조선왕조실록,66.7
崇字,2,12,2,16.7,0.0,승정원일기,66.7,한국사료총서,66.7
相州,2,11,6,54.5,33.3,승정원일기,100.0,조선왕조실록,66.7
彰化,3,10,3,30.0,0.0,고순종실록,66.7,한국사료총서,66.7
亥安,2,10,6,60.0,33.3,한국사료총서,100.0,조선왕조실록,66.7
咸鏡道鍾城,3,175,166,94.9,33.3,한국사료총서,100.0,조선왕조실록,66.7
慶興郡,4,25,11,44.0,11.1,승정원일기,77.8,조선왕조실록,66.7
恒陽,3,17,4,23.5,0.0,승정원일기,66.7,고려사,66.7
召村驛,3,15,6,40.0,0.0,한국사료총서,66.7,조선왕조실록,66.7
江夏,4,15,4,26.7,0.0,삼국사기,66.7,조선왕조실록,66.7
江華府鼎足山城史庫,2,9,4,44.4,0.0,고순종실록,66.7,승정원일기,66.7
善谷,2,10,7,70.0,33.3,조선왕조실록,100.0,한국사료총서,66.7
南峯,3,29,6,20.7,0.0,한국사료총서,66.7,고려사,66.7
沿南,2,10,2,20.0,0.0,한국사료총서,66.7,승정원일기,66.7
西北關,2,29,11,37.9,0.0,조선왕조실록,66.7,승정원일기,66.7
六十峴,2,8,6,75.0,33.3,한국사료총서,100.0,조선왕조실록,66.7
赤間關,3,60,49,81.7,33.3,한국사료총서,100.0,승정원일기,66.7
明波,2,13,6,46.2,16.7,한국사료총서,83.3,조선왕조실록,66.7
彦陽,6,1142,786,68.8,33.3,고려사절요,100.0,고순종실록,66.7
皇都,4,106,11,10.4,0.0,조선왕조실록,66.7,고려사,66.7
靑化,3,11,7,63.6,33.3,조선왕조실록,100.0,승정원일기,66.7
上端,3,218,35,16.1,0.0,조선왕조실록,66.7,한국사료총서,66.7
虞廟,2,6,2,33.3,0.0,조선왕조실록,66.7,승정원일기,66.7
平安道殷山地,2,9,4,44.4,0.0,조선왕조실록,66.7,승정원일기,66.7
同仁,6,682,140,20.5,0.0,고려사,66.7,고순종실록,66.7
扞,6,566,26,4.6,0.0,삼국사기,66.7,고려사절요,66.7
石峯,3,50,5,10.0,0.0,승정원일기,66.7,조선왕조실록,66.7
大所山,2,8,3,37.5,0.0,한국사료총서,66.7,조선왕조실록,66.7
枉尋,3,47,19,40.4,0.0,조선왕조실록,66.7,한국사료총서,66.7
多慶閤,2,6,4,66.7,33.3,고순종실록,100.0,승정원일기,66.7
泉川,3,23,18,78.3,33.3,조선왕조실록,100.0,승정원일기,66.7
振威郡,3,43,20,46.5,33.3,승정원일기,100.0,고순종실록,66.7
付根,2,6,2,33.3,0.0,승정원일기,66.7,조선왕조실록,66.7
貊國,4,25,4,16.0,0.0,삼국유사,66.7,조선왕조실록,66.7
直指寺,3,17,11,64.7,33.3,한국사료총서,100.0,조선왕조실록,66.7
平虜關,2,6,2,33.3,0.0,고려사,66.7,고려사절요,66.7
阜陵,3,26,15,57.7,0.0,한국사료총서,66.7,조선왕조실록,66.7
延曙驛村,2,6,2,33.3,0.0,조선왕조실록,66.7,승정원일기,66.7
衿陽,3,20,17,85.0,33.3,승정원일기,100.0,한국사료총서,66.7
孝川,2,10,2,20.0,0.0,조선왕조실록,66.7,한국사료총서,66.7
俄京,2,17,2,11.8,0.0,한국사료총서,66.7,승정원일기,66.7
乾川堡,2,8,2,25.0,0.0,한국사료총서,66.7,승정원일기,66.7
歧伊,2,16,14,87.5,33.3,승정원일기,100.0,조선왕조실록,66.7
陵顯,3,23,11,47.8,0.0,한국사료총서,66.7,조선왕조실록,66.7
眞定,3,44,19,43.2,0.0,한국사료총서,66.7,조선왕조실록,66.7
南二里,3,148,8,5.4,0.0,조선왕조실록,66.7,승정원일기,66.7
號白,3,38,2,5.3,0.0,조선왕조실록,66.7,승정원일기,66.7
浪浦,3,115,95,82.6,33.3,한국사료총서,100.0,조선왕조실록,66.7
靑南,2,7,5,71.4,33.3,승정원일기,100.0,한국사료총서,66.7
魯岡,3,17,5,29.4,0.0,한국사료총서,66.7,고순종실록,66.7
鴟夷,2,7,2,28.6,0.0,한국사료총서,66.7,조선왕조실록,66.7
乶下,3,323,142,44.0,33.3,한국사료총서,100.0,조선왕조실록,66.7
沙川伯,2,8,2,25.0,0.0,한국사료총서,66.7,승정원일기,66.7
暎嬪李氏,2,12,2,16.7,0.0,조선왕조실록,66.7,승정원일기,66.7
骨島,3,11,9,81.8,33.3,한국사료총서,100.0,조선왕조실록,66.7
鐵嶺衛,3,27,20,74.1,33.3,한국사료총서,100.0,조선왕조실록,66.7
避暑山莊,2,8,2,25.0,0.0,한국사료총서,66.7,조선왕조실록,66.7
甁山,2,15,9,60.0,16.7,한국사료총서,83.3,승정원일기,66.7
招致院,2,21,2,9.5,0.0,승정원일기,66.7,조선왕조실록,66.7
西行閣,3,78,37,47.4,0.0,고순종실록,66.7,승정원일기,66.7
申石山,2,6,2,33.3,0.0,한국사료총서,66.7,조선왕조실록,66.7
安眠串,3,71,68,95.8,33.3,한국사료총서,100.0,조선왕조실록,66.7
燕北,2,12,2,16.7,0.0,한국사료총서,66.7,승정원일기,66.7
屛風山,2,9,2,22.2,0.0,한국사료총서,66.7,조선왕조실록,66.7
鹿院,2,8,3,37.5,0.0,한국사료총서,66.7,승정원일기,66.7
時番,2,50,6,12.0,0.0,승정원일기,66.7,조선왕조실록,66.7
呂陽,3,22,6,27.3,0.0,승정원일기,66.7,한국사료총서,66.7
璿殿,2,17,8,47.1,0.0,한국사료총서,66.7,승정원일기,66.7
江華城,4,40,13,32.5,0.0,고순종실록,66.7,한국사료총서,66.7
信浦,2,17,15,88.2,33.3,한국사료총서,100.0,조선왕조실록,66.7
瀋柵,2,6,2,33.3,0.0,조선왕조실록,66.7,승정원일기,66.7
紅寇,2,12,4,33.3,0.0,한국사료총서,66.7,조선왕조실록,66.7
江楮子島,4,73,69,94.5,33.3,한국사료총서,100.0,조선왕조실록,66.7
終達,3,20,4,20.0,0.0,한국사료총서,66.7,조선왕조실록,66.7
愍懷,4,363,167,46.0,0.0,한국사료총서,66.7,고순종실록,66.7
楊花,5,720,586,81.4,33.3,고려사,100.0,고순종실록,66.7
新草梁,2,10,8,80.0,33.3,한국사료총서,100.0,승정원일기,66.7
黔院,2,10,2,20.0,0.0,한국사료총서,66.7,승정원일기,66.7
周國,3,39,2,5.1,0.0,승정원일기,66.7,조선왕조실록,66.7
錢浦,3,20,7,35.0,8.3,한국사료총서,75.0,조선왕조실록,66.7
草平,3,14,3,21.4,0.0,승정원일기,66.7,조선왕조실록,66.7
南五里,3,307,3,1.0,0.0,조선왕조실록,66.7,승정원일기,66.7
沙平院,2,14,12,85.7,33.3,한국사료총서,100.0,조선왕조실록,66.7
猪洞,3,16,10,62.5,33.3,한국사료총서,100.0,조선왕조실록,66.7
臨湖,2,21,11,52.4,0.0,승정원일기,66.7,한국사료총서,66.7
上黨,5,828,192,23.2,4.7,조선왕조실록,71.4,고순종실록,66.7
基峴,2,16,14,87.5,33.3,한국사료총서,100.0,승정원일기,66.7
四美,3,34,10,29.4,0.0,조선왕조실록,66.7,승정원일기,66.7
遠江,3,13,3,23.1,0.0,승정원일기,66.7,조선왕조실록,66.7
西坪,2,14,2,14.3,0.0,승정원일기,66.7,한국사료총서,66.7
順安郡,3,40,15,37.5,33.3,고순종실록,100.0,한국사료총서,66.7
南齊,4,171,4,2.3,0.0,삼국사기,66.7,조선왕조실록,66.7
高雅,2,19,2,10.5,0.0,한국사료총서,66.7,조선왕조실록,66.7
良栗,2,6,4,66.7,33.3,한국사료총서,100.0,조선왕조실록,66.7
汝里,2,15,13,86.7,33.3,조선왕조실록,100.0,한국사료총서,66.7
旌忠,4,103,5,4.9,0.0,한국사료총서,66.7,고순종실록,66.7
北間道,2,6,4,66.7,33.3,승정원일기,100.0,한국사료총서,66.7
俄館,3,86,4,4.7,0.0,고순종실록,66.7,승정원일기,66.7
進鳳,3,37,4,10.8,0.0,승정원일기,66.7,조선왕조실록,66.7
獻陵碑閣,2,25,14,56.0,0.0,조선왕조실록,66.7,승정원일기,66.7
龍游,2,12,3,25.0,0.0,한국사료총서,66.7,승정원일기,66.7
水金,3,65,4,6.2,0.0,승정원일기,66.7,조선왕조실록,66.7
田谷,3,22,8,36.4,0.0,승정원일기,66.7,조선왕조실록,66.7
安仁浦,2,13,11,84.6,33.3,한국사료총서,100.0,조선왕조실록,66.7
城串,3,29,23,79.3,33.3,한국사료총서,100.0,조선왕조실록,66.7
馬嶺,2,24,6,25.0,0.0,한국사료총서,66.7,조선왕조실록,66.7
中坊,3,23,6,26.1,0.0,승정원일기,66.7,한국사료총서,66.7
兩浙,4,24,6,25.0,0.0,조선왕조실록,66.7,승정원일기,66.7
太社,4,90,33,36.7,0.0,한국사료총서,66.7,고순종실록,66.7
慶尙道密陽,3,112,108,96.4,33.3,한국사료총서,100.0,조선왕조실록,66.7
濟島,5,80,55,68.8,33.3,고순종실록,100.0,고려사,66.7
闕口,2,17,6,35.3,0.0,승정원일기,66.7,한국사료총서,66.7
南延君墓所,3,13,4,30.8,0.0,고순종실록,66.7,승정원일기,66.7
徐戎,2,7,2,28.6,0.0,승정원일기,66.7,조선왕조실록,66.7
獨子山,2,8,2,25.0,0.0,한국사료총서,66.7,조선왕조실록,66.7
穴城,3,19,7,36.8,0.0,승정원일기,66.7,삼국사기,66.7
金申,3,24,8,33.3,0.0,한국사료총서,66.7,조선왕조실록,66.7
韓族,2,33,16,48.5,0.0,한국사료총서,66.7,조선왕조실록,66.7
隘水,2,7,5,71.4,33.3,승정원일기,100.0,조선왕조실록,66.7
東邊面,2,12,10,83.3,33.3,승정원일기,100.0,한국사료총서,66.7
閩中,3,29,9,31.0,0.0,한국사료총서,66.7,조선왕조실록,66.7
黑橋,2,8,2,25.0,0.0,한국사료총서,66.7,조선왕조실록,66.7
九川,2,15,4,26.7,0.0,조선왕조실록,66.7,한국사료총서,66.7
東韓,4,106,8,7.5,0.0,승정원일기,66.7,고순종실록,66.7
眞寶,5,908,572,63.0,33.3,고려사,100.0,고순종실록,66.7
文獻書院,2,6,2,33.3,0.0,한국사료총서,66.7,승정원일기,66.7
建春門外,2,16,6,37.5,0.0,조선왕조실록,66.7,승정원일기,66.7
正安,6,443,61,13.8,0.0,고려사,66.7,고순종실록,66.7
高唐,5,26,8,30.8,0.0,고려사,66.7,조선왕조실록,66.7
原林,3,24,6,25.0,0.0,승정원일기,66.7,조선왕조실록,66.7
外城里,2,7,5,71.4,33.3,승정원일기,100.0,한국사료총서,66.7
沙鎭,4,59,43,72.9,33.3,한국사료총서,100.0,조선왕조실록,66.7
荷衣,3,40,16,40.0,5.6,한국사료총서,72.2,승정원일기,66.7
山口,4,157,56,35.7,0.0,한국사료총서,66.7,고순종실록,66.7
靖嬪宮,2,15,8,53.3,0.0,조선왕조실록,66.7,승정원일기,66.7
賓仙,2,14,7,50.0,0.0,한국사료총서,66.7,조선왕조실록,66.7
仁山驛,3,28,26,92.9,33.3,한국사료총서,100.0,조선왕조실록,66.7
盤嶺,3,12,10,83.3,33.3,한국사료총서,100.0,삼국사기,66.7
多伐,3,24,3,12.5,0.0,승정원일기,66.7,삼국사기,66.7
高山寺,2,11,4,36.4,0.0,한국사료총서,66.7,승정원일기,66.7
鎭東堡,2,11,5,45.5,0.0,한국사료총서,66.7,조선왕조실록,66.7
東站,2,9,7,77.8,33.3,한국사료총서,100.0,조선왕조실록,66.7
延津,2,14,8,57.1,33.3,한국사료총서,100.0,조선왕조실록,66.7
嶺兩南,2,7,2,28.6,0.0,조선왕조실록,66.7,승정원일기,66.7
江都府,2,16,8,50.0,0.0,한국사료총서,66.7,승정원일기,66.7
濮陽,2,9,2,22.2,0.0,조선왕조실록,66.7,승정원일기,66.7
桃洞,3,28,21,75.0,33.3,한국사료총서,100.0,조선왕조실록,66.7
常寧,2,11,3,27.3,0.0,승정원일기,66.7,조선왕조실록,66.7
外東山,2,17,8,47.1,0.0,조선왕조실록,66.7,승정원일기,66.7
羅禪,3,45,26,57.8,16.7,승정원일기,83.3,조선왕조실록,66.7
極浦,2,23,5,21.7,0.0,한국사료총서,66.7,조선왕조실록,66.7
湖南左右道,2,13,6,46.2,0.0,조선왕조실록,66.7,승정원일기,66.7
近珠,2,13,3,23.1,0.0,한국사료총서,66.7,조선왕조실록,66.7
靑龍浦,2,15,9,60.0,33.3,한국사료총서,100.0,승정원일기,66.7
所里德烽,2,7,2,28.6,0.0,한국사료총서,66.7,승정원일기,66.7
上漆,3,22,2,9.1,0.0,승정원일기,66.7,한국사료총서,66.7
鏡城郡,4,87,54,62.1,33.3,한국사료총서,100.0,고순종실록,66.7
龍媒鎭,3,19,15,78.9,33.3,한국사료총서,100.0,조선왕조실록,66.7
林原驛,3,15,13,86.7,33.3,한국사료총서,100.0,고려사절요,66.7
靑鎭,3,14,5,35.7,0.0,한국사료총서,66.7,조선왕조실록,66.7
文峴,2,130,126,96.9,33.3,한국사료총서,100.0,승정원일기,66.7
南單于,2,10,2,20.0,0.0,승정원일기,66.7,조선왕조실록,66.7
松旨,2,13,9,69.2,33.3,한국사료총서,100.0,조선왕조실록,66.7
酒城,3,13,10,76.9,33.3,한국사료총서,100.0,승정원일기,66.7
雙島,3,19,15,78.9,33.3,한국사료총서,100.0,조선왕조실록,66.7
飭該縣,2,12,2,16.7,0.0,승정원일기,66.7,한국사료총서,66.7
歸州洞,3,23,17,73.9,33.3,한국사료총서,100.0,조선왕조실록,66.7
泠浦,3,21,18,85.7,33.3,한국사료총서,100.0,조선왕조실록,66.7
艶陽,2,19,6,31.6,0.0,한국사료총서,66.7,조선왕조실록,66.7
蘂城,2,41,7,17.1,8.3,조선왕조실록,75.0,한국사료총서,66.7
貴林串,2,9,7,77.8,33.3,한국사료총서,100.0,조선왕조실록,66.7
佛恩,5,95,24,25.3,0.0,고려사,66.7,조선왕조실록,66.7
黃海道松禾,3,74,70,94.6,33.3,한국사료총서,100.0,조선왕조실록,66.7
禮山邑,2,10,8,80.0,33.3,승정원일기,100.0,한국사료총서,66.7
南沃沮,2,13,4,30.8,0.0,삼국사기,66.7,한국사료총서,66.7
黑淵,2,15,13,86.7,33.3,한국사료총서,100.0,승정원일기,66.7
高伊,3,19,5,26.3,0.0,고려사절요,66.7,한국사료총서,66.7
鄆,4,45,18,40.0,0.0,한국사료총서,66.7,고려사,66.7
伐羅,3,15,3,20.0,0.0,승정원일기,66.7,조선왕조실록,66.7
泰安大小山,2,7,5,71.4,33.3,조선왕조실록,100.0,승정원일기,66.7
四郡,6,605,130,21.5,0.0,고순종실록,66.7,고려사,66.7
寒泉洞,2,9,5,55.6,33.3,한국사료총서,100.0,조선왕조실록,66.7
佛郞,3,26,9,34.6,0.0,한국사료총서,66.7,고순종실록,66.7
安井,2,12,4,33.3,0.0,승정원일기,66.7,한국사료총서,66.7
虎觀,3,21,8,38.1,0.0,한국사료총서,66.7,조선왕조실록,66.7
會賢坊,3,139,131,94.2,33.3,한국사료총서,100.0,조선왕조실록,66.7
富春,3,36,6,16.7,0.0,한국사료총서,66.7,조선왕조실록,66.7
原春道,3,433,386,89.1,33.3,한국사료총서,100.0,조선왕조실록,66.7
翼峴,3,122,6,4.9,0.0,승정원일기,66.7,한국사료총서,66.7
郭家,2,11,2,18.2,0.0,한국사료총서,66.7,승정원일기,66.7
文簡公成渾墓,2,7,2,28.6,0.0,조선왕조실록,66.7,승정원일기,66.7
黑齒,3,21,2,9.5,0.0,승정원일기,66.7,조선왕조실록,66.7
多也,6,1179,31,2.6,0.0,고순종실록,66.7,고려사절요,66.7
東部坊,2,15,9,60.0,33.3,승정원일기,100.0,한국사료총서,66.7
天樞星,3,28,2,7.1,0.0,승정원일기,66.7,조선왕조실록,66.7
高巒,2,28,24,85.7,33.3,한국사료총서,100.0,조선왕조실록,66.7
勤政殿階上,2,17,2,11.8,0.0,조선왕조실록,66.7,승정원일기,66.7
元帥臺,2,11,3,27.3,0.0,한국사료총서,66.7,승정원일기,66.7
全羅道鉢浦,2,7,5,71.4,33.3,한국사료총서,100.0,조선왕조실록,66.7
大谷,5,208,114,54.8,0.0,고순종실록,66.7,조선왕조실록,66.7
泉洞,5,81,52,64.2,33.3,고려사절요,100.0,조선왕조실록,66.7
惡山,3,47,7,14.9,0.0,승정원일기,66.7,조선왕조실록,66.7
院林,2,10,2,20.0,0.0,한국사료총서,66.7,승정원일기,66.7
阿耳鎭,3,85,63,74.1,33.3,한국사료총서,100.0,조선왕조실록,66.7
豆也保,2,6,4,66.7,33.3,한국사료총서,100.0,조선왕조실록,66.7
梁山郡,4,1154,522,45.2,19.1,한국사료총서,85.7,고순종실록,66.6
廟大門,3,810,522,64.4,0.0,조선왕조실록,66.6,승정원일기,66.6
江邊七邑,3,201,111,55.2,0.0,조선왕조실록,66.5,승정원일기,66.5
汴,5,463,117,25.3,13.5,승정원일기,80.0,고려사절요,66.5
永興本宮,4,237,119,50.2,0.0,고순종실록,66.5,승정원일기,66.5
屈,8,14999,150,1.0,0.1,승정원일기,66.7,삼국유사,66.5
馬祖壇,2,655,648,98.9,33.3,조선왕조실록,99.7,승정원일기,66.4
石城,7,1724,829,48.1,33.6,조선왕조실록,100.0,고순종실록,66.4
戰嶺,3,121,77,63.6,0.0,한국사료총서,66.4,승정원일기,66.4
安峽縣,3,413,79,19.1,14.9,승정원일기,81.2,한국사료총서,66.4
迎詔門,2,40,33,82.5,25.0,승정원일기,91.4,조선왕조실록,66.4
西北,8,9910,3701,37.3,0.0,삼국사기,66.3,승정원일기,66.3
彌勒,6,292,94,32.2,0.0,삼국유사,66.3,조선왕조실록,66.3
所伊山,2,56,22,39.3,9.7,한국사료총서,76.0,조선왕조실록,66.3
古阜郡,5,980,183,18.7,13.7,승정원일기,80.0,고려사,66.3
三田渡碑閣,2,41,27,65.9,12.5,조선왕조실록,78.8,승정원일기,66.3
豆滿江,4,327,262,80.1,33.7,한국사료총서,100.0,고순종실록,66.3
龍仁縣,4,968,207,21.4,18.8,승정원일기,85.0,한국사료총서,66.2
梨峴,4,419,363,86.6,31.1,한국사료총서,97.4,승정원일기,66.2
東界,5,270,118,43.7,1.4,한국사료총서,67.6,고려사,66.2
兎城,2,90,36,40.0,33.8,승정원일기,100.0,조선왕조실록,66.2
嶺南左右道,2,31,12,38.7,7.1,조선왕조실록,73.3,승정원일기,66.2
江原道,5,10088,9447,93.6,33.3,고려사,99.4,조선왕조실록,66.1
湖中,3,695,363,52.2,0.0,조선왕조실록,66.1,승정원일기,66.1
雲南,4,382,256,67.0,25.6,승정원일기,91.8,조선왕조실록,66.1
全羅道康津縣古今島,2,172,169,98.3,33.3,한국사료총서,99.4,승정원일기,66.1
淸聖,3,85,41,48.2,0.0,한국사료총서,66.0,승정원일기,66.0
隆武樓,2,60,46,76.7,31.6,조선왕조실록,97.6,승정원일기,66.0
石谷,3,73,40,54.8,34.0,한국사료총서,100.0,승정원일기,66.0
南漢行宮,3,56,33,58.9,0.0,고순종실록,66.0,승정원일기,66.0
歐,7,3889,74,1.9,0.0,고려사,66.0,고순종실록,66.0
金川郡,4,845,224,26.5,24.0,승정원일기,90.0,고순종실록,66.0
西㺚子,2,15,11,73.3,25.0,한국사료총서,90.9,조선왕조실록,65.9
漁陽,3,30,22,73.3,25.0,한국사료총서,90.9,조선왕조실록,65.9
羅山,5,182,87,47.8,25.0,한국사료총서,90.9,고려사,65.9
清州,2,49,42,85.7,25.0,승정원일기,90.9,한국사료총서,65.9
弘濟院,4,1479,1351,91.3,29.5,한국사료총서,95.4,조선왕조실록,65.9
嚴政,2,39,8,20.5,9.1,승정원일기,75.0,조선왕조실록,65.9
平丘道,2,16,12,75.0,25.0,승정원일기,90.9,조선왕조실록,65.9
加西,3,38,12,31.6,9.1,승정원일기,75.0,한국사료총서,65.9
露積峯,2,15,11,73.3,25.0,한국사료총서,90.9,승정원일기,65.9
水谷,3,110,75,68.2,12.5,승정원일기,78.4,한국사료총서,65.9
赴戰嶺,3,119,75,63.0,0.0,한국사료총서,65.8,승정원일기,65.8
原襄,3,567,288,50.8,32.9,승정원일기,98.7,조선왕조실록,65.8
巖津,3,68,44,64.7,25.9,한국사료총서,91.7,승정원일기,65.7
遼廣,3,35,17,48.6,14.3,한국사료총서,80.0,승정원일기,65.7
南坡,2,29,8,27.6,14.3,한국사료총서,80.0,조선왕조실록,65.7
洪濟,3,248,93,37.5,16.7,한국사료총서,82.4,조선왕조실록,65.7
泰川郡,3,60,25,41.7,34.3,승정원일기,100.0,고순종실록,65.7
光陽縣,5,1031,382,37.1,34.3,승정원일기,100.0,고려사,65.7
西州,7,173,89,51.4,20.0,한국사료총서,85.7,삼국사기,65.7
親耕臺,2,19,9,47.4,14.3,조선왕조실록,80.0,승정원일기,65.7
全羅道順天府,3,123,119,96.7,33.3,한국사료총서,99.0,승정원일기,65.7
助藥,2,20,10,50.0,20.0,승정원일기,85.7,조선왕조실록,65.7
劍水,3,67,50,74.6,16.7,한국사료총서,82.4,승정원일기,65.7
洪州邑,2,14,5,35.7,14.3,승정원일기,80.0,한국사료총서,65.7
田里,6,4133,236,5.7,0.0,고순종실록,65.6,한국사료총서,65.6
山鎭,4,809,536,66.3,25.5,한국사료총서,91.1,고순종실록,65.6
鎭南,4,448,128,28.6,14.4,한국사료총서,80.0,고순종실록,65.6
沙乙,3,168,74,44.0,19.6,조선왕조실록,85.2,한국사료총서,65.6
栗浦,4,260,140,53.8,34.4,한국사료총서,100.0,조선왕조실록,65.6
吉州牧,4,1210,180,14.9,3.6,조선왕조실록,69.2,고순종실록,65.6
樓院,3,169,103,60.9,7.7,한국사료총서,73.3,조선왕조실록,65.6
素沙,3,209,159,76.1,30.6,한국사료총서,96.2,조선왕조실록,65.6
泮村,3,382,223,58.4,0.0,조선왕조실록,65.6,한국사료총서,65.6
薊,5,543,337,62.1,26.1,한국사료총서,91.6,조선왕조실록,65.5
南殿,4,595,340,57.1,0.0,한국사료총서,65.5,승정원일기,65.5
丹,8,17606,4966,28.2,0.0,삼국유사,65.5,고순종실록,65.5
西水,4,648,244,37.7,19.1,한국사료총서,84.6,고순종실록,65.5
淸安縣,4,554,96,17.3,14.5,승정원일기,80.0,고순종실록,65.5
乃城,3,144,79,54.9,4.5,승정원일기,70.0,한국사료총서,65.5
具州,2,84,81,96.4,33.3,한국사료총서,98.8,조선왕조실록,65.4
懿仁王后陵,2,86,53,61.6,0.0,조선왕조실록,65.4,승정원일기,65.4
溪,8,14431,4902,34.0,23.5,삼국유사,88.9,삼국사기,65.4
楓川,3,58,39,67.2,34.6,한국사료총서,100.0,고려사,65.4
葛,8,6823,955,14.0,1.3,고순종실록,66.7,고려사절요,65.4
咸悅縣,4,618,143,23.1,18.0,승정원일기,83.3,고순종실록,65.4
臨川,5,160,73,45.6,22.2,승정원일기,87.5,고려사,65.3
禮安地,3,300,190,63.3,0.0,조선왕조실록,65.3,승정원일기,65.3
兵庫,5,166,38,22.9,0.0,고려사,65.3,조선왕조실록,65.3
峴,8,11012,6983,63.4,31.7,한국사료총서,97.1,고순종실록,65.3
羅鎭,4,61,33,54.1,0.0,고려사절요,65.2,승정원일기,65.2
淸和,3,478,44,9.2,0.0,한국사료총서,65.2,조선왕조실록,65.2
砥,6,2875,1187,41.3,23.7,한국사료총서,88.9,고려사,65.2
圜邱,2,62,16,25.8,0.0,한국사료총서,65.2,승정원일기,65.2
文淵,3,222,31,14.0,0.0,한국사료총서,65.2,조선왕조실록,65.2
牙山郡,2,33,18,54.5,34.8,승정원일기,100.0,한국사료총서,65.2
慶尙道慶州,3,353,337,95.5,34.8,한국사료총서,100.0,조선왕조실록,65.2
固城府,2,77,20,26.0,20.6,승정원일기,85.7,고순종실록,65.1
興元,6,696,403,57.9,0.0,삼국사기,65.1,승정원일기,65.1
牛川,2,48,33,68.8,27.8,한국사료총서,92.9,승정원일기,65.1
馬耳,3,80,31,38.8,3.8,한국사료총서,69.0,승정원일기,65.1
原平,3,323,116,35.9,1.4,승정원일기,66.5,조선왕조실록,65.1
溪村,2,43,18,41.9,25.8,한국사료총서,90.9,승정원일기,65.1
貳極門,3,837,820,98.0,33.3,고순종실록,98.4,승정원일기,65.1
禦牧軒,2,16,4,25.0,10.0,승정원일기,75.0,조선왕조실록,65.0
斗月,2,14,10,71.4,25.0,승정원일기,90.0,한국사료총서,65.0
洪陽,3,507,320,63.1,15.4,한국사료총서,80.4,조선왕조실록,65.0
加里浦,4,484,269,55.6,35.0,한국사료총서,100.0,조선왕조실록,65.0
樂浪郡,4,41,15,36.6,10.0,고려사,75.0,삼국유사,65.0
布廛屛門,2,24,13,54.2,0.0,한국사료총서,65.0,승정원일기,65.0
安邊山,3,25,17,68.0,25.0,한국사료총서,90.0,승정원일기,65.0
南小營,3,900,574,63.8,0.0,한국사료총서,65.0,승정원일기,65.0
胡芮,2,18,11,61.1,25.0,한국사료총서,90.0,승정원일기,65.0
寧壽,3,55,13,23.6,0.0,승정원일기,65.0,조선왕조실록,65.0
慈城郡,4,133,44,33.1,13.1,승정원일기,78.1,조선왕조실록,65.0
長淵府,4,640,146,22.8,20.7,조선왕조실록,85.7,고순종실록,65.0
燕邸,4,37,13,35.1,0.0,고려사절요,65.0,고려사,65.0
梨洞,4,329,143,43.5,35.0,승정원일기,100.0,고순종실록,65.0
於蘭浦,3,27,16,59.3,25.0,승정원일기,90.0,조선왕조실록,65.0
名古屋,2,16,12,75.0,25.0,한국사료총서,90.0,고순종실록,65.0
沙坪,3,127,99,78.0,35.1,한국사료총서,100.0,조선왕조실록,64.9
原山,3,139,58,41.7,16.0,한국사료총서,80.9,승정원일기,64.9
山城行宮,2,44,24,54.5,0.0,고순종실록,64.9,승정원일기,64.9
館峴,3,204,127,62.3,0.0,한국사료총서,64.9,승정원일기,64.9
軍威縣,3,533,75,14.1,7.3,승정원일기,72.2,한국사료총서,64.9
淄,5,435,212,48.7,35.1,한국사료총서,100.0,삼국사기,64.9
道南,4,1091,627,57.5,0.0,고려사,64.8,승정원일기,64.8
湖廣,4,134,108,80.6,28.6,승정원일기,93.4,조선왕조실록,64.8
敬寧,4,945,536,56.7,0.0,고려사,64.8,승정원일기,64.8
淸風,6,2471,1259,51.0,35.2,한국사료총서,100.0,고순종실록,64.8
富寧府,4,877,196,22.3,21.1,승정원일기,85.7,고순종실록,64.7
肥州,2,57,52,91.2,33.3,한국사료총서,98.0,조선왕조실록,64.7
里浦,4,644,389,60.4,35.3,한국사료총서,100.0,조선왕조실록,64.7
倉村,2,21,11,52.4,0.0,승정원일기,64.7,한국사료총서,64.7
自如道,2,23,11,47.8,35.3,승정원일기,100.0,조선왕조실록,64.7
南原府,6,955,208,21.8,0.0,고려사절요,64.7,고순종실록,64.7
玉江,3,442,173,39.1,27.3,한국사료총서,92.0,조선왕조실록,64.7
管城,6,1015,157,15.5,0.0,고순종실록,64.7,고려사,64.7
東京,6,1498,1111,74.2,35.0,조선왕조실록,99.7,고순종실록,64.7
小朔,3,65,43,66.2,21.1,승정원일기,85.7,한국사료총서,64.7
山堡,4,210,146,69.5,35.3,한국사료총서,100.0,고순종실록,64.7
利山,6,93,74,79.6,35.3,한국사료총서,100.0,삼국사기,64.7
水橋,3,87,38,43.7,18.8,한국사료총서,83.3,승정원일기,64.6
南湖,3,93,39,41.9,0.0,조선왕조실록,64.6,한국사료총서,64.6
對馬島,6,2567,2254,87.8,35.4,한국사료총서,100.0,고순종실록,64.6
火旺,3,70,6,8.6,2.1,승정원일기,66.7,조선왕조실록,64.6
玄石,3,121,63,52.1,8.8,한국사료총서,73.4,승정원일기,64.6
礪山郡,4,211,35,16.6,10.5,승정원일기,75.0,고순종실록,64.5
臺城,5,84,33,39.3,0.0,한국사료총서,64.5,조선왕조실록,64.5
孝敬,5,844,403,47.7,0.0,고려사,64.5,조선왕조실록,64.5
包伊,4,282,119,42.2,35.5,승정원일기,100.0,조선왕조실록,64.5
道雲,4,169,138,81.7,35.5,한국사료총서,100.0,고순종실록,64.5
沃川地,2,120,71,59.2,0.0,조선왕조실록,64.5,승정원일기,64.5
畿輔,4,1561,695,44.5,0.5,조선왕조실록,65.0,고순종실록,64.5
所斤,4,403,159,39.5,35.5,승정원일기,100.0,고순종실록,64.5
武城,3,106,59,55.7,17.2,한국사료총서,81.7,승정원일기,64.4
凰山,3,70,40,57.1,35.6,한국사료총서,100.0,조선왕조실록,64.4
大山,6,454,113,24.9,10.6,한국사료총서,75.0,삼국사기,64.4
咸鏡道鍾城府,2,145,134,92.4,33.3,한국사료총서,97.7,승정원일기,64.4
西部,6,3862,2395,62.0,0.0,고순종실록,64.4,승정원일기,64.4
東面,6,777,452,58.2,10.1,조선왕조실록,74.5,한국사료총서,64.4
頓義,2,17,8,47.1,35.7,한국사료총서,100.0,조선왕조실록,64.3
梨川,3,21,12,57.1,35.7,한국사료총서,100.0,조선왕조실록,64.3
伊州,3,49,35,71.4,35.7,한국사료총서,100.0,조선왕조실록,64.3
布政門,4,52,19,36.5,0.0,고순종실록,64.3,승정원일기,64.3
禾谷,2,31,18,58.1,0.0,승정원일기,64.3,한국사료총서,64.3
坪,7,6491,2879,44.4,24.6,고순종실록,88.9,삼국사기,64.3
老德,4,63,29,46.0,35.7,조선왕조실록,100.0,고순종실록,64.3
歙谷郡,3,32,12,37.5,19.0,승정원일기,83.3,한국사료총서,64.3
葛頭,3,96,52,54.2,35.7,한국사료총서,100.0,조선왕조실록,64.3
所安島,4,266,250,94.0,35.7,한국사료총서,100.0,조선왕조실록,64.3
松羅,4,294,123,41.8,35.7,한국사료총서,100.0,고순종실록,64.3
參禮道,2,20,10,50.0,0.0,한국사료총서,64.3,승정원일기,64.3
於汀,3,185,88,47.6,7.1,한국사료총서,71.4,조선왕조실록,64.3
全溪,4,323,149,46.1,0.0,고순종실록,64.3,승정원일기,64.3
城山,5,882,454,51.5,35.7,한국사료총서,100.0,고순종실록,64.3
塔,8,2599,650,25.0,0.0,삼국사기,64.3,승정원일기,64.3
延安,6,2850,2204,77.3,35.7,고려사절요,100.0,고순종실록,64.3
沒雲,2,21,12,57.1,35.7,한국사료총서,100.0,조선왕조실록,64.3
振成,2,44,3,6.8,2.5,승정원일기,66.7,한국사료총서,64.2
海平,6,508,161,31.7,9.9,승정원일기,74.1,한국사료총서,64.2
白沙,4,255,32,12.5,2.5,한국사료총서,66.7,고려사,64.1
九萬里,3,45,22,48.9,25.9,한국사료총서,90.0,조선왕조실록,64.1
吉林,4,377,168,44.6,30.4,한국사료총서,94.6,고순종실록,64.1
淸風郡,4,120,33,27.5,10.9,승정원일기,75.0,고려사,64.1
穩城郡,2,35,11,31.4,19.2,승정원일기,83.3,조선왕조실록,64.1
光化門外,4,334,110,32.9,0.0,고순종실록,64.0,승정원일기,64.0
雲田,3,43,25,58.1,36.0,한국사료총서,100.0,승정원일기,64.0
高靈,6,1891,1116,59.0,36.0,조선왕조실록,100.0,고순종실록,64.0
㫌義,3,52,33,63.5,36.0,한국사료총서,100.0,조선왕조실록,64.0
鐵嶺,6,626,534,85.3,36.0,한국사료총서,100.0,고순종실록,64.0
注文,4,392,228,58.2,32.6,한국사료총서,96.6,조선왕조실록,64.0
毛憐,2,227,218,96.0,33.3,한국사료총서,97.3,조선왕조실록,64.0
榮山,4,75,57,76.0,36.0,한국사료총서,100.0,승정원일기,64.0
營州,4,33,17,51.5,25.0,승정원일기,88.9,삼국사기,63.9
嘉平郡,2,16,7,43.8,11.1,승정원일기,75.0,조선왕조실록,63.9
加乙頭,2,30,19,63.3,25.0,한국사료총서,88.9,조선왕조실록,63.9
鐵破,2,15,5,33.3,11.1,승정원일기,75.0,조선왕조실록,63.9
牛鳴,3,33,6,18.2,11.1,승정원일기,75.0,삼국사기,63.9
陽良,3,46,23,50.0,25.0,승정원일기,88.9,조선왕조실록,63.9
加德,4,915,617,67.4,33.3,고려사,97.2,조선왕조실록,63.9
昌山,4,219,35,16.0,0.0,고순종실록,63.9,한국사료총서,63.9
娥林,2,33,18,54.5,10.0,조선왕조실록,73.9,한국사료총서,63.9
松橋,2,33,26,78.8,25.0,한국사료총서,88.9,승정원일기,63.9
居山,6,825,318,38.5,0.0,고려사절요,63.8,조선왕조실록,63.8
宗廟前路,2,411,245,59.6,0.0,조선왕조실록,63.8,승정원일기,63.8
朔寧郡,4,758,122,16.1,12.4,승정원일기,76.2,한국사료총서,63.8
瑞和,3,29,20,69.0,28.6,승정원일기,92.3,조선왕조실록,63.7
景,8,161527,38633,23.9,0.0,고려사,63.7,고순종실록,63.7
會寧鎭,3,94,77,81.9,25.0,한국사료총서,88.7,조선왕조실록,63.7
法聖,4,1406,852,60.6,23.5,한국사료총서,87.3,조선왕조실록,63.7
洪濱,2,38,3,7.9,2.9,조선왕조실록,66.7,승정원일기,63.7
濟川,3,247,146,59.1,17.6,한국사료총서,81.4,조선왕조실록,63.7
天登,3,24,8,33.3,7.7,한국사료총서,71.4,조선왕조실록,63.7
別害,3,401,143,35.7,25.3,승정원일기,89.1,조선왕조실록,63.7
永宗鎭,4,178,165,92.7,36.4,한국사료총서,100.0,조선왕조실록,63.6
沙津,3,36,20,55.6,36.4,한국사료총서,100.0,조선왕조실록,63.6
江界郡,2,30,16,53.3,36.4,승정원일기,100.0,한국사료총서,63.6
萊州,4,100,73,73.0,36.4,한국사료총서,100.0,삼국사기,63.6
文殊山城,4,224,177,79.0,36.4,한국사료총서,100.0,고순종실록,63.6
元平,5,42,8,19.0,0.0,고려사,63.6,한국사료총서,63.6
椵,5,892,746,83.6,36.4,삼국사기,100.0,고려사,63.6
湖兩南,3,37,16,43.2,0.0,조선왕조실록,63.6,승정원일기,63.6
三登,6,858,532,62.0,36.4,고순종실록,100.0,고려사절요,63.6
金灘,2,19,11,57.9,36.4,한국사료총서,100.0,조선왕조실록,63.6
直木,3,38,10,26.3,0.0,한국사료총서,63.6,조선왕조실록,63.6
小農,3,194,82,42.3,0.0,한국사료총서,63.6,조선왕조실록,63.6
玉蓮,3,23,7,30.4,0.0,승정원일기,63.6,조선왕조실록,63.6
小安島,2,18,11,61.1,36.4,한국사료총서,100.0,승정원일기,63.6
彌助,4,423,238,56.3,36.4,한국사료총서,100.0,고순종실록,63.6
神穴,5,51,17,33.3,0.0,고려사,63.6,승정원일기,63.6
昌德宮洞口,2,34,14,41.2,0.0,조선왕조실록,63.6,승정원일기,63.6
開元,8,679,43,6.3,0.0,고순종실록,63.6,고려사,63.6
豐壤,4,555,513,92.4,36.4,한국사료총서,100.0,고순종실록,63.6
慶尙道統營,2,16,9,56.2,36.4,한국사료총서,100.0,승정원일기,63.6
車峴,2,22,15,68.2,36.4,한국사료총서,100.0,승정원일기,63.6
靖陵丁字閣,2,20,7,35.0,0.0,조선왕조실록,63.6,승정원일기,63.6
慶尙,6,45086,30978,68.7,36.4,한국사료총서,100.0,고순종실록,63.6
峴鎭,3,74,60,81.1,36.4,한국사료총서,100.0,조선왕조실록,63.6
興慶園,3,84,76,90.5,33.3,한국사료총서,96.9,조선왕조실록,63.5
獒樹,3,288,131,45.5,33.3,한국사료총서,96.9,조선왕조실록,63.5
月臺,5,4727,2709,57.3,0.0,고려사,63.5,승정원일기,63.5
春陽,4,561,179,31.9,16.5,조선왕조실록,80.0,고려사,63.5
興化,5,2310,2034,88.1,30.3,한국사료총서,93.8,승정원일기,63.5
漣川縣,4,556,77,13.8,11.5,승정원일기,75.0,고순종실록,63.5
慶尙左,4,5809,2534,43.6,14.1,한국사료총서,77.6,고순종실록,63.5
恭默,4,784,464,59.2,0.0,한국사료총서,63.4,조선왕조실록,63.4
榮川郡,4,506,77,15.2,11.6,승정원일기,75.0,고순종실록,63.4
黔毛浦,3,333,143,42.9,36.6,승정원일기,100.0,조선왕조실록,63.4
東月臺,2,497,263,52.9,0.0,조선왕조실록,63.4,승정원일기,63.4
進善,5,2661,1458,54.8,0.0,고려사,63.4,승정원일기,63.4
鳳凰山,3,65,39,60.0,36.6,한국사료총서,100.0,조선왕조실록,63.4
仁川港,3,307,275,89.6,36.7,한국사료총서,100.0,고순종실록,63.3
豐德郡,4,81,21,25.9,16.7,승정원일기,80.0,고순종실록,63.3
新安驛,2,24,14,58.3,20.0,한국사료총서,83.3,조선왕조실록,63.3
槐山郡,4,586,158,27.0,22.4,조선왕조실록,85.7,고순종실록,63.3
安竹,3,80,54,67.5,20.0,한국사료총서,83.3,조선왕조실록,63.3
鷺梁,4,509,468,91.9,31.2,한국사료총서,94.4,승정원일기,63.2
州北,4,404,45,11.1,4.4,조선왕조실록,67.6,승정원일기,63.2
德興大院君廟,2,25,12,48.0,0.0,조선왕조실록,63.2,승정원일기,63.2
哈爾賓,2,24,12,50.0,36.8,한국사료총서,100.0,고순종실록,63.2
益山郡,4,620,151,24.4,22.5,조선왕조실록,85.7,고순종실록,63.2
北陵,3,32,14,43.8,0.0,고순종실록,63.2,승정원일기,63.2
木甘,2,21,16,76.2,25.0,한국사료총서,88.2,승정원일기,63.2
牛谷,3,34,21,61.8,36.8,한국사료총서,100.0,조선왕조실록,63.2
玄風縣,4,449,75,16.7,11.8,승정원일기,75.0,고순종실록,63.2
樹州,3,44,31,70.5,36.8,한국사료총서,100.0,고려사,63.2
新基,3,245,89,36.3,0.0,조선왕조실록,63.2,한국사료총서,63.2
慶尙右,4,3241,1634,50.4,5.6,한국사료총서,68.7,조선왕조실록,63.2
傅巖,3,54,29,53.7,0.0,한국사료총서,63.2,승정원일기,63.2
湖南右,2,75,37,49.3,0.0,조선왕조실록,63.2,승정원일기,63.2
藏書閣,3,67,31,46.3,0.0,한국사료총서,63.2,승정원일기,63.2
三水府,4,1377,821,59.6,20.7,한국사료총서,83.8,조선왕조실록,63.1
桑林,3,320,112,35.0,0.0,한국사료총서,63.1,조선왕조실록,63.1
湄,4,306,20,6.5,3.5,조선왕조실록,66.7,고려사,63.1
全羅左右道,2,27,12,44.4,8.3,조선왕조실록,71.4,승정원일기,63.1
歲橋,2,50,19,38.0,0.0,한국사료총서,63.0,승정원일기,63.0
灣上,4,989,513,51.9,0.0,고순종실록,63.0,승정원일기,63.0
雲寵,4,345,177,51.3,37.0,한국사료총서,100.0,조선왕조실록,63.0
倭賊,5,2272,1102,48.5,0.0,고려사,63.0,조선왕조실록,63.0
南延君祠宇,3,144,75,52.1,0.0,고순종실록,63.0,승정원일기,63.0
漳州,4,76,58,76.3,37.0,한국사료총서,100.0,승정원일기,63.0
伊山,5,222,113,50.9,37.0,한국사료총서,100.0,고려사절요,63.0
陽城郡,2,30,7,23.3,12.0,승정원일기,75.0,한국사료총서,63.0
外南山,3,415,303,73.0,12.5,한국사료총서,75.4,승정원일기,62.9
獐項,5,167,112,67.1,37.1,한국사료총서,100.0,삼국사기,62.9
咸平縣,4,868,164,18.9,17.1,승정원일기,80.0,고순종실록,62.9
涵仁亭前,2,41,22,53.7,0.0,조선왕조실록,62.9,승정원일기,62.9
海安,6,191,37,19.4,12.1,조선왕조실록,75.0,고순종실록,62.9
四川,3,155,136,87.7,30.0,승정원일기,92.9,한국사료총서,62.9
倉浦,3,45,31,68.9,31.2,한국사료총서,94.1,조선왕조실록,62.9
武陵,5,151,71,47.0,25.0,한국사료총서,87.9,조선왕조실록,62.9
湖甸,2,52,27,51.9,0.0,조선왕조실록,62.8,승정원일기,62.8
明洞,3,360,75,20.8,3.3,조선왕조실록,66.1,한국사료총서,62.8
南一里,3,111,7,6.3,3.8,한국사료총서,66.7,승정원일기,62.8
尙道,6,17324,15740,90.9,37.2,한국사료총서,100.0,고순종실록,62.8
端川郡,4,281,48,17.1,12.2,승정원일기,75.0,고순종실록,62.8
漳,4,551,137,24.9,3.8,한국사료총서,66.7,고려사,62.8
理山府,3,325,48,14.8,9.5,조선왕조실록,72.2,한국사료총서,62.7
安興,6,2233,1501,67.2,33.3,고려사,96.0,조선왕조실록,62.7
昇天,5,296,192,64.9,24.4,한국사료총서,87.1,고려사절요,62.7
島倭,4,468,209,44.7,0.0,고려사,62.6,조선왕조실록,62.6
宜仁,3,158,96,60.8,5.9,승정원일기,68.5,한국사료총서,62.6
遷安,3,32,6,18.8,0.0,승정원일기,62.5,한국사료총서,62.5
新興,6,195,77,39.5,12.5,고려사절요,75.0,고순종실록,62.5
甑淵,3,18,12,66.7,37.5,한국사료총서,100.0,승정원일기,62.5
東岳,4,572,9,1.6,0.0,한국사료총서,62.5,삼국유사,62.5
蘭亭,3,69,18,26.1,0.0,한국사료총서,62.5,승정원일기,62.5
草豆,2,14,4,28.6,12.5,한국사료총서,75.0,조선왕조실록,62.5
禾里,2,14,6,42.9,0.0,승정원일기,62.5,한국사료총서,62.5
熙陵,4,22,8,36.4,0.0,한국사료총서,62.5,승정원일기,62.5
府南面,3,22,10,45.5,0.0,조선왕조실록,62.5,승정원일기,62.5
良才道,2,21,10,47.6,0.0,승정원일기,62.5,조선왕조실록,62.5
修政,5,414,131,31.6,0.0,고려사,62.5,고순종실록,62.5
川北,4,83,20,24.1,0.0,삼국유사,62.5,승정원일기,62.5
覇陵,2,12,7,58.3,37.5,승정원일기,100.0,조선왕조실록,62.5
斗湖,2,128,117,91.4,33.3,한국사료총서,95.8,승정원일기,62.5
鹿島鎭,3,31,23,74.2,25.0,한국사료총서,87.5,승정원일기,62.5
食島,2,15,9,60.0,37.5,한국사료총서,100.0,승정원일기,62.5
全羅北道,3,493,483,98.0,37.5,한국사료총서,100.0,승정원일기,62.5
東江,5,348,227,65.2,27.6,한국사료총서,90.1,승정원일기,62.5
靑路,2,13,5,38.5,12.5,한국사료총서,75.0,조선왕조실록,62.5
巨麻,2,24,10,41.7,0.0,조선왕조실록,62.5,한국사료총서,62.5
劉河,2,16,5,31.2,0.0,승정원일기,62.5,한국사료총서,62.5
道薩,2,15,10,66.7,37.5,삼국사기,100.0,조선왕조실록,62.5
圖們,3,31,26,83.9,37.5,한국사료총서,100.0,승정원일기,62.5
宋洞,2,17,12,70.6,37.5,한국사료총서,100.0,승정원일기,62.5
興明,3,114,94,82.5,25.0,한국사료총서,87.5,승정원일기,62.5
三陟墓所,2,16,5,31.2,0.0,고순종실록,62.5,승정원일기,62.5
長豐,3,27,18,66.7,25.0,승정원일기,87.5,한국사료총서,62.5
醴川郡,2,20,5,25.0,12.5,승정원일기,75.0,조선왕조실록,62.5
碧瀾渡,5,46,33,71.7,37.5,한국사료총서,100.0,승정원일기,62.5
昇天堡,3,65,50,76.9,37.5,한국사료총서,100.0,조선왕조실록,62.5
平安道淸南,3,55,46,83.6,37.5,조선왕조실록,100.0,고순종실록,62.5
大栗,3,19,7,36.8,0.0,승정원일기,62.5,한국사료총서,62.5
全羅道靈光,3,265,260,98.1,37.5,한국사료총서,100.0,조선왕조실록,62.5
兔棧,2,15,7,46.7,12.5,승정원일기,75.0,조선왕조실록,62.5
櫟山,3,30,24,80.0,37.5,한국사료총서,100.0,조선왕조실록,62.5
交龜亭,2,12,6,50.0,0.0,한국사료총서,62.5,승정원일기,62.5
東西北,5,184,24,13.0,0.0,조선왕조실록,62.5,고려사절요,62.5
德積,6,448,303,67.6,37.5,한국사료총서,100.0,고려사절요,62.5
南里,5,124,101,81.5,37.5,고려사,100.0,고려사절요,62.5
貝葉,2,18,5,27.8,0.0,한국사료총서,62.5,조선왕조실록,62.5
安林驛,3,17,12,70.6,37.5,한국사료총서,100.0,조선왕조실록,62.5
圖們江,3,26,21,80.8,37.5,한국사료총서,100.0,승정원일기,62.5
瑞興郡,4,53,22,41.5,25.0,고순종실록,87.5,조선왕조실록,62.5
首止,3,35,18,51.4,0.0,한국사료총서,62.5,승정원일기,62.5
杜門洞,3,100,78,78.0,28.6,한국사료총서,91.0,승정원일기,62.5
稷山地,2,70,40,57.1,0.0,조선왕조실록,62.5,승정원일기,62.5
迷源,2,12,7,58.3,37.5,한국사료총서,100.0,승정원일기,62.5
馬首,6,163,11,6.7,0.0,승정원일기,62.5,삼국사기,62.5
葱嶺,3,28,12,42.9,0.0,한국사료총서,62.5,조선왕조실록,62.5
昧谷,2,19,11,57.9,37.5,한국사료총서,100.0,고려사,62.5
休川,2,21,10,47.6,12.5,승정원일기,75.0,한국사료총서,62.5
倭京,3,29,5,17.2,0.0,조선왕조실록,62.5,승정원일기,62.5
亏羅,2,13,6,46.2,0.0,한국사료총서,62.5,조선왕조실록,62.5
慶源郡,4,38,23,60.5,37.5,승정원일기,100.0,조선왕조실록,62.5
後魏,2,18,6,33.3,0.0,승정원일기,62.5,조선왕조실록,62.5
峯,8,9138,3148,34.4,9.6,한국사료총서,72.0,고려사,62.4
韃,5,194,107,55.2,14.3,승정원일기,76.7,조선왕조실록,62.4
玉川,4,130,41,31.5,4.3,조선왕조실록,66.7,고려사,62.4
靈武,3,40,27,67.5,20.0,한국사료총서,82.4,조선왕조실록,62.4
利城縣,3,457,98,21.4,18.9,조선왕조실록,81.2,한국사료총서,62.4
煙臺,3,246,68,27.6,1.0,승정원일기,63.4,한국사료총서,62.4
平丘,3,430,181,42.1,20.0,한국사료총서,82.4,조선왕조실록,62.4
廟大門外,2,461,282,61.2,0.0,조선왕조실록,62.4,승정원일기,62.4
韓山郡,4,721,146,20.2,17.6,조선왕조실록,80.0,고순종실록,62.4
龍仁郡,3,51,19,37.3,17.6,승정원일기,80.0,고순종실록,62.4
忠愍祠,3,44,20,45.5,5.9,한국사료총서,68.2,승정원일기,62.3
城縣,7,9693,2754,28.4,25.3,승정원일기,87.6,고려사,62.3
朝歌,3,47,14,29.8,21.1,승정원일기,83.3,조선왕조실록,62.3
瑞石,2,45,25,55.6,22.7,한국사료총서,85.0,승정원일기,62.3
山羊,4,521,245,47.0,22.2,한국사료총서,84.4,조선왕조실록,62.2
石潭,3,183,93,50.8,4.4,한국사료총서,66.7,조선왕조실록,62.2
錦江,3,234,105,44.9,26.7,한국사료총서,88.9,승정원일기,62.2
靜退,3,35,16,45.7,10.0,한국사료총서,72.2,승정원일기,62.2
京江,4,1617,981,60.7,14.0,한국사료총서,76.2,고순종실록,62.2
南營,4,1147,631,55.0,0.0,고순종실록,62.2,승정원일기,62.2
回山,3,49,15,30.6,11.1,한국사료총서,73.3,조선왕조실록,62.2
原州牧,5,896,260,29.0,4.4,조선왕조실록,66.7,고순종실록,62.2
安北,6,1140,976,85.6,37.8,한국사료총서,100.0,고순종실록,62.2
蔥,5,1421,812,57.1,0.0,고려사절요,62.2,승정원일기,62.2
中和,7,3723,1831,49.2,29.3,한국사료총서,91.5,고순종실록,62.2
西倉,3,162,36,22.2,5.4,한국사료총서,67.5,승정원일기,62.1
黃海,4,28725,18612,64.8,37.9,한국사료총서,100.0,고순종실록,62.1
載寧,5,1975,1415,71.6,33.3,고려사,95.5,고순종실록,62.1
南門樓,3,142,51,35.9,0.0,한국사료총서,62.1,승정원일기,62.1
孔德,4,183,132,72.1,37.9,한국사료총서,100.0,고순종실록,62.1
禧,6,42600,10197,23.9,0.0,고려사,62.1,고순종실록,62.1
峽縣,3,429,80,18.6,14.4,승정원일기,76.5,한국사료총서,62.0
西縣,5,601,116,19.3,13.0,승정원일기,75.0,삼국사기,62.0
沙寺,3,62,29,46.8,38.0,한국사료총서,100.0,조선왕조실록,62.0
蝟,4,1713,949,55.4,13.0,한국사료총서,75.0,고순종실록,62.0
漢城師範學校,2,156,31,19.9,18.1,승정원일기,80.0,고순종실록,61.9
林郞,4,38,13,34.2,0.0,고려사,61.9,조선왕조실록,61.9
大邱府,3,95,62,65.3,38.1,한국사료총서,100.0,고순종실록,61.9
楊花渡,3,299,244,81.6,35.0,한국사료총서,96.9,조선왕조실록,61.9
柳田,2,42,24,57.1,10.0,승정원일기,71.9,한국사료총서,61.9
從浦,4,305,129,42.3,38.1,승정원일기,100.0,고순종실록,61.9
榮成縣,2,27,14,51.9,38.1,한국사료총서,100.0,승정원일기,61.9
懽慶,3,52,13,25.0,0.0,승정원일기,61.9,조선왕조실록,61.9
歧山,3,27,4,14.8,4.8,한국사료총서,66.7,조선왕조실록,61.9
滿月,4,283,114,40.3,1.2,한국사료총서,63.1,승정원일기,61.9
岐山,5,102,58,56.9,38.1,한국사료총서,100.0,조선왕조실록,61.9
愍忠,3,110,61,55.5,0.0,한국사료총서,61.9,승정원일기,61.9
彌串鎭,3,48,32,66.7,38.1,한국사료총서,100.0,조선왕조실록,61.9
南城,3,540,254,47.0,3.0,한국사료총서,64.9,승정원일기,61.9
甘川,2,70,36,51.4,20.0,한국사료총서,81.8,승정원일기,61.8
西川,5,411,50,12.2,4.9,조선왕조실록,66.7,삼국유사,61.8
昆山,3,21,8,38.1,18.2,조선왕조실록,80.0,승정원일기,61.8
靉,4,318,269,84.6,33.3,고순종실록,95.1,조선왕조실록,61.8
內禮,3,48,22,45.8,0.0,승정원일기,61.8,조선왕조실록,61.8
富平郡,3,46,24,52.2,38.2,승정원일기,100.0,고순종실록,61.8
理山,4,1545,1009,65.3,38.2,승정원일기,100.0,삼국사기,61.8
雍和,4,80,34,42.5,0.0,고려사,61.8,승정원일기,61.8
川前,4,1989,135,6.8,0.0,고순종실록,61.8,한국사료총서,61.8
東陵,4,114,62,54.4,15.6,한국사료총서,77.4,승정원일기,61.8
安東縣,4,128,82,64.1,38.3,승정원일기,100.0,고순종실록,61.7
歧州,2,23,20,87.0,33.3,한국사료총서,95.0,조선왕조실록,61.7
甕山,2,42,29,69.0,33.3,한국사료총서,95.0,승정원일기,61.7
突山郡,2,36,8,22.2,13.3,승정원일기,75.0,고순종실록,61.7
映湖樓,2,26,4,15.4,5.0,한국사료총서,66.7,조선왕조실록,61.7
潼關,3,561,304,54.2,36.8,한국사료총서,98.4,조선왕조실록,61.6
濟州牧,6,6196,2724,44.0,0.0,고려사,61.6,고순종실록,61.6
金人,6,402,53,13.2,0.0,고려사,61.6,조선왕조실록,61.6
社壇,4,1617,845,52.3,0.0,고려사,61.5,승정원일기,61.5
羅道,6,16437,15033,91.5,38.5,고려사절요,100.0,고순종실록,61.5
建夷,2,30,16,53.3,0.0,승정원일기,61.5,조선왕조실록,61.5
栗串,2,27,19,70.4,38.5,한국사료총서,100.0,조선왕조실록,61.5
東谷,2,32,14,43.8,38.5,한국사료총서,100.0,승정원일기,61.5
月林,3,53,8,15.1,0.0,고려사,61.5,한국사료총서,61.5
吉島,3,43,34,79.1,38.5,한국사료총서,100.0,조선왕조실록,61.5
關閩,3,47,9,19.1,0.0,한국사료총서,61.5,조선왕조실록,61.5
良浦,3,59,49,83.1,33.3,한국사료총서,94.9,조선왕조실록,61.5
宜寧地,2,18,8,44.4,0.0,조선왕조실록,61.5,승정원일기,61.5
嶽,8,1891,510,27.0,5.1,한국사료총서,66.7,고려사절요,61.5
江東,7,1336,832,62.3,30.8,한국사료총서,92.3,고순종실록,61.5
汶陽,2,26,10,38.5,0.0,한국사료총서,61.5,승정원일기,61.5
嶠嶺,2,30,16,53.3,0.0,조선왕조실록,61.5,승정원일기,61.5
富倉,2,19,8,42.1,0.0,한국사료총서,61.5,승정원일기,61.5
東女眞,4,604,12,2.0,0.0,고려사,61.5,한국사료총서,61.5
萬歲橋,2,49,18,36.7,0.0,한국사료총서,61.5,승정원일기,61.5
吾山,3,42,17,40.5,18.5,한국사료총서,80.0,조선왕조실록,61.5
第三陵,2,21,8,38.1,0.0,고순종실록,61.5,승정원일기,61.5
玉流,3,68,20,29.4,5.3,한국사료총서,66.7,조선왕조실록,61.4
蒜山,3,553,333,60.2,33.3,한국사료총서,94.7,조선왕조실록,61.4
東鶴,3,49,19,38.8,5.3,한국사료총서,66.7,조선왕조실록,61.4
大里,3,74,61,82.4,25.0,승정원일기,86.4,한국사료총서,61.4
暘谷,2,26,5,19.2,5.3,한국사료총서,66.7,승정원일기,61.4
南江,5,169,76,45.0,15.9,한국사료총서,77.1,승정원일기,61.3
邑面,3,105,24,22.9,0.0,조선왕조실록,61.3,한국사료총서,61.3
全羅道,6,16387,15014,91.6,38.7,고려사,100.0,고순종실록,61.3
小西,5,306,23,7.5,0.0,고려사,61.3,승정원일기,61.3
晋陽,4,230,151,65.7,25.0,승정원일기,86.3,한국사료총서,61.3
水口門內,3,37,19,51.4,0.0,조선왕조실록,61.3,승정원일기,61.3
豆,8,14533,1289,8.9,0.0,고려사절요,61.3,삼국사기,61.3
晉陽,7,707,539,76.2,25.0,고려사절요,86.2,한국사료총서,61.2
加背,3,329,156,47.4,36.8,한국사료총서,98.1,조선왕조실록,61.2
漣,6,1580,1040,65.8,33.0,한국사료총서,94.1,고려사절요,61.2
全羅,6,42614,28804,67.6,38.8,한국사료총서,100.0,고순종실록,61.2
漕溪,2,24,11,45.8,0.0,한국사료총서,61.1,승정원일기,61.1
臨淄,4,361,186,51.5,33.3,고려사,94.4,조선왕조실록,61.1
房山,3,32,4,12.5,5.6,한국사료총서,66.7,조선왕조실록,61.1
松鶴,3,32,12,37.5,0.0,조선왕조실록,61.1,한국사료총서,61.1
巨島,2,21,18,85.7,33.3,승정원일기,94.4,조선왕조실록,61.1
壽陵,4,90,17,18.9,0.0,고려사,61.1,승정원일기,61.1
古河,3,31,13,41.9,0.0,승정원일기,61.1,조선왕조실록,61.1
昭顯,4,1415,594,42.0,0.0,한국사료총서,61.1,승정원일기,61.1
美里,2,24,21,87.5,33.3,승정원일기,94.4,한국사료총서,61.1
三巨里,3,77,30,39.0,0.0,조선왕조실록,61.1,한국사료총서,61.1
昌原郡,2,32,15,46.9,7.7,승정원일기,68.8,한국사료총서,61.1
背梁,3,316,152,48.1,38.9,승정원일기,100.0,조선왕조실록,61.1
鵂巖,3,63,49,77.8,38.9,한국사료총서,100.0,조선왕조실록,61.1
下關,4,469,22,4.7,0.0,조선왕조실록,61.1,고순종실록,61.1
朔州,8,1968,1505,76.5,38.9,고려사절요,100.0,삼국사기,61.1
鮮卑,3,77,13,16.9,0.0,삼국사기,61.1,한국사료총서,61.1
康翎縣,4,690,159,23.0,18.9,승정원일기,80.0,고순종실록,61.1
三陟浦,3,36,20,55.6,16.7,한국사료총서,77.8,조선왕조실록,61.1
陵丁字閣,4,1174,637,54.3,0.0,고순종실록,61.1,승정원일기,61.1
廣巖,3,72,59,81.9,38.9,한국사료총서,100.0,승정원일기,61.1
興庫,6,1338,215,16.1,0.0,고려사,61.0,조선왕조실록,61.0
平恩,3,42,21,50.0,19.0,한국사료총서,80.0,조선왕조실록,61.0
矗,3,318,77,24.2,1.1,한국사료총서,62.1,승정원일기,61.0
蝟島,4,1135,945,83.3,39.0,한국사료총서,100.0,고순종실록,61.0
廛橋,3,48,26,54.2,0.0,조선왕조실록,61.0,승정원일기,61.0
開雲,4,377,186,49.3,39.0,승정원일기,100.0,고순종실록,61.0
加背梁,3,312,150,48.1,39.0,승정원일기,100.0,조선왕조실록,61.0
白翎,6,1129,769,68.1,39.0,한국사료총서,100.0,고순종실록,61.0
西湖,4,224,109,48.7,23.5,조선왕조실록,84.4,승정원일기,60.9
忠原縣,3,369,117,31.7,23.1,조선왕조실록,84.0,한국사료총서,60.9
巖,8,14197,5675,40.0,0.0,삼국유사,60.9,조선왕조실록,60.9
骨幹,2,28,14,50.0,0.0,한국사료총서,60.9,조선왕조실록,60.9
群山鎭,3,62,44,71.0,39.1,한국사료총서,100.0,고순종실록,60.9
黔毛,3,368,161,43.8,36.4,한국사료총서,97.2,조선왕조실록,60.9
瓮津縣,4,139,33,23.7,5.9,승정원일기,66.7,고려사,60.8
玉浦,3,599,329,54.9,38.2,한국사료총서,98.9,조선왕조실록,60.8
善績,3,120,45,37.5,5.9,한국사료총서,66.7,조선왕조실록,60.8
長興庫,5,1310,206,15.7,0.0,고려사,60.8,조선왕조실록,60.8
靑巖,3,376,187,49.7,35.6,승정원일기,96.3,조선왕조실록,60.8
會稽,4,172,108,62.8,32.7,한국사료총서,93.5,조선왕조실록,60.8
皇明,5,2390,36,1.5,0.0,고려사,60.8,고순종실록,60.8
順天府,6,1672,783,46.8,39.3,조선왕조실록,100.0,고려사절요,60.7
南巢,3,14,8,57.1,25.0,조선왕조실록,85.7,승정원일기,60.7
大南,3,49,30,61.2,25.0,한국사료총서,85.7,승정원일기,60.7
湖以南,4,40,17,42.5,0.0,고순종실록,60.7,승정원일기,60.7
白冬,2,11,7,63.6,25.0,한국사료총서,85.7,조선왕조실록,60.7
慶尙道,6,17088,15711,91.9,39.3,고려사절요,100.0,고순종실록,60.7
城寺,3,24,8,33.3,14.3,한국사료총서,75.0,조선왕조실록,60.7
淸,8,150929,43786,29.0,0.0,삼국사기,60.7,고순종실록,60.7
川原驛,2,12,5,41.7,14.3,한국사료총서,75.0,승정원일기,60.7
結城縣,4,793,121,15.3,14.4,승정원일기,75.0,고순종실록,60.6
德興大院君墓所,2,37,20,54.1,0.0,고순종실록,60.6,승정원일기,60.6
求禮郡,2,30,12,40.0,22.7,승정원일기,83.3,한국사료총서,60.6
法聖浦,3,111,72,64.9,36.7,한국사료총서,97.2,조선왕조실록,60.6
寧波府,3,98,79,80.6,36.4,한국사료총서,96.9,조선왕조실록,60.6
城隍山,3,37,12,32.4,9.5,한국사료총서,70.0,승정원일기,60.5
麻田縣,2,55,25,45.5,11.5,승정원일기,72.0,조선왕조실록,60.5
銀溪,4,627,293,46.7,39.5,승정원일기,100.0,고순종실록,60.5
玉洞,3,103,69,67.0,36.7,한국사료총서,97.2,승정원일기,60.5
蛇島,3,496,460,92.7,33.3,한국사료총서,93.9,승정원일기,60.5
蛇梁,3,436,262,60.1,38.8,승정원일기,99.3,조선왕조실록,60.5
葱,5,942,287,30.5,0.0,고려사,60.5,고순종실록,60.5
西海坪,2,44,36,81.8,36.4,한국사료총서,96.8,조선왕조실록,60.4
石灘,3,61,18,29.5,17.4,한국사료총서,77.8,조선왕조실록,60.4
協陽門內,2,56,32,57.1,0.0,조선왕조실록,60.4,승정원일기,60.4
馬城,3,86,41,47.7,7.1,한국사료총서,67.5,승정원일기,60.4
華府,6,2097,1354,64.6,39.6,한국사료총서,100.0,고려사절요,60.4
觀豐,3,95,64,67.4,16.7,한국사료총서,77.0,승정원일기,60.4
夞怪,2,234,95,40.6,39.6,승정원일기,100.0,고순종실록,60.4
利泰院,3,28,24,85.7,33.3,한국사료총서,93.8,승정원일기,60.4
薩摩,3,357,280,78.4,39.7,한국사료총서,100.0,조선왕조실록,60.3
尼山,4,1220,935,76.6,39.7,한국사료총서,100.0,고려사,60.3
咸從,6,1357,837,61.7,39.7,한국사료총서,100.0,고순종실록,60.3
長尺,4,268,38,14.2,0.0,고려사,60.3,한국사료총서,60.3
全南,4,1651,854,51.7,39.7,승정원일기,100.0,고순종실록,60.3
浿西,5,37,20,54.1,11.1,한국사료총서,71.4,고려사,60.3
碧沙,3,369,162,43.9,39.7,승정원일기,100.0,조선왕조실록,60.3
葛頭山,2,65,30,46.2,39.7,승정원일기,100.0,조선왕조실록,60.3
豐川郡,3,31,17,54.8,23.1,승정원일기,83.3,고순종실록,60.3
江南,7,930,458,49.2,25.0,한국사료총서,85.2,고려사,60.2
安定,5,525,100,19.0,6.5,승정원일기,66.7,고려사절요,60.2
犬灘,2,43,18,41.9,27.3,한국사료총서,87.5,조선왕조실록,60.2
鴨水,3,93,31,33.3,9.1,한국사료총서,69.2,조선왕조실록,60.1
臨湍,3,32,21,65.6,30.8,승정원일기,90.9,조선왕조실록,60.1
亳,3,145,43,29.7,8.3,한국사료총서,68.4,조선왕조실록,60.1
彌助項,4,407,235,57.7,39.9,승정원일기,100.0,고순종실록,60.1
黃山,8,784,411,52.4,39.9,한국사료총서,100.0,삼국유사,60.1
忠淸左,4,551,354,64.2,33.3,한국사료총서,93.5,조선왕조실록,60.1
西蜀,3,76,52,68.4,25.0,한국사료총서,85.0,조선왕조실록,60.0
來德,3,32,12,37.5,0.0,한국사료총서,60.0,조선왕조실록,60.0
獐山,5,44,29,65.9,40.0,승정원일기,100.0,고려사,60.0
愍節,3,35,17,48.6,0.0,한국사료총서,60.0,조선왕조실록,60.0
義城地,2,52,28,53.8,0.0,조선왕조실록,60.0,승정원일기,60.0
羊島,2,10,5,50.0,40.0,한국사료총서,100.0,조선왕조실록,60.0
軒洞,3,174,96,55.2,40.0,한국사료총서,100.0,조선왕조실록,60.0
孟門,2,18,3,16.7,0.0,승정원일기,60.0,조선왕조실록,60.0
靑淵,3,33,25,75.8,40.0,한국사료총서,100.0,승정원일기,60.0
香磨,2,13,3,23.1,0.0,승정원일기,60.0,조선왕조실록,60.0
蕯摩州,2,17,14,82.4,40.0,승정원일기,100.0,조선왕조실록,60.0
萬里城,2,9,4,44.4,0.0,한국사료총서,60.0,조선왕조실록,60.0
倭女,2,29,3,10.3,0.0,한국사료총서,60.0,조선왕조실록,60.0
召溪,2,10,7,70.0,40.0,한국사료총서,100.0,조선왕조실록,60.0
天安地,2,125,66,52.8,0.0,한국사료총서,60.0,승정원일기,60.0
僖陵,2,11,4,36.4,0.0,한국사료총서,60.0,승정원일기,60.0
南蘇,4,34,13,38.2,0.0,조선왕조실록,60.0,승정원일기,60.0
防築洞,2,18,9,50.0,40.0,한국사료총서,100.0,승정원일기,60.0
素沙橋,2,10,4,40.0,0.0,한국사료총서,60.0,조선왕조실록,60.0
漏洞,2,13,9,69.2,40.0,승정원일기,100.0,조선왕조실록,60.0
台郞,2,9,4,44.4,0.0,한국사료총서,60.0,조선왕조실록,60.0
澳地,2,10,3,30.0,0.0,승정원일기,60.0,한국사료총서,60.0
鷄足山,2,17,3,17.6,0.0,한국사료총서,60.0,조선왕조실록,60.0
鼠島,3,41,37,90.2,40.0,한국사료총서,100.0,승정원일기,60.0
河南,8,557,329,59.1,40.0,고려사,100.0,삼국유사,60.0
松羅道,2,15,8,53.3,40.0,승정원일기,100.0,조선왕조실록,60.0
靑道,3,15,3,20.0,0.0,고려사,60.0,한국사료총서,60.0
回回,5,164,46,28.0,0.0,승정원일기,60.0,고려사절요,60.0
大亞美理駕合衆國,2,8,5,62.5,40.0,한국사료총서,100.0,고순종실록,60.0
鄠,2,16,9,56.2,0.0,한국사료총서,60.0,승정원일기,60.0
勸賓,2,15,4,26.7,0.0,한국사료총서,60.0,조선왕조실록,60.0
栗山,3,36,5,13.9,0.0,한국사료총서,60.0,승정원일기,60.0
長生殿,4,1447,550,38.0,0.0,한국사료총서,60.0,고순종실록,60.0
雙栢堂,2,8,3,37.5,0.0,한국사료총서,60.0,승정원일기,60.0
雲頭里堡,3,15,6,40.0,0.0,한국사료총서,60.0,조선왕조실록,60.0
嶰,3,62,4,6.5,0.0,한국사료총서,60.0,조선왕조실록,60.0
甫音,3,73,48,65.8,25.0,한국사료총서,85.0,조선왕조실록,60.0
後西江,3,13,4,30.8,0.0,한국사료총서,60.0,조선왕조실록,60.0
杻田,2,9,6,66.7,40.0,한국사료총서,100.0,승정원일기,60.0
昭顯世子墓,2,10,3,30.0,0.0,조선왕조실록,60.0,승정원일기,60.0
寧川,5,25,8,32.0,0.0,고려사,60.0,한국사료총서,60.0
門司,4,49,7,14.3,0.0,조선왕조실록,60.0,고순종실록,60.0
武陵島,3,25,22,88.0,40.0,한국사료총서,100.0,조선왕조실록,60.0
湖縣,3,39,10,25.6,0.0,조선왕조실록,60.0,한국사료총서,60.0
龍塘,3,52,36,69.2,40.0,한국사료총서,100.0,승정원일기,60.0
經學院,3,60,6,10.0,0.0,고순종실록,60.0,승정원일기,60.0
蠶頭嶺,2,10,7,70.0,40.0,승정원일기,100.0,조선왕조실록,60.0
杞城,4,41,7,17.1,0.0,고려사,60.0,한국사료총서,60.0
古州,3,14,10,71.4,40.0,한국사료총서,100.0,승정원일기,60.0
第一樓,3,15,3,20.0,0.0,승정원일기,60.0,조선왕조실록,60.0
彩雲,5,67,14,20.9,0.0,고순종실록,60.0,조선왕조실록,60.0
別隊營,2,31,15,48.4,0.0,조선왕조실록,60.0,승정원일기,60.0
宣德,7,667,52,7.8,0.0,고순종실록,60.0,고려사절요,60.0
上伊,2,15,5,33.3,0.0,승정원일기,60.0,한국사료총서,60.0
大金,5,112,24,21.4,0.0,고려사,60.0,조선왕조실록,60.0
河朔,3,52,23,44.2,0.0,한국사료총서,60.0,조선왕조실록,60.0
義巖,2,15,3,20.0,0.0,한국사료총서,60.0,승정원일기,60.0
榮州郡,2,11,8,72.7,40.0,승정원일기,100.0,한국사료총서,60.0
德泉庫,2,11,3,27.3,0.0,고려사,60.0,조선왕조실록,60.0
龍奉,3,86,3,3.5,0.0,승정원일기,60.0,한국사료총서,60.0
天安,6,2425,1780,73.4,40.0,고려사절요,100.0,고순종실록,60.0
速含,4,21,8,38.1,0.0,승정원일기,60.0,한국사료총서,60.0
波猪江,3,24,20,83.3,40.0,한국사료총서,100.0,조선왕조실록,60.0
郡東面,2,13,8,61.5,40.0,한국사료총서,100.0,승정원일기,60.0
任城,5,190,12,6.3,0.0,고순종실록,60.0,고려사,60.0
箭串坪,2,10,7,70.0,40.0,조선왕조실록,100.0,승정원일기,60.0
鬼門,3,47,11,23.4,0.0,한국사료총서,60.0,조선왕조실록,60.0
會春,3,45,3,6.7,0.0,승정원일기,60.0,조선왕조실록,60.0
竹靑,3,19,7,36.8,0.0,승정원일기,60.0,조선왕조실록,60.0
雙峯,4,38,6,15.8,0.0,고려사,60.0,조선왕조실록,60.0
日新軒,2,8,5,62.5,40.0,승정원일기,100.0,조선왕조실록,60.0
見性,4,111,24,21.6,0.0,고려사,60.0,조선왕조실록,60.0
荒谷,3,36,5,13.9,0.0,승정원일기,60.0,한국사료총서,60.0
長嘉,3,19,4,21.1,0.0,승정원일기,60.0,한국사료총서,60.0
三防,4,163,80,49.1,0.0,한국사료총서,60.0,승정원일기,60.0
渭原地,3,12,3,25.0,0.0,조선왕조실록,60.0,승정원일기,60.0
鎭江牧場,2,19,9,47.4,0.0,조선왕조실록,60.0,승정원일기,60.0
焚修,6,45,4,8.9,0.0,고려사절요,60.0,승정원일기,60.0
鐵冶,3,34,9,26.5,0.0,승정원일기,60.0,조선왕조실록,60.0
釜山倭館,3,26,8,30.8,0.0,한국사료총서,60.0,조선왕조실록,60.0
瀘,3,19,14,73.7,40.0,한국사료총서,100.0,삼국사기,60.0
桐,8,4790,3292,68.7,25.3,한국사료총서,85.3,고려사절요,60.0
宣川邑,2,11,3,27.3,0.0,승정원일기,60.0,한국사료총서,60.0
魯國,5,233,30,12.9,0.0,고려사,60.0,조선왕조실록,60.0
舌化,2,8,5,62.5,40.0,한국사료총서,100.0,조선왕조실록,60.0
下二里,2,8,5,62.5,40.0,한국사료총서,100.0,승정원일기,60.0
白石山,2,16,4,25.0,0.0,한국사료총서,60.0,조선왕조실록,60.0
元巖驛,2,9,6,66.7,40.0,한국사료총서,100.0,승정원일기,60.0
居叱,3,15,3,20.0,0.0,삼국유사,60.0,조선왕조실록,60.0
東西川,2,8,3,37.5,0.0,조선왕조실록,60.0,승정원일기,60.0
靑山島,4,142,125,88.0,40.0,한국사료총서,100.0,조선왕조실록,60.0
項里,3,102,93,91.2,40.0,조선왕조실록,100.0,승정원일기,60.0
越南國,2,9,6,66.7,40.0,한국사료총서,100.0,승정원일기,60.0
永徽,6,972,280,28.8,0.0,삼국사기,60.0,고순종실록,60.0
驪陽府院君墓,2,8,3,37.5,0.0,조선왕조실록,60.0,승정원일기,60.0
咸德,3,79,13,16.5,6.7,승정원일기,66.7,조선왕조실록,60.0
王城,5,365,31,8.5,0.0,삼국사기,60.0,고려사,60.0
省耕臺,2,8,3,37.5,0.0,조선왕조실록,60.0,승정원일기,60.0
江華史,3,69,37,53.6,0.0,한국사료총서,60.0,승정원일기,60.0
阿吾,4,469,229,48.8,40.0,한국사료총서,100.0,고순종실록,60.0
阻江,3,20,9,45.0,0.0,승정원일기,60.0,조선왕조실록,60.0
突山島,2,30,26,86.7,40.0,한국사료총서,100.0,조선왕조실록,60.0
靖節祠,2,25,5,20.0,0.0,한국사료총서,60.0,승정원일기,60.0
鰐浦,3,84,64,76.2,40.0,승정원일기,100.0,조선왕조실록,60.0
降魔,2,13,4,30.8,0.0,승정원일기,60.0,고려사,60.0
松嶺,3,21,13,61.9,40.0,한국사료총서,100.0,승정원일기,60.0
臨洮,3,15,11,73.3,40.0,한국사료총서,100.0,고려사,60.0
開京,5,107,83,77.6,40.0,승정원일기,100.0,고려사절요,60.0
京市,6,333,16,4.8,0.0,고려사,60.0,고순종실록,60.0
梧山,3,36,8,22.2,6.7,한국사료총서,66.7,조선왕조실록,60.0
田島,3,14,8,57.1,40.0,승정원일기,100.0,조선왕조실록,60.0
夢熊,3,40,17,42.5,0.0,한국사료총서,60.0,조선왕조실록,60.0
東大廳西行廊,2,19,6,31.6,0.0,한국사료총서,60.0,승정원일기,60.0
岊嶺柵,2,11,6,54.5,40.0,고려사,100.0,고려사절요,60.0
撫順,2,87,70,80.5,25.0,한국사료총서,85.0,조선왕조실록,60.0
慶左,3,12,4,33.3,0.0,조선왕조실록,60.0,한국사료총서,60.0
林串,2,15,12,80.0,40.0,한국사료총서,100.0,조선왕조실록,60.0
中正門,2,19,3,15.8,0.0,조선왕조실록,60.0,승정원일기,60.0
龜旨,3,30,24,80.0,40.0,한국사료총서,100.0,조선왕조실록,60.0
唐浦,3,341,198,58.1,40.0,한국사료총서,100.0,조선왕조실록,60.0
聖祖城,2,9,6,66.7,40.0,승정원일기,100.0,조선왕조실록,60.0
白月山,2,21,3,14.3,0.0,한국사료총서,60.0,삼국유사,60.0
安林,3,61,19,31.1,23.3,승정원일기,83.3,조선왕조실록,60.0
由原,4,33,6,18.2,0.0,고순종실록,60.0,조선왕조실록,60.0
愚安,2,9,3,33.3,0.0,승정원일기,60.0,한국사료총서,60.0
馬梁,4,457,217,47.5,40.0,한국사료총서,100.0,고순종실록,60.0
西生,4,577,343,59.4,40.0,승정원일기,100.0,고순종실록,60.0
日岐,3,14,3,21.4,0.0,승정원일기,60.0,한국사료총서,60.0
西峴,4,15,9,60.0,40.0,한국사료총서,100.0,삼국유사,60.0
莊嶽,2,10,5,50.0,40.0,승정원일기,100.0,조선왕조실록,60.0
龍起,4,102,16,15.7,0.0,고려사,60.0,조선왕조실록,60.0
順懷廟,2,43,15,34.9,0.0,조선왕조실록,60.0,승정원일기,60.0
楊州下,3,14,6,42.9,0.0,조선왕조실록,60.0,한국사료총서,60.0
駿州,2,22,19,86.4,40.0,한국사료총서,100.0,조선왕조실록,60.0
公州道,3,24,6,25.0,0.0,승정원일기,60.0,고려사,60.0
南蠻國,2,16,7,43.8,0.0,한국사료총서,60.0,조선왕조실록,60.0
忠淸道水營,2,11,3,27.3,0.0,조선왕조실록,60.0,승정원일기,60.0
黃海道豊川,2,17,14,82.4,40.0,한국사료총서,100.0,승정원일기,60.0
西番,3,15,6,40.0,0.0,승정원일기,60.0,한국사료총서,60.0
義昌,6,556,71,12.8,0.0,고순종실록,60.0,고려사절요,60.0
平成,5,1644,26,1.6,0.0,삼국사기,60.0,고순종실록,60.0
濟南府,2,9,6,66.7,40.0,한국사료총서,100.0,조선왕조실록,60.0
南角山,2,10,7,70.0,40.0,한국사료총서,100.0,조선왕조실록,60.0
嘉壽,2,12,6,50.0,20.0,조선왕조실록,80.0,한국사료총서,60.0
蒙尙,2,8,3,37.5,0.0,승정원일기,60.0,조선왕조실록,60.0
廣津渡,2,13,3,23.1,0.0,승정원일기,60.0,조선왕조실록,60.0
別害鎭,3,31,25,80.6,40.0,한국사료총서,100.0,조선왕조실록,60.0
西澗,2,11,7,63.6,40.0,한국사료총서,100.0,승정원일기,60.0
全羅道扶安,3,184,179,97.3,40.0,한국사료총서,100.0,조선왕조실록,60.0
通川郡,4,585,174,29.7,27.5,승정원일기,87.5,고순종실록,60.0
中部長通坊,2,15,12,80.0,40.0,조선왕조실록,100.0,승정원일기,60.0
關內,6,998,47,4.7,0.0,고순종실록,60.0,고려사,60.0
安木,2,10,4,40.0,0.0,승정원일기,60.0,한국사료총서,60.0
舜廟,2,9,3,33.3,0.0,조선왕조실록,60.0,승정원일기,60.0
渭南,3,15,5,33.3,0.0,한국사료총서,60.0,승정원일기,60.0
猊來,2,9,6,66.7,40.0,한국사료총서,100.0,승정원일기,60.0
榮江,2,11,3,27.3,0.0,한국사료총서,60.0,승정원일기,60.0
銅峴,3,102,88,86.3,40.0,한국사료총서,100.0,조선왕조실록,60.0
保山城,4,27,4,14.8,0.0,고려사,60.0,승정원일기,60.0
白蓮敎,2,10,3,30.0,0.0,한국사료총서,60.0,조선왕조실록,60.0
全州鎭,4,89,7,7.9,0.0,고순종실록,60.0,조선왕조실록,60.0
鐘街,2,18,11,61.1,40.0,조선왕조실록,100.0,승정원일기,60.0
荒島,3,23,4,17.4,0.0,승정원일기,60.0,조선왕조실록,60.0
辟瘟方,2,15,3,20.0,0.0,조선왕조실록,60.0,승정원일기,60.0
方山鎭,2,22,19,86.4,40.0,한국사료총서,100.0,조선왕조실록,60.0
通德,5,1982,32,1.6,0.0,조선왕조실록,60.0,고려사절요,60.0
新營,5,1867,1063,56.9,0.0,고려사,60.0,승정원일기,60.0
畿海,4,121,41,33.9,0.0,한국사료총서,60.0,고순종실록,60.0
京西,6,62,11,17.7,0.0,조선왕조실록,60.0,고려사절요,60.0
上陽,3,27,5,18.5,0.0,한국사료총서,60.0,조선왕조실록,60.0
明月浦,2,12,9,75.0,40.0,한국사료총서,100.0,조선왕조실록,60.0
水靑,4,36,10,27.8,0.0,고려사절요,60.0,승정원일기,60.0
波猪,3,30,26,86.7,40.0,한국사료총서,100.0,조선왕조실록,60.0
興元倉,3,28,19,67.9,40.0,한국사료총서,100.0,조선왕조실록,60.0
旗懸,2,10,3,30.0,0.0,한국사료총서,60.0,삼국사기,60.0
河,8,48198,8402,17.4,13.9,승정원일기,73.8,삼국사기,59.9
阿吾地,4,420,195,46.4,40.1,승정원일기,100.0,조선왕조실록,59.9
宗廟景慕宮,3,126,63,50.0,0.0,한국사료총서,59.8,승정원일기,59.8
雨裝,3,107,49,45.8,0.0,조선왕조실록,59.8,승정원일기,59.8
燕,8,16558,4401,26.6,7.7,삼국사기,67.5,고려사절요,59.8
兗州,3,50,44,88.0,33.3,한국사료총서,93.2,승정원일기,59.8
湟,2,23,9,39.1,23.5,승정원일기,83.3,조선왕조실록,59.8
下洞,4,284,67,23.6,0.0,고순종실록,59.7,한국사료총서,59.7
咸昌縣,4,444,81,18.2,15.3,승정원일기,75.0,고순종실록,59.7
貢津倉,3,173,135,78.0,25.0,한국사료총서,84.7,승정원일기,59.7
雲谷,3,160,84,52.5,36.8,한국사료총서,96.4,승정원일기,59.7
壇,8,31206,14872,47.7,0.0,고려사절요,59.7,승정원일기,59.7
靈川,3,204,51,25.0,5.0,조선왕조실록,64.7,한국사료총서,59.7
神門,4,2315,631,27.3,15.4,조선왕조실록,75.0,고순종실록,59.6
狄,7,5407,1649,30.5,0.0,고려사절요,59.5,조선왕조실록,59.5
州南面,3,51,42,82.4,37.5,조선왕조실록,97.0,승정원일기,59.5
桑野,2,19,3,15.8,7.1,승정원일기,66.7,조선왕조실록,59.5
河府,3,22,4,18.2,7.1,조선왕조실록,66.7,한국사료총서,59.5
荒山,3,107,26,24.3,7.1,한국사료총서,66.7,조선왕조실록,59.5
慶尙道長鬐,3,115,92,80.0,40.5,한국사료총서,100.0,조선왕조실록,59.5
高嶺,4,790,445,56.3,40.5,승정원일기,100.0,고순종실록,59.5
公州鎭,4,93,23,24.7,7.1,한국사료총서,66.7,조선왕조실록,59.5
畿南,3,198,181,91.4,37.5,한국사료총서,97.0,승정원일기,59.5
西營,4,2222,1268,57.1,0.0,고순종실록,59.5,승정원일기,59.5
太液,3,57,38,66.7,20.0,한국사료총서,79.4,승정원일기,59.4
熊,8,5090,2505,49.2,35.8,한국사료총서,95.2,삼국사기,59.4
吉州郡,3,40,18,45.0,29.6,승정원일기,88.9,고순종실록,59.3
일본,3,161,64,39.8,0.0,고려사,59.3,한국사료총서,59.3
淳昌郡,5,631,165,26.1,20.7,승정원일기,80.0,고려사,59.3
寧海縣,3,40,24,60.0,40.7,한국사료총서,100.0,조선왕조실록,59.3
寧波,3,129,109,84.5,40.7,한국사료총서,100.0,조선왕조실록,59.3
安島,4,329,293,89.1,36.7,한국사료총서,95.9,승정원일기,59.3
店村,3,39,19,48.7,0.0,조선왕조실록,59.3,한국사료총서,59.3
章德,4,99,17,17.2,7.4,한국사료총서,66.7,고려사,59.3
龜亭,2,35,9,25.7,4.3,한국사료총서,63.6,승정원일기,59.3
都護府,7,2217,153,6.9,0.0,고순종실록,59.3,고려사절요,59.3
醴,6,4019,1366,34.0,0.0,고려사절요,59.3,한국사료총서,59.3
龍山,7,2070,1592,76.9,40.7,한국사료총서,100.0,삼국사기,59.3
烏喇,3,65,38,58.5,40.7,한국사료총서,100.0,조선왕조실록,59.3
金遷,3,70,52,74.3,30.8,한국사료총서,90.0,조선왕조실록,59.2
原城,4,331,168,50.8,0.0,삼국사기,59.2,승정원일기,59.2
西㺚,3,196,80,40.8,14.5,승정원일기,73.7,조선왕조실록,59.2
溫惠,4,73,29,39.7,0.0,고순종실록,59.2,한국사료총서,59.2
報漏閣,3,65,32,49.2,0.0,한국사료총서,59.2,조선왕조실록,59.2
稷山郡,3,60,29,48.3,40.8,승정원일기,100.0,고순종실록,59.2
獐項里,2,24,18,75.0,25.0,조선왕조실록,84.2,한국사료총서,59.2
莒,4,613,365,59.5,30.0,승정원일기,89.2,조선왕조실록,59.2
麗陵,3,57,30,52.6,0.0,고순종실록,59.2,승정원일기,59.2
慶北,3,247,152,61.5,40.9,한국사료총서,100.0,고순종실록,59.1
鶴峴,2,30,17,56.7,40.9,한국사료총서,100.0,승정원일기,59.1
湯站,3,237,215,90.7,33.3,한국사료총서,92.4,조선왕조실록,59.1
火,8,60534,1011,1.7,0.5,고순종실록,59.6,삼국사기,59.1
長浦,2,28,15,53.6,40.9,한국사료총서,100.0,조선왕조실록,59.1
固城縣,6,1784,1077,60.4,40.9,조선왕조실록,100.0,고려사절요,59.1
曲浦,3,53,27,50.9,41.0,승정원일기,100.0,조선왕조실록,59.0
安山縣,2,24,8,33.3,7.7,승정원일기,66.7,고려사,59.0
基川,2,53,43,81.1,38.5,한국사료총서,97.4,조선왕조실록,59.0
攝州,2,43,19,44.2,41.0,한국사료총서,100.0,조선왕조실록,59.0
陽邑,3,92,56,60.9,14.3,조선왕조실록,73.3,한국사료총서,59.0
淑昌宮,2,83,8,9.6,7.7,승정원일기,66.7,조선왕조실록,59.0
公淸,3,1914,1475,77.1,26.8,한국사료총서,85.8,조선왕조실록,59.0
龍湫,3,95,23,24.2,16.0,한국사료총서,75.0,승정원일기,59.0
世浦,3,474,252,53.2,39.9,승정원일기,98.9,조선왕조실록,59.0
濱江,2,82,41,50.0,23.1,승정원일기,82.1,조선왕조실록,59.0
淸潭,3,54,28,51.9,7.7,한국사료총서,66.7,조선왕조실록,59.0
下里,3,536,386,72.0,19.4,조선왕조실록,78.4,한국사료총서,59.0
寧海府,6,825,231,28.0,24.4,승정원일기,83.3,고려사,58.9
古寧,4,81,34,42.0,21.1,승정원일기,80.0,고려사,58.9
萬里長城,3,42,25,59.5,12.5,한국사료총서,71.4,조선왕조실록,58.9
靑水,3,395,181,45.8,38.7,승정원일기,97.6,조선왕조실록,58.9
商山,4,332,112,33.7,3.5,조선왕조실록,62.4,한국사료총서,58.9
永陽,4,63,19,30.2,4.8,조선왕조실록,63.6,한국사료총서,58.9
西水羅堡,2,17,8,47.1,12.5,한국사료총서,71.4,승정원일기,58.9
北山下,2,22,8,36.4,11.1,승정원일기,70.0,한국사료총서,58.9
漢津,3,24,12,50.0,11.1,한국사료총서,70.0,승정원일기,58.9
吉串,2,24,17,70.8,28.6,한국사료총서,87.5,조선왕조실록,58.9
納淸亭,3,37,24,64.9,41.2,한국사료총서,100.0,조선왕조실록,58.8
朴洞,3,32,12,37.5,0.0,조선왕조실록,58.8,한국사료총서,58.8
報恩縣,3,496,130,26.2,14.5,승정원일기,73.3,한국사료총서,58.8
劉宋,3,30,13,43.3,0.0,승정원일기,58.8,조선왕조실록,58.8
三峴,2,29,18,62.1,41.2,한국사료총서,100.0,고려사,58.8
草芝,4,422,204,48.3,41.2,승정원일기,100.0,고순종실록,58.8
伊浦,3,97,58,59.8,41.2,한국사료총서,100.0,조선왕조실록,58.8
達城,4,550,135,24.5,7.4,조선왕조실록,66.2,한국사료총서,58.8
郡內,4,153,71,46.4,0.0,고순종실록,58.8,승정원일기,58.8
崇陽,4,585,572,97.8,40.0,한국사료총서,98.8,승정원일기,58.8
建寧,3,33,15,45.5,0.0,한국사료총서,58.8,승정원일기,58.8
萊郡,4,44,31,70.5,41.2,승정원일기,100.0,조선왕조실록,58.8
交泰,5,924,366,39.6,0.0,고려사,58.8,고순종실록,58.8
烏江,3,27,14,51.9,0.0,한국사료총서,58.8,승정원일기,58.8
鉢浦,3,331,184,55.6,41.2,한국사료총서,100.0,조선왕조실록,58.8
甑,7,1205,716,59.4,41.2,한국사료총서,100.0,삼국사기,58.8
桃花洞,2,81,71,87.7,41.2,한국사료총서,100.0,승정원일기,58.8
東萊郡,4,43,30,69.8,41.2,승정원일기,100.0,조선왕조실록,58.8
光敎,3,84,54,64.3,23.5,한국사료총서,82.4,조선왕조실록,58.8
長川,4,245,87,35.5,0.0,고순종실록,58.8,한국사료총서,58.8
津城,4,65,20,30.8,16.2,한국사료총서,75.0,조선왕조실록,58.8
平浦,3,168,113,67.3,41.2,한국사료총서,100.0,조선왕조실록,58.8
大凌河,3,27,17,63.0,41.2,한국사료총서,100.0,조선왕조실록,58.8
皇壇,4,2942,1433,48.7,0.0,한국사료총서,58.8,승정원일기,58.8
煙台,3,40,20,50.0,41.2,한국사료총서,100.0,승정원일기,58.8
順興,6,1467,1050,71.6,41.2,고려사,100.0,고순종실록,58.8
津江,3,168,81,48.2,25.4,한국사료총서,84.1,승정원일기,58.7
萊港,3,92,84,91.3,40.0,한국사료총서,98.7,승정원일기,58.7
宣明,4,194,35,18.0,0.0,고려사,58.6,승정원일기,58.6
協陽門外,2,409,235,57.5,0.0,조선왕조실록,58.6,승정원일기,58.6
東原,4,217,9,4.1,1.4,승정원일기,60.0,삼국사기,58.6
高敝,3,55,25,45.5,41.4,승정원일기,100.0,조선왕조실록,58.6
南浦,6,193,127,65.8,35.3,조선왕조실록,93.8,승정원일기,58.5
仇寧,3,413,207,50.1,38.6,승정원일기,97.1,조선왕조실록,58.5
禮安縣,5,476,64,13.4,8.2,승정원일기,66.7,고려사,58.5
豐儲倉,4,340,167,49.1,0.0,고려사,58.5,조선왕조실록,58.5
洗劍,2,48,24,50.0,0.0,한국사료총서,58.5,승정원일기,58.5
寧古,4,513,308,60.0,41.5,한국사료총서,100.0,고순종실록,58.5
阿耳,3,685,374,54.6,40.6,한국사료총서,99.1,조선왕조실록,58.4
根,8,114331,2273,2.0,1.6,승정원일기,60.0,삼국사기,58.4
豐儲,4,419,201,48.0,0.0,한국사료총서,58.4,조선왕조실록,58.4
南海,8,3818,2720,71.2,20.0,삼국사기,78.4,조선왕조실록,58.4
振威邑,2,25,15,60.0,27.3,승정원일기,85.7,한국사료총서,58.4
王十里,3,38,24,63.2,41.7,한국사료총서,100.0,조선왕조실록,58.3
正錄廳,3,25,7,28.0,0.0,조선왕조실록,58.3,승정원일기,58.3
丕闡,4,605,127,21.0,0.0,한국사료총서,58.3,고순종실록,58.3
推火,2,21,10,47.6,16.7,한국사료총서,75.0,조선왕조실록,58.3
建昌,4,885,14,1.6,0.0,고순종실록,58.3,조선왕조실록,58.3
凌河,3,39,24,61.5,41.7,한국사료총서,100.0,조선왕조실록,58.3
濯淸,2,350,201,57.4,0.0,승정원일기,58.3,한국사료총서,58.3
箭串牧場,2,73,23,31.5,2.9,조선왕조실록,61.1,승정원일기,58.3
沁島,2,18,13,72.2,33.3,조선왕조실록,91.7,승정원일기,58.3
大黑山,2,16,9,56.2,25.0,한국사료총서,83.3,승정원일기,58.3
令里,3,34,9,26.5,0.0,조선왕조실록,58.3,한국사료총서,58.3
昇天浦,2,16,13,81.2,33.3,한국사료총서,91.7,승정원일기,58.3
西北兩界,4,45,8,17.8,0.0,고순종실록,58.3,승정원일기,58.3
上南面,2,15,7,46.7,0.0,조선왕조실록,58.3,한국사료총서,58.3
檢巖,2,10,4,40.0,16.7,한국사료총서,75.0,승정원일기,58.3
西北路,5,61,15,24.6,0.0,조선왕조실록,58.3,승정원일기,58.3
松道,3,21,13,61.9,41.7,한국사료총서,100.0,조선왕조실록,58.3
蓮,7,4808,851,17.7,0.0,삼국유사,58.3,고순종실록,58.3
瓮泉,2,18,11,61.1,41.7,한국사료총서,100.0,조선왕조실록,58.3
遂寧,2,13,8,61.5,25.0,한국사료총서,83.3,조선왕조실록,58.3
森浦,2,17,10,58.8,41.7,승정원일기,100.0,조선왕조실록,58.3
勿也,3,22,12,54.5,25.0,승정원일기,83.3,조선왕조실록,58.3
內一面,2,12,6,50.0,25.0,승정원일기,83.3,한국사료총서,58.3
片月,2,18,5,27.8,8.3,한국사료총서,66.7,조선왕조실록,58.3
澤潞,2,10,4,40.0,16.7,승정원일기,75.0,조선왕조실록,58.3
西北兩路,3,26,7,26.9,0.0,조선왕조실록,58.3,승정원일기,58.3
圓通,3,47,11,23.4,0.0,한국사료총서,58.3,승정원일기,58.3
古隱,3,16,6,37.5,16.7,조선왕조실록,75.0,한국사료총서,58.3
荊角津,2,10,4,40.0,16.7,한국사료총서,75.0,조선왕조실록,58.3
豐川鎭,2,10,4,40.0,16.7,한국사료총서,75.0,조선왕조실록,58.3
星山,7,907,604,66.6,20.0,고려사절요,78.3,한국사료총서,58.3
朴達山,2,18,8,44.4,25.0,한국사료총서,83.3,조선왕조실록,58.3
京釜,3,48,9,18.8,0.0,한국사료총서,58.3,고순종실록,58.3
方山,4,848,330,38.9,9.4,한국사료총서,67.6,조선왕조실록,58.2
安豐,2,106,10,9.4,4.3,승정원일기,62.5,한국사료총서,58.2
安骨,3,454,287,63.2,40.6,승정원일기,98.9,조선왕조실록,58.2
貢津,3,288,211,73.3,21.1,한국사료총서,79.3,승정원일기,58.2
嶺東西,3,53,19,35.8,0.0,한국사료총서,58.1,승정원일기,58.1
合浦,5,309,234,75.7,41.9,한국사료총서,100.0,조선왕조실록,58.1
谷城,6,1181,743,62.9,41.9,삼국사기,100.0,고순종실록,58.1
長木浦,3,186,82,44.1,41.9,승정원일기,100.0,조선왕조실록,58.1
阿峴,3,194,171,88.1,41.9,한국사료총서,100.0,조선왕조실록,58.1
三海,3,42,12,28.6,5.6,승정원일기,63.6,한국사료총서,58.1
龍媒,4,388,196,50.5,41.9,승정원일기,100.0,고순종실록,58.1
只山,3,35,21,60.0,28.6,한국사료총서,86.7,조선왕조실록,58.1
沁營,4,350,108,30.9,0.0,고순종실록,58.1,승정원일기,58.1
往十里,3,272,242,89.0,33.3,조선왕조실록,91.3,승정원일기,58.0
南桃,3,456,259,56.8,37.0,한국사료총서,95.0,조선왕조실록,58.0
石門,4,144,20,13.9,8.7,한국사료총서,66.7,삼국사기,58.0
洪原縣,4,851,283,33.3,32.0,승정원일기,90.0,고순종실록,58.0
肅章門外,2,57,29,50.9,0.0,조선왕조실록,58.0,승정원일기,58.0
鳳山,5,3143,2232,71.0,42.0,한국사료총서,100.0,고순종실록,58.0
蠶,7,3795,1315,34.7,0.0,고려사절요,58.0,승정원일기,58.0
新洞,2,100,17,17.0,1.4,승정원일기,59.3,한국사료총서,57.9
蛟龍,3,282,36,12.8,0.0,한국사료총서,57.9,조선왕조실록,57.9
樓,8,15216,5979,39.3,0.0,삼국사기,57.9,승정원일기,57.9
陽縣,7,5827,2589,44.4,42.1,승정원일기,100.0,삼국사기,57.9
桃浦,3,366,238,65.0,39.0,한국사료총서,96.9,조선왕조실록,57.9
定州城,3,126,63,50.0,26.7,조선왕조실록,84.6,승정원일기,57.9
東池,4,68,16,23.5,0.0,한국사료총서,57.9,고려사절요,57.9
龍骨城,3,47,35,74.5,42.1,한국사료총서,100.0,승정원일기,57.9
新邑,4,274,26,9.5,0.0,고순종실록,57.9,한국사료총서,57.9
加馬,3,36,11,30.6,0.0,승정원일기,57.9,한국사료총서,57.9
釜淵,3,45,33,73.3,42.1,한국사료총서,100.0,조선왕조실록,57.9
仁和,4,751,406,54.1,0.0,고려사,57.9,승정원일기,57.9
魚游澗,3,336,159,47.3,42.2,승정원일기,100.0,고순종실록,57.8
豐山,5,879,458,52.1,42.2,승정원일기,100.0,고순종실록,57.8
羅浮,2,33,10,30.3,22.2,한국사료총서,80.0,승정원일기,57.8
楚山府,4,402,124,30.8,22.2,한국사료총서,80.0,고순종실록,57.8
三陟府,4,865,304,35.1,29.7,조선왕조실록,87.5,고순종실록,57.8
金官國,2,19,10,52.6,20.0,삼국사기,77.8,한국사료총서,57.8
宗廟前,3,502,252,50.2,0.0,조선왕조실록,57.7,승정원일기,57.7
淸溪,3,271,164,60.5,30.6,한국사료총서,88.2,승정원일기,57.7
岐島,4,94,76,80.9,42.3,한국사료총서,100.0,조선왕조실록,57.7
南桃浦,3,361,235,65.1,39.0,한국사료총서,96.8,조선왕조실록,57.7
咸,8,70465,31585,44.8,7.4,삼국유사,65.1,조선왕조실록,57.7
周人,3,134,15,11.2,0.0,승정원일기,57.7,조선왕조실록,57.7
吉城,3,136,92,67.6,25.0,승정원일기,82.7,조선왕조실록,57.7
峴城,3,38,20,52.6,42.3,삼국사기,100.0,조선왕조실록,57.7
喬桐府,4,819,364,44.4,42.4,승정원일기,100.0,한국사료총서,57.6
燕山墓,2,27,11,40.7,9.1,조선왕조실록,66.7,승정원일기,57.6
平康,6,1567,1095,69.9,33.3,고려사절요,90.9,고순종실록,57.6
德巖,3,41,22,53.7,33.3,한국사료총서,90.9,조선왕조실록,57.6
大靑,5,136,93,68.4,42.4,한국사료총서,100.0,고려사절요,57.6
許草,2,16,4,25.0,9.1,승정원일기,66.7,조선왕조실록,57.6
釜山鎭,4,133,89,66.9,42.4,한국사료총서,100.0,고순종실록,57.6
陰平,3,22,16,72.7,33.3,한국사료총서,90.9,승정원일기,57.6
小白,3,169,39,23.1,1.0,한국사료총서,58.5,승정원일기,57.6
卒夲,2,20,13,65.0,33.3,삼국유사,90.9,삼국사기,57.6
金泉,4,456,231,50.7,42.4,한국사료총서,100.0,고순종실록,57.6
臨津,6,1287,1070,83.1,42.4,한국사료총서,100.0,고순종실록,57.6
羅浦,3,246,143,58.1,42.4,한국사료총서,100.0,조선왕조실록,57.6
完山,7,582,374,64.3,42.5,조선왕조실록,100.0,삼국사기,57.5
邠,5,395,168,42.5,0.0,고순종실록,57.5,조선왕조실록,57.5
川院,3,90,21,23.3,17.5,한국사료총서,75.0,조선왕조실록,57.5
牛峴,3,372,177,47.6,42.5,승정원일기,100.0,조선왕조실록,57.5
差倭,3,4788,213,4.4,0.0,승정원일기,57.4,조선왕조실록,57.4
林土,3,228,115,50.4,25.0,한국사료총서,82.4,조선왕조실록,57.4
垂恩墓,3,60,27,45.0,0.0,조선왕조실록,57.4,승정원일기,57.4
延豐縣,4,413,83,20.1,15.4,승정원일기,72.7,한국사료총서,57.3
加里,4,623,327,52.5,42.7,한국사료총서,100.0,고순종실록,57.3
永同縣,4,581,187,32.2,28.4,승정원일기,85.7,고순종실록,57.3
才驛,3,217,190,87.6,37.5,한국사료총서,94.7,조선왕조실록,57.2
明倫,4,1558,734,47.1,0.0,한국사료총서,57.2,조선왕조실록,57.2
釣臺,2,22,4,18.2,0.0,한국사료총서,57.1,승정원일기,57.1
熊峴,2,11,7,63.6,42.9,한국사료총서,100.0,삼국사기,57.1
鐘城府,3,26,9,34.6,0.0,한국사료총서,57.1,승정원일기,57.1
忠淸,6,33738,22960,68.1,42.7,한국사료총서,99.8,고순종실록,57.1
草浦,2,43,23,53.5,42.9,한국사료총서,100.0,조선왕조실록,57.1
同化,3,61,11,18.0,0.0,한국사료총서,57.1,조선왕조실록,57.1
龍駕,3,27,11,40.7,0.0,승정원일기,57.1,한국사료총서,57.1
赤田社,4,23,17,73.9,42.9,한국사료총서,100.0,조선왕조실록,57.1
一北面,2,11,4,36.4,0.0,승정원일기,57.1,한국사료총서,57.1
鳳停,2,40,12,30.0,22.9,한국사료총서,80.0,조선왕조실록,57.1
泊浦,3,38,16,42.1,0.0,승정원일기,57.1,한국사료총서,57.1
雒,4,56,14,25.0,0.0,고려사,57.1,조선왕조실록,57.1
中京,5,161,16,9.9,0.0,조선왕조실록,57.1,고려사절요,57.1
寅火堡,4,219,101,46.1,42.9,승정원일기,100.0,고순종실록,57.1
甘谷,2,10,6,60.0,42.9,한국사료총서,100.0,조선왕조실록,57.1
昇天府,5,89,77,86.5,42.9,한국사료총서,100.0,조선왕조실록,57.1
津輕,3,21,5,23.8,0.0,고순종실록,57.1,한국사료총서,57.1
道東,5,895,202,22.6,0.0,고려사,57.1,고순종실록,57.1
藏閣,2,15,6,40.0,0.0,한국사료총서,57.1,승정원일기,57.1
比屋,6,269,30,11.2,0.0,승정원일기,57.1,고려사,57.1
得中亭,2,32,18,56.2,42.9,승정원일기,100.0,조선왕조실록,57.1
江淮,5,112,44,39.3,0.0,한국사료총서,57.1,조선왕조실록,57.1
遠洞,3,16,4,25.0,0.0,승정원일기,57.1,한국사료총서,57.1
西平浦,3,137,88,64.2,42.9,한국사료총서,100.0,조선왕조실록,57.1
凌烟,3,39,15,38.5,0.0,한국사료총서,57.1,조선왕조실록,57.1
牛巖浦,2,10,6,60.0,42.9,한국사료총서,100.0,승정원일기,57.1
峙洞,2,11,7,63.6,42.9,한국사료총서,100.0,승정원일기,57.1
綾城縣,3,61,15,24.6,0.0,승정원일기,57.1,한국사료총서,57.1
金川邑,2,17,8,47.1,0.0,조선왕조실록,57.1,승정원일기,57.1
雲陽,3,15,5,33.3,0.0,조선왕조실록,57.1,승정원일기,57.1
坊谷,2,27,4,14.8,0.0,승정원일기,57.1,한국사료총서,57.1
內廂,5,173,11,6.4,0.0,고려사,57.1,승정원일기,57.1
滿車,3,22,4,18.2,0.0,승정원일기,57.1,조선왕조실록,57.1
燕人,3,102,8,7.8,0.0,승정원일기,57.1,조선왕조실록,57.1
月華,4,59,16,27.1,0.0,고려사,57.1,조선왕조실록,57.1
武關,3,27,10,37.0,0.0,한국사료총서,57.1,조선왕조실록,57.1
平原,7,579,44,7.6,0.0,고순종실록,57.1,고려사,57.1
牧智島,3,274,270,98.5,42.9,한국사료총서,100.0,승정원일기,57.1
平邑,2,20,8,40.0,0.0,승정원일기,57.1,한국사료총서,57.1
水戶,2,14,4,28.6,0.0,승정원일기,57.1,한국사료총서,57.1
永慶門,2,23,18,78.3,42.9,조선왕조실록,100.0,승정원일기,57.1
康津縣古今島,4,295,290,98.3,42.9,한국사료총서,100.0,조선왕조실록,57.1
楡川,3,26,17,65.4,42.9,승정원일기,100.0,조선왕조실록,57.1
宮洞,3,184,36,19.6,0.0,조선왕조실록,57.1,한국사료총서,57.1
南挑,2,10,6,60.0,42.9,승정원일기,100.0,조선왕조실록,57.1
光範,4,755,132,17.5,0.0,고순종실록,57.1,조선왕조실록,57.1
平恩驛,2,13,9,69.2,42.9,한국사료총서,100.0,승정원일기,57.1
大平,6,698,232,33.2,0.0,삼국사기,57.1,승정원일기,57.1
南別堂,2,12,4,33.3,0.0,한국사료총서,57.1,승정원일기,57.1
冷井洞,3,163,159,97.5,42.9,한국사료총서,100.0,조선왕조실록,57.1
大隱,3,98,23,23.5,14.3,한국사료총서,71.4,조선왕조실록,57.1
西班牙,2,27,12,44.4,0.0,승정원일기,57.1,한국사료총서,57.1
蛇渡,4,339,177,52.2,42.9,한국사료총서,100.0,고순종실록,57.1
方林,2,14,4,28.6,0.0,승정원일기,57.1,조선왕조실록,57.1
通和,7,234,65,27.8,0.0,고려사,57.1,승정원일기,57.1
松串,4,27,23,85.2,42.9,한국사료총서,100.0,조선왕조실록,57.1
邑社,3,49,8,16.3,0.0,승정원일기,57.1,한국사료총서,57.1
樂安縣,2,28,6,21.4,9.5,승정원일기,66.7,조선왕조실록,57.1
俗厚,3,72,9,12.5,0.0,승정원일기,57.1,한국사료총서,57.1
牛首,5,68,52,76.5,42.9,조선왕조실록,100.0,삼국유사,57.1
孔子廟,3,52,12,23.1,0.0,조선왕조실록,57.1,승정원일기,57.1
經義齋,2,22,4,18.2,0.0,한국사료총서,57.1,승정원일기,57.1
羅州牧智島,3,274,270,98.5,42.9,한국사료총서,100.0,승정원일기,57.1
笠岩,3,24,15,62.5,42.9,한국사료총서,100.0,조선왕조실록,57.1
連豐,4,85,16,18.8,0.0,승정원일기,57.1,조선왕조실록,57.1
敬順王廟,2,11,4,36.4,0.0,조선왕조실록,57.1,승정원일기,57.1
太行,3,97,28,28.9,0.0,한국사료총서,57.1,조선왕조실록,57.1
鏡浦,3,57,37,64.9,42.9,한국사료총서,100.0,조선왕조실록,57.1
咭唎國,2,20,12,60.0,42.9,한국사료총서,100.0,조선왕조실록,57.1
扶興,2,13,5,38.5,0.0,한국사료총서,57.1,조선왕조실록,57.1
束沙,3,39,15,38.5,0.0,조선왕조실록,57.1,한국사료총서,57.1
河東郡,5,55,31,56.4,42.9,승정원일기,100.0,고순종실록,57.1
牛峰,3,60,47,78.3,42.9,한국사료총서,100.0,승정원일기,57.1
襄陽,5,1713,1205,70.3,42.9,고려사,100.0,고순종실록,57.1
仍乙,2,17,10,58.8,0.0,승정원일기,57.1,한국사료총서,57.1
峯城,6,44,35,79.5,42.9,한국사료총서,100.0,고려사절요,57.1
忠淸北道,3,918,914,99.6,42.9,한국사료총서,100.0,승정원일기,57.1
箕壤,3,33,11,33.3,0.0,한국사료총서,57.1,승정원일기,57.1
龍岩,2,62,29,46.8,42.9,한국사료총서,100.0,승정원일기,57.1
星川,3,25,6,24.0,0.0,조선왕조실록,57.1,승정원일기,57.1
全羅道長,3,316,300,94.9,42.9,한국사료총서,100.0,조선왕조실록,57.1
忠淸右,4,345,295,85.5,40.0,한국사료총서,97.0,조선왕조실록,57.0
延曙驛,3,82,69,84.1,33.3,한국사료총서,90.3,승정원일기,57.0
丕顯,5,704,158,22.4,0.0,고려사,57.0,조선왕조실록,57.0
西小門,4,812,698,86.0,43.0,한국사료총서,100.0,고순종실록,57.0
廣德,6,272,93,34.2,0.0,고순종실록,57.0,한국사료총서,57.0
宗廟北墻,2,85,45,52.9,0.0,조선왕조실록,57.0,승정원일기,57.0
熊川縣,4,1113,460,41.3,30.6,조선왕조실록,87.5,고순종실록,56.9
北一營,3,143,74,51.7,0.0,고순종실록,56.9,승정원일기,56.9
簡儀臺,3,73,37,50.7,0.0,한국사료총서,56.9,조선왕조실록,56.9
彈琴臺,2,25,13,52.0,23.1,한국사료총서,80.0,조선왕조실록,56.9
浦鹽,3,113,84,74.3,25.0,승정원일기,81.9,조선왕조실록,56.9
壽進,4,2026,616,30.4,2.9,한국사료총서,59.9,조선왕조실록,56.9
昌洲,3,502,291,58.0,43.2,승정원일기,100.0,조선왕조실록,56.8
加里浦鎭,3,19,13,68.4,25.0,한국사료총서,81.8,승정원일기,56.8
肥前,3,562,496,88.3,43.0,한국사료총서,99.8,조선왕조실록,56.8
草溪郡,4,624,73,11.7,9.8,승정원일기,66.7,고순종실록,56.8
馬轉,3,40,15,37.5,10.0,한국사료총서,66.7,승정원일기,56.7
南面,7,1793,589,32.8,0.0,고려사,56.7,한국사료총서,56.7
北郭,2,13,3,23.1,10.0,한국사료총서,66.7,승정원일기,56.7
召文,6,130,36,27.7,0.0,고려사,56.7,한국사료총서,56.7
甫老音,2,14,3,21.4,10.0,조선왕조실록,66.7,한국사료총서,56.7
三峯,3,463,99,21.4,7.3,한국사료총서,64.0,승정원일기,56.7
尊經,4,211,100,47.4,0.0,한국사료총서,56.7,조선왕조실록,56.7
沸流,6,98,34,34.7,10.0,한국사료총서,66.7,승정원일기,56.7
龍門倉,2,16,5,31.2,10.0,고려사,66.7,고려사절요,56.7
寶城縣,2,45,7,15.6,10.0,승정원일기,66.7,조선왕조실록,56.7
桐府,4,845,382,45.2,43.3,승정원일기,100.0,한국사료총서,56.7
扶安邊山,2,18,13,72.2,33.3,한국사료총서,90.0,승정원일기,56.7
三和,6,1850,1265,68.4,43.3,한국사료총서,100.0,고려사절요,56.7
喜安,3,23,9,39.1,10.0,승정원일기,66.7,조선왕조실록,56.7
來遠城,3,33,26,78.8,33.3,한국사료총서,90.0,고려사절요,56.7
高城郡,4,679,173,25.5,23.3,승정원일기,80.0,고순종실록,56.7
杻峴,3,20,13,65.0,33.3,조선왕조실록,90.0,승정원일기,56.7
新塘,3,50,8,16.0,10.0,한국사료총서,66.7,조선왕조실록,56.7
明川縣,2,35,11,31.4,23.3,조선왕조실록,80.0,한국사료총서,56.7
薪島,4,454,402,88.5,43.4,한국사료총서,100.0,고순종실록,56.6
鍊戎,4,324,175,54.0,0.0,한국사료총서,56.6,승정원일기,56.6
下三道,3,1504,251,16.7,4.5,조선왕조실록,61.1,승정원일기,56.6
竹山縣,3,85,34,40.0,0.0,한국사료총서,56.6,조선왕조실록,56.6
寧古塔,4,465,283,60.9,43.5,한국사료총서,100.0,고순종실록,56.5
祥原郡,5,729,195,26.7,23.5,승정원일기,80.0,고려사,56.5
梨木,4,51,18,35.3,0.0,삼국유사,56.5,한국사료총서,56.5
谷浦,2,28,20,71.4,36.4,한국사료총서,92.9,조선왕조실록,56.5
別山,2,30,13,43.3,0.0,승정원일기,56.5,한국사료총서,56.5
正方,3,461,200,43.4,1.7,한국사료총서,58.2,조선왕조실록,56.5
蘇安,3,89,21,23.6,10.2,승정원일기,66.7,한국사료총서,56.5
高山里,3,697,433,62.1,42.5,승정원일기,99.0,조선왕조실록,56.5
松都,6,3732,3208,86.0,43.6,조선왕조실록,100.0,고려사절요,56.4
昌陵左岡,2,44,22,50.0,0.0,고순종실록,56.4,승정원일기,56.4
蜀郡,2,34,21,61.8,16.7,한국사료총서,73.1,승정원일기,56.4
安東府,6,1352,288,21.3,18.6,한국사료총서,75.0,고려사,56.4
滿浦,3,2082,1608,77.2,42.2,승정원일기,98.7,조선왕조실록,56.4
長山,5,1099,940,85.5,36.2,한국사료총서,92.5,조선왕조실록,56.4
蒲州,2,145,135,93.1,40.0,한국사료총서,96.4,조선왕조실록,56.4
鎭江,5,815,659,80.9,33.0,한국사료총서,89.4,조선왕조실록,56.4
海道,6,11555,10478,90.7,41.6,한국사료총서,97.9,고순종실록,56.3
處仁,4,410,22,5.4,0.8,승정원일기,57.1,고려사,56.3
臨溪,3,73,30,41.1,21.4,한국사료총서,77.8,승정원일기,56.3
延安府,6,1061,293,27.6,10.3,한국사료총서,66.7,고순종실록,56.3
漁郞,2,19,10,52.6,43.8,한국사료총서,100.0,승정원일기,56.2
岩浦,2,21,12,57.1,43.8,한국사료총서,100.0,승정원일기,56.2
梧村,2,25,13,52.0,31.2,한국사료총서,87.5,승정원일기,56.2
駱洞,3,47,37,78.7,37.5,한국사료총서,93.8,승정원일기,56.2
珍山郡,4,478,127,26.6,23.8,승정원일기,80.0,고순종실록,56.2
交河邑,2,20,9,45.0,0.0,조선왕조실록,56.2,승정원일기,56.2
知世浦,3,442,247,55.9,42.8,승정원일기,98.9,조선왕조실록,56.2
仙坪,3,107,96,89.7,43.8,한국사료총서,100.0,고순종실록,56.2
邾,3,151,22,14.6,0.0,한국사료총서,56.2,조선왕조실록,56.2
慈仁縣,4,449,77,17.1,13.0,승정원일기,69.2,한국사료총서,56.2
時敏,5,2521,1279,50.7,0.0,고려사,56.2,조선왕조실록,56.2
古村,5,32,20,62.5,43.8,한국사료총서,100.0,고려사절요,56.2
西別堂,2,31,9,29.0,0.0,조선왕조실록,56.2,승정원일기,56.2
長峯島,2,39,21,53.8,43.8,승정원일기,100.0,조선왕조실록,56.2
烏甲,2,19,9,47.4,0.0,승정원일기,56.2,한국사료총서,56.2
炭,8,6077,216,3.6,0.9,고순종실록,57.1,삼국유사,56.2
左峴,3,134,65,48.5,0.0,한국사료총서,56.2,조선왕조실록,56.2
水原山,2,65,17,26.2,12.5,조선왕조실록,68.8,승정원일기,56.2
長鬐縣,4,818,375,45.8,43.8,한국사료총서,100.0,고려사,56.2
官門站,2,98,9,9.2,0.0,한국사료총서,56.2,승정원일기,56.2
玉關,2,34,5,14.7,3.8,승정원일기,60.0,조선왕조실록,56.2
河邑,2,22,11,50.0,0.0,조선왕조실록,56.2,승정원일기,56.2
水閣,3,630,498,79.0,32.1,조선왕조실록,88.2,승정원일기,56.1
屛山,4,160,76,47.5,43.9,한국사료총서,100.0,고순종실록,56.1
麗人,7,295,37,12.5,0.0,고려사,56.1,조선왕조실록,56.1
惠山,4,901,550,61.0,43.9,승정원일기,100.0,고순종실록,56.1
日本人,6,592,37,6.2,0.0,고려사,56.1,조선왕조실록,56.1
西京,7,1988,1494,75.2,40.0,조선왕조실록,96.1,고순종실록,56.1
小東門,3,94,51,54.3,7.1,한국사료총서,63.2,승정원일기,56.1
摹瑟,2,30,18,60.0,28.6,한국사료총서,84.6,승정원일기,56.0
仁嬪祠宇,2,56,28,50.0,0.0,조선왕조실록,56.0,승정원일기,56.0
東南道,5,76,28,36.8,0.0,고려사,56.0,승정원일기,56.0
薩摩州,3,263,207,78.7,44.0,한국사료총서,100.0,조선왕조실록,56.0
咸安郡,4,719,133,18.5,15.4,승정원일기,71.4,고순종실록,56.0
㺚賊,2,61,28,45.9,0.0,승정원일기,56.0,조선왕조실록,56.0
平安道義州府,2,40,33,82.5,37.5,한국사료총서,93.5,승정원일기,56.0
杏亭,3,81,52,64.2,44.0,한국사료총서,100.0,승정원일기,56.0
所里,3,101,76,75.2,36.4,승정원일기,92.3,조선왕조실록,55.9
竹山地,3,159,85,53.5,0.0,조선왕조실록,55.9,승정원일기,55.9
關王廟後,2,38,19,50.0,0.0,조선왕조실록,55.9,승정원일기,55.9
通明,4,735,468,63.7,13.3,한국사료총서,69.2,조선왕조실록,55.9
沙斤,3,524,260,49.6,31.1,한국사료총서,87.0,조선왕조실록,55.9
三溪,3,139,71,51.1,44.1,한국사료총서,100.0,조선왕조실록,55.9
慶源府,4,1628,714,43.9,23.0,한국사료총서,78.9,고순종실록,55.9
杭,4,4663,121,2.6,1.3,승정원일기,57.1,고려사,55.8
尊賢,6,2944,1388,47.1,0.0,고려사,55.8,승정원일기,55.8
南國,6,461,62,13.4,0.0,고려사,55.8,조선왕조실록,55.8
楮田,3,86,16,18.6,2.1,승정원일기,57.9,한국사료총서,55.8
衿川縣,3,510,75,14.7,10.9,승정원일기,66.7,한국사료총서,55.8
東行閣,3,86,24,27.9,0.0,고순종실록,55.8,승정원일기,55.8
昭顯宮,2,85,56,65.9,18.2,조선왕조실록,74.0,승정원일기,55.8
東河,2,32,12,37.5,6.7,승정원일기,62.5,한국사료총서,55.8
浦州,2,104,13,12.5,10.9,한국사료총서,66.7,조선왕조실록,55.8
風雲雷雨山川,3,96,34,35.4,0.0,조선왕조실록,55.7,승정원일기,55.7
鎭海,6,1883,1088,57.8,40.0,한국사료총서,95.7,고순종실록,55.7
黔,7,1604,701,43.7,2.5,고려사절요,58.2,조선왕조실록,55.7
巴山,3,79,14,17.7,4.3,조선왕조실록,60.0,승정원일기,55.7
原縣,7,2985,912,30.6,27.6,승정원일기,83.3,삼국사기,55.7
全羅左道,4,921,682,74.0,44.4,한국사료총서,100.0,고순종실록,55.6
會盟壇,2,16,5,31.2,0.0,조선왕조실록,55.6,승정원일기,55.6
福多,2,21,5,23.8,0.0,승정원일기,55.6,한국사료총서,55.6
登萊,3,83,32,38.6,19.4,한국사료총서,75.0,조선왕조실록,55.6
平山浦,3,211,131,62.1,44.4,한국사료총서,100.0,조선왕조실록,55.6
省峴驛,3,26,15,57.7,44.4,승정원일기,100.0,조선왕조실록,55.6
金輿,3,42,5,11.9,0.0,승정원일기,55.6,한국사료총서,55.6
醫巫,3,40,8,20.0,0.0,조선왕조실록,55.6,승정원일기,55.6
江襄,2,322,123,38.2,33.3,승정원일기,88.9,조선왕조실록,55.6
宣陵大王陵,2,13,5,38.5,0.0,조선왕조실록,55.6,승정원일기,55.6
柳亭,3,25,19,76.0,44.4,한국사료총서,100.0,조선왕조실록,55.6
南越,3,97,25,25.8,9.1,승정원일기,64.7,조선왕조실록,55.6
洛東驛,2,12,7,58.3,44.4,한국사료총서,100.0,조선왕조실록,55.6
甫里,3,65,32,49.2,44.4,한국사료총서,100.0,승정원일기,55.6
水酒,2,16,9,56.2,0.0,승정원일기,55.6,한국사료총서,55.6
報平廳,3,22,5,22.7,0.0,고려사,55.6,조선왕조실록,55.6
檢丹,3,36,28,77.8,44.4,한국사료총서,100.0,조선왕조실록,55.6
璿源殿第一室,2,46,20,43.5,0.0,고순종실록,55.6,승정원일기,55.6
長陵齋室,2,24,10,41.7,0.0,조선왕조실록,55.6,승정원일기,55.6
德峙,2,29,19,65.5,44.4,한국사료총서,100.0,승정원일기,55.6
平那,2,23,13,56.5,44.4,한국사료총서,100.0,고려사,55.6
交州江陵道,3,21,14,66.7,44.4,고려사,100.0,조선왕조실록,55.6
高牙,3,129,5,3.9,0.0,승정원일기,55.6,한국사료총서,55.6
中川王,2,23,5,21.7,0.0,한국사료총서,55.6,삼국사기,55.6
西普通,4,29,7,24.1,0.0,고려사절요,55.6,고려사,55.6
水原新治,2,13,5,38.5,0.0,조선왕조실록,55.6,승정원일기,55.6
㫌善,3,22,17,77.3,33.3,승정원일기,88.9,조선왕조실록,55.6
慶福,4,183,52,28.4,0.0,고순종실록,55.6,조선왕조실록,55.6
盛京省,2,21,11,52.4,44.4,한국사료총서,100.0,승정원일기,55.6
濂洛,4,115,20,17.4,0.0,고려사,55.6,조선왕조실록,55.6
漠南,2,23,10,43.5,0.0,한국사료총서,55.6,승정원일기,55.6
倭野人,2,14,5,35.7,0.0,승정원일기,55.6,조선왕조실록,55.6
安肅,4,31,6,19.4,0.0,고려사,55.6,한국사료총서,55.6
鹿洞,4,155,103,66.5,44.4,한국사료총서,100.0,고순종실록,55.6
牛家庄,3,41,35,85.4,44.4,한국사료총서,100.0,조선왕조실록,55.6
和川,2,27,21,77.8,44.4,한국사료총서,100.0,조선왕조실록,55.6
祈山,3,22,6,27.3,0.0,조선왕조실록,55.6,승정원일기,55.6
潼關鎭,3,17,12,70.6,33.3,한국사료총서,88.9,조선왕조실록,55.6
平安道大同,2,22,11,50.0,44.4,승정원일기,100.0,조선왕조실록,55.6
造山浦,2,14,7,50.0,0.0,한국사료총서,55.6,승정원일기,55.6
金海,7,5007,2768,55.3,44.4,승정원일기,100.0,삼국유사,55.6
梨田,2,12,7,58.3,44.4,한국사료총서,100.0,승정원일기,55.6
昭格洞,3,30,25,83.3,44.4,한국사료총서,100.0,조선왕조실록,55.6
愛州,2,13,7,53.8,44.4,한국사료총서,100.0,조선왕조실록,55.6
寶城,6,2096,1335,63.7,44.4,고려사절요,100.0,고순종실록,55.6
彰烈,4,106,28,26.4,0.0,한국사료총서,55.6,조선왕조실록,55.6
犬戎,3,57,5,8.8,0.0,승정원일기,55.6,조선왕조실록,55.6
淳,8,168237,1119,0.7,0.0,고려사절요,55.6,삼국사기,55.6
靑丹,3,332,129,38.9,34.8,승정원일기,90.5,조선왕조실록,55.6
大沙,2,19,7,36.8,0.0,승정원일기,55.6,한국사료총서,55.6
牙城,3,23,9,39.1,11.1,조선왕조실록,66.7,승정원일기,55.6
湧珠里,4,44,37,84.1,44.4,한국사료총서,100.0,조선왕조실록,55.6
灞,3,36,15,41.7,0.0,한국사료총서,55.6,조선왕조실록,55.6
豆浦,2,33,25,75.8,40.0,한국사료총서,95.5,승정원일기,55.5
東里,3,548,176,32.1,24.5,승정원일기,80.0,조선왕조실록,55.5
燕岐縣,4,439,67,15.3,11.1,승정원일기,66.7,고려사,55.5
安西,5,161,85,52.8,21.6,한국사료총서,77.1,조선왕조실록,55.5
中面,3,113,31,27.4,5.9,조선왕조실록,61.3,한국사료총서,55.4
吳蜀,2,30,11,36.7,7.1,승정원일기,62.5,한국사료총서,55.4
首陽,3,929,369,39.7,8.4,조선왕조실록,63.8,승정원일기,55.4
京畿道,4,455,296,65.1,42.9,한국사료총서,98.2,조선왕조실록,55.4
嶧,3,27,8,29.6,7.1,한국사료총서,62.5,승정원일기,55.4
中和府,4,995,350,35.2,29.2,조선왕조실록,84.6,고순종실록,55.4
長水縣,4,524,128,24.4,19.6,승정원일기,75.0,고순종실록,55.4
利仁,3,633,358,56.6,36.5,승정원일기,91.9,조선왕조실록,55.4
鬐縣,4,819,376,45.9,44.6,조선왕조실록,100.0,고려사,55.4
石城地,2,98,51,52.0,0.0,조선왕조실록,55.4,승정원일기,55.4
丹山,5,156,67,42.9,24.7,한국사료총서,80.0,승정원일기,55.3
金官,7,112,38,33.9,0.0,고려사절요,55.3,한국사료총서,55.3
永安道,2,840,823,98.0,43.8,한국사료총서,99.0,조선왕조실록,55.3
水站,6,297,59,19.9,11.4,한국사료총서,66.7,고려사절요,55.3
北山,7,590,194,32.9,11.3,조선왕조실록,66.7,고순종실록,55.3
東明,8,663,261,39.4,0.0,고려사절요,55.3,승정원일기,55.3
茂山,5,2571,1913,74.4,42.9,삼국사기,98.1,고순종실록,55.2
德府,6,854,119,13.9,0.0,고려사절요,55.2,한국사료총서,55.2
津縣,7,4038,1913,47.4,44.8,조선왕조실록,100.0,삼국사기,55.2
居昌府,4,359,76,21.2,4.8,조선왕조실록,60.0,한국사료총서,55.2
納淸,4,86,27,31.4,0.0,고순종실록,55.2,승정원일기,55.2
蛇浦,3,127,120,94.5,42.9,한국사료총서,98.0,조선왕조실록,55.1
可興,6,671,296,44.1,0.0,고려사,55.1,한국사료총서,55.1
春臺,4,792,397,50.1,0.0,한국사료총서,55.1,승정원일기,55.1
鎭州,5,69,50,72.5,33.3,승정원일기,88.5,조선왕조실록,55.1
大小南面,2,54,27,50.0,0.0,조선왕조실록,55.1,승정원일기,55.1
永登,4,466,289,62.0,44.9,승정원일기,100.0,고순종실록,55.1
無極驛,2,13,6,46.2,25.0,한국사료총서,80.0,조선왕조실록,55.0
十三道,4,160,11,6.9,0.0,고순종실록,55.0,승정원일기,55.0
界,8,26783,5442,20.3,0.0,삼국사기,55.0,고려사절요,55.0
栗峴,3,64,53,82.8,45.0,한국사료총서,100.0,조선왕조실록,55.0
永康,5,143,82,57.3,25.0,삼국사기,80.0,고려사,55.0
孝章,3,1752,874,49.9,0.0,한국사료총서,55.0,승정원일기,55.0
孝靈,4,29,16,55.2,25.0,삼국사기,80.0,조선왕조실록,55.0
福岡,3,24,11,45.8,25.0,승정원일기,80.0,한국사료총서,55.0
關中,4,334,157,47.0,0.0,삼국유사,55.0,승정원일기,55.0
松都南門,2,13,7,53.8,20.0,조선왕조실록,75.0,승정원일기,55.0
加退,3,82,22,26.8,0.0,승정원일기,55.0,조선왕조실록,55.0
大嬪宮,3,93,59,63.4,25.0,조선왕조실록,80.0,고순종실록,55.0
一洞里,2,9,5,55.6,25.0,승정원일기,80.0,한국사료총서,55.0
花梁,4,408,209,51.2,43.1,승정원일기,98.1,조선왕조실록,55.0
寧遠郡,4,583,135,23.2,20.0,승정원일기,75.0,고순종실록,55.0
煥章閣,2,11,4,36.4,20.0,승정원일기,75.0,조선왕조실록,55.0
楊堤,2,11,7,63.6,25.0,한국사료총서,80.0,고려사,55.0
外坪,3,25,11,44.0,25.0,조선왕조실록,80.0,승정원일기,55.0
龜溪,2,26,15,57.7,45.0,한국사료총서,100.0,승정원일기,55.0
馬邑,4,21,13,61.9,25.0,한국사료총서,80.0,조선왕조실록,55.0
羗,3,55,12,21.8,0.0,한국사료총서,55.0,조선왕조실록,55.0
箭里,2,10,5,50.0,20.0,승정원일기,75.0,조선왕조실록,55.0
播州,3,35,24,68.6,25.0,한국사료총서,80.0,조선왕조실록,55.0
萊城,3,24,11,45.8,25.0,한국사료총서,80.0,조선왕조실록,55.0
古栢,2,10,5,50.0,25.0,한국사료총서,80.0,조선왕조실록,55.0
尾山,2,30,12,40.0,20.0,한국사료총서,75.0,승정원일기,55.0
雲坪,3,23,9,39.1,20.0,한국사료총서,75.0,조선왕조실록,55.0
縣城,3,134,46,34.3,0.0,고려사,55.0,조선왕조실록,55.0
三陟郡,3,45,20,44.4,25.0,승정원일기,80.0,조선왕조실록,55.0
喬,6,16994,2827,16.6,13.5,승정원일기,68.4,고려사절요,54.9
永達,4,486,118,24.3,11.8,조선왕조실록,66.7,고순종실록,54.9
坡平,5,440,220,50.0,30.0,조선왕조실록,84.9,한국사료총서,54.9
沙月,2,77,38,49.4,45.1,한국사료총서,100.0,조선왕조실록,54.9
墻洞,3,38,28,73.7,33.3,조선왕조실록,88.2,승정원일기,54.9
薊北,2,13,6,46.2,16.7,한국사료총서,71.4,승정원일기,54.8
順川,4,1290,832,64.5,44.7,한국사료총서,99.5,조선왕조실록,54.8
聞慶,5,1958,1338,68.3,42.9,고려사,97.7,고순종실록,54.8
安鎭,3,154,36,23.4,6.9,승정원일기,61.8,조선왕조실록,54.8
河濱,4,165,143,86.7,37.5,승정원일기,92.3,조선왕조실록,54.8
牛山,5,236,80,33.9,0.0,고순종실록,54.8,승정원일기,54.8
頭里,4,422,240,56.9,45.2,승정원일기,100.0,고순종실록,54.8
碧洞,2,13,7,53.8,28.6,한국사료총서,83.3,승정원일기,54.8
安徽,2,92,76,82.6,36.4,승정원일기,91.1,한국사료총서,54.8
平陽,5,155,38,24.5,0.0,고려사,54.8,승정원일기,54.8
黃州鎭,3,26,13,50.0,16.7,승정원일기,71.4,조선왕조실록,54.8
三水郡,4,334,80,24.0,11.9,승정원일기,66.7,고순종실록,54.8
定州地,3,102,51,50.0,0.0,조선왕조실록,54.8,승정원일기,54.8
咸鏡,4,22480,15163,67.5,45.3,한국사료총서,100.0,고순종실록,54.7
平昌,5,998,716,71.7,40.0,고려사절요,94.7,조선왕조실록,54.7
全北,3,128,85,66.4,45.3,한국사료총서,100.0,고순종실록,54.7
郊,8,20591,4067,19.8,0.0,삼국사기,54.7,고려사절요,54.7
摩州,3,306,245,80.1,45.3,한국사료총서,100.0,조선왕조실록,54.7
京義,2,28,6,21.4,5.3,한국사료총서,60.0,고순종실록,54.7
穩城鎭,2,28,23,82.1,33.3,승정원일기,88.0,조선왕조실록,54.7
黃州牧,6,920,210,22.8,5.3,조선왕조실록,60.0,고려사절요,54.7
助羅浦,3,202,111,55.0,45.4,승정원일기,100.0,조선왕조실록,54.6
山西,6,723,231,32.0,0.0,삼국사기,54.6,승정원일기,54.6
南都,4,248,12,4.8,0.0,조선왕조실록,54.5,고려사,54.5
德月,2,22,16,72.7,45.5,한국사료총서,100.0,승정원일기,54.5
太倉,5,367,55,15.0,0.0,고순종실록,54.5,고려사,54.5
塔山,2,16,9,56.2,45.5,한국사료총서,100.0,조선왕조실록,54.5
五嶽,5,66,6,9.1,0.0,고려사,54.5,승정원일기,54.5
蓮亭,3,166,11,6.6,2.7,한국사료총서,57.1,조선왕조실록,54.5
順寧,4,84,12,14.3,0.0,고려사,54.5,한국사료총서,54.5
中川,5,70,8,11.4,0.0,고순종실록,54.5,삼국사기,54.5
林川,5,1709,1131,66.2,33.3,고려사,87.8,조선왕조실록,54.5
慶善宮,4,212,67,31.6,0.0,조선왕조실록,54.5,고순종실록,54.5
安邑,4,163,111,68.1,45.5,조선왕조실록,100.0,고려사,54.5
館橋,2,14,6,42.9,0.0,한국사료총서,54.5,승정원일기,54.5
胡奴,3,28,6,21.4,0.0,승정원일기,54.5,조선왕조실록,54.5
遠州,5,56,11,19.6,0.0,고려사,54.5,한국사료총서,54.5
始興行宮宿所,2,14,6,42.9,0.0,조선왕조실록,54.5,승정원일기,54.5
潯陽,3,67,47,70.1,45.5,한국사료총서,100.0,조선왕조실록,54.5
下院,3,157,6,3.8,0.0,승정원일기,54.5,한국사료총서,54.5
知保,3,74,14,18.9,0.0,승정원일기,54.5,한국사료총서,54.5
四忠,4,206,65,31.6,0.0,한국사료총서,54.5,고순종실록,54.5
文宣王廟,4,147,6,4.1,0.0,고려사,54.5,승정원일기,54.5
陽州,3,19,12,63.2,45.5,한국사료총서,100.0,조선왕조실록,54.5
儉巖,2,21,15,71.4,45.5,한국사료총서,100.0,조선왕조실록,54.5
㙮,3,59,10,16.9,0.0,조선왕조실록,54.5,승정원일기,54.5
合川,2,14,6,42.9,0.0,조선왕조실록,54.5,한국사료총서,54.5
慶尙道寧海,3,136,124,91.2,45.5,한국사료총서,100.0,조선왕조실록,54.5
金甲島,4,3498,3323,95.0,45.5,한국사료총서,100.0,고순종실록,54.5
邽,3,20,6,30.0,0.0,조선왕조실록,54.5,승정원일기,54.5
三防谷,2,27,21,77.8,45.5,조선왕조실록,100.0,승정원일기,54.5
八達,3,188,98,52.1,6.2,한국사료총서,60.7,승정원일기,54.5
端州,4,72,62,86.1,45.5,한국사료총서,100.0,조선왕조실록,54.5
二西,4,35,12,34.3,0.0,삼국유사,54.5,한국사료총서,54.5
宋人,6,230,18,7.8,0.0,고려사,54.5,조선왕조실록,54.5
七谷,2,17,11,64.7,45.5,한국사료총서,100.0,승정원일기,54.5
輸城,4,527,240,45.5,37.1,승정원일기,91.4,조선왕조실록,54.4
楊根縣,2,65,12,18.5,12.3,승정원일기,66.7,한국사료총서,54.4
龍堂,3,74,43,58.1,30.6,한국사료총서,85.0,승정원일기,54.4
杆,6,1668,1121,67.2,39.8,한국사료총서,94.2,조선왕조실록,54.4
楊,8,29502,14956,50.7,32.0,고려사절요,86.4,고순종실록,54.4
縣西面,3,27,22,81.5,40.0,한국사료총서,94.4,승정원일기,54.4
和順縣,4,466,73,15.7,12.3,승정원일기,66.7,고순종실록,54.3
龍安縣,4,461,78,16.9,12.4,승정원일기,66.7,고순종실록,54.3
立巖,3,120,56,46.7,21.7,한국사료총서,76.0,조선왕조실록,54.3
金郊,5,662,410,61.9,45.7,승정원일기,100.0,고려사절요,54.3
荏子島,4,1353,1192,88.1,45.7,한국사료총서,100.0,조선왕조실록,54.3
甲島,4,3509,3334,95.0,45.7,한국사료총서,100.0,고순종실록,54.3
郭山郡,4,795,114,14.3,12.4,승정원일기,66.7,고순종실록,54.2
德橋,2,14,9,64.3,33.3,한국사료총서,87.5,조선왕조실록,54.2
玉田,3,76,35,46.1,37.5,승정원일기,91.7,조선왕조실록,54.2
北壇,3,61,27,44.3,0.0,한국사료총서,54.2,승정원일기,54.2
全羅道濟州,3,307,282,91.9,45.0,한국사료총서,99.2,승정원일기,54.2
漢川,3,68,13,19.1,4.2,조선왕조실록,58.3,승정원일기,54.2
平山溫井,2,12,3,25.0,12.5,조선왕조실록,66.7,승정원일기,54.2
靑水鎭,2,11,3,27.3,12.5,한국사료총서,66.7,승정원일기,54.2
華陰,2,14,9,64.3,33.3,한국사료총서,87.5,승정원일기,54.2
興院,3,22,8,36.4,12.5,고려사,66.7,승정원일기,54.2
順天鎭,3,28,17,60.7,33.3,한국사료총서,87.5,조선왕조실록,54.2
安養,4,294,49,16.7,12.5,한국사료총서,66.7,고려사절요,54.2
橋川,3,79,15,19.0,0.0,한국사료총서,54.2,승정원일기,54.2
櫟陽,3,20,12,60.0,33.3,한국사료총서,87.5,승정원일기,54.2
河東府,4,966,402,41.6,5.8,조선왕조실록,60.0,고순종실록,54.2
醫巫閭,2,24,7,29.2,12.5,한국사료총서,66.7,승정원일기,54.2
朔方,5,238,68,28.6,6.2,승정원일기,60.5,고려사,54.2
伽耶,5,40,17,42.5,12.5,삼국유사,66.7,고려사절요,54.2
逸院,2,14,10,71.4,33.3,한국사료총서,87.5,조선왕조실록,54.2
鷺梁鎭,2,19,15,78.9,33.3,조선왕조실록,87.5,승정원일기,54.2
樂善,5,874,221,25.3,0.0,고려사,54.2,고순종실록,54.2
東浦,3,30,9,30.0,12.5,승정원일기,66.7,조선왕조실록,54.2
報恩地,3,77,33,42.9,0.0,조선왕조실록,54.1,승정원일기,54.1
昌州,5,148,110,74.3,42.5,승정원일기,96.6,조선왕조실록,54.1
福建,3,647,423,65.4,43.2,한국사료총서,97.3,조선왕조실록,54.1
寧府,6,10480,690,6.6,5.4,승정원일기,59.6,고려사,54.1
咸興本宮,4,148,54,36.5,0.0,고순종실록,54.1,승정원일기,54.1
五間水門,3,164,86,52.4,0.0,한국사료총서,54.0,승정원일기,54.0
龍江,3,187,122,65.2,44.0,한국사료총서,98.0,조선왕조실록,54.0
縣,8,171382,41770,24.4,22.6,한국사료총서,76.6,삼국사기,54.0
价川郡,4,707,161,22.8,21.1,승정원일기,75.0,고순종실록,53.9
坡州行宮,2,45,31,68.9,25.0,조선왕조실록,78.9,승정원일기,53.9
北城,4,605,205,33.9,2.3,한국사료총서,56.2,승정원일기,53.9
會寧浦,3,281,153,54.4,46.1,승정원일기,100.0,조선왕조실록,53.9
江西縣,4,565,100,17.7,12.9,승정원일기,66.7,고순종실록,53.8
鳳栖,2,16,7,43.8,0.0,승정원일기,53.8,한국사료총서,53.8
宜州,4,71,61,85.9,46.2,한국사료총서,100.0,고려사절요,53.8
州郡,7,3660,502,13.7,0.0,고려사절요,53.8,고순종실록,53.8
波知,3,356,221,62.1,17.6,한국사료총서,71.4,조선왕조실록,53.8
江陵道,4,130,84,64.6,46.2,고려사절요,100.0,조선왕조실록,53.8
山陰,3,647,369,57.0,38.8,승정원일기,92.7,조선왕조실록,53.8
善州,5,62,52,83.9,46.2,한국사료총서,100.0,조선왕조실록,53.8
麗國,6,336,33,9.8,0.0,고려사,53.8,조선왕조실록,53.8
杞溪,4,90,76,84.4,46.2,조선왕조실록,100.0,고려사,53.8
德島,6,195,176,90.3,46.2,승정원일기,100.0,조선왕조실록,53.8
道高山,3,144,119,82.6,41.7,한국사료총서,95.5,조선왕조실록,53.8
宜嬪墓,2,45,36,80.0,33.3,조선왕조실록,87.2,승정원일기,53.8
東營,4,3176,1676,52.8,0.0,고순종실록,53.8,승정원일기,53.8
西蕃,5,48,12,25.0,0.0,고려사절요,53.8,조선왕조실록,53.8
泗濱,2,19,10,52.6,46.2,한국사료총서,100.0,승정원일기,53.8
胡寇,2,19,7,36.8,0.0,승정원일기,53.8,조선왕조실록,53.8
旌善郡,4,481,113,23.5,21.2,승정원일기,75.0,고순종실록,53.8
江陵,6,3960,3169,80.0,46.2,고려사절요,100.0,고순종실록,53.8
黃河,6,486,188,38.7,12.4,한국사료총서,66.2,조선왕조실록,53.8
歙,5,997,646,64.8,46.2,한국사료총서,100.0,고순종실록,53.8
倭夷,4,31,8,25.8,0.0,승정원일기,53.8,조선왕조실록,53.8
南興,3,127,16,12.6,4.1,승정원일기,57.9,한국사료총서,53.8
葛峴,3,49,35,71.4,46.2,한국사료총서,100.0,조선왕조실록,53.8
泰安鎭,2,20,11,55.0,46.2,승정원일기,100.0,조선왕조실록,53.8
烏桓,2,17,9,52.9,46.2,승정원일기,100.0,조선왕조실록,53.8
美理,2,17,9,52.9,46.2,한국사료총서,100.0,고순종실록,53.8
嘉興,3,33,25,75.8,46.2,한국사료총서,100.0,조선왕조실록,53.8
也村,3,27,19,70.4,46.2,한국사료총서,100.0,조선왕조실록,53.8
景安,4,127,40,31.5,0.0,고려사,53.8,조선왕조실록,53.8
北三道,3,33,7,21.2,0.0,조선왕조실록,53.8,승정원일기,53.8
下輦臺,3,138,48,34.8,0.0,한국사료총서,53.7,조선왕조실록,53.7
咸南,3,107,77,72.0,46.3,한국사료총서,100.0,승정원일기,53.7
輦臺,3,143,49,34.3,0.0,한국사료총서,53.7,조선왕조실록,53.7
漏閣,3,91,42,46.2,0.0,한국사료총서,53.7,조선왕조실록,53.7
貞陵,4,1977,1548,78.3,46.3,한국사료총서,100.0,고순종실록,53.7
石串,3,192,157,81.8,36.0,한국사료총서,89.7,승정원일기,53.7
海東,8,2118,162,7.6,0.0,고순종실록,53.6,삼국유사,53.6
平江,3,50,25,50.0,10.0,승정원일기,63.6,한국사료총서,53.6
霞洞,5,126,99,78.6,42.9,조선왕조실록,96.4,승정원일기,53.6
坪山,3,26,11,42.3,21.4,한국사료총서,75.0,조선왕조실록,53.6
長淵,6,2499,1810,72.4,46.4,한국사료총서,100.0,고순종실록,53.6
狐峴,2,28,16,57.1,35.3,한국사료총서,88.9,승정원일기,53.6
畿道,4,467,305,65.3,42.9,한국사료총서,96.5,조선왕조실록,53.6
乇羅,5,40,26,65.0,25.0,승정원일기,78.6,고려사,53.6
間里,2,20,14,70.0,25.0,승정원일기,78.6,한국사료총서,53.6
寧邊郡,3,50,22,44.0,29.7,승정원일기,83.3,한국사료총서,53.6
松家,3,127,86,67.7,26.7,한국사료총서,80.3,승정원일기,53.6
萊,7,16116,8573,53.2,41.0,한국사료총서,94.7,고순종실록,53.6
金塘,3,77,22,28.6,17.9,한국사료총서,71.4,조선왕조실록,53.6
石渠,4,123,59,48.0,0.0,한국사료총서,53.6,승정원일기,53.6
寺谷,2,42,34,81.0,33.3,조선왕조실록,86.8,한국사료총서,53.5
新倉,5,115,45,39.1,13.2,한국사료총서,66.7,고려사,53.5
甲串津,4,121,97,80.2,46.5,한국사료총서,100.0,조선왕조실록,53.5
後州,3,104,75,72.1,38.5,한국사료총서,91.9,조선왕조실록,53.5
蔚,8,7690,3797,49.4,32.2,고순종실록,85.7,삼국사기,53.5
通化,4,1216,1122,92.3,46.6,한국사료총서,100.0,고순종실록,53.4
輪山,2,19,6,31.6,9.1,한국사료총서,62.5,조선왕조실록,53.4
山道,4,232,98,42.2,8.9,한국사료총서,62.2,승정원일기,53.4
巴,8,1251,340,27.2,3.7,삼국유사,57.1,고려사절요,53.4
邊山,4,496,305,61.5,21.7,한국사료총서,75.0,고려사,53.3
綠磻,2,30,21,70.0,46.7,조선왕조실록,100.0,승정원일기,53.3
富居,3,174,100,57.5,16.7,한국사료총서,69.9,조선왕조실록,53.3
黑巖,3,33,19,57.6,46.7,승정원일기,100.0,고순종실록,53.3
東館,3,69,10,14.5,0.0,한국사료총서,53.3,승정원일기,53.3
明朝鮮國,3,37,8,21.6,0.0,승정원일기,53.3,조선왕조실록,53.3
朗山,3,26,18,69.2,46.7,한국사료총서,100.0,조선왕조실록,53.3
蘇多老,2,21,17,81.0,40.0,한국사료총서,93.3,조선왕조실록,53.3
水山驛,2,21,13,61.9,46.7,한국사료총서,100.0,승정원일기,53.3
五國,4,155,47,30.3,0.0,고순종실록,53.3,조선왕조실록,53.3
舡頭,2,16,8,50.0,30.0,한국사료총서,83.3,승정원일기,53.3
靑郊,5,70,51,72.9,46.7,한국사료총서,100.0,고려사절요,53.3
西別宮,2,63,32,50.8,0.0,한국사료총서,53.3,조선왕조실록,53.3
咸山,2,21,4,19.0,6.7,한국사료총서,60.0,승정원일기,53.3
仁同地,2,79,40,50.6,0.0,조선왕조실록,53.3,승정원일기,53.3
淝,2,28,18,64.3,46.7,승정원일기,100.0,조선왕조실록,53.3
天城堡,2,22,13,59.1,46.7,승정원일기,100.0,조선왕조실록,53.3
月串,4,529,302,57.1,46.7,승정원일기,100.0,고순종실록,53.3
甑山縣,3,412,43,10.4,6.7,승정원일기,60.0,한국사료총서,53.3
華民,3,84,26,31.0,0.0,승정원일기,53.2,한국사료총서,53.2
加祚,2,55,30,54.5,46.8,한국사료총서,100.0,조선왕조실록,53.2
加平郡,4,561,94,16.8,13.5,승정원일기,66.7,고순종실록,53.2
宗廟洞,3,239,170,71.1,22.2,조선왕조실록,75.5,승정원일기,53.2
大寧,5,117,18,15.4,5.3,고려사절요,58.3,조선왕조실록,53.1
淑善翁主房,2,36,17,47.2,0.0,조선왕조실록,53.1,승정원일기,53.1
下端,3,547,34,6.2,0.0,승정원일기,53.1,한국사료총서,53.1
高麗國,5,291,28,9.6,0.0,고려사,53.1,조선왕조실록,53.1
國分,4,278,43,15.5,0.0,고순종실록,53.1,조선왕조실록,53.1
新谷,3,59,41,69.5,46.9,한국사료총서,100.0,승정원일기,53.1
八營,3,39,6,15.4,4.0,한국사료총서,57.1,조선왕조실록,53.1
陵洞,4,1046,614,58.7,37.7,승정원일기,90.8,한국사료총서,53.1
德原,4,255,108,42.4,35.9,조선왕조실록,88.9,고려사,53.0
宜城,4,91,20,22.0,7.0,조선왕조실록,60.0,한국사료총서,53.0
興京,3,59,30,50.8,25.9,한국사료총서,78.9,승정원일기,53.0
縣內,3,388,169,43.6,3.3,조선왕조실록,56.3,승정원일기,53.0
江原道三陟,3,180,161,89.4,43.5,한국사료총서,96.4,조선왕조실록,53.0
廣梁,3,421,217,51.5,43.5,승정원일기,96.5,조선왕조실록,53.0
夜晝介,2,168,87,51.8,0.0,한국사료총서,53.0,승정원일기,53.0
老里,3,76,58,76.3,33.3,승정원일기,86.2,한국사료총서,52.9
慶尙道靑松府,2,19,15,78.9,40.0,조선왕조실록,92.9,승정원일기,52.9
完顔,5,93,14,15.1,0.0,고려사절요,52.9,조선왕조실록,52.9
奉化郡,2,26,14,53.8,47.1,승정원일기,100.0,한국사료총서,52.9
西北道,5,248,108,43.5,0.0,한국사료총서,52.9,승정원일기,52.9
阿火,2,26,17,65.4,47.1,한국사료총서,100.0,조선왕조실록,52.9
草島,6,193,179,92.7,47.1,한국사료총서,100.0,조선왕조실록,52.9
大盈,4,90,38,42.2,0.0,고려사,52.9,조선왕조실록,52.9
伊川,6,2470,1396,56.5,47.1,한국사료총서,100.0,고려사절요,52.9
槐山地,3,84,36,42.9,0.0,조선왕조실록,52.9,승정원일기,52.9
栗島,3,163,150,92.0,47.1,한국사료총서,100.0,조선왕조실록,52.9
明川府,4,921,295,32.0,30.5,승정원일기,83.3,고순종실록,52.9
碑閣所,2,174,90,51.7,0.0,한국사료총서,52.9,승정원일기,52.9
慶源,6,4450,3559,80.0,47.1,고려사,100.0,고순종실록,52.9
岑城,4,81,11,13.6,0.0,승정원일기,52.9,삼국사기,52.9
國內城,3,31,19,61.3,47.1,한국사료총서,100.0,고려사,52.9
文島,4,204,116,56.9,43.1,승정원일기,96.0,고순종실록,52.9
神林,2,14,6,42.9,22.2,한국사료총서,75.0,조선왕조실록,52.8
淸道,6,16263,14633,90.0,45.3,고려사,98.1,조선왕조실록,52.8
春川縣,2,54,19,35.2,20.5,승정원일기,73.3,한국사료총서,52.8
嘉樹,4,37,17,45.9,25.0,한국사료총서,77.8,조선왕조실록,52.8
集禮,3,756,306,40.5,0.0,한국사료총서,52.8,승정원일기,52.8
阜,6,4163,1952,46.9,22.2,고려사절요,75.0,고순종실록,52.8
錦湖,2,13,5,38.5,22.2,한국사료총서,75.0,승정원일기,52.8
綠野,3,105,21,20.0,8.3,한국사료총서,61.1,조선왕조실록,52.8
富寧郡,2,43,24,55.8,47.2,승정원일기,100.0,고순종실록,52.8
富平府,4,968,172,17.8,13.9,조선왕조실록,66.7,고순종실록,52.8
保恩,2,18,8,44.4,27.3,승정원일기,80.0,한국사료총서,52.7
身彌,3,109,94,86.2,42.9,한국사료총서,95.5,승정원일기,52.7
九龍,4,174,93,53.4,36.2,한국사료총서,88.9,고려사,52.7
登州,7,750,596,79.5,47.3,한국사료총서,100.0,삼국사기,52.7
萊館,4,167,60,35.9,0.0,고순종실록,52.7,승정원일기,52.7
平昌縣,2,20,8,40.0,27.3,승정원일기,80.0,조선왕조실록,52.7
昌義,4,112,16,14.3,4.5,한국사료총서,57.1,조선왕조실록,52.6
草梁項,3,27,15,55.6,47.4,한국사료총서,100.0,고순종실록,52.6
丹邱,2,43,37,86.0,44.4,한국사료총서,97.1,승정원일기,52.6
辰國,3,69,10,14.5,0.0,승정원일기,52.6,한국사료총서,52.6
太廟洞口,2,26,10,38.5,0.0,조선왕조실록,52.6,승정원일기,52.6
北月廊,2,22,10,45.5,0.0,조선왕조실록,52.6,승정원일기,52.6
乾侯,2,23,11,47.8,0.0,한국사료총서,52.6,승정원일기,52.6
東府,6,2354,693,29.4,16.6,조선왕조실록,69.2,고려사,52.6
開雲浦,4,219,130,59.4,47.4,승정원일기,100.0,고순종실록,52.6
津浦,5,165,110,66.7,47.4,한국사료총서,100.0,고려사,52.6
西北鎭,3,30,10,33.3,0.0,조선왕조실록,52.6,승정원일기,52.6
古群山,4,632,441,69.8,47.4,한국사료총서,100.0,조선왕조실록,52.6
進修,5,1450,714,49.2,0.0,고려사,52.6,승정원일기,52.6
陳橋,2,30,18,60.0,47.4,승정원일기,100.0,조선왕조실록,52.6
海坪,3,71,57,80.3,44.4,승정원일기,97.1,조선왕조실록,52.6
天章,3,582,84,14.4,0.3,한국사료총서,52.8,조선왕조실록,52.5
栗峰,2,116,62,53.4,47.5,승정원일기,100.0,조선왕조실록,52.5
月松,3,49,10,20.4,10.0,승정원일기,62.5,조선왕조실록,52.5
宗廟齋室,2,49,21,42.9,0.0,조선왕조실록,52.5,승정원일기,52.5
海郡,7,1858,545,29.3,26.5,승정원일기,78.9,고려사,52.5
露梁沙場,2,48,21,43.8,0.0,조선왕조실록,52.5,승정원일기,52.5
城,8,253663,76116,30.0,15.5,삼국유사,68.0,고순종실록,52.5
闊洞,2,14,7,50.0,14.3,한국사료총서,66.7,조선왕조실록,52.4
隱峯,2,17,4,23.5,14.3,한국사료총서,66.7,승정원일기,52.4
延巖,2,10,3,30.0,14.3,승정원일기,66.7,한국사료총서,52.4
舒川郡,4,813,163,20.0,13.2,조선왕조실록,65.5,한국사료총서,52.4
河陰,3,53,32,60.4,47.6,조선왕조실록,100.0,고려사,52.4
陽谷,3,42,16,38.1,27.6,한국사료총서,80.0,조선왕조실록,52.4
永興地,2,30,11,36.7,0.0,조선왕조실록,52.4,승정원일기,52.4
晋,6,5570,2419,43.4,0.0,삼국사기,52.4,조선왕조실록,52.4
市來,2,42,11,26.2,0.0,한국사료총서,52.4,조선왕조실록,52.4
咸陽府,3,143,19,13.3,10.1,승정원일기,62.5,한국사료총서,52.4
義烈,5,698,273,39.1,0.0,고려사,52.4,승정원일기,52.4
林畔館,3,21,15,71.4,33.3,한국사료총서,85.7,조선왕조실록,52.4
赤田,5,58,41,70.7,33.3,고려사,85.7,고순종실록,52.4
靜海,3,27,9,33.3,14.3,한국사료총서,66.7,승정원일기,52.4
扶桑驛,2,26,15,57.7,47.6,한국사료총서,100.0,승정원일기,52.4
海州衛,3,37,26,70.3,33.3,승정원일기,85.7,조선왕조실록,52.4
汗峰,2,28,11,39.3,0.0,승정원일기,52.4,조선왕조실록,52.4
懷尼,2,10,3,30.0,14.3,한국사료총서,66.7,조선왕조실록,52.4
林谷,2,93,77,82.8,33.3,조선왕조실록,85.7,한국사료총서,52.4
月城,6,677,118,17.4,0.0,고려사,52.4,한국사료총서,52.4
豊川,3,255,187,73.3,35.5,한국사료총서,87.9,승정원일기,52.4
古群,4,646,445,68.9,47.6,한국사료총서,100.0,조선왕조실록,52.4
皮島,3,48,35,72.9,47.6,승정원일기,100.0,조선왕조실록,52.4
釜山館,3,39,11,28.2,7.7,한국사료총서,60.0,승정원일기,52.3
新城,5,370,123,33.2,15.5,조선왕조실록,67.7,삼국사기,52.3
德浦,5,544,298,54.8,47.7,승정원일기,100.0,고순종실록,52.3
沙丘,2,73,37,50.7,34.7,승정원일기,87.0,조선왕조실록,52.3
川下,3,165,29,17.6,0.0,조선왕조실록,52.3,승정원일기,52.3
懷仁縣,4,435,94,21.6,14.4,승정원일기,66.7,고순종실록,52.3
蘇江,2,18,14,77.8,40.0,한국사료총서,92.3,승정원일기,52.3
大靜郡,3,62,17,27.4,22.7,승정원일기,75.0,고순종실록,52.3
天壇,4,64,14,21.9,0.0,고려사,52.2,승정원일기,52.2
小靑,4,114,55,48.2,20.0,고순종실록,72.2,조선왕조실록,52.2
重華,5,674,257,38.1,0.0,고려사,52.2,승정원일기,52.2
溫陽郡,4,797,133,16.7,14.5,승정원일기,66.7,고순종실록,52.2
孔德里,4,142,128,90.1,47.8,한국사료총서,100.0,조선왕조실록,52.2
慶南,3,187,118,63.1,47.8,한국사료총서,100.0,고순종실록,52.2
德川郡,4,600,104,17.3,14.4,승정원일기,66.7,고순종실록,52.2
公山府,3,34,13,38.2,0.0,고려사,52.2,승정원일기,52.2
柔院,4,308,154,50.0,47.9,승정원일기,100.0,조선왕조실록,52.1
華城行宮宿所,2,51,25,49.0,0.0,조선왕조실록,52.1,승정원일기,52.1
陽德縣,4,719,156,21.7,19.3,조선왕조실록,71.4,한국사료총서,52.1
齊國,5,295,26,8.8,0.0,고려사,52.0,조선왕조실록,52.0
門巖,3,32,19,59.4,38.9,한국사료총서,90.9,조선왕조실록,52.0
望月,4,319,60,18.8,0.0,고려사,52.0,승정원일기,52.0
海豊,3,44,18,40.9,10.5,승정원일기,62.5,조선왕조실록,52.0
花山,5,606,275,45.4,33.8,승정원일기,85.7,고려사,52.0
仁政門前,2,29,13,44.8,0.0,조선왕조실록,52.0,승정원일기,52.0
西山,7,1191,223,18.7,8.0,한국사료총서,60.0,고순종실록,52.0
遼陽省,3,40,18,45.0,28.0,고려사,80.0,고려사절요,52.0
嶺左,3,72,26,36.1,0.0,조선왕조실록,52.0,승정원일기,52.0
松島,5,65,49,75.4,48.0,한국사료총서,100.0,조선왕조실록,52.0
遂安郡,5,989,290,29.3,27.2,승정원일기,79.2,한국사료총서,52.0
東部,6,2714,1343,49.5,0.0,삼국사기,52.0,승정원일기,52.0
南頓,3,55,15,27.3,0.0,한국사료총서,52.0,승정원일기,52.0
鹿,8,7439,1543,20.7,0.0,고려사절요,51.9,고순종실록,51.9
嶺南右,3,98,43,43.9,0.0,한국사료총서,51.9,승정원일기,51.9
橫川,4,102,85,83.3,48.1,한국사료총서,100.0,고려사절요,51.9
平安道寧邊地,2,31,14,45.2,0.0,조선왕조실록,51.9,승정원일기,51.9
成歡,4,865,472,54.6,48.1,승정원일기,100.0,고순종실록,51.9
孝寧,4,1113,260,23.4,0.0,고순종실록,51.9,승정원일기,51.9
所串,3,126,94,74.6,36.4,한국사료총서,88.2,승정원일기,51.9
黑水,5,145,59,40.7,7.4,고려사,59.3,한국사료총서,51.9
小農堡,2,85,20,23.5,19.5,승정원일기,71.4,조선왕조실록,51.9
慶尙道陜川郡,2,30,24,80.0,33.3,조선왕조실록,85.2,승정원일기,51.9
上坪,2,57,47,82.5,33.3,승정원일기,85.2,한국사료총서,51.9
城津,4,1204,835,69.4,48.1,한국사료총서,100.0,고순종실록,51.9
北部,5,2544,1245,48.9,0.0,고순종실록,51.9,승정원일기,51.9
山日,4,150,16,10.7,3.8,한국사료총서,55.6,고순종실록,51.8
廣寧,3,518,444,85.7,43.7,한국사료총서,95.5,조선왕조실록,51.8
卵山,2,22,7,31.8,8.3,한국사료총서,60.0,승정원일기,51.7
蔚珍縣,5,709,191,26.9,23.3,승정원일기,75.0,고려사,51.7
莞島郡,3,40,24,60.0,48.3,승정원일기,100.0,고순종실록,51.7
驛里,3,84,54,64.3,25.0,조선왕조실록,76.7,한국사료총서,51.7
龍宮郡,3,29,9,31.0,15.0,승정원일기,66.7,한국사료총서,51.7
江華島,4,48,31,64.6,48.3,한국사료총서,100.0,고순종실록,51.7
津州,2,60,45,75.0,48.3,한국사료총서,100.0,조선왕조실록,51.7
葛院,3,59,38,64.4,41.7,승정원일기,93.3,조선왕조실록,51.7
鐵山郡,4,89,26,29.2,23.4,조선왕조실록,75.0,한국사료총서,51.6
安陵,5,599,385,64.3,27.6,한국사료총서,79.2,고순종실록,51.6
梧,6,1975,338,17.1,0.0,고려사,51.6,고순종실록,51.6
忠淸道,6,13654,12831,94.0,48.4,고려사절요,100.0,고순종실록,51.6
肥前州,2,529,479,90.5,48.4,한국사료총서,100.0,조선왕조실록,51.6
沙川,5,269,158,58.7,48.4,한국사료총서,100.0,삼국유사,51.6
京畿,6,49465,32868,66.4,48.5,한국사료총서,100.0,고순종실록,51.5
召忽,3,51,21,41.2,18.5,승정원일기,70.0,조선왕조실록,51.5
月洞,2,45,17,37.8,0.0,승정원일기,51.5,한국사료총서,51.5
樂安,6,2149,1118,52.0,48.5,승정원일기,100.0,고순종실록,51.5
梁永萬洞,2,147,76,51.7,48.5,승정원일기,100.0,조선왕조실록,51.5
淸安,4,1234,819,66.4,44.8,고순종실록,96.3,조선왕조실록,51.5
玉淸,3,35,17,48.6,11.1,한국사료총서,62.5,승정원일기,51.4
彥陽,2,13,7,53.8,28.6,고려사절요,80.0,한국사료총서,51.4
典洞,3,60,41,68.3,48.6,한국사료총서,100.0,조선왕조실록,51.4
永光,5,57,19,33.3,0.0,고려사,51.4,승정원일기,51.4
南壇雩祀壇,2,18,10,55.6,28.6,조선왕조실록,80.0,승정원일기,51.4
外島,3,20,9,45.0,20.0,승정원일기,71.4,조선왕조실록,51.4
冶爐,3,88,59,67.0,22.2,승정원일기,73.6,한국사료총서,51.4
楚,8,8748,1240,14.2,0.0,삼국유사,51.4,고순종실록,51.4
大院君宮,3,48,19,39.6,0.0,고순종실록,51.4,승정원일기,51.4
義縣,5,2801,1134,40.5,39.5,승정원일기,90.9,고려사,51.4
壽城,4,90,33,36.7,15.4,승정원일기,66.7,고려사,51.3
靜義,2,16,12,75.0,33.3,한국사료총서,84.6,승정원일기,51.3
江華府,6,2039,1327,65.1,48.7,한국사료총서,100.0,고려사절요,51.3
茂昌,3,383,334,87.2,41.4,한국사료총서,92.6,조선왕조실록,51.2
知島,4,112,65,58.0,48.8,승정원일기,100.0,고려사,51.2
東周,3,198,13,6.6,1.7,한국사료총서,52.9,조선왕조실록,51.2
丹陽地,3,51,21,41.2,0.0,조선왕조실록,51.2,승정원일기,51.2
秦,8,8913,881,9.9,0.0,삼국사기,51.2,조선왕조실록,51.2
甲山郡,4,123,81,65.9,48.8,승정원일기,100.0,고순종실록,51.2
竹川,2,25,8,32.0,23.8,한국사료총서,75.0,승정원일기,51.2
押,8,23637,125,0.5,0.2,승정원일기,51.3,삼국사기,51.1
神山,3,49,19,38.8,13.6,한국사료총서,64.7,조선왕조실록,51.1
齊人,3,273,24,8.8,0.0,승정원일기,51.1,조선왕조실록,51.1
寺洞,5,507,402,79.3,40.0,고순종실록,91.1,승정원일기,51.1
昌嬪墓,2,49,23,46.9,0.0,조선왕조실록,51.1,승정원일기,51.1
岡,8,6037,1172,19.4,7.2,한국사료총서,58.3,고려사절요,51.1
全羅道順天,3,236,211,89.4,48.9,한국사료총서,100.0,조선왕조실록,51.1
七陵,4,221,100,45.2,0.0,고려사,51.1,승정원일기,51.1
閭延,3,893,871,97.5,48.3,한국사료총서,99.4,조선왕조실록,51.1
衍慶,4,169,55,32.5,0.0,고순종실록,51.1,승정원일기,51.1
文義,6,21828,898,4.1,2.5,승정원일기,53.5,한국사료총서,51.0
安邊郡,2,62,21,33.9,24.0,승정원일기,75.0,고순종실록,51.0
牛峙,2,29,9,31.0,24.0,한국사료총서,75.0,승정원일기,51.0
平山郡,4,43,17,39.5,24.0,승정원일기,75.0,조선왕조실록,51.0
上洞,3,374,49,13.1,2.2,조선왕조실록,53.1,한국사료총서,50.9
華,8,81685,21850,26.7,3.5,삼국유사,54.5,고순종실록,50.9
古洞,2,18,6,33.3,9.1,한국사료총서,60.0,승정원일기,50.9
重興,5,228,90,39.5,5.0,한국사료총서,55.9,승정원일기,50.9
所非浦,2,178,86,48.3,41.1,승정원일기,92.0,조선왕조실록,50.9
康寧,5,1269,358,28.2,0.0,한국사료총서,50.9,고순종실록,50.9
慈城,4,668,618,92.5,49.1,한국사료총서,100.0,조선왕조실록,50.9
光化門內,3,78,29,37.2,0.0,고순종실록,50.9,승정원일기,50.9
鈴原,3,136,56,41.2,0.0,한국사료총서,50.9,승정원일기,50.9
泗川縣,4,1750,1070,61.1,11.8,한국사료총서,62.5,승정원일기,50.8
江東郡,2,39,12,30.8,24.2,승정원일기,75.0,한국사료총서,50.8
親耕田,3,808,400,49.5,0.0,고순종실록,50.8,승정원일기,50.8
平安道,4,15197,14259,93.8,49.3,한국사료총서,100.0,고순종실록,50.7
淮南,5,329,79,24.0,15.9,조선왕조실록,66.7,고려사절요,50.7
東萊,7,11011,6723,61.1,49.3,한국사료총서,100.0,삼국사기,50.7
龍津,5,594,392,66.0,49.3,승정원일기,100.0,고려사절요,50.7
保寧郡,2,29,7,24.1,16.0,승정원일기,66.7,한국사료총서,50.7
慶尙左右道,2,93,31,33.3,14.0,조선왕조실록,64.7,승정원일기,50.7
毛浦,4,845,475,56.2,49.3,승정원일기,100.0,고순종실록,50.7
德川,4,1147,714,62.2,43.8,고순종실록,94.4,조선왕조실록,50.7
松京,6,586,447,76.3,49.3,조선왕조실록,100.0,고순종실록,50.7
乾山,3,32,15,46.9,14.3,조선왕조실록,65.0,승정원일기,50.7
臨陂縣,5,608,168,27.6,24.4,승정원일기,75.0,고려사,50.6
東夾門,2,874,430,49.2,0.0,조선왕조실록,50.6,승정원일기,50.6
金沙,5,161,67,41.6,16.1,한국사료총서,66.7,승정원일기,50.6
寧遠衛,3,43,26,60.5,41.7,한국사료총서,92.3,조선왕조실록,50.6
陽川縣,4,764,89,11.6,9.4,승정원일기,60.0,고순종실록,50.6
木浦,6,993,701,70.6,49.4,승정원일기,100.0,고순종실록,50.6
胡虜,3,145,45,31.0,0.0,승정원일기,50.6,조선왕조실록,50.6
金州,5,346,230,66.5,44.5,한국사료총서,95.1,조선왕조실록,50.6
郡,8,114563,21811,19.0,17.4,한국사료총서,68.0,삼국사기,50.6
江西,7,1635,1069,65.4,49.5,한국사료총서,100.0,고순종실록,50.5
豐沛,4,693,319,46.0,2.1,한국사료총서,52.6,승정원일기,50.5
倭館,4,1537,530,34.5,2.1,한국사료총서,52.6,조선왕조실록,50.5
貞松,3,50,9,18.0,6.7,조선왕조실록,57.1,한국사료총서,50.5
下川,3,120,65,54.2,25.0,조선왕조실록,75.4,승정원일기,50.4
牛,8,24364,1444,5.9,2.6,고순종실록,53.0,삼국사기,50.4
嶺沿,2,336,153,45.5,0.0,조선왕조실록,50.3,승정원일기,50.3
白川郡,4,859,225,26.2,24.7,승정원일기,75.0,고순종실록,50.3
延安郡,3,64,18,28.1,16.3,승정원일기,66.7,한국사료총서,50.3
外南,3,790,378,47.8,3.3,조선왕조실록,53.7,승정원일기,50.3
見乃,3,168,60,35.7,15.2,한국사료총서,65.5,조선왕조실록,50.3
珍島府,3,170,98,57.6,26.7,한국사료총서,76.9,고순종실록,50.3
松營,4,307,116,37.8,0.0,고순종실록,50.2,승정원일기,50.2
靈山,6,1099,681,62.0,49.8,한국사료총서,100.0,고순종실록,50.2
京中,6,11061,3631,32.8,0.0,고려사,50.2,승정원일기,50.2
熙川郡,4,774,188,24.3,18.9,조선왕조실록,69.0,한국사료총서,50.1
崇德,6,1543,417,27.0,0.0,고려사,50.1,승정원일기,50.1
高澤,3,19,4,21.1,0.0,승정원일기,50.0,한국사료총서,50.0
殷國,2,18,3,16.7,0.0,승정원일기,50.0,조선왕조실록,50.0
九浦,2,13,4,30.8,0.0,조선왕조실록,50.0,승정원일기,50.0
皇城之內,2,10,3,30.0,0.0,한국사료총서,50.0,승정원일기,50.0
八重山,2,10,7,70.0,50.0,한국사료총서,100.0,조선왕조실록,50.0
合山,3,20,3,15.0,0.0,승정원일기,50.0,조선왕조실록,50.0
赤縣,3,28,7,25.0,0.0,조선왕조실록,50.0,승정원일기,50.0
南小洞,3,75,71,94.7,50.0,한국사료총서,100.0,조선왕조실록,50.0
松堂,3,63,15,23.8,0.0,승정원일기,50.0,조선왕조실록,50.0
京畿陰竹縣,2,13,11,84.6,50.0,조선왕조실록,100.0,승정원일기,50.0
北都,5,81,17,21.0,0.0,조선왕조실록,50.0,고려사절요,50.0
越松浦,2,25,18,72.0,50.0,승정원일기,100.0,조선왕조실록,50.0
桑濮,2,22,2,9.1,0.0,승정원일기,50.0,조선왕조실록,50.0
三喜,2,11,2,18.2,0.0,승정원일기,50.0,조선왕조실록,50.0
納陵,2,17,7,41.2,0.0,한국사료총서,50.0,승정원일기,50.0
元康,3,25,2,8.0,0.0,승정원일기,50.0,조선왕조실록,50.0
老羅赤,2,12,4,33.3,0.0,한국사료총서,50.0,조선왕조실록,50.0
湖西內浦,2,19,6,31.6,0.0,조선왕조실록,50.0,승정원일기,50.0
內才,3,23,4,17.4,0.0,승정원일기,50.0,조선왕조실록,50.0
下枝縣,2,13,11,84.6,50.0,고려사,100.0,고려사절요,50.0
毛良,3,18,13,72.2,50.0,한국사료총서,100.0,삼국사기,50.0
遇王,4,43,4,9.3,0.0,승정원일기,50.0,한국사료총서,50.0
東魯,3,315,3,1.0,0.0,한국사료총서,50.0,조선왕조실록,50.0
梅竹,2,33,4,12.1,0.0,한국사료총서,50.0,승정원일기,50.0
南北營,2,7,2,28.6,0.0,한국사료총서,50.0,승정원일기,50.0
狐鳴,4,35,2,5.7,0.0,고려사,50.0,삼국사기,50.0
鐵瓮城,2,11,7,63.6,50.0,승정원일기,100.0,조선왕조실록,50.0
元陵同原,2,8,2,25.0,0.0,조선왕조실록,50.0,승정원일기,50.0
關西四郡,2,10,2,20.0,0.0,조선왕조실록,50.0,승정원일기,50.0
文登縣,3,36,23,63.9,50.0,한국사료총서,100.0,조선왕조실록,50.0
軍藏洞,2,7,5,71.4,50.0,한국사료총서,100.0,조선왕조실록,50.0
貞石,3,35,9,25.7,0.0,승정원일기,50.0,한국사료총서,50.0
咸北,3,115,79,68.7,50.0,한국사료총서,100.0,고순종실록,50.0
介川,2,7,5,71.4,50.0,승정원일기,100.0,한국사료총서,50.0
長楊,4,88,77,87.5,50.0,한국사료총서,100.0,고려사,50.0
淸波,4,27,3,11.1,0.0,승정원일기,50.0,고려사,50.0
盤松坊,4,142,137,96.5,50.0,고순종실록,100.0,한국사료총서,50.0
甘勿,4,65,36,55.4,50.0,한국사료총서,100.0,고려사,50.0
嶺北十邑,2,7,2,28.6,0.0,조선왕조실록,50.0,승정원일기,50.0
眞島,2,10,7,70.0,33.3,승정원일기,83.3,조선왕조실록,50.0
泣嶺,2,20,2,10.0,0.0,한국사료총서,50.0,승정원일기,50.0
大嶺以南,4,47,16,34.0,0.0,고순종실록,50.0,승정원일기,50.0
華營,2,22,6,27.3,0.0,한국사료총서,50.0,승정원일기,50.0
西倭館,2,9,3,33.3,0.0,한국사료총서,50.0,승정원일기,50.0
不耐,5,684,7,1.0,0.0,고순종실록,50.0,삼국사기,50.0
有明朝鮮國,2,21,7,33.3,0.0,승정원일기,50.0,조선왕조실록,50.0
格洞,3,38,31,81.6,50.0,한국사료총서,100.0,조선왕조실록,50.0
東山色,2,16,3,18.8,0.0,승정원일기,50.0,조선왕조실록,50.0
建陽東,2,7,2,28.6,0.0,조선왕조실록,50.0,승정원일기,50.0
良策館,2,15,12,80.0,50.0,한국사료총서,100.0,조선왕조실록,50.0
花開縣,2,8,6,75.0,50.0,한국사료총서,100.0,조선왕조실록,50.0
都草島,3,36,32,88.9,50.0,한국사료총서,100.0,조선왕조실록,50.0
浙江省,2,19,13,68.4,50.0,한국사료총서,100.0,승정원일기,50.0
趙壁,2,12,3,25.0,0.0,승정원일기,50.0,조선왕조실록,50.0
郿,3,14,4,28.6,0.0,한국사료총서,50.0,승정원일기,50.0
西豐,3,11,3,27.3,0.0,승정원일기,50.0,조선왕조실록,50.0
項城,2,20,4,20.0,16.7,한국사료총서,66.7,삼국사기,50.0
風山,3,36,7,19.4,0.0,승정원일기,50.0,조선왕조실록,50.0
梁父,3,17,7,41.2,16.7,한국사료총서,66.7,조선왕조실록,50.0
安堡,2,25,20,80.0,50.0,한국사료총서,100.0,조선왕조실록,50.0
南陽大阜,4,22,20,90.9,50.0,한국사료총서,100.0,조선왕조실록,50.0
福京,2,15,3,20.0,0.0,승정원일기,50.0,조선왕조실록,50.0
渤海國,2,12,2,16.7,0.0,고려사,50.0,한국사료총서,50.0
安城,7,2591,1935,74.7,50.0,삼국사기,100.0,고순종실록,50.0
馬踰,3,35,5,14.3,0.0,승정원일기,50.0,조선왕조실록,50.0
打愚,2,20,4,20.0,0.0,조선왕조실록,50.0,승정원일기,50.0
幕洞,3,44,34,77.3,50.0,승정원일기,100.0,조선왕조실록,50.0
江右,3,54,8,14.8,0.0,조선왕조실록,50.0,승정원일기,50.0
莞浦,2,13,11,84.6,50.0,한국사료총서,100.0,조선왕조실록,50.0
鉅橋,2,10,6,60.0,50.0,승정원일기,100.0,조선왕조실록,50.0
阿弗,2,11,3,27.3,0.0,한국사료총서,50.0,고려사,50.0
咸元,2,28,2,7.1,0.0,승정원일기,50.0,조선왕조실록,50.0
寧武,2,15,4,26.7,0.0,승정원일기,50.0,조선왕조실록,50.0
大廟,5,394,76,19.3,0.0,고려사,50.0,한국사료총서,50.0
博川津頭,3,26,3,11.5,0.0,조선왕조실록,50.0,승정원일기,50.0
太師廟,3,28,9,32.1,0.0,조선왕조실록,50.0,승정원일기,50.0
利道,3,13,3,23.1,0.0,승정원일기,50.0,조선왕조실록,50.0
北直隷,2,9,2,22.2,0.0,한국사료총서,50.0,조선왕조실록,50.0
諸羅,2,33,5,15.2,0.0,승정원일기,50.0,조선왕조실록,50.0
慶州府,5,1524,189,12.4,0.0,삼국유사,50.0,고순종실록,50.0
長野,3,34,7,20.6,5.6,승정원일기,55.6,한국사료총서,50.0
庫洞,3,28,23,82.1,50.0,승정원일기,100.0,조선왕조실록,50.0
廣濟院,4,187,5,2.7,0.0,고순종실록,50.0,조선왕조실록,50.0
武都,3,780,7,0.9,0.0,한국사료총서,50.0,조선왕조실록,50.0
阿斯達,3,23,21,91.3,50.0,한국사료총서,100.0,조선왕조실록,50.0
濟州道,3,20,15,75.0,50.0,승정원일기,100.0,한국사료총서,50.0
昌慶宮禁川橋,3,47,39,83.0,50.0,고순종실록,100.0,조선왕조실록,50.0
夏城,4,50,6,12.0,0.0,승정원일기,50.0,한국사료총서,50.0
咸吉一道,2,15,2,13.3,0.0,조선왕조실록,50.0,승정원일기,50.0
龍驤,4,1035,228,22.0,0.0,한국사료총서,50.0,고순종실록,50.0
東洛,3,76,12,15.8,0.0,한국사료총서,50.0,조선왕조실록,50.0
水淸面,2,9,7,77.8,50.0,한국사료총서,100.0,조선왕조실록,50.0
太倉州寶山縣,2,10,8,80.0,50.0,한국사료총서,100.0,승정원일기,50.0
朔郡,2,10,8,80.0,50.0,승정원일기,100.0,조선왕조실록,50.0
定襄,2,12,4,33.3,0.0,승정원일기,50.0,한국사료총서,50.0
抱積,2,51,2,3.9,0.0,승정원일기,50.0,한국사료총서,50.0
晉州牧,5,1134,184,16.2,0.0,고려사절요,50.0,고순종실록,50.0
下坪,2,20,8,40.0,0.0,승정원일기,50.0,한국사료총서,50.0
忠淸州道,3,15,11,73.3,50.0,고려사절요,100.0,조선왕조실록,50.0
靑郊驛,4,21,17,81.0,50.0,한국사료총서,100.0,조선왕조실록,50.0
平安道祥原地,2,25,2,8.0,0.0,조선왕조실록,50.0,승정원일기,50.0
碧潼城,2,16,5,31.2,0.0,한국사료총서,50.0,조선왕조실록,50.0
禪石,3,35,21,60.0,50.0,한국사료총서,100.0,조선왕조실록,50.0
平原大君,3,55,3,5.5,0.0,고순종실록,50.0,승정원일기,50.0
雪嶺,3,92,15,16.3,0.0,한국사료총서,50.0,조선왕조실록,50.0
中良,3,135,27,20.0,0.0,한국사료총서,50.0,조선왕조실록,50.0
烟花,3,27,4,14.8,0.0,승정원일기,50.0,조선왕조실록,50.0
唐津浦,2,34,30,88.2,50.0,한국사료총서,100.0,조선왕조실록,50.0
方壺,2,9,2,22.2,0.0,한국사료총서,50.0,조선왕조실록,50.0
富車,2,8,2,25.0,0.0,한국사료총서,50.0,조선왕조실록,50.0
賢坊洞,2,9,6,66.7,50.0,조선왕조실록,100.0,한국사료총서,50.0
中華,8,2147,85,4.0,0.0,고려사,50.0,고순종실록,50.0
德山洞,2,14,12,85.7,50.0,한국사료총서,100.0,조선왕조실록,50.0
魯邑,2,23,2,8.7,0.0,한국사료총서,50.0,승정원일기,50.0
金川界,2,10,2,20.0,0.0,한국사료총서,50.0,승정원일기,50.0
紅魚,2,8,2,25.0,0.0,한국사료총서,50.0,조선왕조실록,50.0
松見,2,10,2,20.0,0.0,승정원일기,50.0,조선왕조실록,50.0
巨次里,2,11,9,81.8,50.0,한국사료총서,100.0,조선왕조실록,50.0
泰岩,2,7,2,28.6,0.0,승정원일기,50.0,한국사료총서,50.0
龍亭,5,1171,111,9.5,0.0,고려사,50.0,고순종실록,50.0
秋豐,3,43,8,18.6,0.0,한국사료총서,50.0,조선왕조실록,50.0
德源地,3,31,9,29.0,0.0,조선왕조실록,50.0,승정원일기,50.0
率禮,4,630,19,3.0,0.0,고순종실록,50.0,한국사료총서,50.0
龍駒,3,38,23,60.5,50.0,한국사료총서,100.0,고려사,50.0
毬亭,2,10,4,40.0,0.0,한국사료총서,50.0,승정원일기,50.0
取城,4,19,5,26.3,0.0,승정원일기,50.0,한국사료총서,50.0
西土,5,651,122,18.7,0.0,고려사,50.0,고순종실록,50.0
智安,3,22,2,9.1,0.0,승정원일기,50.0,한국사료총서,50.0
神穴面,2,13,11,84.6,50.0,한국사료총서,100.0,승정원일기,50.0
岡營,2,7,2,28.6,0.0,한국사료총서,50.0,승정원일기,50.0
兀刺,2,17,8,47.1,0.0,조선왕조실록,50.0,한국사료총서,50.0
大化島,2,7,5,71.4,50.0,한국사료총서,100.0,승정원일기,50.0
旌義郡,3,44,9,20.5,16.7,승정원일기,66.7,고순종실록,50.0
中道,6,2539,93,3.7,0.0,고순종실록,50.0,고려사절요,50.0
洽陽,3,15,5,33.3,0.0,한국사료총서,50.0,조선왕조실록,50.0
竹山鎭,3,53,4,7.5,0.0,한국사료총서,50.0,고순종실록,50.0
黃海道豐川地,2,8,2,25.0,0.0,조선왕조실록,50.0,승정원일기,50.0
溫平,3,35,8,22.9,0.0,승정원일기,50.0,한국사료총서,50.0
嚴陵,3,14,2,14.3,0.0,승정원일기,50.0,조선왕조실록,50.0
德源赤田,3,12,8,66.7,33.3,한국사료총서,83.3,승정원일기,50.0
飛雲,3,25,3,12.0,0.0,승정원일기,50.0,조선왕조실록,50.0
外藥,2,36,4,11.1,0.0,승정원일기,50.0,한국사료총서,50.0
迎兵,2,11,4,36.4,0.0,한국사료총서,50.0,조선왕조실록,50.0
楚丘,3,31,20,64.5,33.3,한국사료총서,83.3,조선왕조실록,50.0
臨淸,4,42,3,7.1,0.0,고순종실록,50.0,조선왕조실록,50.0
內東邊,3,72,7,9.7,0.0,조선왕조실록,50.0,한국사료총서,50.0
壓江,2,15,2,13.3,0.0,한국사료총서,50.0,조선왕조실록,50.0
敦府,3,456,3,0.7,0.0,조선왕조실록,50.0,한국사료총서,50.0
槐州,4,23,20,87.0,50.0,한국사료총서,100.0,고려사절요,50.0
掘港,2,11,2,18.2,0.0,승정원일기,50.0,조선왕조실록,50.0
咸鏡道慶源,3,94,91,96.8,50.0,한국사료총서,100.0,조선왕조실록,50.0
鼇山,3,14,6,42.9,25.0,한국사료총서,75.0,조선왕조실록,50.0
長山串,4,177,168,94.9,50.0,한국사료총서,100.0,고순종실록,50.0
對府,2,12,2,16.7,0.0,승정원일기,50.0,한국사료총서,50.0
南路,6,379,75,19.8,0.0,고려사,50.0,고순종실록,50.0
伏波樓,2,13,5,38.5,0.0,한국사료총서,50.0,승정원일기,50.0
小石橋,2,7,2,28.6,0.0,조선왕조실록,50.0,승정원일기,50.0
豊儲,3,32,11,34.4,0.0,고려사,50.0,조선왕조실록,50.0
兄弟山,3,16,9,56.2,16.7,한국사료총서,66.7,조선왕조실록,50.0
禿音,3,47,37,78.7,50.0,한국사료총서,100.0,조선왕조실록,50.0
安祥,2,50,4,8.0,0.0,승정원일기,50.0,한국사료총서,50.0
通路,5,305,6,2.0,0.0,고순종실록,50.0,고려사,50.0
空心墩,2,13,4,30.8,0.0,조선왕조실록,50.0,승정원일기,50.0
漢州,5,32,28,87.5,50.0,승정원일기,100.0,조선왕조실록,50.0
諸葛武侯廟,2,10,6,60.0,50.0,조선왕조실록,100.0,승정원일기,50.0
秋成,5,3437,230,6.7,0.0,고순종실록,50.0,고려사,50.0
全羅右道,4,674,592,87.8,50.0,한국사료총서,100.0,고순종실록,50.0
鴒原,3,53,7,13.2,0.0,한국사료총서,50.0,조선왕조실록,50.0
月甘,2,8,2,25.0,0.0,승정원일기,50.0,한국사료총서,50.0
東崇,2,12,2,16.7,0.0,한국사료총서,50.0,승정원일기,50.0
南北京,3,32,4,12.5,0.0,조선왕조실록,50.0,승정원일기,50.0
衍福,4,77,11,14.3,0.0,고순종실록,50.0,조선왕조실록,50.0
俠溪,3,21,19,90.5,50.0,한국사료총서,100.0,조선왕조실록,50.0
界火,3,20,8,40.0,0.0,조선왕조실록,50.0,한국사료총서,50.0
相思洞,2,8,6,75.0,50.0,한국사료총서,100.0,승정원일기,50.0
慶陽,6,153,19,12.4,0.0,고순종실록,50.0,고려사절요,50.0
伊下,3,26,8,30.8,0.0,승정원일기,50.0,조선왕조실록,50.0
仁政殿西庭,2,11,4,36.4,0.0,조선왕조실록,50.0,승정원일기,50.0
槐市,3,13,3,23.1,0.0,승정원일기,50.0,조선왕조실록,50.0
德浦津,2,8,6,75.0,50.0,한국사료총서,100.0,승정원일기,50.0
吳會,2,19,8,42.1,0.0,한국사료총서,50.0,승정원일기,50.0
圻,6,1506,166,11.0,0.0,고려사절요,50.0,고순종실록,50.0
拱北樓,2,25,5,20.0,0.0,한국사료총서,50.0,승정원일기,50.0
駒興驛,3,19,16,84.2,50.0,한국사료총서,100.0,승정원일기,50.0
瀛,5,3030,114,3.8,0.0,고순종실록,50.0,고려사,50.0
安奇驛,3,22,19,86.4,50.0,한국사료총서,100.0,조선왕조실록,50.0
急水門,2,20,4,20.0,0.0,한국사료총서,50.0,고순종실록,50.0
淝水,2,12,8,66.7,50.0,승정원일기,100.0,조선왕조실록,50.0
柵門,4,527,271,51.4,20.0,한국사료총서,70.0,고순종실록,50.0
東峰,2,13,5,38.5,0.0,한국사료총서,50.0,조선왕조실록,50.0
運籌軒,2,20,6,30.0,0.0,한국사료총서,50.0,승정원일기,50.0
本井,2,11,3,27.3,0.0,한국사료총서,50.0,조선왕조실록,50.0
松汀,2,8,5,62.5,50.0,한국사료총서,100.0,삼국유사,50.0
群山港,2,8,6,75.0,50.0,한국사료총서,100.0,승정원일기,50.0
邰,3,79,10,12.7,0.0,한국사료총서,50.0,조선왕조실록,50.0
伊文,3,48,5,10.4,0.0,승정원일기,50.0,한국사료총서,50.0
瓮巖,3,20,18,90.0,50.0,한국사료총서,100.0,조선왕조실록,50.0
沙梁,4,54,35,64.8,50.0,삼국사기,100.0,조선왕조실록,50.0
田原,3,38,5,13.2,0.0,승정원일기,50.0,고려사,50.0
熊川地,2,16,5,31.2,0.0,조선왕조실록,50.0,승정원일기,50.0
擊毬亭,2,8,3,37.5,0.0,한국사료총서,50.0,승정원일기,50.0
南晉,3,20,5,25.0,0.0,고려사,50.0,한국사료총서,50.0
石頭城,3,15,6,40.0,25.0,한국사료총서,75.0,승정원일기,50.0
伯耆州,3,43,32,74.4,50.0,한국사료총서,100.0,조선왕조실록,50.0
都馬,4,34,2,5.9,0.0,고려사,50.0,한국사료총서,50.0
箕子朝鮮,2,7,2,28.6,0.0,승정원일기,50.0,한국사료총서,50.0
朗,8,1854,78,4.2,0.0,고순종실록,50.0,고려사,50.0
南甸,2,21,7,33.3,0.0,조선왕조실록,50.0,승정원일기,50.0
九階,3,20,6,30.0,0.0,한국사료총서,50.0,승정원일기,50.0
新峙,2,11,7,63.6,50.0,한국사료총서,100.0,승정원일기,50.0
網山,2,9,2,22.2,0.0,한국사료총서,50.0,조선왕조실록,50.0
耆州,3,44,33,75.0,50.0,한국사료총서,100.0,조선왕조실록,50.0
博望,3,20,5,25.0,0.0,한국사료총서,50.0,조선왕조실록,50.0
利仁道,2,12,8,66.7,50.0,승정원일기,100.0,조선왕조실록,50.0
方州,5,76,6,7.9,0.0,고려사,50.0,삼국사기,50.0
鎭金,3,52,5,9.6,0.0,한국사료총서,50.0,조선왕조실록,50.0
仙遊洞,2,19,13,68.4,50.0,한국사료총서,100.0,승정원일기,50.0
全州牧,4,28,9,32.1,0.0,고려사절요,50.0,승정원일기,50.0
吾田,3,23,2,8.7,0.0,승정원일기,50.0,조선왕조실록,50.0
梧川,2,13,10,76.9,50.0,한국사료총서,100.0,승정원일기,50.0
東都,8,847,91,10.7,0.0,고순종실록,50.0,삼국유사,50.0
宣政殿月臺,2,9,6,66.7,33.3,조선왕조실록,83.3,승정원일기,50.0
古谷,3,32,9,28.1,0.0,고순종실록,50.0,한국사료총서,50.0
陜州,4,71,64,90.1,50.0,한국사료총서,100.0,조선왕조실록,50.0
奉松,2,10,4,40.0,0.0,승정원일기,50.0,한국사료총서,50.0
新屬,3,178,6,3.4,0.0,조선왕조실록,50.0,한국사료총서,50.0
骨火,3,11,9,81.8,50.0,한국사료총서,100.0,삼국유사,50.0
日長城,2,22,3,13.6,0.0,한국사료총서,50.0,조선왕조실록,50.0
蜀人,3,36,2,5.6,0.0,승정원일기,50.0,조선왕조실록,50.0
東路,6,303,30,9.9,0.0,조선왕조실록,50.0,고순종실록,50.0
朝國,4,162,2,1.2,0.0,승정원일기,50.0,고순종실록,50.0
允伊,2,15,2,13.3,0.0,승정원일기,50.0,조선왕조실록,50.0
大芚寺,3,28,21,75.0,50.0,한국사료총서,100.0,조선왕조실록,50.0
大母,3,119,20,16.8,0.0,한국사료총서,50.0,조선왕조실록,50.0
仙居,2,8,2,25.0,0.0,한국사료총서,50.0,승정원일기,50.0
對州,2,43,24,55.8,50.0,한국사료총서,100.0,조선왕조실록,50.0
伯耆,3,74,46,62.2,50.0,조선왕조실록,100.0,승정원일기,50.0
高陽縣,4,56,39,69.6,33.3,고려사,83.3,승정원일기,50.0
月奈,2,9,7,77.8,50.0,한국사료총서,100.0,삼국사기,50.0
太華,3,38,11,28.9,0.0,한국사료총서,50.0,승정원일기,50.0
宮島,2,9,2,22.2,0.0,승정원일기,50.0,고순종실록,50.0
天津縣,2,12,8,66.7,50.0,한국사료총서,100.0,승정원일기,50.0
士谷,2,22,16,72.7,50.0,한국사료총서,100.0,승정원일기,50.0
肥多,2,7,2,28.6,0.0,승정원일기,50.0,조선왕조실록,50.0
東陣,3,46,3,6.5,0.0,조선왕조실록,50.0,승정원일기,50.0
景陽驛,2,14,5,35.7,0.0,한국사료총서,50.0,승정원일기,50.0
橫溪,3,18,14,77.8,50.0,한국사료총서,100.0,조선왕조실록,50.0
全羅道務安,3,88,84,95.5,50.0,한국사료총서,100.0,조선왕조실록,50.0
都羅山,4,22,17,77.3,50.0,조선왕조실록,100.0,고려사,50.0
衛山,3,15,11,73.3,50.0,한국사료총서,100.0,조선왕조실록,50.0
日木,3,367,4,1.1,0.0,승정원일기,50.0,조선왕조실록,50.0
眉州,2,13,5,38.5,0.0,한국사료총서,50.0,승정원일기,50.0
興京城,2,11,3,27.3,0.0,한국사료총서,50.0,승정원일기,50.0
東泮,2,13,3,23.1,0.0,조선왕조실록,50.0,승정원일기,50.0
六昌,2,39,4,10.3,0.0,승정원일기,50.0,조선왕조실록,50.0
理州,2,13,9,69.2,50.0,한국사료총서,100.0,조선왕조실록,50.0
鐵州,4,46,36,78.3,50.0,한국사료총서,100.0,조선왕조실록,50.0
五川,2,10,7,70.0,50.0,한국사료총서,100.0,조선왕조실록,50.0
公州,8,6174,5164,83.6,50.0,삼국사기,100.0,고순종실록,50.0
京畿牧場,2,15,3,20.0,0.0,조선왕조실록,50.0,승정원일기,50.0
興善,5,262,22,8.4,0.0,고순종실록,50.0,고려사,50.0
長登,3,35,8,22.9,0.0,조선왕조실록,50.0,한국사료총서,50.0
筽食島,2,10,8,80.0,50.0,한국사료총서,100.0,승정원일기,50.0
九皐,2,48,14,29.2,0.0,승정원일기,50.0,한국사료총서,50.0
坡平縣,3,17,13,76.5,50.0,조선왕조실록,100.0,고려사절요,50.0
槐里令,2,13,2,15.4,0.0,승정원일기,50.0,조선왕조실록,50.0
雙峰,2,17,4,23.5,16.7,한국사료총서,66.7,조선왕조실록,50.0
山陜,2,11,4,36.4,0.0,조선왕조실록,50.0,한국사료총서,50.0
倉川,2,10,8,80.0,50.0,한국사료총서,100.0,승정원일기,50.0
長命鎭,2,10,8,80.0,50.0,한국사료총서,100.0,조선왕조실록,50.0
邇英,3,123,14,11.4,0.0,한국사료총서,50.0,조선왕조실록,50.0
月尾島後洋,2,11,2,18.2,0.0,고순종실록,50.0,승정원일기,50.0
蘭陵,3,30,6,20.0,0.0,한국사료총서,50.0,승정원일기,50.0
竹浦,2,30,25,83.3,50.0,한국사료총서,100.0,승정원일기,50.0
城隍堂山,2,7,2,28.6,0.0,한국사료총서,50.0,조선왕조실록,50.0
寧陵局內汰落處,2,20,8,40.0,0.0,고순종실록,50.0,승정원일기,50.0
漢南北,2,12,3,25.0,0.0,조선왕조실록,50.0,승정원일기,50.0
宗德,6,567,10,1.8,0.0,고순종실록,50.0,고려사절요,50.0
淸安地,2,21,9,42.9,0.0,조선왕조실록,50.0,승정원일기,50.0
群山島,4,25,22,88.0,50.0,한국사료총서,100.0,조선왕조실록,50.0
雲宮,2,108,4,3.7,0.0,한국사료총서,50.0,승정원일기,50.0
汝火,2,12,8,66.7,50.0,조선왕조실록,100.0,승정원일기,50.0
雲寵堡,2,13,10,76.9,50.0,한국사료총서,100.0,조선왕조실록,50.0
論谷,2,8,2,25.0,0.0,승정원일기,50.0,한국사료총서,50.0
馬河,2,16,2,12.5,0.0,승정원일기,50.0,조선왕조실록,50.0
林皐,3,16,3,18.8,0.0,승정원일기,50.0,조선왕조실록,50.0
登登磯,2,25,16,64.0,50.0,승정원일기,100.0,한국사료총서,50.0
隴右,2,13,8,61.5,50.0,승정원일기,100.0,삼국사기,50.0
河州,2,15,9,60.0,50.0,한국사료총서,100.0,조선왕조실록,50.0
北六鎭,2,21,9,42.9,0.0,조선왕조실록,50.0,승정원일기,50.0
梯浦,3,43,16,37.2,0.0,한국사료총서,50.0,고려사,50.0
防踏鎭,3,55,50,90.9,50.0,한국사료총서,100.0,조선왕조실록,50.0
忠賢祠,2,15,4,26.7,0.0,한국사료총서,50.0,승정원일기,50.0
草峴,2,12,8,66.7,50.0,한국사료총서,100.0,조선왕조실록,50.0
咸鏡道永興府,3,50,48,96.0,50.0,한국사료총서,100.0,조선왕조실록,50.0
太平洋,2,27,3,11.1,0.0,한국사료총서,50.0,승정원일기,50.0
雲龍,5,565,49,8.7,0.0,고려사,50.0,고순종실록,50.0
東胡,3,18,2,11.1,0.0,승정원일기,50.0,조선왕조실록,50.0
魚面鎭,2,9,6,66.7,50.0,승정원일기,100.0,조선왕조실록,50.0
順安地,2,15,5,33.3,0.0,조선왕조실록,50.0,승정원일기,50.0
八池,2,9,2,22.2,0.0,한국사료총서,50.0,승정원일기,50.0
春浦,2,9,6,66.7,50.0,한국사료총서,100.0,조선왕조실록,50.0
城隍壇,3,93,4,4.3,0.0,한국사료총서,50.0,승정원일기,50.0
開城大井,2,21,11,52.4,25.0,고려사,75.0,조선왕조실록,50.0
徽州,2,13,10,76.9,50.0,한국사료총서,100.0,승정원일기,50.0
沙山,3,22,5,22.7,0.0,승정원일기,50.0,조선왕조실록,50.0
通達,5,329,11,3.3,0.0,고순종실록,50.0,고려사,50.0
高陽,5,5283,4373,82.8,50.0,고려사,100.0,고순종실록,50.0
肅宗室,2,11,2,18.2,0.0,고려사,50.0,승정원일기,50.0
丑山浦,3,37,28,75.7,50.0,한국사료총서,100.0,조선왕조실록,50.0
上柳川,2,9,6,66.7,33.3,한국사료총서,83.3,승정원일기,50.0
尼丘,2,17,5,29.4,0.0,한국사료총서,50.0,승정원일기,50.0
龍遊,2,12,3,25.0,0.0,한국사료총서,50.0,승정원일기,50.0
後里,2,32,18,56.2,50.0,한국사료총서,100.0,승정원일기,50.0
仁富,4,63,9,14.3,0.0,고려사,50.0,승정원일기,50.0
五峰,3,47,6,12.8,0.0,한국사료총서,50.0,조선왕조실록,50.0
興天山,2,8,2,25.0,0.0,한국사료총서,50.0,조선왕조실록,50.0
瞿塘,3,54,18,33.3,0.0,한국사료총서,50.0,조선왕조실록,50.0
長領,4,33,3,9.1,0.0,고순종실록,50.0,한국사료총서,50.0
海川,3,30,3,10.0,0.0,조선왕조실록,50.0,한국사료총서,50.0
輸城驛,3,19,7,36.8,0.0,한국사료총서,50.0,승정원일기,50.0
燕地,2,9,2,22.2,0.0,조선왕조실록,50.0,승정원일기,50.0
林邑,2,13,6,46.2,0.0,한국사료총서,50.0,승정원일기,50.0
于尸,3,16,5,31.2,16.7,한국사료총서,66.7,삼국사기,50.0
忠淸左道,4,535,347,64.9,50.0,한국사료총서,100.0,조선왕조실록,50.0
長通,4,152,67,44.1,0.0,고순종실록,50.0,승정원일기,50.0
雲交,2,13,8,61.5,50.0,한국사료총서,100.0,조선왕조실록,50.0
敬義齋,2,11,3,27.3,0.0,한국사료총서,50.0,승정원일기,50.0
靈邑,2,9,3,33.3,16.7,한국사료총서,66.7,승정원일기,50.0
詠歸,3,48,5,10.4,0.0,한국사료총서,50.0,조선왕조실록,50.0
茂溪,3,47,33,70.2,50.0,한국사료총서,100.0,조선왕조실록,50.0
健入浦,2,11,7,63.6,50.0,한국사료총서,100.0,승정원일기,50.0
東翼閣,2,32,22,68.8,25.0,조선왕조실록,75.0,승정원일기,50.0
蘇營,2,14,5,35.7,0.0,고순종실록,50.0,승정원일기,50.0
上三里,2,8,2,25.0,0.0,한국사료총서,50.0,승정원일기,50.0
沙於,5,43,6,14.0,0.0,고려사,50.0,조선왕조실록,50.0
串島,2,9,7,77.8,50.0,한국사료총서,100.0,조선왕조실록,50.0
廣通院,3,16,13,81.2,50.0,한국사료총서,100.0,조선왕조실록,50.0
瓦孔,2,10,8,80.0,50.0,한국사료총서,100.0,승정원일기,50.0
黃岡,3,70,61,87.1,50.0,한국사료총서,100.0,조선왕조실록,50.0
三殿閣,2,20,8,40.0,0.0,고순종실록,50.0,승정원일기,50.0
嶧陽,3,15,3,20.0,0.0,한국사료총서,50.0,승정원일기,50.0
支應庫,2,10,2,20.0,0.0,승정원일기,50.0,조선왕조실록,50.0
和龍,3,28,11,39.3,25.0,승정원일기,75.0,고순종실록,50.0
鎭岺,2,17,12,70.6,50.0,승정원일기,100.0,조선왕조실록,50.0
南北,6,5415,489,9.0,0.0,고려사,50.0,고순종실록,50.0
黃土峴,3,71,62,87.3,50.0,한국사료총서,100.0,승정원일기,50.0
三涉,3,38,25,65.8,50.0,한국사료총서,100.0,조선왕조실록,50.0
三間屛門,2,19,7,36.8,0.0,승정원일기,50.0,조선왕조실록,50.0
山東省登州府文登縣,2,9,6,66.7,50.0,한국사료총서,100.0,승정원일기,50.0
鴨江邊,2,16,3,18.8,0.0,한국사료총서,50.0,승정원일기,50.0
房谷,2,16,6,37.5,25.0,승정원일기,75.0,한국사료총서,50.0
下谷,3,17,7,41.2,16.7,승정원일기,66.7,조선왕조실록,50.0
川蜀,3,31,14,45.2,16.7,한국사료총서,66.7,조선왕조실록,50.0
水閣橋,3,41,33,80.5,50.0,한국사료총서,100.0,조선왕조실록,50.0
陽池,2,11,3,27.3,0.0,승정원일기,50.0,한국사료총서,50.0
羅州城,2,12,4,33.3,16.7,한국사료총서,66.7,조선왕조실록,50.0
康陵丁字閣,2,10,7,70.0,50.0,조선왕조실록,100.0,승정원일기,50.0
所邑,3,42,6,14.3,0.0,고순종실록,50.0,한국사료총서,50.0
南原場,2,7,2,28.6,0.0,조선왕조실록,50.0,승정원일기,50.0
中峯,4,68,12,17.6,0.0,고려사,50.0,조선왕조실록,50.0
桐藪,2,13,6,46.2,0.0,한국사료총서,50.0,고려사,50.0
御筆閣,3,15,5,33.3,0.0,한국사료총서,50.0,승정원일기,50.0
馳馬基,2,19,5,26.3,0.0,조선왕조실록,50.0,승정원일기,50.0
無老,5,237,7,3.0,0.0,승정원일기,50.0,고려사절요,50.0
大橋川,2,13,2,15.4,0.0,한국사료총서,50.0,조선왕조실록,50.0
烏斯,3,15,11,73.3,50.0,한국사료총서,100.0,고려사,50.0
萬弩,4,31,8,25.8,0.0,승정원일기,50.0,한국사료총서,50.0
葛豐,2,12,10,83.3,50.0,승정원일기,100.0,조선왕조실록,50.0
長州,4,68,45,66.2,50.0,한국사료총서,100.0,조선왕조실록,50.0
東京路,2,8,6,75.0,50.0,고려사,100.0,고려사절요,50.0
京畿內,2,11,2,18.2,0.0,조선왕조실록,50.0,승정원일기,50.0
栢子洞,2,8,6,75.0,50.0,한국사료총서,100.0,승정원일기,50.0
道巖,3,20,9,45.0,30.0,한국사료총서,80.0,조선왕조실록,50.0
容城,2,10,6,60.0,33.3,조선왕조실록,83.3,한국사료총서,50.0
雲浮,3,33,6,18.2,0.0,한국사료총서,50.0,승정원일기,50.0
畿海邑,2,9,3,33.3,0.0,조선왕조실록,50.0,승정원일기,50.0
永寧殿第十一室,2,31,13,41.9,0.0,조선왕조실록,50.0,승정원일기,50.0
馬北,2,17,2,11.8,0.0,한국사료총서,50.0,조선왕조실록,50.0
淸州華陽洞,3,15,13,86.7,50.0,한국사료총서,100.0,조선왕조실록,50.0
文義地,2,52,23,44.2,0.0,조선왕조실록,50.0,승정원일기,50.0
木島,3,38,31,81.6,50.0,한국사료총서,100.0,승정원일기,50.0
白羊,4,84,21,25.0,0.0,고려사,50.0,승정원일기,50.0
丘縣,4,42,33,78.6,50.0,한국사료총서,100.0,삼국사기,50.0
銀杏亭,3,39,34,87.2,50.0,한국사료총서,100.0,조선왕조실록,50.0
川北面,2,11,8,72.7,50.0,한국사료총서,100.0,승정원일기,50.0
老谷,3,48,29,60.4,50.0,조선왕조실록,100.0,삼국사기,50.0
三谷,2,11,2,18.2,0.0,승정원일기,50.0,한국사료총서,50.0
歷城,2,7,2,28.6,0.0,한국사료총서,50.0,승정원일기,50.0
蘭浦,3,43,33,76.7,50.0,승정원일기,100.0,조선왕조실록,50.0
博石,3,48,4,8.3,0.0,승정원일기,50.0,한국사료총서,50.0
蓋馬,4,67,10,14.9,0.0,조선왕조실록,50.0,삼국사기,50.0
全羅道長興府,2,85,82,96.5,50.0,조선왕조실록,100.0,승정원일기,50.0
襄,8,6166,1770,28.7,0.0,삼국유사,50.0,삼국사기,50.0
豐田驛,3,59,54,91.5,50.0,한국사료총서,100.0,조선왕조실록,50.0
東仁,4,134,4,3.0,0.0,한국사료총서,50.0,조선왕조실록,50.0
大明殿,3,18,5,27.8,0.0,조선왕조실록,50.0,승정원일기,50.0
萬春,6,619,11,1.8,0.0,고려사,50.0,고순종실록,50.0
方山城,3,126,52,41.3,0.0,한국사료총서,50.0,조선왕조실록,50.0
咸鏡南北道,4,52,40,76.9,50.0,조선왕조실록,100.0,승정원일기,50.0
尾浦,3,31,21,67.7,50.0,한국사료총서,100.0,조선왕조실록,50.0
南林,2,12,2,16.7,0.0,한국사료총서,50.0,승정원일기,50.0
白洛,2,12,2,16.7,0.0,승정원일기,50.0,한국사료총서,50.0
荊石,2,23,13,56.5,50.0,승정원일기,100.0,한국사료총서,50.0
交何,4,23,3,13.0,0.0,고순종실록,50.0,조선왕조실록,50.0
南溪,5,121,18,14.9,0.0,고려사절요,50.0,고려사,50.0
南陽大阜島,4,18,16,88.9,50.0,한국사료총서,100.0,조선왕조실록,50.0
五雲,5,374,6,1.6,0.0,고려사,50.0,고순종실록,50.0
竹苞,2,22,7,31.8,0.0,한국사료총서,50.0,조선왕조실록,50.0
細柳,4,139,39,28.1,0.0,고려사,50.0,조선왕조실록,50.0
會昌,3,122,2,1.6,0.0,승정원일기,50.0,조선왕조실록,50.0
在德山,3,34,5,14.7,0.0,승정원일기,50.0,조선왕조실록,50.0
興河,2,12,3,25.0,0.0,승정원일기,50.0,한국사료총서,50.0
黑島,4,28,24,85.7,50.0,한국사료총서,100.0,조선왕조실록,50.0
茅山,3,42,34,81.0,50.0,한국사료총서,100.0,조선왕조실록,50.0
北河,5,166,11,6.6,0.0,고려사,50.0,삼국사기,50.0
瀋陽,6,3180,2921,91.9,50.0,고려사,100.0,고순종실록,50.0
非刀,2,23,2,8.7,0.0,승정원일기,50.0,조선왕조실록,50.0
駕鶴,3,31,7,22.6,0.0,조선왕조실록,50.0,승정원일기,50.0
南挑浦,2,7,5,71.4,50.0,승정원일기,100.0,조선왕조실록,50.0
山淸,4,495,381,77.0,50.0,한국사료총서,100.0,고순종실록,50.0
漆原,6,878,578,65.8,50.0,고려사,100.0,고순종실록,50.0
次南,4,51,9,17.6,0.0,삼국사기,50.0,한국사료총서,50.0
亞細亞,3,47,19,40.4,0.0,승정원일기,50.0,고순종실록,50.0
德坪,3,41,31,75.6,50.0,한국사료총서,100.0,조선왕조실록,50.0
定宗廟,3,26,3,11.5,0.0,조선왕조실록,50.0,승정원일기,50.0
檢丁,3,36,9,25.0,0.0,승정원일기,50.0,한국사료총서,50.0
秋洞,2,13,8,61.5,25.0,승정원일기,75.0,한국사료총서,50.0
靑山島鎭,2,10,2,20.0,0.0,승정원일기,50.0,고순종실록,50.0
江西郡,2,46,24,52.2,40.0,승정원일기,90.0,한국사료총서,50.0
宣沙鎭,3,28,23,82.1,50.0,한국사료총서,100.0,조선왕조실록,50.0
厚陵丁字閣,2,19,6,31.6,0.0,조선왕조실록,50.0,승정원일기,50.0
天然亭,2,47,2,4.3,0.0,한국사료총서,50.0,승정원일기,50.0
南河,4,107,13,12.1,0.0,고려사,50.0,한국사료총서,50.0
庇仁地,2,27,10,37.0,0.0,조선왕조실록,50.0,승정원일기,50.0
板浦,2,8,6,75.0,50.0,한국사료총서,100.0,조선왕조실록,50.0
靜岡,3,16,14,87.5,50.0,한국사료총서,100.0,승정원일기,50.0
小黑山,2,34,19,55.9,50.0,한국사료총서,100.0,승정원일기,50.0
令昌,4,59,2,3.4,0.0,승정원일기,50.0,고려사,50.0
佐谷,2,12,9,75.0,50.0,한국사료총서,100.0,조선왕조실록,50.0
慶尙道興海,3,56,53,94.6,50.0,한국사료총서,100.0,조선왕조실록,50.0
連峯,3,22,7,31.8,0.0,한국사료총서,50.0,조선왕조실록,50.0
咸鏡道德源,3,76,71,93.4,50.0,한국사료총서,100.0,조선왕조실록,50.0
陽川,6,2272,1644,72.4,50.0,고려사,100.0,고순종실록,50.0
永可,3,15,2,13.3,0.0,승정원일기,50.0,조선왕조실록,50.0
厚里,2,13,11,84.6,50.0,한국사료총서,100.0,조선왕조실록,50.0
新澤,2,14,2,14.3,0.0,승정원일기,50.0,한국사료총서,50.0
野洞,3,15,10,66.7,50.0,조선왕조실록,100.0,승정원일기,50.0
馬谷,2,27,16,59.3,50.0,한국사료총서,100.0,조선왕조실록,50.0
十二浦,2,11,5,45.5,0.0,조선왕조실록,50.0,승정원일기,50.0
報寧,3,12,4,33.3,0.0,한국사료총서,50.0,승정원일기,50.0
鳳凰洞,2,152,148,97.4,50.0,한국사료총서,100.0,승정원일기,50.0
造泡,3,238,24,10.1,0.0,한국사료총서,50.0,조선왕조실록,50.0
成川鎭,2,22,2,9.1,0.0,한국사료총서,50.0,조선왕조실록,50.0
弘禮門,3,102,93,91.2,50.0,승정원일기,100.0,고순종실록,50.0
助浦,3,26,9,34.6,0.0,한국사료총서,50.0,승정원일기,50.0
照海,4,21,3,14.3,0.0,고순종실록,50.0,조선왕조실록,50.0
江都倉,2,9,3,33.3,0.0,조선왕조실록,50.0,승정원일기,50.0
崇安,5,58,12,20.7,0.0,고려사,50.0,승정원일기,50.0
照牙坪,2,11,9,81.8,50.0,한국사료총서,100.0,조선왕조실록,50.0
沙道,4,45,27,60.0,25.0,조선왕조실록,75.0,한국사료총서,50.0
石南,4,89,13,14.6,0.0,삼국사기,50.0,조선왕조실록,50.0
天津衛,2,13,5,38.5,0.0,승정원일기,50.0,한국사료총서,50.0
平南道,3,40,2,5.0,0.0,승정원일기,50.0,한국사료총서,50.0
康津縣薪智島,4,268,264,98.5,50.0,한국사료총서,100.0,고순종실록,50.0
嶺南道,5,299,11,3.7,0.0,고순종실록,50.0,고려사,50.0
永宗浦,2,12,10,83.3,50.0,승정원일기,100.0,조선왕조실록,50.0
麻谷,3,28,18,64.3,50.0,한국사료총서,100.0,조선왕조실록,50.0
豊潤,2,14,6,42.9,0.0,승정원일기,50.0,한국사료총서,50.0
上海,4,708,562,79.4,33.3,조선왕조실록,83.2,한국사료총서,49.9
長壽,7,744,211,28.4,0.0,고려사절요,49.9,승정원일기,49.9
日光山,3,78,40,51.3,34.7,한국사료총서,84.6,조선왕조실록,49.9
良才驛,3,213,187,87.8,42.9,한국사료총서,92.7,조선왕조실록,49.9
眞殿,6,4725,1886,39.9,0.0,고려사,49.8,승정원일기,49.8
毛里,3,59,31,52.5,18.8,한국사료총서,68.6,조선왕조실록,49.8
川府,5,11019,2556,23.2,14.3,고려사,64.0,고순종실록,49.8
楊口縣,3,519,155,29.9,27.9,승정원일기,77.8,한국사료총서,49.8
潮州,3,57,42,73.7,41.2,한국사료총서,90.9,승정원일기,49.7
黨山,4,99,83,83.8,40.0,한국사료총서,89.7,승정원일기,49.7
昌善,4,406,89,21.9,16.9,승정원일기,66.7,조선왕조실록,49.7
獜蹄縣,2,31,10,32.3,21.7,승정원일기,71.4,한국사료총서,49.7
雲浦,4,275,173,62.9,50.3,승정원일기,100.0,고순종실록,49.7
嶺南左,3,210,78,37.1,0.0,한국사료총서,49.7,승정원일기,49.7
金溝縣,4,534,115,21.5,17.0,승정원일기,66.7,고려사,49.7
北門,7,2214,737,33.3,0.0,고려사,49.6,승정원일기,49.6
靑坡驛,3,49,27,55.1,20.0,한국사료총서,69.6,조선왕조실록,49.6
新院,3,260,113,43.5,25.4,한국사료총서,75.0,조선왕조실록,49.6
東籍,3,714,331,46.4,0.0,조선왕조실록,49.6,승정원일기,49.6
三城,6,312,111,35.6,0.0,고려사,49.5,승정원일기,49.5
稽山,2,22,6,27.3,7.7,한국사료총서,57.1,승정원일기,49.5
井浦,3,256,163,63.7,49.1,승정원일기,98.6,조선왕조실록,49.5
利川地,2,208,98,47.1,0.0,조선왕조실록,49.5,승정원일기,49.5
泥田,2,230,189,82.2,33.3,승정원일기,82.8,한국사료총서,49.5
路梁,3,57,44,77.2,45.5,한국사료총서,95.0,조선왕조실록,49.5
長嶺,4,75,45,60.0,36.4,승정원일기,85.7,삼국사기,49.4
祖陵,4,198,49,24.7,0.0,고순종실록,49.4,승정원일기,49.4
龍潭郡,2,32,7,21.9,17.2,승정원일기,66.7,고순종실록,49.4
甲串,6,348,298,85.6,50.6,한국사료총서,100.0,고순종실록,49.4
日向,3,468,87,18.6,0.0,승정원일기,49.4,조선왕조실록,49.4
江陵府,6,1158,346,29.9,27.1,승정원일기,76.5,고순종실록,49.4
洪川縣,4,663,213,32.1,30.6,승정원일기,80.0,고순종실록,49.4
江,8,115009,57933,50.4,25.2,한국사료총서,74.6,고순종실록,49.4
甘同,3,243,91,37.4,10.5,한국사료총서,59.8,승정원일기,49.3
歷山,5,79,32,40.5,17.4,한국사료총서,66.7,고려사절요,49.3
羌胡,2,148,3,2.0,0.7,승정원일기,50.0,조선왕조실록,49.3
長平,5,96,54,56.2,33.3,승정원일기,82.6,조선왕조실록,49.3
林川郡,4,744,144,19.4,17.4,승정원일기,66.7,고순종실록,49.3
西里,4,92,67,72.8,33.3,삼국유사,82.6,한국사료총서,49.3
德成,6,3678,570,15.5,0.0,고순종실록,49.2,조선왕조실록,49.2
和寧,5,139,30,21.6,2.2,승정원일기,51.4,조선왕조실록,49.2
宜寧,6,1688,1058,62.7,50.8,승정원일기,100.0,고순종실록,49.2
盤松,4,391,308,78.8,44.4,한국사료총서,93.6,조선왕조실록,49.2
甕津府,3,190,68,35.8,34.1,승정원일기,83.3,고순종실록,49.2
奉慈殿,3,353,91,25.8,0.0,한국사료총서,49.2,조선왕조실록,49.2
洛陽,5,453,310,68.4,50.9,한국사료총서,100.0,삼국사기,49.1
神光,5,484,238,49.2,25.0,고려사절요,74.0,조선왕조실록,49.0
東橋,2,22,13,59.1,38.5,한국사료총서,87.5,승정원일기,49.0
豐水,2,23,5,21.7,17.6,승정원일기,66.7,조선왕조실록,49.0
寅火,4,273,123,45.1,33.3,한국사료총서,82.4,조선왕조실록,49.0
城北,7,459,106,23.1,0.0,고려사,49.0,승정원일기,49.0
鬱,7,25332,438,1.7,1.0,승정원일기,50.0,삼국사기,49.0
孝純墓,2,54,43,79.6,33.3,조선왕조실록,82.4,승정원일기,49.0
東洞,3,35,20,57.1,38.5,승정원일기,87.5,조선왕조실록,49.0
羅下,3,80,17,21.2,17.6,조선왕조실록,66.7,승정원일기,49.0
三街,2,16,4,25.0,11.1,한국사료총서,60.0,승정원일기,48.9
永平縣,3,528,114,21.6,16.1,승정원일기,65.0,한국사료총서,48.9
廣達門外,2,182,85,46.7,0.0,조선왕조실록,48.9,승정원일기,48.9
飛山,2,38,10,26.3,11.1,한국사료총서,60.0,조선왕조실록,48.9
良策,4,760,175,23.0,0.0,고순종실록,48.9,한국사료총서,48.9
伊川縣,3,157,34,21.7,6.4,승정원일기,55.3,조선왕조실록,48.9
橫濱,3,63,42,66.7,51.2,한국사료총서,100.0,승정원일기,48.8
西洞,3,65,29,44.6,21.7,조선왕조실록,70.6,한국사료총서,48.8
禧陵右岡,3,50,20,40.0,0.0,고순종실록,48.8,승정원일기,48.8
陽院,3,51,17,33.3,17.9,한국사료총서,66.7,조선왕조실록,48.8
白翎鎭,5,223,199,89.2,47.4,한국사료총서,96.2,조선왕조실록,48.8
市坪,2,63,48,76.2,33.3,조선왕조실록,82.1,승정원일기,48.8
重林,3,424,198,46.7,42.4,승정원일기,91.2,조선왕조실록,48.8
牛頭,4,136,47,34.6,23.4,한국사료총서,72.2,삼국사기,48.8
金化,6,1433,1039,72.5,50.0,고려사,98.8,조선왕조실록,48.8
許沙,3,349,140,40.1,33.3,한국사료총서,82.1,조선왕조실록,48.8
忠北,3,144,103,71.5,47.9,한국사료총서,96.7,승정원일기,48.7
南陽,6,4540,3214,70.8,50.0,고려사,98.7,고순종실록,48.7
燕歧,4,202,161,79.7,51.3,승정원일기,100.0,조선왕조실록,48.7
後百,7,395,38,9.6,0.0,고려사,48.6,한국사료총서,48.6
雲峯,4,1123,626,55.7,47.0,한국사료총서,95.5,조선왕조실록,48.6
尾島,4,130,93,71.5,51.4,한국사료총서,100.0,조선왕조실록,48.6
飛鳳,3,97,10,10.3,1.4,한국사료총서,50.0,조선왕조실록,48.6
西館,3,105,18,17.1,0.0,조선왕조실록,48.6,승정원일기,48.6
嘉山郡,4,790,163,20.6,18.1,승정원일기,66.7,고순종실록,48.6
新村,4,345,263,76.2,51.4,한국사료총서,100.0,삼국사기,48.6
庇仁郡,2,26,7,26.9,18.2,승정원일기,66.7,한국사료총서,48.5
南倉,3,433,166,38.3,6.3,한국사료총서,54.8,승정원일기,48.5
外烟,3,25,9,36.0,18.2,한국사료총서,66.7,승정원일기,48.5
金臺,3,85,16,18.8,0.0,조선왕조실록,48.5,승정원일기,48.5
宗廟西,2,107,48,44.9,0.0,조선왕조실록,48.5,승정원일기,48.5
永建,3,424,35,8.3,0.0,한국사료총서,48.5,조선왕조실록,48.5
加老,3,45,16,35.6,18.2,조선왕조실록,66.7,승정원일기,48.5
鳳凰,6,2194,1264,57.6,16.7,고려사,65.2,승정원일기,48.5
四處史庫,2,67,30,44.8,0.0,고순종실록,48.4,승정원일기,48.4
獐子,3,126,98,77.8,48.9,한국사료총서,97.4,승정원일기,48.4
德津,5,482,272,56.4,51.6,승정원일기,100.0,고순종실록,48.4
川坪,2,70,65,92.9,50.0,한국사료총서,98.4,승정원일기,48.4
山東省,3,152,108,71.1,51.6,한국사료총서,100.0,조선왕조실록,48.4
咸鏡道,4,7836,7137,91.1,51.0,한국사료총서,99.5,조선왕조실록,48.4
西小門內,3,88,35,39.8,0.0,조선왕조실록,48.4,승정원일기,48.4
冬乙,3,51,23,45.1,22.2,한국사료총서,70.6,조선왕조실록,48.4
齊楚,3,90,4,4.4,1.7,승정원일기,50.0,조선왕조실록,48.3
柒,5,1971,779,39.5,11.7,한국사료총서,60.0,고려사,48.3
十字橋,2,20,12,60.0,25.0,한국사료총서,73.3,승정원일기,48.3
七城,4,50,15,30.0,0.0,삼국사기,48.3,승정원일기,48.3
渭源,3,201,126,62.7,51.7,승정원일기,100.0,조선왕조실록,48.3
撫山,2,45,35,77.8,45.5,한국사료총서,93.8,조선왕조실록,48.3
晩村,2,42,14,33.3,5.9,승정원일기,54.2,한국사료총서,48.3
蓮城,3,124,41,33.1,2.4,조선왕조실록,50.7,승정원일기,48.3
花島,4,102,87,85.3,47.6,한국사료총서,95.9,승정원일기,48.3
海院,2,17,7,41.2,14.3,고려사,62.5,한국사료총서,48.2
德留,3,44,23,52.3,14.3,한국사료총서,62.5,조선왕조실록,48.2
懿廟,2,118,22,18.6,4.8,조선왕조실록,52.9,승정원일기,48.2
京畿楊根地,2,360,171,47.5,0.0,조선왕조실록,48.2,승정원일기,48.2
雲峰,4,565,440,77.9,47.4,한국사료총서,95.7,고순종실록,48.2
涪州,2,17,11,64.7,37.5,한국사료총서,85.7,승정원일기,48.2
雲頭,3,257,137,53.3,20.0,한국사료총서,68.2,조선왕조실록,48.2
鍾路,2,252,153,60.7,43.9,한국사료총서,92.0,승정원일기,48.1
二橋,3,46,14,30.4,0.0,한국사료총서,48.1,승정원일기,48.1
兗,3,458,76,16.6,4.4,조선왕조실록,52.6,승정원일기,48.1
波市,2,38,25,65.8,28.6,조선왕조실록,76.7,승정원일기,48.1
黑龍江,3,105,79,75.2,51.9,한국사료총서,100.0,승정원일기,48.1
尙州郡,3,60,16,26.7,18.6,승정원일기,66.7,한국사료총서,48.1
銅山,3,78,11,14.1,1.9,승정원일기,50.0,한국사료총서,48.1
安山,6,2406,1924,80.0,51.9,고려사,100.0,고순종실록,48.1
旌義縣,4,1467,816,55.6,51.9,한국사료총서,100.0,고순종실록,48.1
中嶺,4,221,102,46.2,0.0,고순종실록,48.1,승정원일기,48.1
安東郡,3,62,34,54.8,42.9,승정원일기,90.9,한국사료총서,48.1
廣坪,4,224,125,55.8,52.0,승정원일기,100.0,조선왕조실록,48.0
茂朱郡,2,31,13,41.9,32.0,승정원일기,80.0,고순종실록,48.0
山臺,5,282,27,9.6,2.0,조선왕조실록,50.0,고려사절요,48.0
崇信,6,727,115,15.8,0.0,고려사,48.0,승정원일기,48.0
光祿寺,3,96,6,6.2,2.0,한국사료총서,50.0,승정원일기,48.0
梁山,4,2348,1762,75.0,52.0,한국사료총서,100.0,고순종실록,48.0
安谷,4,72,44,61.1,52.0,한국사료총서,100.0,조선왕조실록,48.0
平安道龍川府,2,56,53,94.6,50.0,한국사료총서,98.0,승정원일기,48.0
沙河,3,147,111,75.5,47.8,한국사료총서,95.8,승정원일기,48.0
文州,4,40,28,70.0,33.3,한국사료총서,81.2,조선왕조실록,47.9
陽智縣,3,657,75,11.4,7.7,승정원일기,55.6,한국사료총서,47.9
東郡,6,249,98,39.4,23.5,조선왕조실록,71.4,고순종실록,47.9
斗尾,2,39,20,51.3,23.5,한국사료총서,71.4,승정원일기,47.9
抱川郡,2,37,10,27.0,18.8,승정원일기,66.7,고순종실록,47.9
忠道,4,2090,1942,92.9,50.0,한국사료총서,97.9,조선왕조실록,47.9
鶴城,4,509,38,7.5,2.1,승정원일기,50.0,고려사,47.9
新昌郡,2,21,6,28.6,18.8,승정원일기,66.7,한국사료총서,47.9
華陽,4,659,536,81.3,44.7,한국사료총서,92.6,승정원일기,47.8
堤川縣,4,640,143,22.3,18.9,승정원일기,66.7,한국사료총서,47.8
北兩路,3,44,11,25.0,0.0,조선왕조실록,47.8,승정원일기,47.8
楊州獄,2,28,11,39.3,0.0,조선왕조실록,47.8,승정원일기,47.8
正陽,4,251,86,34.3,7.8,한국사료총서,55.7,승정원일기,47.8
老梁,3,418,200,47.8,46.0,승정원일기,93.8,조선왕조실록,47.8
紅軍,2,27,11,40.7,0.0,한국사료총서,47.8,조선왕조실록,47.8
鐘城,3,77,60,77.9,52.2,한국사료총서,100.0,조선왕조실록,47.8
夫子廟,3,77,12,15.6,0.0,조선왕조실록,47.8,승정원일기,47.8
冷井,3,238,203,85.3,46.7,한국사료총서,94.4,승정원일기,47.7
聞慶縣,4,616,185,30.0,23.7,승정원일기,71.4,고순종실록,47.7
釜山城,2,21,11,52.4,27.3,한국사료총서,75.0,조선왕조실록,47.7
東坡,3,286,99,34.6,12.6,승정원일기,60.3,조선왕조실록,47.7
貳極,4,2059,850,41.3,0.0,한국사료총서,47.7,승정원일기,47.7
元山港,3,136,126,92.6,52.4,한국사료총서,100.0,승정원일기,47.6
懿,8,13914,4651,33.4,0.0,삼국사기,47.6,승정원일기,47.6
載安,3,48,10,20.8,0.0,조선왕조실록,47.6,승정원일기,47.6
龍池,3,60,27,45.0,20.8,한국사료총서,68.4,승정원일기,47.6
陽德,4,1516,970,64.0,52.4,한국사료총서,100.0,고순종실록,47.6
鄴,3,100,47,47.0,19.0,한국사료총서,66.7,조선왕조실록,47.6
鐵甕,3,238,112,47.1,4.3,한국사료총서,52.0,승정원일기,47.6
黃龍,7,745,271,36.4,0.0,고려사절요,47.6,한국사료총서,47.6
訓戎,3,686,278,40.5,34.1,승정원일기,81.5,조선왕조실록,47.5
南界,5,107,19,17.8,4.7,한국사료총서,52.2,고려사,47.5
安南,6,1714,1297,75.7,52.5,한국사료총서,100.0,고순종실록,47.5
能登,3,391,50,12.8,0.0,승정원일기,47.5,조선왕조실록,47.5
三年山,2,17,13,76.5,40.0,한국사료총서,87.5,삼국사기,47.5
隱龍,2,13,4,30.8,12.5,한국사료총서,60.0,승정원일기,47.5
兩廣,3,63,16,25.4,19.1,한국사료총서,66.7,승정원일기,47.5
吳山,3,94,26,27.7,7.7,한국사료총서,55.2,승정원일기,47.5
安州城,3,93,54,58.1,25.0,한국사료총서,72.5,승정원일기,47.5
東安,4,146,65,44.5,15.2,승정원일기,62.7,한국사료총서,47.5
大島,4,125,39,31.2,0.0,고순종실록,47.4,한국사료총서,47.4
東籍親耕田,2,511,240,47.0,0.0,조선왕조실록,47.4,승정원일기,47.4
杏山,2,31,22,71.0,52.6,한국사료총서,100.0,조선왕조실록,47.4
裳巖,2,23,9,39.1,0.0,한국사료총서,47.4,승정원일기,47.4
後漢,7,351,57,16.2,0.0,고려사,47.4,조선왕조실록,47.4
安地,3,776,308,39.7,0.0,조선왕조실록,47.4,승정원일기,47.4
田社,4,42,27,64.3,52.6,한국사료총서,100.0,조선왕조실록,47.4
蘇湖,4,71,52,73.2,52.6,한국사료총서,100.0,조선왕조실록,47.4
淸風府,4,856,91,10.6,2.7,조선왕조실록,50.0,고순종실록,47.3
啓聖,5,939,390,41.5,0.0,고려사,47.3,승정원일기,47.3
坂,6,827,158,19.1,7.3,승정원일기,54.5,고려사절요,47.3
朴山,3,150,46,30.7,10.3,한국사료총서,57.7,승정원일기,47.3
稷山,6,2295,1853,80.7,50.0,고려사절요,97.3,조선왕조실록,47.3
水入,4,174,37,21.3,2.7,한국사료총서,50.0,삼국사기,47.3
肅愼,5,73,24,32.9,0.0,고려사,47.2,한국사료총서,47.2
廣陵,4,322,89,27.6,20.6,승정원일기,67.7,한국사료총서,47.2
筑前,2,264,219,83.0,51.7,한국사료총서,98.8,조선왕조실록,47.2
狼川縣,4,580,148,25.5,24.2,승정원일기,71.4,한국사료총서,47.2
海陽,5,154,75,48.7,34.1,조선왕조실록,81.2,고려사절요,47.2
松岳,6,304,245,80.6,50.0,한국사료총서,97.2,승정원일기,47.2
赤梁,4,446,269,60.3,52.8,승정원일기,100.0,고순종실록,47.2
鴻山縣,3,619,133,21.5,18.3,승정원일기,65.5,한국사료총서,47.2
後川,3,80,13,16.2,0.0,조선왕조실록,47.1,승정원일기,47.1
合衆國,2,33,23,69.7,52.9,한국사료총서,100.0,고순종실록,47.1
德敬,3,119,8,6.7,0.0,승정원일기,47.1,한국사료총서,47.1
梅洞,2,55,47,85.5,52.9,한국사료총서,100.0,승정원일기,47.1
永平地,2,180,82,45.6,0.0,조선왕조실록,47.1,승정원일기,47.1
金海鎭,2,18,5,27.8,10.0,한국사료총서,57.1,승정원일기,47.1
彦陽縣,4,578,125,21.6,19.6,승정원일기,66.7,고순종실록,47.1
禮東,3,40,8,20.0,0.0,승정원일기,47.1,한국사료총서,47.1
安松,2,19,5,26.3,10.0,승정원일기,57.1,한국사료총서,47.1
角里,3,34,26,76.5,52.9,한국사료총서,100.0,조선왕조실록,47.1
亦島,3,28,8,28.6,0.0,승정원일기,47.1,한국사료총서,47.1
江原道蔚珍,3,94,86,91.5,52.9,한국사료총서,100.0,조선왕조실록,47.1
東眞,5,154,10,6.5,0.0,고려사,47.1,한국사료총서,47.1
慶尙南道,3,621,613,98.7,52.9,한국사료총서,100.0,승정원일기,47.1
東北兩道,2,22,8,36.4,0.0,조선왕조실록,47.1,승정원일기,47.1
昌城鎭,2,27,18,66.7,52.9,승정원일기,100.0,조선왕조실록,47.1
東籍親耕,2,517,241,46.6,0.0,조선왕조실록,47.1,승정원일기,47.1
大明,6,8831,1349,15.3,0.4,승정원일기,47.5,조선왕조실록,47.1
江華,6,14137,8854,62.6,52.6,승정원일기,99.5,고순종실록,47.0
遼中,2,35,20,57.1,22.2,조선왕조실록,69.2,한국사료총서,47.0
博川郡,4,763,123,16.1,13.0,승정원일기,60.0,고순종실록,47.0
孝,8,140635,15374,10.9,0.7,고려사절요,47.7,고순종실록,47.0
上土,4,825,385,46.7,33.3,고순종실록,80.2,조선왕조실록,46.9
戶南庫,2,54,23,42.6,0.0,조선왕조실록,46.9,승정원일기,46.9
銅雀,3,751,718,95.6,51.3,한국사료총서,98.2,승정원일기,46.9
黃海道,4,10554,9918,94.0,53.1,한국사료총서,100.0,고순종실록,46.9
雪寒,4,263,21,8.0,0.0,한국사료총서,46.9,조선왕조실록,46.9
大丘,6,2484,1711,68.9,53.2,승정원일기,100.0,삼국사기,46.8
林畔,3,172,147,85.5,44.4,한국사료총서,91.2,승정원일기,46.8
淮夷,2,42,5,11.9,3.2,승정원일기,50.0,조선왕조실록,46.8
銅雀津,3,224,206,92.0,50.0,한국사료총서,96.8,승정원일기,46.8
北二,6,1415,256,18.1,0.0,고려사,46.8,승정원일기,46.8
墨方,3,14,5,35.7,20.0,승정원일기,66.7,조선왕조실록,46.7
金川,4,2260,1695,75.0,53.3,한국사료총서,100.0,고순종실록,46.7
三禮,4,178,10,5.6,0.0,고려사,46.7,한국사료총서,46.7
陰山,3,78,16,20.5,6.7,한국사료총서,53.3,조선왕조실록,46.7
狀洞,2,8,5,62.5,33.3,승정원일기,80.0,한국사료총서,46.7
蘇城,2,14,4,28.6,20.0,한국사료총서,66.7,승정원일기,46.7
果川郡,2,30,8,26.7,20.0,승정원일기,66.7,고순종실록,46.7
原橫,2,8,3,37.5,20.0,한국사료총서,66.7,승정원일기,46.7
溟州道,3,18,12,66.7,33.3,고려사절요,80.0,고려사,46.7
壽進坊洞,2,8,5,62.5,33.3,조선왕조실록,80.0,승정원일기,46.7
平南鎭,2,18,11,61.1,33.3,한국사료총서,80.0,승정원일기,46.7
金城倉,2,11,6,54.5,33.3,한국사료총서,80.0,승정원일기,46.7
弓院,3,37,15,40.5,33.3,조선왕조실록,80.0,승정원일기,46.7
薪島鎭,2,11,8,72.7,33.3,한국사료총서,80.0,승정원일기,46.7
長延,4,32,12,37.5,20.0,승정원일기,66.7,고려사,46.7
咸鏡道南關,2,8,5,62.5,33.3,조선왕조실록,80.0,승정원일기,46.7
雲川,4,93,23,24.7,20.0,한국사료총서,66.7,고순종실록,46.7
國淸,5,194,9,4.6,0.0,고려사,46.7,승정원일기,46.7
漠北,4,50,12,24.0,0.0,한국사료총서,46.7,승정원일기,46.7
炭峴,6,51,35,68.6,53.3,한국사료총서,100.0,조선왕조실록,46.7
所安,6,1159,261,22.5,0.0,고려사,46.7,고순종실록,46.7
來洞,3,41,16,39.0,0.0,조선왕조실록,46.7,승정원일기,46.7
瀋京,2,13,8,61.5,33.3,한국사료총서,80.0,승정원일기,46.7
齊洞,2,8,5,62.5,33.3,승정원일기,80.0,한국사료총서,46.7
居昌郡,4,48,16,33.3,20.0,고순종실록,66.7,조선왕조실록,46.7
林城,4,158,110,69.6,33.3,삼국사기,80.0,조선왕조실록,46.7
昌善牧場,2,8,5,62.5,33.3,고순종실록,80.0,승정원일기,46.7
東豐,3,16,7,43.8,20.0,승정원일기,66.7,조선왕조실록,46.7
七井,2,11,5,45.5,20.0,한국사료총서,66.7,승정원일기,46.7
隱谷,2,14,7,50.0,20.0,승정원일기,66.7,한국사료총서,46.7
蘭芝,3,52,34,65.4,53.3,승정원일기,100.0,조선왕조실록,46.7
狼,8,22893,859,3.8,3.3,승정원일기,50.0,삼국유사,46.7
德源赤田社,2,10,7,70.0,33.3,한국사료총서,80.0,승정원일기,46.7
安城邑,2,8,3,37.5,20.0,승정원일기,66.7,한국사료총서,46.7
堂山,3,76,27,35.5,20.0,한국사료총서,66.7,조선왕조실록,46.7
白沙亭,2,10,7,70.0,33.3,한국사료총서,80.0,조선왕조실록,46.7
大邱鎭,3,15,7,46.7,20.0,한국사료총서,66.7,고순종실록,46.7
龍峯,2,12,6,50.0,20.0,한국사료총서,66.7,승정원일기,46.7
太祖室,3,94,7,7.4,0.0,고려사,46.7,승정원일기,46.7
二北,2,19,9,47.4,20.0,승정원일기,66.7,한국사료총서,46.7
阿沙,2,8,5,62.5,33.3,승정원일기,80.0,조선왕조실록,46.7
漆山,2,11,5,45.5,20.0,조선왕조실록,66.7,한국사료총서,46.7
雲頭里,3,197,116,58.9,53.3,승정원일기,100.0,조선왕조실록,46.7
勿良,2,9,4,44.4,20.0,조선왕조실록,66.7,한국사료총서,46.7
長峯,6,222,133,59.9,53.4,승정원일기,100.0,조선왕조실록,46.6
豆毛浦,4,480,313,65.2,53.4,한국사료총서,100.0,고순종실록,46.6
坡,6,11503,6957,60.5,44.8,한국사료총서,91.4,고순종실록,46.6
道會寧,3,159,145,91.2,50.0,한국사료총서,96.6,승정원일기,46.6
舊所,4,345,81,23.5,3.4,한국사료총서,50.0,고순종실록,46.6
甕城,3,189,36,19.0,3.4,한국사료총서,50.0,승정원일기,46.6
迎日,7,592,384,64.9,53.4,승정원일기,100.0,삼국유사,46.6
深洞,3,50,35,70.0,37.5,조선왕조실록,84.0,승정원일기,46.5
江戶,4,1014,637,62.8,45.4,한국사료총서,91.9,조선왕조실록,46.5
黃澗縣,4,467,136,29.1,24.9,승정원일기,71.4,고순종실록,46.5
報漏,3,194,44,22.7,0.0,한국사료총서,46.5,조선왕조실록,46.5
獐子島,3,112,91,81.2,53.5,한국사료총서,100.0,조선왕조실록,46.5
幽谷,4,565,225,39.8,28.5,승정원일기,75.0,고순종실록,46.5
江京,2,13,6,46.2,28.6,승정원일기,75.0,한국사료총서,46.4
漢都,3,107,43,40.2,0.0,한국사료총서,46.4,승정원일기,46.4
高北,3,44,26,59.1,28.6,한국사료총서,75.0,조선왕조실록,46.4
佐護,2,15,7,46.7,25.0,한국사료총서,71.4,조선왕조실록,46.4
公忠道,4,1225,1167,95.3,53.6,한국사료총서,100.0,고순종실록,46.4
虎里,2,11,6,54.5,25.0,승정원일기,71.4,한국사료총서,46.4
江左,4,241,58,24.1,0.0,고려사,46.4,승정원일기,46.4
泥城,4,112,87,77.7,50.0,한국사료총서,96.4,조선왕조실록,46.4
眞寶縣,4,404,60,14.9,9.3,승정원일기,55.6,한국사료총서,46.3
瀋中,3,234,50,21.4,0.0,조선왕조실록,46.3,승정원일기,46.3
野,8,29872,5377,18.0,0.7,승정원일기,47.0,조선왕조실록,46.3
龜山,6,934,412,44.1,12.5,고려사절요,58.8,한국사료총서,46.3
南畿,3,26,8,30.8,0.0,조선왕조실록,46.2,승정원일기,46.2
孝子里,2,22,10,45.5,0.0,승정원일기,46.2,한국사료총서,46.2
太祖廟,5,58,6,10.3,0.0,고려사,46.2,승정원일기,46.2
藍,8,3779,1156,30.6,0.0,삼국유사,46.2,고순종실록,46.2
纛,6,1024,206,20.1,0.0,고려사,46.2,고순종실록,46.2
鴨綠江邊,3,59,6,10.2,0.0,조선왕조실록,46.2,승정원일기,46.2
鄂,3,109,21,19.3,3.8,승정원일기,50.0,조선왕조실록,46.2
巨濟縣,5,299,101,33.8,16.3,승정원일기,62.5,고려사,46.2
谷口,4,74,15,20.3,0.0,고순종실록,46.2,조선왕조실록,46.2
多大鎭,4,43,33,76.7,53.8,한국사료총서,100.0,조선왕조실록,46.2
慕華館降轎所,2,16,6,37.5,0.0,한국사료총서,46.2,승정원일기,46.2
湖西南,3,27,6,22.2,0.0,조선왕조실록,46.2,승정원일기,46.2
東壝門,3,61,18,29.5,0.0,고려사,46.2,승정원일기,46.2
八溪,2,64,7,10.9,0.0,조선왕조실록,46.2,한국사료총서,46.2
柳浦,3,43,35,81.4,53.8,한국사료총서,100.0,조선왕조실록,46.2
靉陽,3,102,90,88.2,50.0,한국사료총서,96.2,조선왕조실록,46.2
上林,5,309,126,40.8,5.6,고려사,51.8,조선왕조실록,46.2
河東,6,2681,1868,69.7,53.8,조선왕조실록,100.0,고순종실록,46.2
小東,4,155,55,35.5,0.0,고려사,46.2,승정원일기,46.2
江寧,5,113,29,25.7,0.0,고려사절요,46.2,한국사료총서,46.2
東寢,2,35,6,17.1,0.0,조선왕조실록,46.2,승정원일기,46.2
朔方道,4,55,38,69.1,53.8,한국사료총서,100.0,조선왕조실록,46.2
宣化門外,2,43,18,41.9,0.0,조선왕조실록,46.2,승정원일기,46.2
京,8,201440,57707,28.6,18.2,삼국사기,64.3,고려사절요,46.1
巨濟,6,4119,3510,85.2,53.9,한국사료총서,100.0,고순종실록,46.1
昌城郡,3,59,23,39.0,20.6,승정원일기,66.7,조선왕조실록,46.1
車輦,3,97,52,53.6,18.2,한국사료총서,64.3,조선왕조실록,46.1
山島,7,6371,6118,96.0,54.0,한국사료총서,100.0,삼국유사,46.0
賀蘭,2,17,5,29.4,11.1,승정원일기,57.1,조선왕조실록,46.0
山玉,3,86,24,27.9,4.0,조선왕조실록,50.0,한국사료총서,46.0
道谷,3,228,201,88.2,54.0,한국사료총서,100.0,조선왕조실록,46.0
陵,8,181500,76499,42.1,7.0,삼국유사,52.9,고순종실록,45.9
京營庫,3,114,41,36.0,0.0,한국사료총서,45.9,승정원일기,45.9
東夾,4,1060,446,42.1,0.0,고려사,45.9,승정원일기,45.9
壤,8,16334,9133,55.9,33.8,한국사료총서,79.6,삼국사기,45.9
福山,4,187,82,43.9,21.8,한국사료총서,67.7,조선왕조실록,45.9
黑山,6,5886,5710,97.0,54.1,한국사료총서,100.0,고순종실록,45.9
廣東省,4,38,27,71.1,54.2,한국사료총서,100.0,조선왕조실록,45.8
上郡,3,37,12,32.4,16.7,승정원일기,62.5,조선왕조실록,45.8
連川,3,56,43,76.8,54.2,한국사료총서,100.0,조선왕조실록,45.8
靑松郡,2,37,12,32.4,20.8,승정원일기,66.7,조선왕조실록,45.8
丹砂,3,131,49,37.4,0.0,승정원일기,45.8,한국사료총서,45.8
海南郡,3,34,13,38.2,29.2,승정원일기,75.0,고순종실록,45.8
蛇山,3,88,16,18.2,9.7,조선왕조실록,55.6,한국사료총서,45.8
香橋,3,118,47,39.8,0.0,한국사료총서,45.8,승정원일기,45.8
豊,7,8942,1675,18.7,0.0,삼국유사,45.8,삼국사기,45.8
楊州邑,2,39,16,41.0,0.0,조선왕조실록,45.7,승정원일기,45.7
梅谷,3,60,43,71.7,54.3,한국사료총서,100.0,승정원일기,45.7
靈閣,2,43,17,39.5,0.0,조선왕조실록,45.7,승정원일기,45.7
扶餘縣,4,592,90,15.2,10.9,승정원일기,56.5,한국사료총서,45.7
羅漢,6,319,19,6.0,0.0,고려사,45.7,조선왕조실록,45.7
咸營,3,54,22,40.7,0.0,고순종실록,45.7,승정원일기,45.7
蒼梧,3,174,52,29.9,5.6,한국사료총서,51.3,조선왕조실록,45.7
慶尙道尙州地,2,255,113,44.3,0.0,조선왕조실록,45.6,승정원일기,45.6
石面,3,183,85,46.4,9.7,조선왕조실록,55.3,한국사료총서,45.6
柵,7,3573,505,14.1,4.4,한국사료총서,50.0,고순종실록,45.6
新津,3,26,19,73.1,44.4,승정원일기,90.0,조선왕조실록,45.6
夜晝,3,298,131,44.0,0.0,한국사료총서,45.6,승정원일기,45.6
恩津郡,3,45,12,26.7,21.1,승정원일기,66.7,한국사료총서,45.6
音浦,2,32,21,65.6,44.4,한국사료총서,90.0,조선왕조실록,45.6
安昌,5,950,70,7.4,4.4,승정원일기,50.0,고려사,45.6
靑陽,5,3010,2417,80.3,37.5,고순종실록,83.1,승정원일기,45.6
江界鎭,2,43,16,37.2,29.4,승정원일기,75.0,조선왕조실록,45.6
의성,3,85,10,11.8,0.0,고려사,45.5,한국사료총서,45.5
大興城,2,78,66,84.6,42.9,조선왕조실록,88.4,승정원일기,45.5
箕子陵,2,336,329,97.9,54.5,고순종실록,100.0,승정원일기,45.5
沙阿,3,169,159,94.1,50.0,한국사료총서,95.5,승정원일기,45.5
嶺南北,3,20,5,25.0,0.0,조선왕조실록,45.5,승정원일기,45.5
釜山浦,4,345,317,91.9,54.5,승정원일기,100.0,고순종실록,45.5
西洞口,2,27,10,37.0,0.0,조선왕조실록,45.5,승정원일기,45.5
平壤江,2,31,19,61.3,35.7,한국사료총서,81.2,조선왕조실록,45.5
陽海,3,30,8,26.7,0.0,조선왕조실록,45.5,한국사료총서,45.5
唐皮洞,2,18,13,72.2,54.5,한국사료총서,100.0,승정원일기,45.5
丹丘,3,53,36,67.9,54.5,한국사료총서,100.0,조선왕조실록,45.5
赤巖,2,19,14,73.7,54.5,한국사료총서,100.0,조선왕조실록,45.5
魯人,3,98,10,10.2,0.0,승정원일기,45.5,조선왕조실록,45.5
경주,2,16,5,31.2,0.0,삼국유사,45.5,한국사료총서,45.5
寧遠,6,1347,906,67.3,54.5,고려사,100.0,고순종실록,45.5
土峴,3,80,69,86.2,54.5,한국사료총서,100.0,승정원일기,45.5
慶門,4,273,89,32.6,0.0,고려사,45.5,조선왕조실록,45.5
皇帝陵,3,24,5,20.8,0.0,조선왕조실록,45.5,승정원일기,45.5
基華,3,702,5,0.7,0.0,승정원일기,45.5,한국사료총서,45.5
環城,3,61,16,26.2,0.0,조선왕조실록,45.5,승정원일기,45.5
黃草,4,138,31,22.5,2.9,한국사료총서,48.5,조선왕조실록,45.5
菁州,3,39,33,84.6,50.0,고려사,95.5,삼국사기,45.5
天壽,5,283,34,12.0,0.0,고려사,45.5,조선왕조실록,45.5
懷川,3,37,12,32.4,0.0,승정원일기,45.5,한국사료총서,45.5
連谷,4,66,51,77.3,54.5,한국사료총서,100.0,고려사,45.5
靑鶴洞,2,19,14,73.7,54.5,한국사료총서,100.0,승정원일기,45.5
埃及,2,39,17,43.6,0.0,승정원일기,45.5,한국사료총서,45.5
古理山,2,16,5,31.2,0.0,한국사료총서,45.5,조선왕조실록,45.5
皇華坊,3,79,71,89.9,50.0,한국사료총서,95.5,승정원일기,45.5
甑島,3,31,21,67.7,54.5,한국사료총서,100.0,조선왕조실록,45.5
利原,4,461,430,93.3,54.5,한국사료총서,100.0,고순종실록,45.5
楡谷,2,15,10,66.7,54.5,한국사료총서,100.0,조선왕조실록,45.5
釜山,4,6362,4307,67.7,54.1,한국사료총서,99.5,고순종실록,45.4
碧潼郡,4,855,262,30.6,27.3,승정원일기,72.7,고순종실록,45.4
新溪縣,4,641,153,23.9,21.3,조선왕조실록,66.7,한국사료총서,45.4
南間,4,1512,355,23.5,0.0,고순종실록,45.3,승정원일기,45.3
麻田郡,4,551,82,14.9,11.0,승정원일기,56.2,한국사료총서,45.3
藍浦地,2,57,24,42.1,0.0,조선왕조실록,45.3,승정원일기,45.3
慶尙道右道,2,59,25,42.4,34.7,조선왕조실록,80.0,승정원일기,45.3
中洞,2,49,25,51.0,21.4,승정원일기,66.7,한국사료총서,45.2
安淸,3,40,22,55.0,20.0,조선왕조실록,65.2,한국사료총서,45.2
東挾門,3,467,205,43.9,0.0,고순종실록,45.2,승정원일기,45.2
筑後,2,17,12,70.6,33.3,한국사료총서,78.6,조선왕조실록,45.2
完山府,3,94,19,20.2,4.8,승정원일기,50.0,한국사료총서,45.2
三登郡,2,17,5,29.4,21.4,승정원일기,66.7,고순종실록,45.2
豐基,4,1061,698,65.8,54.8,승정원일기,100.0,고순종실록,45.2
亏音,2,40,10,25.0,4.8,한국사료총서,50.0,조선왕조실록,45.2
成川郡,2,48,14,29.2,21.4,승정원일기,66.7,고순종실록,45.2
知禮縣,4,390,94,24.1,19.6,승정원일기,64.7,한국사료총서,45.1
柔遠,6,1448,290,20.0,0.0,고려사절요,45.1,조선왕조실록,45.1
通遠堡,3,85,61,71.8,52.0,한국사료총서,97.1,조선왕조실록,45.1
王儉,3,84,15,17.9,4.9,승정원일기,50.0,한국사료총서,45.1
號里,3,371,205,55.3,39.1,한국사료총서,84.2,조선왕조실록,45.1
外洞,3,80,15,18.8,4.9,승정원일기,50.0,한국사료총서,45.1
分土,3,147,31,21.1,1.5,승정원일기,46.6,한국사료총서,45.0
靑溪,3,68,54,79.4,50.0,한국사료총서,95.0,조선왕조실록,45.0
鍊兵館,2,24,14,58.3,55.0,승정원일기,100.0,조선왕조실록,45.0
山介,3,27,9,33.3,0.0,승정원일기,45.0,조선왕조실록,45.0
花島鎭,3,31,27,87.1,50.0,한국사료총서,95.0,승정원일기,45.0
梁州,7,99,76,76.8,55.0,고려사,100.0,조선왕조실록,45.0
勤政殿庭,2,146,9,6.2,0.0,조선왕조실록,45.0,승정원일기,45.0
孟山縣,4,606,98,16.2,14.1,승정원일기,59.1,한국사료총서,45.0
廣川,3,110,20,18.2,1.7,조선왕조실록,46.7,승정원일기,45.0
溫井,4,627,72,11.5,5.0,조선왕조실록,50.0,고려사,45.0
國原,6,208,18,8.7,0.0,승정원일기,45.0,삼국사기,45.0
良才,3,787,397,50.4,40.6,승정원일기,85.6,조선왕조실록,45.0
星州牧,4,885,114,12.9,5.0,조선왕조실록,50.0,고순종실록,45.0
鶴浦,5,73,63,86.3,55.0,한국사료총서,100.0,조선왕조실록,45.0
雲岩,3,264,186,70.5,27.3,고려사,72.3,한국사료총서,45.0
草川,3,31,20,64.5,55.0,한국사료총서,100.0,조선왕조실록,45.0
長山島,3,55,45,81.8,55.0,한국사료총서,100.0,승정원일기,45.0
浙東,3,59,40,67.8,28.6,한국사료총서,73.5,승정원일기,45.0
永柔縣,3,661,170,25.7,21.7,승정원일기,66.7,한국사료총서,45.0
仁川府,4,1034,247,23.9,16.3,조선왕조실록,61.3,고순종실록,45.0
瓮津,5,537,416,77.5,55.1,승정원일기,100.0,조선왕조실록,44.9
殷山,4,1065,679,63.8,55.1,승정원일기,100.0,고순종실록,44.9
聞慶地,2,55,22,40.0,0.0,조선왕조실록,44.9,승정원일기,44.9
銅店,2,49,6,12.2,5.1,승정원일기,50.0,한국사료총서,44.9
安德,5,530,54,10.2,0.0,고려사절요,44.9,한국사료총서,44.9
場巖,2,21,11,52.4,38.5,한국사료총서,83.3,승정원일기,44.9
吾里,3,76,52,68.4,55.2,한국사료총서,100.0,고순종실록,44.8
平城,4,302,73,24.2,21.9,조선왕조실록,66.7,삼국사기,44.8
寧國,3,217,14,6.5,0.0,승정원일기,44.8,조선왕조실록,44.8
社稷,8,15866,5309,33.5,0.0,고려사,44.7,승정원일기,44.7
咸興府,4,643,462,71.9,55.3,한국사료총서,100.0,고순종실록,44.7
明國,5,239,39,16.3,0.0,고려사,44.7,조선왕조실록,44.7
襄陽府,3,767,187,24.4,19.5,조선왕조실록,64.3,한국사료총서,44.7
遼人,4,72,17,23.6,0.0,고려사,44.7,조선왕조실록,44.7
廢四郡,3,229,77,33.6,3.6,조선왕조실록,48.4,승정원일기,44.7
漢西,3,53,28,52.8,14.3,한국사료총서,59.0,승정원일기,44.7
穎川,3,90,64,71.1,35.7,한국사료총서,80.3,승정원일기,44.6
鬐,5,1511,1107,73.3,55.4,한국사료총서,100.0,고순종실록,44.6
扶安縣,4,1089,397,36.5,34.4,승정원일기,78.9,고순종실록,44.6
義興縣,3,377,48,12.7,10.9,승정원일기,55.6,한국사료총서,44.6
坡山,3,174,91,52.3,20.8,한국사료총서,65.4,승정원일기,44.6
鍾城郡,2,38,19,50.0,30.4,승정원일기,75.0,조선왕조실록,44.6
水原郡,4,81,41,50.6,40.0,조선왕조실록,84.6,고순종실록,44.6
虞芮,3,176,144,81.8,52.7,승정원일기,97.3,조선왕조실록,44.6
烏竹,3,50,16,32.0,12.5,한국사료총서,57.1,승정원일기,44.6
蒙山,2,33,13,39.4,14.3,승정원일기,58.8,한국사료총서,44.5
木浦鎭,2,21,14,66.7,45.5,한국사료총서,90.0,승정원일기,44.5
西河,4,222,74,33.3,12.9,조선왕조실록,57.4,승정원일기,44.5
景陽,3,360,118,32.8,20.0,한국사료총서,64.5,조선왕조실록,44.5
蒜,3,863,345,40.0,5.5,한국사료총서,50.0,승정원일기,44.5
釡,3,83,36,43.4,35.5,한국사료총서,80.0,삼국사기,44.5
南州,6,313,80,25.6,0.0,고려사,44.5,승정원일기,44.5
劍閣,2,33,12,36.4,0.0,한국사료총서,44.4,승정원일기,44.4
宜東,3,44,6,13.6,0.0,조선왕조실록,44.4,한국사료총서,44.4
德積鎭,3,47,39,83.0,55.6,한국사료총서,100.0,고순종실록,44.4
沿海州,5,66,4,6.1,0.0,고려사,44.4,한국사료총서,44.4
元東,2,56,5,8.9,0.0,승정원일기,44.4,한국사료총서,44.4
寧邊人,3,25,4,16.0,0.0,승정원일기,44.4,조선왕조실록,44.4
忠州牧,6,1336,319,23.9,0.0,고려사절요,44.4,고순종실록,44.4
朱村,3,38,27,71.1,55.6,한국사료총서,100.0,승정원일기,44.4
溟珍,3,28,24,85.7,55.6,한국사료총서,100.0,조선왕조실록,44.4
孔巖,4,160,146,91.2,55.6,한국사료총서,100.0,고려사,44.4
江邊六鎭,2,13,4,30.8,0.0,조선왕조실록,44.4,승정원일기,44.4
梧洞,2,14,10,71.4,55.6,한국사료총서,100.0,승정원일기,44.4
苗民,2,33,4,12.1,0.0,승정원일기,44.4,조선왕조실록,44.4
英宗大王廟庭,2,16,4,25.0,0.0,조선왕조실록,44.4,승정원일기,44.4
平薪鎭,4,55,50,90.9,55.6,한국사료총서,100.0,조선왕조실록,44.4
榮陽,2,19,4,21.1,0.0,한국사료총서,44.4,승정원일기,44.4
興州,3,36,25,69.4,55.6,한국사료총서,100.0,조선왕조실록,44.4
蕭梁,3,23,4,17.4,0.0,승정원일기,44.4,조선왕조실록,44.4
薪鎭,4,58,53,91.4,55.6,한국사료총서,100.0,조선왕조실록,44.4
夏山,3,44,5,11.4,0.0,조선왕조실록,44.4,한국사료총서,44.4
平安道泰川地,2,13,4,30.8,0.0,조선왕조실록,44.4,승정원일기,44.4
茂山府,4,754,264,35.0,22.2,한국사료총서,66.7,고순종실록,44.4
息城,3,102,7,6.9,0.0,승정원일기,44.4,한국사료총서,44.4
雪梅,3,62,8,12.9,0.0,승정원일기,44.4,한국사료총서,44.4
東門樓,3,43,6,14.0,0.0,조선왕조실록,44.4,승정원일기,44.4
淸平,6,652,26,4.0,0.0,고순종실록,44.4,고려사,44.4
隄,6,5544,20,0.4,0.0,고순종실록,44.4,삼국사기,44.4
新反,2,73,8,11.0,1.7,승정원일기,46.2,한국사료총서,44.4
楊州金谷,2,14,10,71.4,55.6,한국사료총서,100.0,고순종실록,44.4
所山,3,154,38,24.7,8.6,한국사료총서,52.9,조선왕조실록,44.4
咸鏡北道,4,1430,1370,95.8,55.6,한국사료총서,100.0,고순종실록,44.4
長厚,4,39,4,10.3,0.0,고순종실록,44.4,한국사료총서,44.4
順陽,3,108,6,5.6,0.0,승정원일기,44.4,조선왕조실록,44.4
慈山,4,1250,808,64.6,55.6,한국사료총서,100.0,고순종실록,44.4
午門外,3,75,4,5.3,0.0,조선왕조실록,44.4,승정원일기,44.4
月外,3,63,15,23.8,0.0,조선왕조실록,44.4,한국사료총서,44.4
八角,4,76,15,19.7,0.0,고려사,44.4,승정원일기,44.4
連源驛,3,15,9,60.0,33.3,조선왕조실록,77.8,승정원일기,44.4
周岸,3,24,16,66.7,33.3,한국사료총서,77.8,조선왕조실록,44.4
麻骨,2,36,4,11.1,0.0,한국사료총서,44.4,조선왕조실록,44.4
馮翊,3,119,48,40.3,0.0,조선왕조실록,44.4,승정원일기,44.4
靜,8,31685,5448,17.2,0.0,삼국사기,44.4,고려사절요,44.4
西國,6,137,11,8.0,0.0,삼국유사,44.4,조선왕조실록,44.4
憲陵,5,27,5,18.5,0.0,고려사,44.4,승정원일기,44.4
光山縣,3,44,5,11.4,5.6,승정원일기,50.0,한국사료총서,44.4
筑前州,2,233,197,84.5,55.6,한국사료총서,100.0,조선왕조실록,44.4
衡山,3,33,14,42.4,22.2,한국사료총서,66.7,조선왕조실록,44.4
末里,2,14,10,71.4,33.3,승정원일기,77.8,한국사료총서,44.4
周浦,2,14,10,71.4,55.6,한국사료총서,100.0,조선왕조실록,44.4
瑤池,4,45,7,15.6,0.0,한국사료총서,44.4,승정원일기,44.4
獒樹道,2,12,8,66.7,55.6,승정원일기,100.0,조선왕조실록,44.4
靖武祠,2,38,34,89.5,55.6,고순종실록,100.0,승정원일기,44.4
佐贊,3,47,14,29.8,0.0,조선왕조실록,44.4,한국사료총서,44.4
金洞,4,81,62,76.5,55.6,승정원일기,100.0,고려사,44.4
西宴廳,3,259,104,40.2,0.0,한국사료총서,44.4,조선왕조실록,44.4
雲興,5,261,83,31.8,0.0,고려사절요,44.3,조선왕조실록,44.3
彌,8,21034,945,4.5,1.5,고순종실록,45.8,삼국사기,44.3
晉州郡,3,52,22,42.3,35.7,승정원일기,80.0,한국사료총서,44.3
涇原,2,19,9,47.4,35.7,승정원일기,80.0,조선왕조실록,44.3
咸從縣,4,163,20,12.3,5.7,승정원일기,50.0,고려사,44.3
烟台,2,33,22,66.7,47.4,한국사료총서,91.7,승정원일기,44.3
羌,4,802,24,3.0,0.5,승정원일기,44.7,조선왕조실록,44.3
孝章墓,2,316,230,72.8,30.8,조선왕조실록,75.1,승정원일기,44.3
南蠻,4,198,53,26.8,0.0,고려사,44.2,조선왕조실록,44.2
順興府,4,467,126,27.0,20.1,승정원일기,64.3,한국사료총서,44.2
萬景,3,79,22,27.8,9.1,한국사료총서,53.3,승정원일기,44.2
西宮,4,1217,86,7.1,0.0,고순종실록,44.2,승정원일기,44.2
城隍堂,3,94,21,22.3,12.9,한국사료총서,57.1,승정원일기,44.2
鐵城,4,123,39,31.7,8.9,조선왕조실록,53.1,한국사료총서,44.2
喜雨,4,495,78,15.8,0.0,고순종실록,44.2,조선왕조실록,44.2
恩津地,3,47,15,31.9,0.0,조선왕조실록,44.1,승정원일기,44.1
靑松府,4,565,61,10.8,3.2,조선왕조실록,47.4,한국사료총서,44.1
新海,2,28,5,17.9,5.9,승정원일기,50.0,한국사료총서,44.1
喬洞,2,39,24,61.5,55.9,승정원일기,100.0,한국사료총서,44.1
京畿南陽地,2,96,41,42.7,0.0,한국사료총서,44.1,승정원일기,44.1
月覲門外,2,97,41,42.3,0.0,한국사료총서,44.1,승정원일기,44.1
高麗人,5,182,15,8.2,0.0,고려사,44.1,조선왕조실록,44.1
雪城,2,26,5,19.2,5.9,조선왕조실록,50.0,한국사료총서,44.1
光州牧,5,1123,425,37.8,6.0,조선왕조실록,50.0,고려사,44.0
安陵縣,2,28,17,60.7,56.0,승정원일기,100.0,조선왕조실록,44.0
浙,5,982,607,61.8,41.9,한국사료총서,85.9,조선왕조실록,44.0
梧峴,2,33,22,66.7,56.0,한국사료총서,100.0,승정원일기,44.0
薪,7,6705,3414,50.9,16.7,고려사절요,60.7,승정원일기,44.0
曲沃,2,30,18,60.0,56.0,승정원일기,100.0,조선왕조실록,44.0
懷廟,2,51,22,43.1,18.2,조선왕조실록,62.1,승정원일기,43.9
月川,3,201,80,39.8,0.0,조선왕조실록,43.9,한국사료총서,43.9
仁里,2,341,309,90.6,50.0,승정원일기,93.9,한국사료총서,43.9
群山,6,1680,1181,70.3,56.1,한국사료총서,100.0,고려사절요,43.9
孝思殿,2,134,78,58.2,51.3,승정원일기,95.2,조선왕조실록,43.9
成川府,4,963,152,15.8,13.3,승정원일기,57.1,고순종실록,43.9
暎,5,1891,644,34.1,0.0,고려사,43.9,조선왕조실록,43.9
浙江,4,447,345,77.2,56.1,한국사료총서,100.0,고려사,43.9
保定府,4,72,51,70.8,56.1,한국사료총서,100.0,조선왕조실록,43.9
剌,6,32891,805,2.4,0.0,고순종실록,43.9,조선왕조실록,43.9
池洞,3,252,205,81.3,56.2,한국사료총서,100.0,조선왕조실록,43.8
萊府,4,6856,1620,23.6,7.2,한국사료총서,51.0,고순종실록,43.8
浦倉,4,124,42,33.9,6.2,한국사료총서,50.0,조선왕조실록,43.8
花川,3,223,18,8.1,2.9,조선왕조실록,46.7,한국사료총서,43.8
深水,3,39,7,17.9,0.0,승정원일기,43.8,조선왕조실록,43.8
陰城地,2,39,14,35.9,0.0,조선왕조실록,43.8,승정원일기,43.8
慈母,5,1197,304,25.4,0.0,고려사,43.8,고순종실록,43.8
開谷,2,21,14,66.7,56.2,한국사료총서,100.0,조선왕조실록,43.8
砥平,6,1608,1162,72.3,56.2,한국사료총서,100.0,고려사절요,43.8
信川郡,3,751,153,20.4,11.8,조선왕조실록,55.6,한국사료총서,43.8
尼城,3,228,124,54.4,46.2,한국사료총서,90.0,조선왕조실록,43.8
九老,3,46,8,17.4,0.0,조선왕조실록,43.8,한국사료총서,43.8
陵里,2,46,37,80.4,50.0,승정원일기,93.8,한국사료총서,43.8
驪江,3,178,102,57.3,44.3,한국사료총서,88.1,승정원일기,43.8
法興,6,135,26,19.3,0.0,고려사,43.8,승정원일기,43.8
蔚陵,4,104,73,70.2,50.0,고려사절요,93.8,승정원일기,43.8
恃寨,3,352,153,43.5,25.0,한국사료총서,68.8,조선왕조실록,43.8
東南關王廟,2,351,150,42.7,0.0,조선왕조실록,43.7,승정원일기,43.7
山雲,3,183,85,46.4,30.0,조선왕조실록,73.7,승정원일기,43.7
邯鄲,3,86,53,61.6,32.0,한국사료총서,75.7,승정원일기,43.7
社洞,3,86,36,41.9,23.9,한국사료총서,67.6,승정원일기,43.7
鉢山,3,89,58,65.2,56.3,한국사료총서,100.0,조선왕조실록,43.7
水原地,4,594,241,40.6,0.0,고순종실록,43.7,승정원일기,43.7
河內,4,138,68,49.3,23.1,한국사료총서,66.7,조선왕조실록,43.6
尙州牧,6,1151,189,16.4,2.6,조선왕조실록,46.2,고순종실록,43.6
左漕倉,2,101,41,40.6,0.0,조선왕조실록,43.6,승정원일기,43.6
水島,3,40,20,50.0,33.3,한국사료총서,76.9,조선왕조실록,43.6
廣山,3,85,32,37.6,31.4,한국사료총서,75.0,조선왕조실록,43.6
赤川,2,20,9,45.0,23.1,한국사료총서,66.7,조선왕조실록,43.6
江洞,2,17,8,47.1,20.0,조선왕조실록,63.6,한국사료총서,43.6
全義,5,1502,947,63.0,56.4,승정원일기,100.0,고순종실록,43.6
龍洞,4,547,485,88.7,50.0,고순종실록,93.6,승정원일기,43.6
江北,4,319,28,8.8,0.0,고순종실록,43.6,승정원일기,43.6
州牧,7,32057,7784,24.3,4.8,조선왕조실록,48.4,고순종실록,43.6
漆谷郡,2,24,10,41.7,23.1,승정원일기,66.7,한국사료총서,43.6
突山,7,321,234,72.9,56.5,한국사료총서,100.0,삼국사기,43.5
北里,3,124,89,71.8,40.0,조선왕조실록,83.5,한국사료총서,43.5
建安,4,75,20,26.7,0.0,조선왕조실록,43.5,한국사료총서,43.5
江界,6,5950,4615,77.6,55.4,한국사료총서,98.9,조선왕조실록,43.5
長城府,4,617,156,25.3,23.2,승정원일기,66.7,고순종실록,43.5
渭原,4,1945,1473,75.7,56.5,한국사료총서,100.0,고순종실록,43.5
洪原,6,1935,1393,72.0,56.5,한국사료총서,100.0,고순종실록,43.5
古阜,6,2037,1388,68.1,56.5,승정원일기,100.0,고순종실록,43.5
義谷,3,43,32,74.4,56.5,한국사료총서,100.0,승정원일기,43.5
邱,4,3835,1698,44.3,23.2,조선왕조실록,66.7,고순종실록,43.5
土門,4,142,104,73.2,56.5,한국사료총서,100.0,조선왕조실록,43.5
敬慕,3,232,90,38.8,0.0,한국사료총서,43.5,조선왕조실록,43.5
德源,4,2190,1508,68.9,54.2,조선왕조실록,97.7,고순종실록,43.5
巴陵,3,48,12,25.0,0.0,조선왕조실록,43.5,한국사료총서,43.5
竹山郡,2,44,10,22.7,12.1,승정원일기,55.6,한국사료총서,43.4
蠻國,2,22,8,36.4,11.1,한국사료총서,54.5,조선왕조실록,43.4
靑山縣,3,445,74,16.6,13.7,승정원일기,57.1,한국사료총서,43.4
靑松,5,1498,904,60.3,56.6,조선왕조실록,100.0,고순종실록,43.4
永興郡,3,61,22,36.1,28.0,승정원일기,71.4,고순종실록,43.4
江原道平海,3,139,120,86.3,55.3,한국사료총서,98.6,승정원일기,43.4
熊川郡,3,41,7,17.1,6.7,승정원일기,50.0,한국사료총서,43.3
京輦,3,1355,538,39.7,0.0,조선왕조실록,43.3,승정원일기,43.3
馬峙,2,37,9,24.3,13.8,한국사료총서,57.1,승정원일기,43.3
獐谷,2,12,7,58.3,40.0,한국사료총서,83.3,조선왕조실록,43.3
北道會寧,2,13,8,61.5,40.0,한국사료총서,83.3,승정원일기,43.3
廣州郡,2,23,12,52.2,40.0,승정원일기,83.3,고순종실록,43.3
馬關,3,94,64,68.1,56.7,한국사료총서,100.0,고순종실록,43.3
邑東面,2,11,7,63.6,40.0,한국사료총서,83.3,승정원일기,43.3
鳴谷,2,19,7,36.8,16.7,한국사료총서,60.0,조선왕조실록,43.3
甜水站,2,13,9,69.2,40.0,한국사료총서,83.3,승정원일기,43.3
甘,8,23749,736,3.1,0.0,삼국유사,43.3,삼국사기,43.3
燕薊,3,49,16,32.7,6.7,한국사료총서,50.0,조선왕조실록,43.3
淸州城,3,21,12,57.1,40.0,조선왕조실록,83.3,승정원일기,43.3
生里,2,27,15,55.6,30.0,승정원일기,73.3,한국사료총서,43.3
茂朱縣,3,65,15,23.1,3.2,승정원일기,46.4,조선왕조실록,43.2
江津,3,234,81,34.6,0.0,조선왕조실록,43.2,승정원일기,43.2
七星,5,216,37,17.1,0.0,고려사,43.2,조선왕조실록,43.2
上面,4,408,65,15.9,0.0,조선왕조실록,43.2,한국사료총서,43.2
胡,8,24277,3598,14.8,0.0,고려사절요,43.2,조선왕조실록,43.2
嶺以南,4,177,48,27.1,0.0,고순종실록,43.2,승정원일기,43.2
舊所非,3,171,80,46.8,44.3,승정원일기,87.5,조선왕조실록,43.2
弘濟,6,4199,1555,37.0,0.0,고려사,43.1,조선왕조실록,43.1
大井,4,105,52,49.5,27.3,고려사,70.4,조선왕조실록,43.1
竺山,2,18,7,38.9,12.5,조선왕조실록,55.6,한국사료총서,43.1
杆城郡,5,683,203,29.7,23.5,한국사료총서,66.7,고려사절요,43.1
道順,3,548,436,79.6,44.3,한국사료총서,87.4,승정원일기,43.1
浦,8,36320,19882,54.7,47.4,승정원일기,90.5,삼국유사,43.1
綾,8,6079,1154,19.0,0.0,삼국사기,43.1,한국사료총서,43.1
雲洞,3,78,56,71.8,56.9,한국사료총서,100.0,조선왕조실록,43.1
機張,6,1957,1483,75.8,55.6,고려사,98.7,조선왕조실록,43.1
場門,3,69,15,21.7,6.9,승정원일기,50.0,한국사료총서,43.1
西小,4,1231,713,57.9,19.0,고순종실록,62.1,승정원일기,43.1
田浦,3,107,87,81.3,55.0,승정원일기,98.0,조선왕조실록,43.0
水門,4,1380,636,46.1,8.2,조선왕조실록,51.2,승정원일기,43.0
風雲雷雨,4,676,123,18.2,0.0,고순종실록,43.0,승정원일기,43.0
肅川,4,1835,1340,73.0,57.0,한국사료총서,100.0,고순종실록,43.0
馬山,7,792,621,78.4,57.0,한국사료총서,100.0,삼국사기,43.0
北,8,134158,45715,34.1,10.8,삼국유사,53.8,고순종실록,43.0
潼,4,2421,1710,70.6,57.0,한국사료총서,100.0,고순종실록,43.0
古突山,3,153,90,58.8,57.0,승정원일기,100.0,조선왕조실록,43.0
平壤,8,9651,8366,86.7,55.1,고려사절요,98.1,고순종실록,43.0
凌雲,3,44,7,15.9,0.0,조선왕조실록,42.9,승정원일기,42.9
海州郡,5,100,14,14.0,0.0,고려사,42.9,한국사료총서,42.9
咸鏡北,4,1445,1374,95.1,57.1,한국사료총서,100.0,고순종실록,42.9
海令,3,23,3,13.0,0.0,승정원일기,42.9,조선왕조실록,42.9
追慕洞,3,364,354,97.3,57.1,조선왕조실록,100.0,고순종실록,42.9
幽州,4,66,52,78.8,57.1,한국사료총서,100.0,삼국사기,42.9
蓬,8,2362,141,6.0,0.0,삼국사기,42.9,고려사절요,42.9
麗王陵,3,76,27,35.5,0.0,고순종실록,42.9,승정원일기,42.9
水剌泉,2,14,7,50.0,28.6,승정원일기,71.4,조선왕조실록,42.9
馬兒,3,44,10,22.7,0.0,승정원일기,42.9,조선왕조실록,42.9
甓寺,3,18,5,27.8,0.0,한국사료총서,42.9,조선왕조실록,42.9
海汀,3,38,7,18.4,0.0,승정원일기,42.9,한국사료총서,42.9
牛巖,3,117,78,66.7,57.1,한국사료총서,100.0,조선왕조실록,42.9
鐵物橋,2,47,33,70.2,33.3,조선왕조실록,76.2,승정원일기,42.9
通安,3,18,3,16.7,0.0,조선왕조실록,42.9,승정원일기,42.9
奉山面,2,12,9,75.0,57.1,한국사료총서,100.0,승정원일기,42.9
首露王陵,3,22,6,27.3,0.0,한국사료총서,42.9,승정원일기,42.9
碧蹄館,3,17,13,76.5,57.1,한국사료총서,100.0,승정원일기,42.9
阿山堡,2,22,14,63.6,57.1,한국사료총서,100.0,조선왕조실록,42.9
靡風,2,11,3,27.3,0.0,한국사료총서,42.9,승정원일기,42.9
歐西,2,31,4,12.9,0.0,한국사료총서,42.9,승정원일기,42.9
永平郡,3,187,25,13.4,0.0,한국사료총서,42.9,고순종실록,42.9
頭流,3,182,34,18.7,3.8,한국사료총서,46.7,조선왕조실록,42.9
仁庇,4,41,3,7.3,0.0,고려사,42.9,조선왕조실록,42.9
摩天以北,2,18,6,33.3,0.0,조선왕조실록,42.9,승정원일기,42.9
大學齋,2,11,3,27.3,0.0,승정원일기,42.9,조선왕조실록,42.9
島嶺,3,21,14,66.7,57.1,한국사료총서,100.0,조선왕조실록,42.9
龍州,4,76,65,85.5,57.1,한국사료총서,100.0,조선왕조실록,42.9
德宗廟,2,13,3,23.1,0.0,조선왕조실록,42.9,승정원일기,42.9
麻田,6,1295,881,68.0,57.1,승정원일기,100.0,삼국사기,42.9
禮洞,3,99,85,85.9,57.1,한국사료총서,100.0,조선왕조실록,42.9
龍津縣,2,21,15,71.4,57.1,조선왕조실록,100.0,고려사,42.9
淸州牧,6,1183,196,16.6,0.0,고려사절요,42.9,고순종실록,42.9
公嶮,4,54,47,87.0,57.1,한국사료총서,100.0,조선왕조실록,42.9
河防,2,14,3,21.4,0.0,승정원일기,42.9,한국사료총서,42.9
漢山州,4,56,49,87.5,57.1,한국사료총서,100.0,조선왕조실록,42.9
東西,8,11582,343,3.0,0.0,고순종실록,42.9,삼국사기,42.9
忠淸南北,3,27,20,74.1,42.9,한국사료총서,85.7,고순종실록,42.9
咸鏡道永興,3,90,86,95.6,57.1,한국사료총서,100.0,조선왕조실록,42.9
馬老,3,19,8,42.1,0.0,승정원일기,42.9,한국사료총서,42.9
渚洞,3,31,28,90.3,57.1,한국사료총서,100.0,조선왕조실록,42.9
苗匪,3,29,6,20.7,0.0,승정원일기,42.9,조선왕조실록,42.9
番川,2,12,4,33.3,0.0,승정원일기,42.9,한국사료총서,42.9
祥原地,2,32,3,9.4,0.0,조선왕조실록,42.9,승정원일기,42.9
北州,5,33,5,15.2,0.0,고려사절요,42.9,승정원일기,42.9
觀魚臺,2,28,5,17.9,0.0,한국사료총서,42.9,조선왕조실록,42.9
伊洛,3,61,9,14.8,0.0,한국사료총서,42.9,조선왕조실록,42.9
道潭,3,84,77,91.7,57.1,한국사료총서,100.0,조선왕조실록,42.9
礪山地,2,25,9,36.0,0.0,조선왕조실록,42.9,승정원일기,42.9
西正庫,2,11,3,27.3,0.0,한국사료총서,42.9,승정원일기,42.9
安南北道,3,25,20,80.0,57.1,한국사료총서,100.0,고순종실록,42.9
四瀆,4,71,6,8.5,0.0,고순종실록,42.9,승정원일기,42.9
加面,3,40,4,10.0,0.0,조선왕조실록,42.9,한국사료총서,42.9
泰壇,3,16,3,18.8,0.0,조선왕조실록,42.9,승정원일기,42.9
內佛堂,3,99,39,39.4,0.0,고려사,42.9,조선왕조실록,42.9
蹊田,3,39,3,7.7,0.0,승정원일기,42.9,조선왕조실록,42.9
全羅南北道,2,19,12,63.2,57.1,한국사료총서,100.0,고순종실록,42.9
內南門,2,12,3,25.0,0.0,한국사료총서,42.9,승정원일기,42.9
巨濟島,4,58,51,87.9,57.1,승정원일기,100.0,조선왕조실록,42.9
高領,2,11,3,27.3,0.0,한국사료총서,42.9,승정원일기,42.9
谷邑,2,11,3,27.3,0.0,조선왕조실록,42.9,승정원일기,42.9
丑山島,3,16,13,81.2,57.1,한국사료총서,100.0,조선왕조실록,42.9
朝鮮銀行,2,23,6,26.1,0.0,한국사료총서,42.9,고순종실록,42.9
順州,6,49,38,77.6,57.1,한국사료총서,100.0,조선왕조실록,42.9
龍城大君,3,50,15,30.0,0.0,고순종실록,42.9,승정원일기,42.9
三道溝,3,33,26,78.8,57.1,한국사료총서,100.0,조선왕조실록,42.9
黃磵,4,132,115,87.1,57.1,한국사료총서,100.0,조선왕조실록,42.9
楡,7,2456,335,13.6,0.0,고려사절요,42.9,조선왕조실록,42.9
寶多,2,11,4,36.4,0.0,한국사료총서,42.9,승정원일기,42.9
堅城,5,102,10,9.8,0.0,고려사절요,42.9,고려사,42.9
虎島,4,24,21,87.5,57.1,한국사료총서,100.0,조선왕조실록,42.9
史直,4,76,10,13.2,0.0,승정원일기,42.9,한국사료총서,42.9
梨花,4,168,27,16.1,4.8,조선왕조실록,47.6,승정원일기,42.9
通州江,2,12,8,66.7,57.1,조선왕조실록,100.0,승정원일기,42.9
水回,3,63,18,28.6,0.0,승정원일기,42.9,한국사료총서,42.9
馬馬海,4,223,141,63.2,57.1,한국사료총서,100.0,조선왕조실록,42.9
鎭岑縣,3,442,46,10.4,7.1,승정원일기,50.0,한국사료총서,42.9
德新,5,558,14,2.5,0.0,고순종실록,42.9,고려사,42.9
高山鎭,2,12,9,75.0,57.1,한국사료총서,100.0,승정원일기,42.9
才山,3,215,148,68.8,34.1,조선왕조실록,77.1,한국사료총서,42.9
重城,6,224,22,9.8,0.0,고려사절요,42.9,삼국사기,42.9
寧仁,4,71,34,47.9,28.6,조선왕조실록,71.4,고려사절요,42.9
平安南北,3,26,21,80.8,57.1,한국사료총서,100.0,고순종실록,42.9
帶,8,77564,90,0.1,0.0,고려사절요,42.9,삼국유사,42.9
霜草,3,15,5,33.3,0.0,조선왕조실록,42.9,승정원일기,42.9
南漢顯節祠,2,17,13,76.5,57.1,조선왕조실록,100.0,승정원일기,42.9
鐵原,6,2370,1790,75.5,57.1,고려사,100.0,고순종실록,42.9
梁永,3,221,103,46.6,41.7,한국사료총서,84.6,조선왕조실록,42.9
拜峰鎭,2,23,17,73.9,57.1,승정원일기,100.0,조선왕조실록,42.9
仁同,5,2144,1446,67.4,57.1,고려사,100.0,고순종실록,42.9
高安,5,108,7,6.5,0.0,고려사,42.9,한국사료총서,42.9
金寧,5,258,39,15.1,0.0,고순종실록,42.9,고려사,42.9
平安南北道,3,24,19,79.2,57.1,한국사료총서,100.0,고순종실록,42.9
安遠,4,45,12,26.7,0.0,고려사,42.9,한국사료총서,42.9
所屹,3,23,5,21.7,0.0,승정원일기,42.9,조선왕조실록,42.9
燕越,3,129,7,5.4,0.0,한국사료총서,42.9,조선왕조실록,42.9
小南面,3,114,85,74.6,33.3,한국사료총서,76.1,승정원일기,42.8
西林,5,557,394,70.7,57.2,한국사료총서,100.0,고려사,42.8
石泉,3,71,15,21.1,12.7,한국사료총서,55.6,승정원일기,42.8
別宮,6,2012,663,33.0,0.0,고려사,42.8,조선왕조실록,42.8
潭陽,6,1617,1078,66.7,57.3,승정원일기,100.0,고려사절요,42.7
文城,3,527,181,34.3,7.3,조선왕조실록,50.0,한국사료총서,42.7
陽村,3,180,70,38.9,3.1,조선왕조실록,45.8,한국사료총서,42.7
防谷,3,43,28,65.1,46.2,한국사료총서,88.9,승정원일기,42.7
西驛,3,94,9,9.6,2.7,승정원일기,45.5,한국사료총서,42.7
酒亭,3,336,101,30.1,0.0,한국사료총서,42.7,승정원일기,42.7
長鬐,5,1487,1100,74.0,57.3,한국사료총서,100.0,조선왕조실록,42.7
黃海道海州地,2,69,26,37.7,0.0,조선왕조실록,42.6,승정원일기,42.6
殿,8,616542,75767,12.3,0.0,고려사절요,42.6,고순종실록,42.6
賢祠,4,472,132,28.0,0.0,한국사료총서,42.6,승정원일기,42.6
代山,3,50,14,28.0,5.0,승정원일기,47.6,한국사료총서,42.6
河陽,5,897,609,67.9,57.4,승정원일기,100.0,고순종실록,42.6
內佛,3,103,41,39.8,0.0,고려사,42.6,조선왕조실록,42.6
開寧縣,4,525,107,20.4,17.4,승정원일기,60.0,고순종실록,42.6
米國,2,66,43,65.2,57.4,한국사료총서,100.0,고순종실록,42.6
石見州,2,160,120,75.0,57.4,한국사료총서,100.0,조선왕조실록,42.6
淸風地,3,121,48,39.7,0.0,조선왕조실록,42.5,승정원일기,42.5
京洛,3,364,124,34.1,0.0,조선왕조실록,42.5,승정원일기,42.5
楊里,2,22,11,50.0,37.5,조선왕조실록,80.0,한국사료총서,42.5
月島,4,60,41,68.3,57.5,한국사료총서,100.0,고려사,42.5
豆毛,4,609,403,66.2,51.6,한국사료총서,94.2,조선왕조실록,42.5
任實縣,4,877,430,49.0,24.1,조선왕조실록,66.7,한국사료총서,42.5
店洞,2,16,10,62.5,37.5,한국사료총서,80.0,승정원일기,42.5
金石山,3,77,29,37.7,12.5,한국사료총서,55.0,승정원일기,42.5
機長,3,57,40,70.2,57.5,승정원일기,100.0,한국사료총서,42.5
陳川,2,14,6,42.9,20.0,승정원일기,62.5,한국사료총서,42.5
臥龍,3,273,124,45.4,20.7,한국사료총서,63.2,조선왕조실록,42.5
小京,4,57,20,35.1,20.0,한국사료총서,62.5,고려사,42.5
崇敎,5,113,29,25.7,0.0,고려사절요,42.5,승정원일기,42.5
廬陵,3,28,9,32.1,20.0,승정원일기,62.5,조선왕조실록,42.5
羅州牧,6,2248,928,41.3,5.1,조선왕조실록,47.5,승정원일기,42.4
琉球國人,3,81,14,17.3,0.0,승정원일기,42.4,조선왕조실록,42.4
吉號里,3,359,196,54.6,40.9,한국사료총서,83.3,조선왕조실록,42.4
蒲,7,2484,179,7.2,0.0,삼국유사,42.4,조선왕조실록,42.4
豐基地,2,39,14,35.9,0.0,조선왕조실록,42.4,승정원일기,42.4
北面,6,4332,704,16.3,1.7,조선왕조실록,44.1,한국사료총서,42.4
岐州,2,392,378,96.4,57.6,한국사료총서,100.0,조선왕조실록,42.4
文昭殿舊基,2,50,14,28.0,0.0,조선왕조실록,42.4,승정원일기,42.4
泮齋,3,35,11,31.4,0.0,조선왕조실록,42.3,승정원일기,42.3
溟州,6,157,123,78.3,57.7,삼국유사,100.0,삼국사기,42.3
靑蓮,3,67,18,26.9,3.4,한국사료총서,45.7,승정원일기,42.3
大坂,3,164,105,64.0,57.7,한국사료총서,100.0,조선왕조실록,42.3
直洞,4,112,66,58.9,41.0,승정원일기,83.3,조선왕조실록,42.3
明月,5,708,157,22.2,3.3,한국사료총서,45.6,승정원일기,42.3
加德鎭,3,41,36,87.8,50.0,한국사료총서,92.3,조선왕조실록,42.3
北行閣,2,33,11,33.3,0.0,고순종실록,42.3,승정원일기,42.3
上谷,3,58,38,65.5,25.0,승정원일기,67.3,한국사료총서,42.3
藩胡,3,465,172,37.0,0.0,승정원일기,42.2,조선왕조실록,42.2
崇善,4,1467,160,10.9,0.2,조선왕조실록,42.4,승정원일기,42.2
山里,4,1664,1343,80.7,57.8,승정원일기,100.0,고순종실록,42.2
義盈,4,1736,118,6.8,0.0,고려사,42.2,조선왕조실록,42.2
安山郡,5,770,150,19.5,17.8,승정원일기,60.0,고순종실록,42.2
漆,7,9063,974,10.7,7.8,승정원일기,50.0,삼국사기,42.2
雪山,3,152,17,11.2,4.9,승정원일기,47.1,조선왕조실록,42.2
書閣,4,139,48,34.5,0.0,고려사,42.2,승정원일기,42.2
北洞,3,91,58,63.7,48.5,한국사료총서,90.6,승정원일기,42.1
淸陰,3,172,47,27.3,2.9,한국사료총서,45.0,승정원일기,42.1
壽山,6,521,135,25.9,0.0,고려사절요,42.1,승정원일기,42.1
宜春,4,789,494,62.6,25.0,고려사,67.1,승정원일기,42.1
利國,6,451,37,8.2,0.0,고려사,42.1,고순종실록,42.1
尙州地,3,320,122,38.1,0.0,조선왕조실록,42.1,승정원일기,42.1
長水,5,1461,951,65.1,57.9,승정원일기,100.0,고려사,42.1
廣道,5,749,111,14.8,0.5,승정원일기,42.6,조선왕조실록,42.1
三江,3,532,247,46.4,15.0,조선왕조실록,57.1,승정원일기,42.1
草溪,5,1116,759,68.0,57.9,승정원일기,100.0,고순종실록,42.1
平壤府,6,886,596,67.3,53.8,한국사료총서,95.8,고순종실록,42.0
蘇州,3,235,159,67.7,52.3,한국사료총서,94.3,승정원일기,42.0
鹽浦,3,137,129,94.2,57.1,한국사료총서,99.2,조선왕조실록,42.0
伊川府,3,649,127,19.6,18.1,승정원일기,60.0,한국사료총서,41.9
北海,5,292,69,23.6,0.0,고려사,41.9,승정원일기,41.9
冀北,3,111,39,35.1,0.0,한국사료총서,41.9,승정원일기,41.9
安南國,3,94,54,57.4,31.8,한국사료총서,73.7,조선왕조실록,41.9
龍浦,3,60,41,68.3,58.1,한국사료총서,100.0,조선왕조실록,41.9
白雲洞,3,55,42,76.4,58.1,한국사료총서,100.0,조선왕조실록,41.9
橋南,3,89,14,15.7,0.0,한국사료총서,41.9,승정원일기,41.9
中部,6,3094,1234,39.9,0.0,고순종실록,41.8,승정원일기,41.8
義盈庫,4,700,79,11.3,0.0,고려사,41.8,조선왕조실록,41.8
水踰,3,90,67,74.4,46.2,한국사료총서,87.9,승정원일기,41.8
鮮人,4,779,105,13.5,0.0,고순종실록,41.8,조선왕조실록,41.8
通遠,3,114,67,58.8,43.6,승정원일기,85.4,조선왕조실록,41.8
牟陽,2,21,7,33.3,15.4,조선왕조실록,57.1,한국사료총서,41.8
箕,7,35084,1005,2.9,2.0,한국사료총서,43.8,삼국사기,41.8
南原,7,4743,3379,71.2,58.2,승정원일기,100.0,고순종실록,41.8
松前,2,60,8,13.3,4.3,승정원일기,46.2,한국사료총서,41.8
兩西兵營,2,19,5,26.3,0.0,조선왕조실록,41.7,승정원일기,41.7
撫寧,4,52,27,51.9,25.0,승정원일기,66.7,고려사,41.7
龜尾,3,66,48,72.7,33.3,승정원일기,75.0,한국사료총서,41.7
深島,2,12,4,33.3,25.0,승정원일기,66.7,조선왕조실록,41.7
南樓,4,235,31,13.2,0.0,고려사,41.7,조선왕조실록,41.7
會洞,3,89,49,55.1,25.0,조선왕조실록,66.7,승정원일기,41.7
松嶽,5,201,165,82.1,51.3,한국사료총서,93.0,고려사,41.7
蒼梧山,2,21,6,28.6,25.0,승정원일기,66.7,조선왕조실록,41.7
弘慶,6,96,12,12.5,0.0,고려사,41.7,조선왕조실록,41.7
河南山,2,12,8,66.7,33.3,승정원일기,75.0,한국사료총서,41.7
皆有窩,2,28,11,39.3,33.3,승정원일기,75.0,조선왕조실록,41.7
阜縣,3,16,10,62.5,25.0,승정원일기,66.7,한국사료총서,41.7
慶善,4,523,125,23.9,0.0,한국사료총서,41.7,조선왕조실록,41.7
昌善牧,2,11,7,63.6,33.3,고순종실록,75.0,승정원일기,41.7
陳倉,2,14,6,42.9,33.3,승정원일기,75.0,조선왕조실록,41.7
尉那巖,2,7,4,57.1,33.3,한국사료총서,75.0,삼국사기,41.7
穩城,4,2595,1883,72.6,58.3,한국사료총서,100.0,고순종실록,41.7
雙,8,8360,969,11.6,0.0,삼국유사,41.7,고려사절요,41.7
地島,3,16,10,62.5,33.3,승정원일기,75.0,조선왕조실록,41.7
魚水,6,538,193,35.9,0.0,고려사,41.7,승정원일기,41.7
高山郡,3,31,10,32.3,25.0,한국사료총서,66.7,고순종실록,41.7
馬利,3,20,8,40.0,25.0,조선왕조실록,66.7,고려사,41.7
潤州,2,8,4,50.0,25.0,한국사료총서,66.7,승정원일기,41.7
灣城,2,13,4,30.8,25.0,조선왕조실록,66.7,승정원일기,41.7
上苑,3,38,11,28.9,0.0,한국사료총서,41.7,승정원일기,41.7
宣府,3,32,18,56.2,25.0,승정원일기,66.7,한국사료총서,41.7
東坪,2,9,4,44.4,25.0,조선왕조실록,66.7,승정원일기,41.7
聞慶府,2,18,5,27.8,0.0,고순종실록,41.7,승정원일기,41.7
大渚,3,21,11,52.4,33.3,한국사료총서,75.0,조선왕조실록,41.7
阿那,2,15,9,60.0,25.0,조선왕조실록,66.7,한국사료총서,41.7
慶尙道延日,3,61,55,90.2,58.3,한국사료총서,100.0,조선왕조실록,41.7
松川,3,50,16,32.0,0.0,고순종실록,41.7,한국사료총서,41.7
交州道,4,87,57,65.5,50.0,고려사절요,91.7,조선왕조실록,41.7
石保,3,46,23,50.0,25.0,승정원일기,66.7,조선왕조실록,41.7
中彌,2,16,3,18.8,8.3,승정원일기,50.0,조선왕조실록,41.7
雲夢,3,56,11,19.6,0.0,한국사료총서,41.7,승정원일기,41.7
吳松,2,7,3,42.9,25.0,한국사료총서,66.7,조선왕조실록,41.7
虎巖,3,41,12,29.3,25.0,조선왕조실록,66.7,승정원일기,41.7
栗亭,4,57,14,24.6,0.0,고려사,41.7,조선왕조실록,41.7
末只,2,18,5,27.8,0.0,한국사료총서,41.7,승정원일기,41.7
登鎭,3,31,13,41.9,16.7,조선왕조실록,58.3,한국사료총서,41.7
坤止,2,9,4,44.4,25.0,한국사료총서,66.7,승정원일기,41.7
庇仁,6,1252,814,65.0,58.3,한국사료총서,100.0,고순종실록,41.7
龍谷,3,59,43,72.9,50.0,조선왕조실록,91.7,승정원일기,41.7
城華,2,21,13,61.9,33.3,조선왕조실록,75.0,승정원일기,41.7
曲橋,2,27,10,37.0,0.0,승정원일기,41.7,한국사료총서,41.7
南陽郡,3,54,16,29.6,25.0,고순종실록,66.7,한국사료총서,41.7
丹陽邑,2,7,4,57.1,33.3,승정원일기,75.0,한국사료총서,41.7
一善縣,3,15,7,46.7,25.0,한국사료총서,66.7,조선왕조실록,41.7
高岑,2,9,6,66.7,33.3,한국사료총서,75.0,조선왕조실록,41.7
古郡山,2,13,6,46.2,33.3,승정원일기,75.0,한국사료총서,41.7
秋子,4,22,13,59.1,33.3,한국사료총서,75.0,조선왕조실록,41.7
漁川,3,20,8,40.0,25.0,승정원일기,66.7,조선왕조실록,41.7
畫邑,2,9,3,33.3,25.0,승정원일기,66.7,조선왕조실록,41.7
丹平,2,8,5,62.5,33.3,승정원일기,75.0,조선왕조실록,41.7
昭應,3,29,8,27.6,0.0,한국사료총서,41.7,조선왕조실록,41.7
永柔縣諸葛武侯,2,7,4,57.1,33.3,조선왕조실록,75.0,승정원일기,41.7
訥伊項,2,7,3,42.9,25.0,한국사료총서,66.7,조선왕조실록,41.7
盖,6,6568,73,1.1,0.0,삼국유사,41.7,조선왕조실록,41.7
鳳溪,3,28,14,50.0,25.0,승정원일기,66.7,조선왕조실록,41.7
西道,6,2160,517,23.9,8.3,고순종실록,50.0,고려사절요,41.7
全羅道右道,2,7,4,57.1,33.3,조선왕조실록,75.0,승정원일기,41.7
嶺嶠,3,56,20,35.7,0.0,조선왕조실록,41.7,승정원일기,41.7
行宮,6,4233,1192,28.2,0.0,고려사,41.7,승정원일기,41.7
明禮坊洞,2,12,6,50.0,33.3,조선왕조실록,75.0,승정원일기,41.7
瀛州,4,26,15,57.7,33.3,한국사료총서,75.0,고려사,41.7
淸河,6,933,615,65.9,55.6,고려사,97.2,조선왕조실록,41.7
保驛,3,52,35,67.3,45.8,한국사료총서,87.5,조선왕조실록,41.7
山靑,3,73,20,27.4,15.6,한국사료총서,57.1,조선왕조실록,41.6
龍川,4,2504,1876,74.9,58.4,한국사료총서,100.0,고순종실록,41.6
鎭川郡,3,48,11,22.9,18.4,승정원일기,60.0,한국사료총서,41.6
義州府,4,4903,564,11.5,3.6,조선왕조실록,45.2,고순종실록,41.6
木川地,3,139,52,37.4,0.0,조선왕조실록,41.6,승정원일기,41.6
冽泉,2,214,169,79.0,40.0,조선왕조실록,81.6,승정원일기,41.6
凰城,4,1439,976,67.8,55.7,한국사료총서,97.3,조선왕조실록,41.6
鳳凰城,4,1435,974,67.9,55.8,한국사료총서,97.3,조선왕조실록,41.5
聚賢,2,103,84,81.6,46.2,조선왕조실록,87.6,승정원일기,41.5
在遠島,2,20,9,45.0,20.0,한국사료총서,61.5,승정원일기,41.5
竹山,5,2772,1943,70.1,58.5,한국사료총서,100.0,고순종실록,41.5
永興兩本宮,3,517,185,35.8,0.0,고순종실록,41.5,승정원일기,41.5
五峯,3,176,14,8.0,1.4,한국사료총서,42.9,조선왕조실록,41.5
京畿右道,2,136,81,59.6,38.5,조선왕조실록,80.0,승정원일기,41.5
長連,4,1329,877,66.0,58.5,조선왕조실록,100.0,고순종실록,41.5
雲從,3,702,34,4.8,1.8,승정원일기,43.1,조선왕조실록,41.4
朔安,3,34,22,64.7,42.9,고려사,84.2,승정원일기,41.4
緬甸,4,106,75,70.8,53.3,승정원일기,94.7,조선왕조실록,41.4
八陵,5,129,37,28.7,0.0,고려사,41.4,승정원일기,41.4
京中五部,2,84,12,14.3,0.0,조선왕조실록,41.4,승정원일기,41.4
登浦,4,210,163,77.6,58.7,승정원일기,100.0,고순종실록,41.3
方洞,3,62,43,69.4,50.0,승정원일기,91.3,조선왕조실록,41.3
五龍,3,167,79,47.3,17.2,조선왕조실록,58.6,한국사료총서,41.3
加五里,2,36,16,44.4,12.5,한국사료총서,53.8,승정원일기,41.3
漢,8,239659,28310,11.8,6.9,승정원일기,48.2,삼국사기,41.3
鄕校,5,4166,1088,26.1,0.0,고려사,41.3,승정원일기,41.3
大峙,2,94,59,62.8,58.8,한국사료총서,100.0,승정원일기,41.2
沙河子,2,23,16,69.6,58.8,한국사료총서,100.0,승정원일기,41.2
華人,5,688,146,21.2,0.0,고순종실록,41.2,조선왕조실록,41.2
始祖廟,4,74,7,9.5,0.0,삼국사기,41.2,승정원일기,41.2
淵白,2,29,8,27.6,0.0,한국사료총서,41.2,승정원일기,41.2
鐵山,4,2354,1606,68.2,58.8,한국사료총서,100.0,고순종실록,41.2
伽倻津,3,30,23,76.7,58.8,한국사료총서,100.0,조선왕조실록,41.2
蜀漢,3,267,33,12.4,8.8,승정원일기,50.0,조선왕조실록,41.2
建人,3,71,7,9.9,0.0,승정원일기,41.2,조선왕조실록,41.2
寧邊府,4,1027,255,24.8,17.5,승정원일기,58.7,조선왕조실록,41.2
李唐,5,94,7,7.4,0.0,고려사,41.2,조선왕조실록,41.2
光順,2,83,29,34.9,0.0,고순종실록,41.2,승정원일기,41.2
下伊,3,40,8,20.0,0.0,승정원일기,41.2,조선왕조실록,41.2
南三郊,2,42,14,33.3,0.0,조선왕조실록,41.2,승정원일기,41.2
大靜縣,3,4366,3690,84.5,45.1,한국사료총서,86.2,승정원일기,41.1
羅州道,2,32,18,56.2,27.3,고려사절요,68.4,고려사,41.1
兎山,4,373,266,71.3,58.9,한국사료총서,100.0,고려사,41.1
湖南左,3,98,31,31.6,0.0,조선왕조실록,41.1,승정원일기,41.1
稷,8,38043,7261,19.1,1.8,고려사절요,42.9,삼국유사,41.1
鍾城,4,4125,3235,78.4,58.9,한국사료총서,100.0,고순종실록,41.1
水口,5,1401,523,37.3,4.3,고려사,45.5,고순종실록,41.1
佛,8,10090,493,4.9,0.0,삼국사기,41.0,고순종실록,41.0
谷山,4,2304,1598,69.4,44.7,한국사료총서,85.7,고순종실록,41.0
江界府,4,1950,388,19.9,13.6,승정원일기,54.5,고순종실록,41.0
梅山,2,86,29,33.7,30.4,한국사료총서,71.4,승정원일기,41.0
土山,6,126,24,19.0,6.7,승정원일기,47.6,고려사,41.0
朝鮮人,4,691,96,13.9,0.0,고순종실록,41.0,조선왕조실록,41.0
柒谷,3,846,521,61.6,59.0,승정원일기,100.0,조선왕조실록,41.0
箕子,7,1894,431,22.8,0.0,고려사,40.9,승정원일기,40.9
泰江,3,37,12,32.4,0.0,승정원일기,40.9,조선왕조실록,40.9
金浦郡,4,719,103,14.3,13.0,승정원일기,53.8,한국사료총서,40.9
東北面,5,746,63,8.4,0.5,조선왕조실록,41.4,승정원일기,40.9
沙斤川,3,81,74,91.4,55.6,한국사료총서,96.5,승정원일기,40.9
枰城,2,48,6,12.5,9.1,조선왕조실록,50.0,승정원일기,40.9
松山,7,462,195,42.2,16.7,고려사절요,57.6,조선왕조실록,40.9
北川,4,84,15,17.9,9.1,한국사료총서,50.0,삼국유사,40.9
驪興,6,623,230,36.9,15.7,승정원일기,56.7,고려사,40.9
京畿驪州地,2,789,320,40.6,0.0,조선왕조실록,40.9,승정원일기,40.9
寧朔,5,64,51,79.7,59.1,한국사료총서,100.0,조선왕조실록,40.9
甫城,2,22,18,81.8,50.0,한국사료총서,90.9,조선왕조실록,40.9
小谷,2,24,7,29.2,9.1,승정원일기,50.0,한국사료총서,40.9
安東地,3,625,247,39.5,0.0,조선왕조실록,40.8,승정원일기,40.8
西,8,169577,55429,32.7,8.4,한국사료총서,49.2,승정원일기,40.8
梨樹,4,89,21,23.6,4.2,한국사료총서,45.0,승정원일기,40.8
谷村,6,139,113,81.3,59.2,한국사료총서,100.0,조선왕조실록,40.8
菴,6,2966,236,8.0,0.0,고려사,40.8,조선왕조실록,40.8
原川,3,81,10,12.3,5.4,조선왕조실록,46.2,한국사료총서,40.8
雲巖,3,179,115,64.2,59.2,한국사료총서,100.0,조선왕조실록,40.8
麟閣,4,116,40,34.5,0.0,고려사,40.7,승정원일기,40.7
鹽,7,12071,417,3.5,0.6,승정원일기,41.3,고려사,40.7
全南左道,2,30,11,36.7,0.0,조선왕조실록,40.7,승정원일기,40.7
拜峰,2,45,34,75.6,59.3,승정원일기,100.0,조선왕조실록,40.7
獨山,4,64,24,37.5,17.6,승정원일기,58.3,삼국사기,40.7
敦禮門外,3,36,11,30.6,0.0,조선왕조실록,40.7,승정원일기,40.7
晉城,2,44,20,45.5,20.0,한국사료총서,60.7,승정원일기,40.7
多仁,4,56,40,71.4,59.3,한국사료총서,100.0,고려사,40.7
遼陽,6,677,552,81.5,59.3,고려사,100.0,고순종실록,40.7
波市坪,2,33,22,66.7,33.3,조선왕조실록,74.1,승정원일기,40.7
咸鏡南,4,1185,1010,85.2,58.3,한국사료총서,99.0,고순종실록,40.7
仁王,6,993,319,32.1,0.0,고려사,40.6,조선왕조실록,40.6
靜縣,3,4369,3696,84.6,45.6,한국사료총서,86.3,승정원일기,40.6
明憲太后宮,2,49,13,26.5,0.0,고순종실록,40.6,승정원일기,40.6
澤,8,88338,1193,1.4,0.0,삼국유사,40.6,삼국사기,40.6
慶山,5,930,617,66.3,59.4,승정원일기,100.0,고순종실록,40.6
北三面,3,95,21,22.1,0.0,조선왕조실록,40.6,한국사료총서,40.6
甕幕,2,51,37,72.5,33.3,조선왕조실록,73.9,승정원일기,40.6
西域,4,193,64,33.2,4.2,한국사료총서,44.8,승정원일기,40.6
新店,3,47,14,29.8,26.1,승정원일기,66.7,조선왕조실록,40.6
仁,8,227986,32248,14.1,1.8,고려사절요,42.3,고순종실록,40.6
西村,3,187,99,52.9,23.1,승정원일기,63.7,한국사료총서,40.6
星山縣,3,68,12,17.6,9.4,승정원일기,50.0,한국사료총서,40.6
茂朱府,4,579,200,34.5,32.7,승정원일기,73.3,한국사료총서,40.6
鏡北,4,1450,1377,95.0,59.4,한국사료총서,100.0,고순종실록,40.6
雲州,4,72,50,69.4,59.5,한국사료총서,100.0,조선왕조실록,40.5
三寨,3,22,7,31.8,16.7,한국사료총서,57.1,승정원일기,40.5
維新縣,2,15,8,53.3,42.9,조선왕조실록,83.3,승정원일기,40.5
長命,4,147,33,22.4,14.5,조선왕조실록,55.0,승정원일기,40.5
曦陽,3,25,10,40.0,16.7,한국사료총서,57.1,조선왕조실록,40.5
忠淸南北道,3,25,18,72.0,42.9,한국사료총서,83.3,승정원일기,40.5
卯山,3,25,11,44.0,16.7,조선왕조실록,57.1,한국사료총서,40.5
太原,3,142,92,64.8,36.7,한국사료총서,77.1,조선왕조실록,40.5
外怪,2,29,6,20.7,9.5,승정원일기,50.0,조선왕조실록,40.5
鳳城,5,2892,2458,85.0,59.5,한국사료총서,100.0,고순종실록,40.5
醴泉,5,1735,1299,74.9,50.0,고려사,90.5,조선왕조실록,40.5
老邊,2,21,11,52.4,42.9,한국사료총서,83.3,조선왕조실록,40.5
興海,6,1229,821,66.8,59.6,승정원일기,100.0,고순종실록,40.4
甑山,5,862,600,69.6,58.4,한국사료총서,98.8,조선왕조실록,40.4
養賢庫,5,656,67,10.2,0.0,고려사,40.4,조선왕조실록,40.4
竹州,4,110,90,81.8,59.6,한국사료총서,100.0,조선왕조실록,40.4
昭顯墓,2,549,444,80.9,42.1,조선왕조실록,82.5,승정원일기,40.4
高平,4,93,27,29.0,0.0,고순종실록,40.4,한국사료총서,40.4
賢庫,5,662,72,10.9,0.0,고려사,40.4,조선왕조실록,40.4
德山郡,3,143,47,32.9,26.3,승정원일기,66.7,고순종실록,40.4
光州郡,3,34,14,41.2,34.6,승정원일기,75.0,한국사료총서,40.4
昌寧,6,1760,1047,59.5,49.1,조선왕조실록,89.5,고순종실록,40.4
鹿島,4,1419,1202,84.7,59.7,한국사료총서,100.0,고순종실록,40.3
洪山,3,60,12,20.0,3.4,조선왕조실록,43.8,한국사료총서,40.3
寒泉,3,154,59,38.3,22.2,한국사료총서,62.5,조선왕조실록,40.3
平山府,4,1231,317,25.8,23.6,승정원일기,63.8,한국사료총서,40.3
寧城,4,557,114,20.5,9.7,조선왕조실록,50.0,고려사,40.3
原州鎭,3,21,8,38.1,22.2,한국사료총서,62.5,승정원일기,40.3
眉山,2,42,8,19.0,9.7,한국사료총서,50.0,승정원일기,40.3
川西,3,96,33,34.4,24.5,한국사료총서,64.7,승정원일기,40.2
三陟鎭,3,42,25,59.5,41.7,한국사료총서,81.8,조선왕조실록,40.2
太平,6,6702,1113,16.6,0.0,고려사,40.2,조선왕조실록,40.2
楚山,4,902,724,80.3,59.8,한국사료총서,100.0,고순종실록,40.2
安城地,2,204,80,39.2,0.0,조선왕조실록,40.2,승정원일기,40.2
黑龍,3,204,89,43.6,28.7,한국사료총서,68.9,승정원일기,40.2
弘化東,2,37,26,70.3,33.3,조선왕조실록,73.5,승정원일기,40.2
鵲院,3,45,30,66.7,47.4,한국사료총서,87.5,조선왕조실록,40.1
渤,8,555,123,22.2,0.0,고려사,40.1,한국사료총서,40.1
濊,5,284,43,15.1,2.6,승정원일기,42.7,한국사료총서,40.1
牙音,2,11,2,18.2,0.0,조선왕조실록,40.0,한국사료총서,40.0
關東省,2,16,9,56.2,40.0,한국사료총서,80.0,승정원일기,40.0
院谷,2,11,7,63.6,40.0,승정원일기,80.0,한국사료총서,40.0
松山堡,2,9,7,77.8,60.0,한국사료총서,100.0,조선왕조실록,40.0
敦化門東夾,2,8,2,25.0,0.0,조선왕조실록,40.0,승정원일기,40.0
邊州,3,66,2,3.0,0.0,승정원일기,40.0,한국사료총서,40.0
豆谷,4,32,27,84.4,60.0,한국사료총서,100.0,승정원일기,40.0
杞國,2,49,2,4.1,0.0,승정원일기,40.0,조선왕조실록,40.0
昌間,2,9,2,22.2,0.0,조선왕조실록,40.0,승정원일기,40.0
西胡,2,12,2,16.7,0.0,한국사료총서,40.0,조선왕조실록,40.0
碑殿,3,14,3,21.4,0.0,한국사료총서,40.0,승정원일기,40.0
水江,3,26,7,26.9,0.0,승정원일기,40.0,조선왕조실록,40.0
古代島,3,21,14,66.7,60.0,한국사료총서,100.0,조선왕조실록,40.0
降胡,3,32,8,25.0,0.0,승정원일기,40.0,조선왕조실록,40.0
陽草,2,12,5,41.7,20.0,승정원일기,60.0,조선왕조실록,40.0
東泰,3,1117,3,0.3,0.0,조선왕조실록,40.0,한국사료총서,40.0
普通門外,2,10,2,20.0,0.0,조선왕조실록,40.0,승정원일기,40.0
西五里,3,296,2,0.7,0.0,조선왕조실록,40.0,승정원일기,40.0
慶慶,4,430,3,0.7,0.0,고순종실록,40.0,조선왕조실록,40.0
津東,3,44,9,20.5,0.0,조선왕조실록,40.0,승정원일기,40.0
連朔,3,27,4,14.8,0.0,승정원일기,40.0,한국사료총서,40.0
甘文,3,46,21,45.7,40.0,삼국사기,80.0,조선왕조실록,40.0
海澄,3,29,11,37.9,20.0,한국사료총서,60.0,조선왕조실록,40.0
明府,3,38,2,5.3,0.0,승정원일기,40.0,조선왕조실록,40.0
黑闥,2,8,2,25.0,0.0,조선왕조실록,40.0,승정원일기,40.0
玄海,2,10,2,20.0,0.0,한국사료총서,40.0,승정원일기,40.0
安郊,2,10,8,80.0,60.0,한국사료총서,100.0,조선왕조실록,40.0
三神山,2,11,3,27.3,0.0,한국사료총서,40.0,승정원일기,40.0
尼城闕里祠,2,12,10,83.3,60.0,조선왕조실록,100.0,승정원일기,40.0
津口,4,16,3,18.8,0.0,승정원일기,40.0,삼국사기,40.0
普通院,3,15,3,20.0,0.0,고려사절요,40.0,고려사,40.0
延興,6,346,18,5.2,0.0,고려사,40.0,고순종실록,40.0
羅先,2,22,2,9.1,0.0,한국사료총서,40.0,조선왕조실록,40.0
甫乙下鎭,2,15,2,13.3,0.0,한국사료총서,40.0,조선왕조실록,40.0
大耶,4,114,13,11.4,0.0,승정원일기,40.0,삼국사기,40.0
長信,3,34,5,14.7,0.0,한국사료총서,40.0,조선왕조실록,40.0
長陽,3,30,9,30.0,26.7,승정원일기,66.7,한국사료총서,40.0
平安道鐵山,3,102,100,98.0,60.0,한국사료총서,100.0,조선왕조실록,40.0
全羅南北,2,21,14,66.7,60.0,한국사료총서,100.0,고순종실록,40.0
麟坪大君墓,2,14,4,28.6,0.0,조선왕조실록,40.0,승정원일기,40.0
萬頃古群山,2,11,9,81.8,60.0,한국사료총서,100.0,승정원일기,40.0
順城,4,103,25,24.3,0.0,고순종실록,40.0,한국사료총서,40.0
綾羅,5,173,14,8.1,0.0,고려사절요,40.0,한국사료총서,40.0
蟻項,3,37,32,86.5,60.0,한국사료총서,100.0,승정원일기,40.0
松蹄,2,9,7,77.8,60.0,한국사료총서,100.0,조선왕조실록,40.0
長水院,3,14,12,85.7,60.0,한국사료총서,100.0,조선왕조실록,40.0
狼川,5,1076,788,73.2,60.0,고려사,100.0,고순종실록,40.0
高麗顯,3,188,5,2.7,0.0,조선왕조실록,40.0,승정원일기,40.0
蛇渡鎭,3,31,24,77.4,60.0,한국사료총서,100.0,조선왕조실록,40.0
誠一軒,3,113,103,91.2,60.0,조선왕조실록,100.0,고순종실록,40.0
紅巾賊,3,36,4,11.1,0.0,승정원일기,40.0,조선왕조실록,40.0
基川縣,2,15,4,26.7,0.0,한국사료총서,40.0,조선왕조실록,40.0
暎嬪房,2,25,14,56.0,25.0,조선왕조실록,65.0,승정원일기,40.0
廣州山,3,36,18,50.0,25.0,한국사료총서,65.0,승정원일기,40.0
蘭,8,9713,563,5.8,2.9,승정원일기,42.9,삼국사기,40.0
鴻臚寺,4,225,6,2.7,0.0,삼국사기,40.0,승정원일기,40.0
安南面,2,9,7,77.8,60.0,한국사료총서,100.0,승정원일기,40.0
彌法,3,12,10,83.3,60.0,한국사료총서,100.0,조선왕조실록,40.0
孔嚴,2,9,2,22.2,0.0,조선왕조실록,40.0,승정원일기,40.0
法島,3,13,10,76.9,60.0,승정원일기,100.0,조선왕조실록,40.0
金溝,5,1342,1024,76.3,60.0,고려사,100.0,고순종실록,40.0
秦京,2,13,4,30.8,0.0,한국사료총서,40.0,승정원일기,40.0
中洲,3,23,3,13.0,0.0,승정원일기,40.0,조선왕조실록,40.0
京畿兩西,2,14,4,28.6,0.0,한국사료총서,40.0,승정원일기,40.0
表山,2,8,2,25.0,0.0,한국사료총서,40.0,조선왕조실록,40.0
關西城,2,17,4,23.5,0.0,고순종실록,40.0,승정원일기,40.0
河汾,3,16,4,25.0,0.0,한국사료총서,40.0,조선왕조실록,40.0
臨海,8,1124,21,1.9,0.0,고순종실록,40.0,삼국유사,40.0
東北部,2,11,2,18.2,0.0,한국사료총서,40.0,승정원일기,40.0
古都,6,152,5,3.3,0.0,고순종실록,40.0,고려사,40.0
圜丘壇皇穹宇,2,8,2,25.0,0.0,고순종실록,40.0,승정원일기,40.0
地藏,6,90,6,6.7,0.0,고려사절요,40.0,고려사,40.0
華境,3,20,2,10.0,0.0,고순종실록,40.0,승정원일기,40.0
忠州道,2,10,7,70.0,60.0,고려사,100.0,조선왕조실록,40.0
同泰,3,80,5,6.2,0.0,한국사료총서,40.0,조선왕조실록,40.0
方丈,5,160,9,5.6,0.0,삼국유사,40.0,고려사,40.0
連原道,2,25,19,76.0,60.0,조선왕조실록,100.0,승정원일기,40.0
大盈庫,2,28,14,50.0,40.0,승정원일기,80.0,조선왕조실록,40.0
壽同,4,112,7,6.2,0.0,승정원일기,40.0,고려사,40.0
燕瀋,2,8,6,75.0,60.0,승정원일기,100.0,조선왕조실록,40.0
靈光縣,3,56,26,46.4,33.3,승정원일기,73.3,한국사료총서,40.0
皆火,3,25,6,24.0,0.0,승정원일기,40.0,한국사료총서,40.0
地節,2,22,2,9.1,0.0,승정원일기,40.0,조선왕조실록,40.0
蚕頭,2,25,17,68.0,60.0,한국사료총서,100.0,조선왕조실록,40.0
畏吾兒,2,11,2,18.2,0.0,고려사,40.0,한국사료총서,40.0
泰陵齋室,2,9,2,22.2,0.0,조선왕조실록,40.0,승정원일기,40.0
城內坊,2,14,2,14.3,0.0,승정원일기,40.0,한국사료총서,40.0
外浦,3,20,4,20.0,0.0,한국사료총서,40.0,조선왕조실록,40.0
丹金,3,24,2,8.3,0.0,승정원일기,40.0,조선왕조실록,40.0
張主,3,29,2,6.9,0.0,승정원일기,40.0,조선왕조실록,40.0
陳留,3,84,3,3.6,0.0,한국사료총서,40.0,조선왕조실록,40.0
中原城,2,19,4,21.1,0.0,조선왕조실록,40.0,승정원일기,40.0
大造殿寢室,2,11,2,18.2,0.0,조선왕조실록,40.0,승정원일기,40.0
花源,2,16,8,50.0,20.0,한국사료총서,60.0,승정원일기,40.0
降州,3,24,4,16.7,0.0,조선왕조실록,40.0,한국사료총서,40.0
西三面,3,22,5,22.7,0.0,조선왕조실록,40.0,한국사료총서,40.0
聖淵,3,1337,9,0.7,0.0,승정원일기,40.0,한국사료총서,40.0
雨餘,3,288,2,0.7,0.0,승정원일기,40.0,조선왕조실록,40.0
全羅道任實縣,2,34,32,94.1,60.0,조선왕조실록,100.0,승정원일기,40.0
大邱郡,3,52,19,36.5,0.0,한국사료총서,40.0,고순종실록,40.0
秋城,2,19,4,21.1,0.0,승정원일기,40.0,한국사료총서,40.0
慶尙左道,4,1613,1267,78.5,60.0,한국사료총서,100.0,고순종실록,40.0
在德堡,2,10,7,70.0,60.0,승정원일기,100.0,조선왕조실록,40.0
甫州,4,42,34,81.0,60.0,고려사절요,100.0,조선왕조실록,40.0
馬靈,3,17,15,88.2,60.0,한국사료총서,100.0,조선왕조실록,40.0
金馬渚,2,11,9,81.8,60.0,한국사료총서,100.0,삼국사기,40.0
淹,7,12754,8,0.1,0.0,고려사,40.0,삼국사기,40.0
北城門,3,11,3,27.3,0.0,한국사료총서,40.0,승정원일기,40.0
從容堂,2,17,4,23.5,0.0,한국사료총서,40.0,승정원일기,40.0
負夏,2,10,4,40.0,20.0,승정원일기,60.0,조선왕조실록,40.0
廣都,3,25,4,16.0,0.0,조선왕조실록,40.0,승정원일기,40.0
淄靑,3,13,3,23.1,0.0,한국사료총서,40.0,조선왕조실록,40.0
州來,5,295,4,1.4,0.0,승정원일기,40.0,고려사,40.0
博淵,3,144,2,1.4,0.0,승정원일기,40.0,조선왕조실록,40.0
午門,4,628,47,7.5,0.0,고려사,40.0,승정원일기,40.0
安國洞,4,156,145,92.9,60.0,고순종실록,100.0,조선왕조실록,40.0
平安道順川地,2,8,2,25.0,0.0,조선왕조실록,40.0,승정원일기,40.0
栢田,2,15,12,80.0,50.0,한국사료총서,90.0,승정원일기,40.0
小河,2,22,2,9.1,0.0,조선왕조실록,40.0,한국사료총서,40.0
南烽,3,14,2,14.3,0.0,조선왕조실록,40.0,승정원일기,40.0
尙左道,4,1624,1268,78.1,60.0,한국사료총서,100.0,고순종실록,40.0
多只,3,41,13,31.7,0.0,승정원일기,40.0,조선왕조실록,40.0
胡賊,3,30,6,20.0,0.0,승정원일기,40.0,조선왕조실록,40.0
瑪瑙,2,23,2,8.7,0.0,조선왕조실록,40.0,고려사,40.0
南洋,4,85,17,20.0,0.0,조선왕조실록,40.0,고순종실록,40.0
羽溪,4,47,39,83.0,60.0,한국사료총서,100.0,고려사,40.0
臨洞,3,17,3,17.6,0.0,고순종실록,40.0,한국사료총서,40.0
薪里,2,11,9,81.8,60.0,승정원일기,100.0,한국사료총서,40.0
黃亭,3,13,2,15.4,0.0,승정원일기,40.0,조선왕조실록,40.0
胎藏,4,21,4,19.0,0.0,고려사,40.0,승정원일기,40.0
德豊,3,21,3,14.3,0.0,한국사료총서,40.0,고려사,40.0
尙藥,5,38,4,10.5,0.0,고려사절요,40.0,한국사료총서,40.0
北一,6,938,228,24.3,0.0,고려사절요,40.0,승정원일기,40.0
法京,2,17,3,17.6,0.0,한국사료총서,40.0,승정원일기,40.0
大貞洞,3,47,43,91.5,60.0,한국사료총서,100.0,승정원일기,40.0
黑壤,3,13,11,84.6,60.0,조선왕조실록,100.0,한국사료총서,40.0
但馬,3,50,4,8.0,0.0,승정원일기,40.0,한국사료총서,40.0
大岩,2,11,2,18.2,0.0,한국사료총서,40.0,조선왕조실록,40.0
兩河,3,23,5,21.7,0.0,조선왕조실록,40.0,승정원일기,40.0
高南,3,19,5,26.3,0.0,조선왕조실록,40.0,한국사료총서,40.0
守山驛,2,10,8,80.0,60.0,한국사료총서,100.0,조선왕조실록,40.0
德面,2,51,37,72.5,50.0,승정원일기,90.0,한국사료총서,40.0
童城,4,31,28,90.3,60.0,한국사료총서,100.0,조선왕조실록,40.0
月下,5,793,10,1.3,0.0,고려사,40.0,고순종실록,40.0
若盧,2,10,2,20.0,0.0,조선왕조실록,40.0,승정원일기,40.0
機張武知浦,2,8,6,75.0,60.0,한국사료총서,100.0,승정원일기,40.0
大平洞,2,15,13,86.7,60.0,한국사료총서,100.0,승정원일기,40.0
蓮浦,2,8,6,75.0,60.0,한국사료총서,100.0,승정원일기,40.0
黃城,3,41,29,70.7,60.0,승정원일기,100.0,조선왕조실록,40.0
大安洞,2,19,15,78.9,60.0,한국사료총서,100.0,승정원일기,40.0
河橋,2,29,2,6.9,0.0,한국사료총서,40.0,승정원일기,40.0
陽孟,2,11,2,18.2,0.0,한국사료총서,40.0,승정원일기,40.0
黃海道黃州地,2,43,14,32.6,0.0,조선왕조실록,40.0,승정원일기,40.0
建平,2,18,4,22.2,0.0,한국사료총서,40.0,승정원일기,40.0
猪項里,2,8,6,75.0,60.0,한국사료총서,100.0,승정원일기,40.0
咸鏡道慶源府,2,75,72,96.0,60.0,한국사료총서,100.0,승정원일기,40.0
小爲浦,2,8,6,75.0,60.0,승정원일기,100.0,조선왕조실록,40.0
朝宗門,2,268,224,83.6,45.5,조선왕조실록,85.5,승정원일기,40.0
江景浦,3,31,25,80.6,60.0,한국사료총서,100.0,조선왕조실록,40.0
天嶺郡,2,12,9,75.0,60.0,한국사료총서,100.0,고려사,40.0
安彦,4,76,8,10.5,0.0,고순종실록,40.0,한국사료총서,40.0
古陵,3,17,4,23.5,0.0,승정원일기,40.0,한국사료총서,40.0
幷州,2,21,7,33.3,0.0,한국사료총서,40.0,조선왕조실록,40.0
南海道,2,14,7,50.0,20.0,승정원일기,60.0,조선왕조실록,40.0
對島,3,13,10,76.9,60.0,한국사료총서,100.0,조선왕조실록,40.0
長春,7,252,28,11.1,0.0,고순종실록,40.0,고려사,40.0
大吉號里,3,193,108,56.0,40.0,한국사료총서,80.0,조선왕조실록,40.0
南四面,2,8,2,25.0,0.0,승정원일기,40.0,한국사료총서,40.0
臨津下流,3,14,2,14.3,0.0,조선왕조실록,40.0,승정원일기,40.0
全湖,2,15,4,26.7,0.0,조선왕조실록,40.0,승정원일기,40.0
咸鏡道三水,3,172,165,95.9,60.0,한국사료총서,100.0,조선왕조실록,40.0
吳門,3,26,2,7.7,0.0,조선왕조실록,40.0,승정원일기,40.0
大理寺,3,20,2,10.0,0.0,조선왕조실록,40.0,승정원일기,40.0
茂豊,2,12,2,16.7,0.0,승정원일기,40.0,한국사료총서,40.0
松山面,2,9,7,77.8,60.0,한국사료총서,100.0,승정원일기,40.0
徐伐,2,9,3,33.3,0.0,삼국유사,40.0,한국사료총서,40.0
中西面,2,13,9,69.2,60.0,승정원일기,100.0,한국사료총서,40.0
甫山,2,28,10,35.7,10.0,한국사료총서,50.0,조선왕조실록,40.0
翰洞,2,17,13,76.5,60.0,승정원일기,100.0,조선왕조실록,40.0
廢州,3,15,2,13.3,0.0,고려사,40.0,한국사료총서,40.0
楊花津,4,207,185,89.4,60.0,한국사료총서,100.0,조선왕조실록,40.0
休山,2,15,4,26.7,0.0,한국사료총서,40.0,승정원일기,40.0
易齋,3,23,6,26.1,0.0,승정원일기,40.0,조선왕조실록,40.0
林烏,3,23,2,8.7,0.0,승정원일기,40.0,한국사료총서,40.0
槽巖,3,23,20,87.0,60.0,한국사료총서,100.0,조선왕조실록,40.0
夏人,3,27,2,7.4,0.0,승정원일기,40.0,조선왕조실록,40.0
郵征局,3,21,4,19.0,0.0,고순종실록,40.0,승정원일기,40.0
摠持,5,21,3,14.3,0.0,고려사,40.0,조선왕조실록,40.0
北安谷,2,8,6,75.0,60.0,한국사료총서,100.0,조선왕조실록,40.0
登山,7,1128,203,18.0,0.0,고려사,40.0,고순종실록,40.0
終浦,2,10,8,80.0,60.0,한국사료총서,100.0,조선왕조실록,40.0
僧嶺,3,23,20,87.0,60.0,한국사료총서,100.0,조선왕조실록,40.0
良,8,140485,3000,2.1,0.3,고순종실록,40.3,삼국사기,40.0
北京城,2,26,2,7.7,0.0,한국사료총서,40.0,조선왕조실록,40.0
泮橋,2,18,4,22.2,0.0,조선왕조실록,40.0,승정원일기,40.0
坡也,2,12,2,16.7,0.0,한국사료총서,40.0,조선왕조실록,40.0
淸浿,2,9,2,22.2,0.0,한국사료총서,40.0,승정원일기,40.0
武建,3,23,4,17.4,0.0,승정원일기,40.0,한국사료총서,40.0
黔川,3,19,17,89.5,60.0,한국사료총서,100.0,조선왕조실록,40.0
南場,3,13,3,23.1,0.0,한국사료총서,40.0,승정원일기,40.0
玄莬,2,18,16,88.9,60.0,한국사료총서,100.0,삼국사기,40.0
一直,5,2970,159,5.4,0.0,고순종실록,40.0,고려사,40.0
中西,5,228,19,8.3,0.0,고려사,40.0,고순종실록,40.0
仇史,3,17,15,88.2,60.0,한국사료총서,100.0,조선왕조실록,40.0
景山,4,77,23,29.9,0.0,고려사,40.0,조선왕조실록,40.0
李二相,2,11,2,18.2,0.0,한국사료총서,40.0,조선왕조실록,40.0
厚州江,2,11,2,18.2,0.0,조선왕조실록,40.0,승정원일기,40.0
廣州牧,5,261,5,1.9,0.0,고려사절요,40.0,고려사,40.0
東萊邑,2,11,4,36.4,20.0,한국사료총서,60.0,승정원일기,40.0
十相,2,13,4,30.8,0.0,조선왕조실록,40.0,승정원일기,40.0
大同門外,2,9,2,22.2,0.0,조선왕조실록,40.0,승정원일기,40.0
燕秦,2,12,2,16.7,0.0,한국사료총서,40.0,승정원일기,40.0
身彌島,3,88,84,95.5,60.0,한국사료총서,100.0,조선왕조실록,40.0
奉龍,3,67,8,11.9,0.0,한국사료총서,40.0,조선왕조실록,40.0
歐美,3,85,2,2.4,0.0,승정원일기,40.0,고순종실록,40.0
咸寧殿上,3,22,2,9.1,0.0,고순종실록,40.0,승정원일기,40.0
新漢,2,13,3,23.1,0.0,한국사료총서,40.0,승정원일기,40.0
興陽縣鹿島,3,133,131,98.5,60.0,한국사료총서,100.0,승정원일기,40.0
崧,5,723,94,13.0,0.0,고려사절요,40.0,고려사,40.0
江都牧場,2,17,4,23.5,0.0,조선왕조실록,40.0,승정원일기,40.0
강동,2,9,2,22.2,0.0,고려사,40.0,한국사료총서,40.0
街里,4,74,14,18.9,0.0,고려사,40.0,승정원일기,40.0
老德書院,2,12,7,58.3,60.0,승정원일기,100.0,고순종실록,40.0
栗峯道,2,12,9,75.0,60.0,승정원일기,100.0,조선왕조실록,40.0
西外,4,112,23,20.5,0.0,고순종실록,40.0,한국사료총서,40.0
梨坡,2,20,18,90.0,60.0,한국사료총서,100.0,조선왕조실록,40.0
全州,8,7175,5765,80.3,60.0,삼국유사,100.0,고순종실록,40.0
王都,7,310,13,4.2,0.0,고려사,40.0,고려사절요,40.0
柒原縣,3,228,50,21.9,0.0,한국사료총서,40.0,조선왕조실록,40.0
海南,6,4505,3684,81.8,60.0,고려사절요,100.0,고순종실록,40.0
萬歲山,2,27,23,85.2,60.0,승정원일기,100.0,조선왕조실록,40.0
英州,5,46,36,78.3,60.0,승정원일기,100.0,조선왕조실록,40.0
忠淸南,3,956,943,98.6,60.0,한국사료총서,99.9,승정원일기,39.9
通驛,2,30,16,53.3,43.5,한국사료총서,83.3,조선왕조실록,39.9
露梁,3,1030,839,81.5,59.5,한국사료총서,99.4,조선왕조실록,39.9
鍾峴,2,76,61,80.3,57.6,한국사료총서,97.5,승정원일기,39.9
靈巖,6,2555,1956,76.6,60.1,한국사료총서,100.0,고순종실록,39.9
恩彦君,4,346,100,28.9,0.0,고순종실록,39.8,승정원일기,39.8
玄風,5,1159,840,72.5,60.2,승정원일기,100.0,고순종실록,39.8
公淸道,3,723,670,92.7,57.9,한국사료총서,97.7,조선왕조실록,39.8
明川以南,2,138,53,38.4,0.0,조선왕조실록,39.8,승정원일기,39.8
高原,5,1456,1005,69.0,60.2,한국사료총서,100.0,고순종실록,39.8
古城,6,728,201,27.6,0.0,고려사절요,39.8,승정원일기,39.8
鎭岑,4,871,585,67.2,60.2,승정원일기,100.0,조선왕조실록,39.8
內浦,5,504,326,64.7,60.2,조선왕조실록,100.0,고려사절요,39.8
黑山島,6,5724,5584,97.6,60.2,한국사료총서,100.0,고순종실록,39.8
江襄道,2,91,81,89.0,56.2,조선왕조실록,96.0,승정원일기,39.8
鍾街,4,318,215,67.6,37.5,한국사료총서,77.3,승정원일기,39.8
舊豐德,2,123,46,37.4,0.0,조선왕조실록,39.7,승정원일기,39.7
舒川,4,2020,1371,67.9,60.3,승정원일기,100.0,고순종실록,39.7
珍,7,16960,5373,31.7,10.3,한국사료총서,50.0,고순종실록,39.7
龍潭,5,1000,735,73.5,60.3,한국사료총서,100.0,고순종실록,39.7
歸厚,4,1417,9,0.6,0.3,승정원일기,40.0,고려사,39.7
桂林,3,96,13,13.5,2.0,조선왕조실록,41.7,승정원일기,39.7
藍浦,5,1542,1035,67.1,60.3,승정원일기,100.0,고순종실록,39.7
深川,3,49,29,59.2,35.3,한국사료총서,75.0,조선왕조실록,39.7
箭串馬場,2,56,21,37.5,0.0,조선왕조실록,39.6,승정원일기,39.6
舒川浦,4,143,99,69.2,60.4,승정원일기,100.0,조선왕조실록,39.6
山浦,5,1040,830,79.8,60.4,승정원일기,100.0,고려사,39.6
江景,3,97,77,79.4,60.4,한국사료총서,100.0,조선왕조실록,39.6
踰嶺,6,788,116,14.7,0.0,고순종실록,39.6,조선왕조실록,39.6
畿左,3,362,210,58.0,20.0,한국사료총서,59.6,승정원일기,39.6
加佐,3,53,41,77.4,56.5,한국사료총서,96.2,승정원일기,39.6
幽,8,9507,347,3.6,2.7,승정원일기,42.3,삼국사기,39.6
忠淸道洪州地,2,215,84,39.1,0.0,조선왕조실록,39.6,승정원일기,39.6
新溪,4,1311,868,66.2,60.4,승정원일기,100.0,고순종실록,39.6
道知,4,1121,42,3.7,0.0,고순종실록,39.6,조선왕조실록,39.6
黃石,5,284,53,18.7,0.0,고려사,39.6,조선왕조실록,39.6
義州,6,15172,11945,78.7,60.5,한국사료총서,100.0,고순종실록,39.5
草梁,4,241,175,72.6,60.5,한국사료총서,100.0,조선왕조실록,39.5
靑石,4,463,356,76.9,45.1,한국사료총서,84.6,승정원일기,39.5
三河,3,53,34,64.2,50.0,승정원일기,89.5,조선왕조실록,39.5
川邑,3,246,122,49.6,17.6,조선왕조실록,57.0,승정원일기,39.4
延豐,4,953,638,66.9,60.6,승정원일기,100.0,고순종실록,39.4
葱秀站,2,14,9,64.3,33.3,한국사료총서,72.7,승정원일기,39.4
庇安,3,62,29,46.8,33.3,조선왕조실록,72.7,한국사료총서,39.4
龍岡,6,1187,833,70.2,60.6,승정원일기,100.0,고순종실록,39.4
雜穀廛,3,73,26,35.6,0.0,조선왕조실록,39.4,승정원일기,39.4
西間,4,278,63,22.7,0.0,고순종실록,39.4,한국사료총서,39.4
登公仇非,2,14,5,35.7,27.3,승정원일기,66.7,조선왕조실록,39.4
別殿,5,1355,325,24.0,0.0,고려사,39.3,승정원일기,39.3
綾州,4,1324,854,64.5,60.7,승정원일기,100.0,고순종실록,39.3
連浦,3,86,76,88.4,58.3,한국사료총서,97.7,승정원일기,39.3
鴻山地,2,33,11,33.3,0.0,조선왕조실록,39.3,승정원일기,39.3
博川,4,1486,1034,69.6,60.7,승정원일기,100.0,고순종실록,39.3
都草,4,49,38,77.6,50.0,한국사료총서,89.3,승정원일기,39.3
天市西垣,2,64,11,17.2,0.0,조선왕조실록,39.3,승정원일기,39.3
蔚山,4,3182,2337,73.4,60.7,한국사료총서,100.0,고순종실록,39.3
布哇,3,40,29,72.5,60.7,한국사료총서,100.0,승정원일기,39.3
永平府,3,67,50,74.6,60.7,한국사료총서,100.0,승정원일기,39.3
德水,5,185,133,71.9,60.8,승정원일기,100.0,고려사절요,39.2
道寧,4,559,482,86.2,60.8,한국사료총서,100.0,고순종실록,39.2
忠淸道淸州地,2,209,78,37.3,0.0,조선왕조실록,39.2,승정원일기,39.2
昭格署,3,471,41,8.7,4.5,조선왕조실록,43.8,승정원일기,39.2
寒溪,3,76,13,17.1,10.8,한국사료총서,50.0,조선왕조실록,39.2
山,8,269346,108958,40.5,30.0,한국사료총서,69.0,삼국사기,39.1
肅川府,4,909,200,22.0,20.9,승정원일기,60.0,고순종실록,39.1
慶尙道星州地,2,76,27,35.5,0.0,조선왕조실록,39.1,승정원일기,39.1
宣仁門內,2,29,9,31.0,0.0,한국사료총서,39.1,승정원일기,39.1
奉天,6,2255,633,28.1,0.0,고려사절요,39.1,고순종실록,39.1
坊洞,3,74,36,48.6,32.4,조선왕조실록,71.4,한국사료총서,39.1
紅門,4,370,40,10.8,0.0,고려사,39.1,한국사료총서,39.1
泰川,4,1360,965,71.0,60.9,한국사료총서,100.0,조선왕조실록,39.1
內洞,3,201,147,73.1,39.1,승정원일기,78.2,한국사료총서,39.1
威化,5,269,251,93.3,60.0,고려사절요,99.1,조선왕조실록,39.1
沃,8,13037,2664,20.4,0.0,삼국유사,39.1,고순종실록,39.1
交濟倉,3,252,58,23.0,0.0,한국사료총서,39.1,조선왕조실록,39.1
定平,4,1543,1051,68.1,60.9,승정원일기,100.0,고순종실록,39.1
柳川,3,143,71,49.7,37.0,한국사료총서,76.1,승정원일기,39.1
翼,8,126075,1596,1.3,0.9,조선왕조실록,40.0,삼국유사,39.1
全羅道濟州牧,2,251,239,95.2,58.8,한국사료총서,97.9,승정원일기,39.0
眞安,3,36,21,58.3,37.5,한국사료총서,76.5,승정원일기,39.0
尙洞,2,29,12,41.4,36.0,한국사료총서,75.0,승정원일기,39.0
長沙,6,173,86,49.7,33.3,고려사,72.3,조선왕조실록,39.0
閼川,3,38,15,39.5,11.1,한국사료총서,50.0,삼국사기,38.9
軍威,4,1618,760,47.0,36.4,승정원일기,75.2,한국사료총서,38.9
燕岐,6,917,637,69.5,61.1,승정원일기,100.0,고순종실록,38.9
靈星壇,2,16,4,25.0,11.1,조선왕조실록,50.0,승정원일기,38.9
濟浦,2,15,6,40.0,16.7,승정원일기,55.6,한국사료총서,38.9
甲山鎭,2,15,10,66.7,50.0,승정원일기,88.9,조선왕조실록,38.9
溫宮,3,144,45,31.2,0.0,한국사료총서,38.9,승정원일기,38.9
無等,6,475,32,6.7,0.0,고순종실록,38.9,고려사,38.9
黃龍山城,2,40,15,37.5,0.0,한국사료총서,38.9,승정원일기,38.9
王洞,3,95,33,34.7,21.1,승정원일기,60.0,한국사료총서,38.9
長水驛,2,14,11,78.6,50.0,한국사료총서,88.9,승정원일기,38.9
黑海,2,24,7,29.2,0.0,조선왕조실록,38.9,한국사료총서,38.9
石津,3,21,15,71.4,50.0,승정원일기,88.9,조선왕조실록,38.9
楮子,4,388,370,95.4,61.1,한국사료총서,100.0,고순종실록,38.9
安州,6,5660,4749,83.9,61.1,고려사절요,100.0,고순종실록,38.9
宣川府,4,1043,180,17.3,11.1,한국사료총서,50.0,고순종실록,38.9
宗廟正殿,2,39,27,69.2,33.3,조선왕조실록,72.2,승정원일기,38.9
甲鄕,3,16,12,75.0,50.0,한국사료총서,88.9,조선왕조실록,38.9
萬安,4,1425,528,37.1,0.0,고순종실록,38.9,승정원일기,38.9
淮,7,4543,2401,52.9,22.0,고려사절요,60.9,승정원일기,38.9
逍遙,5,589,39,6.6,0.0,고려사,38.9,조선왕조실록,38.9
文義郡,2,24,10,41.7,27.8,승정원일기,66.7,한국사료총서,38.9
城浦,4,62,51,82.3,61.1,한국사료총서,100.0,조선왕조실록,38.9
上郊,3,55,7,12.7,0.0,승정원일기,38.9,한국사료총서,38.9
睢陽,3,90,59,65.6,38.9,한국사료총서,77.8,조선왕조실록,38.9
穩城府,4,1237,328,26.5,21.2,조선왕조실록,60.0,고순종실록,38.8
密陽郡,4,61,21,34.4,21.2,승정원일기,60.0,고순종실록,38.8
烏,8,14894,1679,11.3,3.0,승정원일기,41.7,한국사료총서,38.8
江華地,3,165,54,32.7,0.0,조선왕조실록,38.8,승정원일기,38.8
祥原,6,1386,982,70.9,61.2,승정원일기,100.0,고순종실록,38.8
項浦,3,48,38,79.2,56.2,한국사료총서,95.0,승정원일기,38.8
亞洲,3,31,16,51.6,41.2,한국사료총서,80.0,고순종실록,38.8
三嘉,4,959,661,68.9,61.2,한국사료총서,100.0,고순종실록,38.8
陰竹地,3,55,19,34.5,0.0,조선왕조실록,38.8,승정원일기,38.8
豐川府,4,832,249,29.9,18.3,조선왕조실록,57.1,고순종실록,38.8
仁川郡,2,42,16,38.1,15.8,승정원일기,54.5,조선왕조실록,38.8
龍安,4,887,610,68.8,61.3,승정원일기,100.0,고순종실록,38.7
甲山,5,3373,2741,81.3,61.3,한국사료총서,100.0,고순종실록,38.7
郭山,4,1668,1165,69.8,61.3,승정원일기,100.0,고순종실록,38.7
會賢,3,279,259,92.8,61.3,한국사료총서,100.0,조선왕조실록,38.7
魚臺,2,34,6,17.6,4.2,한국사료총서,42.9,조선왕조실록,38.7
安富,4,147,36,24.5,11.3,승정원일기,50.0,고려사,38.7
同福,5,920,628,68.3,61.3,승정원일기,100.0,고순종실록,38.7
剛,8,13883,423,3.0,1.3,한국사료총서,40.0,삼국유사,38.7
英親王宮,2,98,36,36.7,0.0,한국사료총서,38.7,승정원일기,38.7
孟山,4,1097,752,68.6,61.4,승정원일기,100.0,고순종실록,38.6
三田,3,992,832,83.9,57.1,한국사료총서,95.7,조선왕조실록,38.6
王陵,7,1608,465,28.9,0.0,고려사절요,38.6,승정원일기,38.6
春州,5,124,98,79.0,61.5,고려사,100.0,승정원일기,38.5
明原,3,87,11,12.6,0.0,승정원일기,38.5,조선왕조실록,38.5
淮陰,4,50,8,16.0,11.5,승정원일기,50.0,고려사,38.5
慶嬪,4,149,42,28.2,0.0,고순종실록,38.5,승정원일기,38.5
泰慶,3,1824,104,5.7,0.0,승정원일기,38.5,조선왕조실록,38.5
大靑島,5,68,62,91.2,61.5,한국사료총서,100.0,조선왕조실록,38.5
興龍,4,525,28,5.3,0.0,고순종실록,38.5,조선왕조실록,38.5
園,8,27196,9211,33.9,0.0,삼국유사,38.5,승정원일기,38.5
靜安,3,48,5,10.4,0.0,승정원일기,38.5,조선왕조실록,38.5
堂浦,3,27,22,81.5,61.5,한국사료총서,100.0,조선왕조실록,38.5
米利堅,2,19,7,36.8,0.0,승정원일기,38.5,한국사료총서,38.5
淸原府院君,3,85,15,17.6,0.0,조선왕조실록,38.5,승정원일기,38.5
永同,6,1269,962,75.8,61.5,고려사,100.0,고순종실록,38.5
原府,6,7584,2044,27.0,21.5,조선왕조실록,60.0,고순종실록,38.5
恒代,3,27,5,18.5,0.0,조선왕조실록,38.5,승정원일기,38.5
廣峴,2,29,19,65.5,61.5,한국사료총서,100.0,승정원일기,38.5
甲士場,2,23,5,21.7,0.0,승정원일기,38.5,조선왕조실록,38.5
雙里門,3,32,27,84.4,61.5,한국사료총서,100.0,조선왕조실록,38.5
花溪,2,58,5,8.6,0.0,승정원일기,38.5,한국사료총서,38.5
茅亭,4,84,5,6.0,0.0,고려사,38.5,조선왕조실록,38.5
泰川地,2,21,5,23.8,0.0,조선왕조실록,38.5,승정원일기,38.5
鎭原,3,126,5,4.0,0.0,승정원일기,38.5,조선왕조실록,38.5
秃用,2,16,5,31.2,0.0,한국사료총서,38.5,승정원일기,38.5
杆城,6,1436,1080,75.2,61.5,한국사료총서,100.0,고순종실록,38.5
魯西亞,2,20,6,30.0,0.0,승정원일기,38.5,한국사료총서,38.5
城隍祠,2,250,6,2.4,0.0,한국사료총서,38.5,조선왕조실록,38.5
柒原,3,324,217,67.0,61.5,한국사료총서,100.0,조선왕조실록,38.5
一岐州,2,352,347,98.6,61.5,한국사료총서,100.0,조선왕조실록,38.5
三苗,3,125,16,12.8,0.0,한국사료총서,38.5,조선왕조실록,38.5
大都,8,1159,50,4.3,0.0,고순종실록,38.5,고려사절요,38.5
五都,5,126,31,24.6,0.0,고려사,38.5,승정원일기,38.5
江原道江陵府,3,89,85,95.5,60.0,한국사료총서,98.4,승정원일기,38.4
泉谷,2,116,82,70.7,33.3,승정원일기,71.7,한국사료총서,38.4
新昌縣,4,641,90,14.0,11.6,승정원일기,50.0,고순종실록,38.4
楊根地,3,566,211,37.3,0.0,고순종실록,38.4,승정원일기,38.4
坡州牧,4,1688,241,14.3,7.8,조선왕조실록,46.2,고순종실록,38.4
京幾,3,127,43,33.9,28.3,승정원일기,66.7,조선왕조실록,38.4
新行,3,274,26,9.5,0.5,한국사료총서,38.9,승정원일기,38.4
北兩道,4,317,86,27.1,0.0,고순종실록,38.4,승정원일기,38.4
上村,3,168,54,32.1,0.0,고순종실록,38.3,한국사료총서,38.3
延平,4,586,63,10.8,4.5,승정원일기,42.9,고려사,38.3
三池,4,40,8,20.0,7.1,한국사료총서,45.5,승정원일기,38.3
陰城,5,1009,713,70.7,61.7,승정원일기,100.0,고순종실록,38.3
鬱陵,4,317,291,91.8,61.7,한국사료총서,100.0,조선왕조실록,38.3
德恩,3,147,32,21.8,3.8,승정원일기,42.1,한국사료총서,38.3
歙谷,5,902,627,69.5,61.7,승정원일기,100.0,고순종실록,38.3
倉里,3,120,103,85.8,50.0,조선왕조실록,88.3,한국사료총서,38.3
州,8,202913,143491,70.7,54.8,한국사료총서,93.0,고순종실록,38.2
平安道平壤地,2,77,26,33.8,0.0,조선왕조실록,38.2,승정원일기,38.2
所非,5,636,129,20.3,11.8,한국사료총서,50.0,삼국사기,38.2
月尾,4,95,73,76.8,61.8,한국사료총서,100.0,조선왕조실록,38.2
圻甸,2,66,5,7.6,1.8,조선왕조실록,40.0,한국사료총서,38.2
東萊釜山,2,1534,951,62.0,61.8,한국사료총서,100.0,승정원일기,38.2
豐陵,2,858,75,8.7,6.0,승정원일기,44.3,조선왕조실록,38.2
麒麟,5,572,206,36.0,6.2,한국사료총서,44.5,승정원일기,38.2
渭,6,7486,1986,26.5,21.2,한국사료총서,59.4,고순종실록,38.2
京畿長湍府,2,21,17,81.0,50.0,조선왕조실록,88.2,승정원일기,38.2
全羅南,3,586,569,97.1,61.8,한국사료총서,100.0,고순종실록,38.2
里,8,135648,22979,16.9,7.4,고려사절요,45.6,삼국사기,38.2
懷仁,5,901,594,65.9,61.9,승정원일기,100.0,고순종실록,38.1
弟島,2,11,7,63.6,33.3,조선왕조실록,71.4,한국사료총서,38.1
鐵原府,5,1010,230,22.8,21.0,승정원일기,59.1,한국사료총서,38.1
咸鏡道咸興,3,182,171,94.0,61.9,한국사료총서,100.0,조선왕조실록,38.1
楊口郡,2,29,13,44.8,28.6,승정원일기,66.7,한국사료총서,38.1
平薪,4,421,275,65.3,61.9,한국사료총서,100.0,조선왕조실록,38.1
兄弟島,2,10,6,60.0,33.3,조선왕조실록,71.4,한국사료총서,38.1
朝宗門外,2,117,43,36.8,0.0,조선왕조실록,38.1,승정원일기,38.1
扞城郡,2,10,4,40.0,28.6,승정원일기,66.7,조선왕조실록,38.1
楚人,4,180,8,4.4,0.0,고려사,38.1,조선왕조실록,38.1
燕喜,4,100,21,21.0,0.0,고순종실록,38.1,조선왕조실록,38.1
金城縣,4,674,209,31.0,28.6,승정원일기,66.7,고순종실록,38.1
濟物,4,638,373,58.5,55.8,승정원일기,93.9,고순종실록,38.1
靑島,6,128,111,86.7,61.9,한국사료총서,100.0,조선왕조실록,38.1
慶會樓池,3,77,8,10.4,0.0,조선왕조실록,38.1,승정원일기,38.1
南門外里,2,10,6,60.0,33.3,승정원일기,71.4,한국사료총서,38.1
忠南,3,176,123,69.9,54.1,한국사료총서,92.2,승정원일기,38.1
周留城,2,13,6,46.2,28.6,삼국사기,66.7,한국사료총서,38.1
咸鏡道咸,3,182,172,94.5,61.9,한국사료총서,100.0,조선왕조실록,38.1
伊西,3,21,10,47.6,33.3,삼국유사,71.4,한국사료총서,38.1
石橋,3,938,416,44.3,18.4,한국사료총서,56.5,승정원일기,38.1
長門州,2,223,150,67.3,62.0,한국사료총서,100.0,조선왕조실록,38.0
南水,4,549,152,27.7,0.0,고순종실록,38.0,승정원일기,38.0
內里,3,156,137,87.8,57.1,조선왕조실록,95.1,승정원일기,38.0
楸子,6,2716,2662,98.0,62.0,한국사료총서,100.0,고순종실록,38.0
定平府,4,729,101,13.9,12.0,승정원일기,50.0,고순종실록,38.0
後岡,3,77,19,24.7,0.0,조선왕조실록,38.0,승정원일기,38.0
康翎,4,1233,902,73.2,62.0,한국사료총서,100.0,고순종실록,38.0
豐,7,47596,7655,16.1,11.8,승정원일기,49.7,고려사,37.9
畤,3,306,12,3.9,0.0,한국사료총서,37.9,승정원일기,37.9
龍崗,3,378,258,68.3,57.1,한국사료총서,95.0,조선왕조실록,37.9
津渡,4,372,36,9.7,2.1,승정원일기,40.0,고려사,37.9
熙,7,120166,35557,29.6,0.0,고려사절요,37.9,조선왕조실록,37.9
利川縣,2,143,36,25.2,9.8,승정원일기,47.7,조선왕조실록,37.9
新陽,4,70,11,15.7,0.0,고려사,37.9,한국사료총서,37.9
城津府,3,49,24,49.0,16.7,한국사료총서,54.5,고순종실록,37.9
夷山,3,50,9,18.0,12.1,한국사료총서,50.0,승정원일기,37.9
豊德府,2,65,10,15.4,12.1,승정원일기,50.0,한국사료총서,37.9
伊羅,4,65,11,16.9,0.0,고려사,37.9,조선왕조실록,37.9
石積,3,45,14,31.1,19.2,승정원일기,57.1,조선왕조실록,37.9
瑞山郡,4,1018,163,16.0,12.1,한국사료총서,50.0,고순종실록,37.9
府北面,2,20,8,40.0,22.2,한국사료총서,60.0,승정원일기,37.8
谷,8,23649,10018,42.4,32.5,승정원일기,70.3,삼국사기,37.8
石川,3,94,35,37.2,0.0,고순종실록,37.8,한국사료총서,37.8
延豊,3,305,194,63.6,62.2,승정원일기,100.0,조선왕조실록,37.8
倭子,3,238,85,35.7,0.0,고려사,37.8,조선왕조실록,37.8
定和,3,98,19,19.4,0.0,한국사료총서,37.8,승정원일기,37.8
比安,4,775,532,68.6,62.2,승정원일기,100.0,고순종실록,37.8
載寧縣,2,49,5,10.2,5.1,승정원일기,42.9,조선왕조실록,37.7
剡,4,1833,97,5.3,0.0,고순종실록,37.7,한국사료총서,37.7
曲城,5,237,70,29.5,0.0,고려사절요,37.7,승정원일기,37.7
鎭安,5,2588,725,28.0,24.8,승정원일기,62.5,고려사,37.7
津,8,28624,17278,60.4,45.1,한국사료총서,82.9,고순종실록,37.7
靖嬪,2,96,33,34.4,5.6,조선왕조실록,43.2,승정원일기,37.7
交州,5,186,137,73.7,60.0,고려사절요,97.7,조선왕조실록,37.7
鄒,7,1770,205,11.6,0.0,고려사,37.6,조선왕조실록,37.6
井里,3,320,273,85.3,50.0,조선왕조실록,87.6,한국사료총서,37.6
摩利,3,48,33,68.8,47.1,고려사,84.6,조선왕조실록,37.6
明溫公主,3,115,35,30.4,0.0,고순종실록,37.6,승정원일기,37.6
錦營,4,419,47,11.2,0.0,고순종실록,37.6,승정원일기,37.6
江原道原州地,2,448,166,37.1,0.0,조선왕조실록,37.6,승정원일기,37.6
刀山,3,37,6,16.2,5.3,한국사료총서,42.9,조선왕조실록,37.6
羅州郡,3,45,21,46.7,42.4,승정원일기,80.0,고순종실록,37.6
安岳郡,4,1019,207,20.3,14.3,고순종실록,51.9,한국사료총서,37.6
塗莘,2,22,3,13.6,0.0,승정원일기,37.5,조선왕조실록,37.5
陵縣,3,93,32,34.4,25.0,한국사료총서,62.5,조선왕조실록,37.5
上海縣,3,51,36,70.6,62.5,한국사료총서,100.0,승정원일기,37.5
晋國,2,12,3,25.0,0.0,한국사료총서,37.5,조선왕조실록,37.5
細柳營,3,28,5,17.9,0.0,한국사료총서,37.5,조선왕조실록,37.5
玉環,3,57,3,5.3,0.0,승정원일기,37.5,한국사료총서,37.5
開興,4,29,4,13.8,0.0,고려사,37.5,한국사료총서,37.5
邑坊,3,30,6,20.0,0.0,승정원일기,37.5,한국사료총서,37.5
院山,2,30,5,16.7,12.5,한국사료총서,50.0,조선왕조실록,37.5
功臣堂,4,47,12,25.5,0.0,고려사,37.5,승정원일기,37.5
高麗始祖,2,43,3,7.0,0.0,조선왕조실록,37.5,승정원일기,37.5
館里,2,30,20,66.7,62.5,한국사료총서,100.0,승정원일기,37.5
牙州,4,43,38,88.4,62.5,한국사료총서,100.0,조선왕조실록,37.5
礒竹島,2,17,14,82.4,62.5,한국사료총서,100.0,조선왕조실록,37.5
駒興,3,32,28,87.5,62.5,한국사료총서,100.0,승정원일기,37.5
全羅道康津縣,4,519,512,98.7,62.5,한국사료총서,100.0,조선왕조실록,37.5
大良,5,141,15,10.6,0.0,승정원일기,37.5,조선왕조실록,37.5
牛島,4,70,56,80.0,62.5,한국사료총서,100.0,고려사,37.5
富谷,2,18,12,66.7,50.0,승정원일기,87.5,한국사료총서,37.5
原栗,4,23,18,78.3,62.5,한국사료총서,100.0,고려사,37.5
春坡,2,11,3,27.3,0.0,승정원일기,37.5,한국사료총서,37.5
井陘,3,22,7,31.8,0.0,한국사료총서,37.5,승정원일기,37.5
社稷北郊,3,25,4,16.0,0.0,한국사료총서,37.5,승정원일기,37.5
知乙,3,39,3,7.7,0.0,승정원일기,37.5,조선왕조실록,37.5
婆豬,2,12,8,66.7,62.5,승정원일기,100.0,조선왕조실록,37.5
參禮驛,3,49,41,83.7,62.5,한국사료총서,100.0,조선왕조실록,37.5
太洞,2,11,8,72.7,62.5,한국사료총서,100.0,승정원일기,37.5
柴,8,7899,83,1.1,0.0,고려사,37.5,삼국사기,37.5
石嶺,3,109,72,66.1,56.9,한국사료총서,94.4,조선왕조실록,37.5
安興鎭,4,180,157,87.2,62.5,한국사료총서,100.0,고순종실록,37.5
息壤,3,59,12,20.3,0.0,한국사료총서,37.5,조선왕조실록,37.5
陽知,3,26,6,23.1,0.0,승정원일기,37.5,한국사료총서,37.5
瓢,4,904,103,11.4,0.0,고순종실록,37.5,한국사료총서,37.5
香洞,2,19,14,73.7,62.5,한국사료총서,100.0,승정원일기,37.5
齊厚陵,2,11,3,27.3,0.0,한국사료총서,37.5,승정원일기,37.5
元山津,3,23,20,87.0,62.5,한국사료총서,100.0,승정원일기,37.5
六臣墓,3,45,12,26.7,0.0,조선왕조실록,37.5,승정원일기,37.5
慶尙北道,3,663,653,98.5,62.5,한국사료총서,100.0,고순종실록,37.5
恩明,2,14,3,21.4,0.0,승정원일기,37.5,한국사료총서,37.5
孟州,4,30,26,86.7,62.5,한국사료총서,100.0,조선왕조실록,37.5
崇政殿東庭,2,31,9,29.0,0.0,조선왕조실록,37.5,승정원일기,37.5
金山地,2,41,12,29.3,0.0,조선왕조실록,37.5,승정원일기,37.5
和州,5,177,160,90.4,62.5,한국사료총서,100.0,조선왕조실록,37.5
寬鎭,2,117,3,2.6,0.0,승정원일기,37.5,조선왕조실록,37.5
長湍府,4,1481,208,14.0,12.5,승정원일기,50.0,고순종실록,37.5
郞胡,2,14,3,21.4,0.0,한국사료총서,37.5,조선왕조실록,37.5
謹身,3,120,11,9.2,0.0,한국사료총서,37.5,조선왕조실록,37.5
集瑞門外,2,11,3,27.3,0.0,조선왕조실록,37.5,승정원일기,37.5
上西,4,483,55,11.4,0.0,고려사,37.5,한국사료총서,37.5
東瀛,3,31,6,19.4,0.0,승정원일기,37.5,조선왕조실록,37.5
關北十州,2,13,6,46.2,25.0,고순종실록,62.5,승정원일기,37.5
五浦,2,22,12,54.5,25.0,조선왕조실록,62.5,승정원일기,37.5
群場里,3,55,52,94.5,62.5,한국사료총서,100.0,승정원일기,37.5
駱,7,913,167,18.3,0.0,삼국사기,37.5,고순종실록,37.5
宜山,3,91,4,4.4,0.0,조선왕조실록,37.5,승정원일기,37.5
嶺·湖,2,412,3,0.7,0.0,승정원일기,37.5,한국사료총서,37.5
平岩,2,12,3,25.0,12.5,한국사료총서,50.0,승정원일기,37.5
義州中江,2,16,12,75.0,62.5,승정원일기,100.0,조선왕조실록,37.5
泰安府,3,104,16,15.4,12.5,한국사료총서,50.0,고순종실록,37.5
長端,3,64,47,73.4,62.5,한국사료총서,100.0,조선왕조실록,37.5
群場,3,57,54,94.7,62.5,한국사료총서,100.0,승정원일기,37.5
汴京,3,64,59,92.2,62.5,한국사료총서,100.0,조선왕조실록,37.5
接洞,2,15,12,80.0,62.5,승정원일기,100.0,한국사료총서,37.5
富有,5,351,13,3.7,0.0,고순종실록,37.5,고려사,37.5
八坊,5,44,7,15.9,0.0,고려사,37.5,승정원일기,37.5
法民,4,31,6,19.4,0.0,승정원일기,37.5,고순종실록,37.5
吳江,2,13,3,23.1,12.5,한국사료총서,50.0,승정원일기,37.5
陶淵,3,68,6,8.8,0.0,승정원일기,37.5,한국사료총서,37.5
貞陵丁字閣,2,20,7,35.0,12.5,조선왕조실록,50.0,승정원일기,37.5
盤山,2,23,15,65.2,50.0,한국사료총서,87.5,승정원일기,37.5
火谷,2,19,13,68.4,62.5,한국사료총서,100.0,조선왕조실록,37.5
崇禮門內,2,55,15,27.3,0.0,조선왕조실록,37.5,승정원일기,37.5
念通,2,28,3,10.7,0.0,승정원일기,37.5,조선왕조실록,37.5
右漕倉,3,110,39,35.5,0.0,조선왕조실록,37.5,승정원일기,37.5
通溝,3,36,21,58.3,25.0,승정원일기,62.5,한국사료총서,37.5
陘,3,39,11,28.2,0.0,한국사료총서,37.5,승정원일기,37.5
中北面,3,22,3,13.6,0.0,승정원일기,37.5,한국사료총서,37.5
龜城地,2,15,3,20.0,0.0,조선왕조실록,37.5,승정원일기,37.5
東正門,3,53,16,30.2,0.0,한국사료총서,37.5,승정원일기,37.5
坡館,2,13,10,76.9,62.5,승정원일기,100.0,조선왕조실록,37.5
奴夷,2,13,3,23.1,0.0,한국사료총서,37.5,조선왕조실록,37.5
都昌,2,30,3,10.0,0.0,승정원일기,37.5,조선왕조실록,37.5
鹿屯,3,49,46,93.9,62.5,한국사료총서,100.0,조선왕조실록,37.5
場坪,2,16,9,56.2,37.5,한국사료총서,75.0,승정원일기,37.5
金岩,2,16,6,37.5,12.5,한국사료총서,50.0,승정원일기,37.5
太稷,2,16,6,37.5,37.5,승정원일기,75.0,고순종실록,37.5
富寧以北,2,24,3,12.5,0.0,조선왕조실록,37.5,승정원일기,37.5
炭洞,3,38,26,68.4,62.5,한국사료총서,100.0,조선왕조실록,37.5
建陵,2,13,9,69.2,50.0,조선왕조실록,87.5,승정원일기,37.5
大周,3,35,4,11.4,0.0,승정원일기,37.5,조선왕조실록,37.5
沔州,3,17,12,70.6,62.5,고려사,100.0,조선왕조실록,37.5
宜寧郡,2,28,10,35.7,29.2,승정원일기,66.7,한국사료총서,37.5
石幕,2,36,28,77.8,53.8,한국사료총서,91.3,조선왕조실록,37.5
江州,3,110,75,68.2,41.7,한국사료총서,79.0,승정원일기,37.4
康津縣,4,2214,1414,63.9,50.6,한국사료총서,88.0,고순종실록,37.4
大東,4,440,29,6.6,5.5,한국사료총서,42.9,고순종실록,37.4
會寧,6,5837,4502,77.1,62.6,승정원일기,100.0,고순종실록,37.4
韓,8,174167,3065,1.8,0.6,승정원일기,38.0,고순종실록,37.4
南平縣,4,527,104,19.7,16.4,승정원일기,53.8,한국사료총서,37.4
吾老,3,521,188,36.1,3.7,한국사료총서,41.1,승정원일기,37.4
德山,6,2523,1765,70.0,60.0,고려사,97.4,고순종실록,37.4
順天,6,5176,3361,64.9,37.5,고려사,74.9,조선왕조실록,37.4
江陰,5,392,343,87.5,62.7,승정원일기,100.0,고려사절요,37.3
濟倉,3,312,63,20.2,0.0,한국사료총서,37.3,조선왕조실록,37.3
宮,8,467395,157720,33.7,0.0,삼국사기,37.3,승정원일기,37.3
宗廟門,3,59,19,32.2,0.0,조선왕조실록,37.3,승정원일기,37.3
忠淸道牙山地,2,105,38,36.2,0.0,조선왕조실록,37.3,승정원일기,37.3
結城,6,1607,1088,67.7,62.7,승정원일기,100.0,고려사절요,37.3
西庫,3,199,57,28.6,0.0,한국사료총서,37.3,승정원일기,37.3
大小南,2,58,29,50.0,16.7,조선왕조실록,53.8,승정원일기,37.2
鬱陵島,4,266,249,93.6,62.8,한국사료총서,100.0,조선왕조실록,37.2
鹿臺,2,21,11,52.4,46.2,승정원일기,83.3,조선왕조실록,37.2
長津柵,2,52,8,15.4,12.8,승정원일기,50.0,조선왕조실록,37.2
鶴洞,3,91,61,67.0,62.8,한국사료총서,100.0,승정원일기,37.2
美,8,45134,2788,6.2,0.0,삼국유사,37.2,고순종실록,37.2
井邑郡,2,34,10,29.4,20.0,승정원일기,57.1,한국사료총서,37.1
巖邑,3,49,6,12.2,5.7,승정원일기,42.9,한국사료총서,37.1
利川郡,2,45,16,35.6,22.9,승정원일기,60.0,고려사,37.1
慶,8,286404,103858,36.3,7.3,삼국유사,44.5,조선왕조실록,37.1
太淸,3,241,38,15.8,0.0,한국사료총서,37.1,조선왕조실록,37.1
通津郡,2,44,12,27.3,20.0,승정원일기,57.1,고순종실록,37.1
湍府,4,1493,216,14.5,12.9,승정원일기,50.0,고순종실록,37.1
南縣,6,2708,1828,67.5,51.8,조선왕조실록,88.9,고려사,37.1
長城地,3,43,13,30.2,0.0,조선왕조실록,37.1,승정원일기,37.1
渭濱,3,54,17,31.5,0.0,한국사료총서,37.1,승정원일기,37.1
黃,8,148620,25126,16.9,7.2,한국사료총서,44.2,고순종실록,37.0
倉城,3,69,21,30.4,0.0,한국사료총서,37.0,승정원일기,37.0
院洞,3,104,64,61.5,50.0,한국사료총서,87.0,승정원일기,37.0
沙火,3,50,17,34.0,13.0,한국사료총서,50.0,조선왕조실록,37.0
咸鏡南道,4,1081,944,87.3,63.0,한국사료총서,100.0,고순종실록,37.0
伊太利,2,33,22,66.7,63.0,한국사료총서,100.0,고순종실록,37.0
花田,3,188,35,18.6,10.1,승정원일기,47.1,한국사료총서,37.0
厚春,4,119,95,79.8,63.0,한국사료총서,100.0,고순종실록,37.0
成川,4,2400,1557,64.9,54.3,승정원일기,91.3,조선왕조실록,37.0
陽智,4,1294,896,69.2,63.0,승정원일기,100.0,고순종실록,37.0
中坪,3,39,29,74.4,57.1,한국사료총서,94.1,조선왕조실록,37.0
渭原郡,4,1020,428,42.0,40.8,한국사료총서,77.8,고순종실록,37.0
高城,7,1490,1061,71.2,63.0,한국사료총서,100.0,삼국유사,37.0
洋島,2,37,21,56.8,35.7,한국사료총서,72.7,조선왕조실록,37.0
梁鎭,4,239,139,58.2,51.6,승정원일기,88.6,조선왕조실록,37.0
大都護府,5,279,21,7.5,0.0,승정원일기,37.0,고려사,37.0
廬江,2,112,72,64.3,30.0,승정원일기,67.0,한국사료총서,37.0
虢,3,46,7,15.2,7.4,승정원일기,44.4,조선왕조실록,37.0
麟蹄縣,3,465,97,20.9,17.5,승정원일기,54.5,한국사료총서,37.0
嶺以東,2,39,10,25.6,0.0,조선왕조실록,37.0,승정원일기,37.0
黃驪,5,68,41,60.3,40.9,승정원일기,77.8,고려사절요,36.9
淳昌,5,1467,1073,73.1,63.1,승정원일기,100.0,고순종실록,36.9
知世,4,928,276,29.7,16.7,한국사료총서,53.6,조선왕조실록,36.9
驪州地,3,1058,384,36.3,0.0,조선왕조실록,36.9,승정원일기,36.9
三縣,5,247,43,17.4,0.0,고려사절요,36.9,조선왕조실록,36.9
金海郡,3,64,37,57.8,40.0,고순종실록,76.9,한국사료총서,36.9
神戶,3,68,43,63.2,56.0,한국사료총서,92.9,승정원일기,36.9
白耳義,2,23,15,65.2,63.2,한국사료총서,100.0,고순종실록,36.8
仁寢,2,26,17,65.4,63.2,승정원일기,100.0,조선왕조실록,36.8
舒,8,7325,1386,18.9,0.0,삼국사기,36.8,고순종실록,36.8
浦洞,3,60,38,63.3,55.6,조선왕조실록,92.3,승정원일기,36.8
功城,3,57,38,66.7,44.4,조선왕조실록,81.2,한국사료총서,36.8
星州地,3,103,32,31.1,0.0,조선왕조실록,36.8,승정원일기,36.8
龍溪,3,112,54,48.2,41.8,한국사료총서,78.6,승정원일기,36.8
藥峴,3,57,44,77.2,63.2,한국사료총서,100.0,조선왕조실록,36.8
海甸,3,52,8,15.4,0.0,조선왕조실록,36.8,승정원일기,36.8
越郡,4,238,60,25.2,13.2,승정원일기,50.0,삼국사기,36.8
州內,3,189,46,24.3,0.0,조선왕조실록,36.7,승정원일기,36.7
柏谷,2,13,5,38.5,30.0,승정원일기,66.7,한국사료총서,36.7
雲暗城,2,14,6,42.9,30.0,한국사료총서,66.7,승정원일기,36.7
月尾島,3,83,65,78.3,63.3,한국사료총서,100.0,승정원일기,36.7
仁浦,3,36,24,66.7,50.0,승정원일기,86.7,조선왕조실록,36.7
慶州郡,3,62,24,38.7,30.0,한국사료총서,66.7,고순종실록,36.7
密陽,5,2825,2124,75.2,63.3,승정원일기,100.0,고순종실록,36.7
新昌,5,1485,996,67.1,63.3,승정원일기,100.0,고순종실록,36.7
道洞,3,76,39,51.3,33.3,승정원일기,70.0,조선왕조실록,36.7
珍山,4,892,610,68.4,63.3,승정원일기,100.0,고순종실록,36.7
竹島,5,398,324,81.4,63.4,한국사료총서,100.0,고순종실록,36.6
六州,4,164,18,11.0,0.0,고려사,36.6,조선왕조실록,36.6
道善,3,403,200,49.6,21.1,한국사료총서,57.7,조선왕조실록,36.6
龍井,3,54,38,70.4,63.4,한국사료총서,100.0,조선왕조실록,36.6
花洞,3,113,97,85.8,63.4,한국사료총서,100.0,조선왕조실록,36.6
新橋,3,142,95,66.9,37.5,고순종실록,74.1,승정원일기,36.6
北坪,3,21,11,52.4,25.0,승정원일기,61.5,한국사료총서,36.5
道坊,2,38,28,73.7,42.9,승정원일기,79.3,한국사료총서,36.5
靈幄殿,3,183,56,30.6,0.0,한국사료총서,36.5,승정원일기,36.5
俄國,3,932,740,79.4,62.5,한국사료총서,99.0,고순종실록,36.5
扶風,3,86,33,38.4,9.1,조선왕조실록,45.6,승정원일기,36.5
蔚島,2,60,41,68.3,63.5,한국사료총서,100.0,승정원일기,36.5
潘南,5,125,88,70.4,63.5,한국사료총서,100.0,고려사절요,36.5
東北,8,3514,466,13.3,0.0,삼국사기,36.5,승정원일기,36.5
草洞,2,155,146,94.2,60.0,조선왕조실록,96.5,한국사료총서,36.5
南昌,3,163,15,9.2,3.5,승정원일기,40.0,조선왕조실록,36.5
古今,8,15643,4261,27.2,0.0,고려사,36.5,승정원일기,36.5
楊汀,2,397,4,1.0,0.0,조선왕조실록,36.4,한국사료총서,36.4
高乙,4,36,7,19.4,0.0,고려사,36.4,승정원일기,36.4
安民倉,2,33,16,48.5,36.4,승정원일기,72.7,조선왕조실록,36.4
茂,8,25448,5033,19.8,0.0,고려사절요,36.4,고순종실록,36.4
蟹巖,2,16,11,68.8,63.6,한국사료총서,100.0,조선왕조실록,36.4
九尾,3,51,7,13.7,0.0,조선왕조실록,36.4,승정원일기,36.4
沃州,4,35,30,85.7,63.6,한국사료총서,100.0,조선왕조실록,36.4
外北,3,203,48,23.6,0.0,조선왕조실록,36.4,한국사료총서,36.4
北邙,2,22,4,18.2,0.0,한국사료총서,36.4,승정원일기,36.4
弘農,3,43,31,72.1,63.6,한국사료총서,100.0,조선왕조실록,36.4
林畔站,2,15,11,73.3,63.6,한국사료총서,100.0,조선왕조실록,36.4
龍鐵,3,21,7,33.3,0.0,한국사료총서,36.4,승정원일기,36.4
華南,2,21,4,19.0,0.0,한국사료총서,36.4,승정원일기,36.4
平倉,6,802,261,32.5,0.0,고려사,36.4,승정원일기,36.4
大孤山,2,27,19,70.4,63.6,한국사료총서,100.0,승정원일기,36.4
奉安驛,3,44,34,77.3,50.0,한국사료총서,86.4,조선왕조실록,36.4
安保驛,2,25,21,84.0,63.6,한국사료총서,100.0,승정원일기,36.4
礪山縣,2,15,11,73.3,63.6,조선왕조실록,100.0,승정원일기,36.4
回龍,3,90,25,27.8,18.2,승정원일기,54.5,조선왕조실록,36.4
皇京,3,78,9,11.5,0.0,조선왕조실록,36.4,승정원일기,36.4
後朝鮮,5,84,8,9.5,0.0,고려사,36.4,조선왕조실록,36.4
但國,4,641,5,0.8,0.0,승정원일기,36.4,고순종실록,36.4
延坪,3,64,56,87.5,63.6,한국사료총서,100.0,조선왕조실록,36.4
獅子項,2,16,5,31.2,0.0,한국사료총서,36.4,승정원일기,36.4
南上面,2,15,11,73.3,63.6,한국사료총서,100.0,승정원일기,36.4
召村道,2,16,12,75.0,63.6,승정원일기,100.0,조선왕조실록,36.4
固城,6,3225,2550,79.1,63.6,한국사료총서,100.0,고순종실록,36.4
南陽縣,2,62,11,17.7,8.0,승정원일기,44.4,조선왕조실록,36.4
站,6,8103,1317,16.3,1.1,고순종실록,37.5,고려사절요,36.4
魏博,2,14,4,28.6,0.0,조선왕조실록,36.4,승정원일기,36.4
綾州牧,4,780,199,25.5,13.6,조선왕조실록,50.0,고순종실록,36.4
南木,3,80,6,7.5,0.0,승정원일기,36.4,한국사료총서,36.4
福寧,5,136,9,6.6,0.0,승정원일기,36.4,고순종실록,36.4
北間島,2,48,32,66.7,63.6,한국사료총서,100.0,승정원일기,36.4
慶尙道河東,3,136,131,96.3,63.6,한국사료총서,100.0,조선왕조실록,36.4
萬浦,4,26,21,80.8,63.6,한국사료총서,100.0,조선왕조실록,36.4
定城,4,131,26,19.8,0.0,고려사,36.4,승정원일기,36.4
哈蜜,2,14,10,71.4,63.6,한국사료총서,100.0,조선왕조실록,36.4
德,8,389881,100465,25.8,0.0,삼국유사,36.4,고순종실록,36.4
江東地,2,16,4,25.0,0.0,조선왕조실록,36.4,승정원일기,36.4
岐邑,2,14,10,71.4,63.6,한국사료총서,100.0,승정원일기,36.4
東西庫,2,15,4,26.7,0.0,한국사료총서,36.4,승정원일기,36.4
稷山行宮,2,14,4,28.6,0.0,조선왕조실록,36.4,승정원일기,36.4
仁同府,4,817,65,8.0,6.5,승정원일기,42.9,고순종실록,36.4
德陽,5,147,21,14.3,0.0,고려사절요,36.4,한국사료총서,36.4
南漢城,3,194,112,57.7,28.1,한국사료총서,64.4,승정원일기,36.3
宜陽,3,34,10,29.4,20.8,승정원일기,57.1,한국사료총서,36.3
朝宗,5,1044,261,25.0,2.8,한국사료총서,39.2,승정원일기,36.3
餘慶,7,514,118,23.0,0.0,고려사,36.3,승정원일기,36.3
箕都,3,42,22,52.4,25.0,조선왕조실록,61.3,승정원일기,36.3
首山,5,125,53,42.4,38.7,한국사료총서,75.0,삼국사기,36.3
南原地,3,160,53,33.1,0.0,조선왕조실록,36.3,승정원일기,36.3
晉山,3,85,26,30.6,12.5,조선왕조실록,48.7,한국사료총서,36.2
下村,4,195,66,33.8,0.0,삼국유사,36.2,한국사료총서,36.2
南邊,6,3743,1174,31.4,0.0,고려사,36.2,승정원일기,36.2
南陽府,6,1374,202,14.7,12.5,조선왕조실록,48.7,한국사료총서,36.2
新山,3,124,15,12.1,3.8,승정원일기,40.0,조선왕조실록,36.2
竹,8,17512,4675,26.7,6.1,삼국유사,42.3,고려사절요,36.2
雞,7,1862,257,13.8,2.9,한국사료총서,39.0,삼국사기,36.1
谷山府,4,795,203,25.5,23.9,승정원일기,60.0,고순종실록,36.1
檜,6,2282,342,15.0,2.6,승정원일기,38.7,조선왕조실록,36.1
抱川地,2,330,116,35.2,0.0,조선왕조실록,36.1,승정원일기,36.1
屯浦,2,23,11,47.8,38.9,한국사료총서,75.0,승정원일기,36.1
德興大院君,4,394,96,24.4,0.0,고순종실록,36.1,승정원일기,36.1
高敞,5,1186,868,73.2,63.9,승정원일기,100.0,고순종실록,36.1
敦化門內,4,97,26,26.8,0.0,고순종실록,36.1,승정원일기,36.1
道陽,3,167,123,73.7,50.0,한국사료총서,86.1,조선왕조실록,36.1
加賀,3,89,13,14.6,4.8,승정원일기,40.9,한국사료총서,36.1
童山,3,94,8,8.5,1.4,조선왕조실록,37.5,승정원일기,36.1
漆原縣,4,479,128,26.7,24.0,승정원일기,60.0,고순종실록,36.0
軍資倉,3,243,36,14.8,0.0,승정원일기,36.0,조선왕조실록,36.0
赤壁,3,111,23,20.7,8.5,한국사료총서,44.4,조선왕조실록,36.0
禮山地,2,116,40,34.5,0.0,한국사료총서,36.0,승정원일기,36.0
康津,4,3972,3271,82.4,64.0,한국사료총서,100.0,고순종실록,36.0
水山,3,279,151,54.1,43.0,한국사료총서,79.0,승정원일기,36.0
驪陵,2,63,6,9.5,4.0,승정원일기,40.0,조선왕조실록,36.0
永登浦,4,152,129,84.9,64.0,승정원일기,100.0,고순종실록,36.0
慶尙南,3,656,646,98.5,64.0,한국사료총서,100.0,고순종실록,36.0
老洞,3,36,27,75.0,64.0,한국사료총서,100.0,조선왕조실록,36.0
三陟,6,2901,2079,71.7,64.0,승정원일기,100.0,고순종실록,36.0
尼,8,4974,1489,29.9,2.8,삼국사기,38.8,승정원일기,36.0
午橋,2,31,14,45.2,39.1,승정원일기,75.0,조선왕조실록,35.9
井邑,6,1088,768,70.6,64.1,승정원일기,100.0,고순종실록,35.9
虛水,2,70,66,94.3,62.5,한국사료총서,98.4,조선왕조실록,35.9
智,8,25786,7045,27.3,3.9,삼국유사,39.9,승정원일기,35.9
比,8,82093,847,1.0,0.5,고려사절요,36.5,삼국사기,35.9
泰仁,4,1644,1194,72.6,62.7,승정원일기,98.5,조선왕조실록,35.9
崇禮門外,4,554,167,30.1,0.0,고순종실록,35.9,승정원일기,35.9
九曲,3,98,11,11.2,4.1,한국사료총서,40.0,조선왕조실록,35.9
四巨里,2,39,20,51.3,20.0,한국사료총서,55.9,승정원일기,35.9
眞城,2,31,12,38.7,30.8,한국사료총서,66.7,조선왕조실록,35.9
西周,3,87,7,8.0,4.2,한국사료총서,40.0,조선왕조실록,35.8
長門,3,266,175,65.8,59.6,한국사료총서,95.5,조선왕조실록,35.8
浦口,5,574,57,9.9,4.2,고순종실록,40.0,고려사,35.8
振威縣,4,730,104,14.2,9.4,승정원일기,45.2,한국사료총서,35.8
花潭,3,172,32,18.6,1.3,한국사료총서,37.0,조선왕조실록,35.8
鎭安縣,3,476,100,21.0,17.8,승정원일기,53.6,한국사료총서,35.8
新豊,3,39,18,46.2,26.7,조선왕조실록,62.5,승정원일기,35.8
忠淸道公州地,3,267,93,34.8,0.0,조선왕조실록,35.8,승정원일기,35.8
安峽,6,806,584,72.5,64.2,승정원일기,100.0,고려사절요,35.8
艾田,2,24,19,79.2,64.3,한국사료총서,100.0,조선왕조실록,35.7
平道,4,93,14,15.1,8.1,조선왕조실록,43.8,승정원일기,35.7
新峴,2,47,31,66.0,64.3,승정원일기,100.0,조선왕조실록,35.7
廟大門內,2,18,5,27.8,0.0,조선왕조실록,35.7,승정원일기,35.7
平海,6,1827,1428,78.2,64.3,고려사,100.0,고려사절요,35.7
安陰,3,996,770,77.3,63.4,승정원일기,99.1,조선왕조실록,35.7
野村,4,74,12,16.2,0.0,조선왕조실록,35.7,한국사료총서,35.7
福建人,3,60,5,8.3,0.0,승정원일기,35.7,조선왕조실록,35.7
中部貞善坊,3,36,29,80.6,57.1,조선왕조실록,92.9,한국사료총서,35.7
東道,8,1079,361,33.5,0.0,삼국사기,35.7,승정원일기,35.7
萬德,4,72,8,11.1,0.0,고려사,35.7,조선왕조실록,35.7
保安驛,2,52,47,90.4,60.0,조선왕조실록,95.7,승정원일기,35.7
來蘇,4,58,16,27.6,14.3,승정원일기,50.0,고려사,35.7
宣川,4,2744,1959,71.4,64.3,승정원일기,100.0,고순종실록,35.7
嶺以西,2,28,5,17.9,0.0,조선왕조실록,35.7,승정원일기,35.7
內黃,4,126,10,7.9,0.0,고려사,35.7,한국사료총서,35.7
天安郡,4,911,220,24.1,18.2,승정원일기,53.8,고순종실록,35.7
仁川濟物浦,3,115,110,95.7,64.3,한국사료총서,100.0,승정원일기,35.7
成津,2,12,3,25.0,14.3,승정원일기,50.0,조선왕조실록,35.7
巡威,3,52,46,88.5,60.0,한국사료총서,95.7,조선왕조실록,35.7
重慶,5,396,10,2.5,0.0,고려사,35.7,한국사료총서,35.7
柏林,2,13,9,69.2,50.0,승정원일기,85.7,한국사료총서,35.7
龍宮,5,1378,1084,78.7,64.3,승정원일기,100.0,고순종실록,35.7
面,8,94609,8526,9.0,0.0,삼국사기,35.7,한국사료총서,35.7
長水道,2,20,13,65.0,64.3,승정원일기,100.0,조선왕조실록,35.7
松門,2,18,4,22.2,14.3,한국사료총서,50.0,조선왕조실록,35.7
白領,2,23,6,26.1,0.0,조선왕조실록,35.7,승정원일기,35.7
安營,2,42,5,11.9,0.0,한국사료총서,35.7,승정원일기,35.7
寧嬪,3,261,78,29.9,0.0,고순종실록,35.7,승정원일기,35.7
寧越,6,1686,1235,73.3,64.3,고려사,100.0,고순종실록,35.7
弘政,2,21,15,71.4,64.3,조선왕조실록,100.0,승정원일기,35.7
胡越,3,91,10,11.0,0.0,승정원일기,35.7,조선왕조실록,35.7
鳳安,3,34,7,20.6,14.3,한국사료총서,50.0,승정원일기,35.7
要光,2,23,8,34.8,14.3,한국사료총서,50.0,조선왕조실록,35.7
關西北,2,20,7,35.0,14.3,조선왕조실록,50.0,승정원일기,35.7
永興府,4,1340,301,22.5,16.9,승정원일기,52.6,고순종실록,35.7
白河,2,12,4,33.3,14.3,한국사료총서,50.0,승정원일기,35.7
後洞,3,131,43,32.8,5.9,조선왕조실록,41.5,승정원일기,35.7
太極㺚子,3,24,5,20.8,0.0,승정원일기,35.7,조선왕조실록,35.7
朔寧,5,1417,1024,72.3,64.4,승정원일기,100.0,고순종실록,35.6
天摩,3,366,223,60.9,31.0,한국사료총서,66.7,조선왕조실록,35.6
羅里,5,392,343,87.5,64.4,조선왕조실록,100.0,고순종실록,35.6
光海君,3,801,21,2.6,0.0,조선왕조실록,35.6,승정원일기,35.6
保安道,2,16,8,50.0,44.4,승정원일기,80.0,조선왕조실록,35.6
社禝,3,67,22,32.8,0.0,삼국사기,35.6,승정원일기,35.6
八代,3,350,16,4.6,0.0,승정원일기,35.6,조선왕조실록,35.6
水淸,4,220,46,20.9,0.0,고순종실록,35.6,조선왕조실록,35.6
海美,4,2077,1451,69.9,64.4,승정원일기,100.0,고순종실록,35.6
化,8,73258,21353,29.1,0.0,삼국유사,35.5,승정원일기,35.5
豐川,4,1678,1113,66.3,64.5,승정원일기,100.0,고순종실록,35.5
白石,5,273,62,22.7,0.0,삼국사기,35.5,조선왕조실록,35.5
興城,3,179,115,64.2,41.9,조선왕조실록,77.4,승정원일기,35.5
萬年堤,2,47,20,42.6,39.5,승정원일기,75.0,조선왕조실록,35.5
老人星,5,106,11,10.4,0.0,고려사,35.5,조선왕조실록,35.5
靜州,4,112,88,78.6,64.5,고려사절요,100.0,조선왕조실록,35.5
介洞,2,22,15,68.2,54.5,한국사료총서,90.0,조선왕조실록,35.5
延陽,4,433,71,16.4,14.6,승정원일기,50.0,한국사료총서,35.4
沃溝縣,4,648,135,20.8,16.6,승정원일기,52.0,한국사료총서,35.4
豳,4,512,80,15.6,2.1,한국사료총서,37.5,고순종실록,35.4
交河地,2,238,80,33.6,0.0,조선왕조실록,35.4,승정원일기,35.4
花谷,2,24,11,45.8,31.2,한국사료총서,66.7,승정원일기,35.4
臨津縣,3,29,22,75.9,64.7,조선왕조실록,100.0,고려사절요,35.3
錦州,5,309,260,84.1,63.6,고려사,98.9,조선왕조실록,35.3
華岳,3,102,12,11.8,0.0,한국사료총서,35.3,조선왕조실록,35.3
角,8,15145,1331,8.8,0.0,삼국유사,35.3,고순종실록,35.3
太常神室,2,24,6,25.0,0.0,조선왕조실록,35.3,승정원일기,35.3
鴻溝,2,32,8,25.0,0.0,한국사료총서,35.3,승정원일기,35.3
馬田,3,85,11,12.9,0.0,승정원일기,35.3,한국사료총서,35.3
靈山縣,4,416,84,20.2,14.7,승정원일기,50.0,고순종실록,35.3
殿倭,2,28,6,21.4,0.0,한국사료총서,35.3,조선왕조실록,35.3
龍圖,3,189,57,30.2,0.0,한국사료총서,35.2,승정원일기,35.2
文義縣,3,506,113,22.3,19.4,승정원일기,54.5,한국사료총서,35.2
松禾,4,1184,833,70.4,64.8,승정원일기,100.0,고순종실록,35.2
橫城,4,1468,1052,71.7,64.8,승정원일기,100.0,고순종실록,35.2
信川,4,1608,1151,71.6,64.8,승정원일기,100.0,고순종실록,35.2
沔川,4,1496,1130,75.5,64.8,승정원일기,100.0,고순종실록,35.2
㓒谷,2,34,24,70.6,57.1,승정원일기,92.3,한국사료총서,35.2
內氷庫,2,212,97,45.8,13.3,조선왕조실록,48.5,승정원일기,35.1
泮,5,11176,2321,20.8,0.0,고려사,35.1,고순종실록,35.1
弘化門內,2,124,39,31.5,0.0,조선왕조실록,35.1,승정원일기,35.1
北浦,3,68,45,66.2,57.8,한국사료총서,92.9,승정원일기,35.1
山洞,6,211,150,71.1,64.9,조선왕조실록,100.0,고순종실록,35.1
龍仁地,3,570,196,34.4,0.0,조선왕조실록,35.1,승정원일기,35.1
典醫監洞,2,48,35,72.9,44.4,조선왕조실록,79.5,승정원일기,35.0
黃地,2,10,5,50.0,25.0,승정원일기,60.0,한국사료총서,35.0
川,8,117692,72271,61.4,36.7,고려사절요,71.8,조선왕조실록,35.0
德源郡,3,21,8,38.1,25.0,고순종실록,60.0,조선왕조실록,35.0
安樂,6,710,212,29.9,0.0,고려사,35.0,승정원일기,35.0
靑,7,36123,9773,27.1,10.0,삼국사기,45.0,고려사절요,35.0
牟城,2,9,5,55.6,40.0,삼국사기,75.0,한국사료총서,35.0
感古堂,3,29,9,31.0,0.0,한국사료총서,35.0,승정원일기,35.0
廣州鎭,2,11,5,45.5,25.0,승정원일기,60.0,한국사료총서,35.0
天門,5,754,87,11.5,0.0,고려사,35.0,조선왕조실록,35.0
粘石,3,30,14,46.7,25.0,한국사료총서,60.0,조선왕조실록,35.0
大黑山島,2,10,6,60.0,40.0,한국사료총서,75.0,승정원일기,35.0
下溪,2,43,14,32.6,0.0,승정원일기,35.0,한국사료총서,35.0
崑崙,3,105,23,21.9,6.7,한국사료총서,41.7,조선왕조실록,35.0
慶恩府院君墓,2,24,7,29.2,0.0,조선왕조실록,35.0,승정원일기,35.0
龍村,3,40,32,80.0,65.0,한국사료총서,100.0,조선왕조실록,35.0
石橋下,2,26,7,26.9,0.0,조선왕조실록,35.0,승정원일기,35.0
梁川,3,28,13,46.4,40.0,승정원일기,75.0,조선왕조실록,35.0
伊項,2,19,10,52.6,25.0,한국사료총서,60.0,조선왕조실록,35.0
中山邑,2,9,4,44.4,25.0,조선왕조실록,60.0,승정원일기,35.0
漢陽,6,755,635,84.1,58.1,고려사,93.1,조선왕조실록,35.0
廟洞,4,734,483,65.8,40.0,조선왕조실록,75.0,고순종실록,35.0
水雲,2,48,4,8.3,5.0,한국사료총서,40.0,조선왕조실록,35.0
敦化門外,4,975,275,28.2,0.0,고순종실록,35.0,승정원일기,35.0
沙近,2,11,5,45.5,40.0,한국사료총서,75.0,조선왕조실록,35.0
憶昔,3,1197,168,14.0,0.0,한국사료총서,35.0,조선왕조실록,35.0
嘉山,4,1875,1434,76.5,65.0,한국사료총서,100.0,고순종실록,35.0
安岳,6,2120,1536,72.5,65.0,승정원일기,100.0,고려사절요,35.0
應天府,2,16,9,56.2,40.0,승정원일기,75.0,조선왕조실록,35.0
二面,5,520,79,15.2,0.0,고려사,35.0,한국사료총서,35.0
石部,2,10,5,50.0,40.0,승정원일기,75.0,한국사료총서,35.0
遂安,6,1992,1411,70.8,65.0,승정원일기,100.0,고순종실록,35.0
楊州地,3,2480,854,34.4,0.0,조선왕조실록,35.0,승정원일기,35.0
伯,8,54578,238,0.4,0.0,고려사절요,35.0,삼국유사,35.0
三橋,2,16,6,37.5,22.2,승정원일기,57.1,한국사료총서,34.9
體城,3,2790,959,34.4,0.0,조선왕조실록,34.9,승정원일기,34.9
理山郡,3,313,62,19.8,6.7,승정원일기,41.6,조선왕조실록,34.9
全羅州道,2,16,10,62.5,42.9,고려사절요,77.8,고려사,34.9
兔山,5,853,603,70.7,65.1,승정원일기,100.0,고순종실록,34.9
湖邑,3,310,95,30.6,0.0,조선왕조실록,34.9,승정원일기,34.9
鰲山,3,146,46,31.5,17.4,한국사료총서,52.4,승정원일기,34.9
土門江,4,92,70,76.1,65.1,한국사료총서,100.0,조선왕조실록,34.9
米廛,4,427,127,29.7,0.0,고순종실록,34.9,승정원일기,34.9
靈岩,4,320,243,75.9,65.1,승정원일기,100.0,조선왕조실록,34.9
惠化門外,2,52,16,30.8,0.0,조선왕조실록,34.8,승정원일기,34.8
奴虜,5,52,8,15.4,0.0,고려사,34.8,조선왕조실록,34.8
平昌郡,3,519,123,23.7,20.2,승정원일기,55.0,한국사료총서,34.8
觀耕臺,2,86,40,46.5,31.9,조선왕조실록,66.7,승정원일기,34.8
獻陵局內,2,28,8,28.6,0.0,조선왕조실록,34.8,승정원일기,34.8
豐邑,3,31,10,32.3,0.0,조선왕조실록,34.8,승정원일기,34.8
歸德,6,176,13,7.4,0.0,고려사절요,34.8,한국사료총서,34.8
仁興,3,308,19,6.2,2.7,승정원일기,37.5,한국사료총서,34.8
外氷庫,2,30,8,26.7,0.0,조선왕조실록,34.8,승정원일기,34.8
牛庄,2,66,37,56.1,31.8,승정원일기,66.7,한국사료총서,34.8
所沙,3,50,27,54.0,45.2,승정원일기,80.0,조선왕조실록,34.8
晉,8,41770,4035,9.7,2.2,삼국사기,37.0,고순종실록,34.8
載寧郡,4,943,223,23.6,22.4,승정원일기,57.1,고순종실록,34.7
陝,4,344,208,60.5,47.9,승정원일기,82.6,조선왕조실록,34.7
大院君廟,2,104,46,44.2,19.2,조선왕조실록,53.9,승정원일기,34.7
抱川縣,4,768,112,14.6,12.0,승정원일기,46.7,한국사료총서,34.7
昇,8,27642,282,1.0,0.0,삼국유사,34.7,고려사절요,34.7
平澤,6,1376,1050,76.3,65.3,승정원일기,100.0,조선왕조실록,34.7
摩,8,5419,902,16.6,0.0,삼국사기,34.7,고려사,34.7
松峴,3,397,337,84.9,61.8,한국사료총서,96.4,승정원일기,34.6
大橋,3,148,22,14.9,5.4,한국사료총서,40.0,조선왕조실록,34.6
六曹前,2,87,28,32.2,0.0,한국사료총서,34.6,승정원일기,34.6
道川,3,44,12,27.3,15.4,한국사료총서,50.0,조선왕조실록,34.6
天山,3,66,17,25.8,15.4,한국사료총서,50.0,조선왕조실록,34.6
淮安,5,77,26,33.8,15.4,고려사절요,50.0,조선왕조실록,34.6
呂島,4,897,729,81.3,65.4,한국사료총서,100.0,고순종실록,34.6
興府,6,6873,2400,34.9,29.7,한국사료총서,64.3,고려사절요,34.6
太室,5,1121,317,28.3,0.0,고려사,34.6,승정원일기,34.6
□州,2,25,9,36.0,12.5,한국사료총서,47.1,승정원일기,34.6
山關,3,32,10,31.2,15.4,한국사료총서,50.0,조선왕조실록,34.6
保寧縣,3,719,140,19.5,17.8,승정원일기,52.4,한국사료총서,34.6
价川,4,1319,960,72.8,65.5,한국사료총서,100.0,고순종실록,34.5
聞慶郡,3,35,13,37.1,32.1,승정원일기,66.7,고순종실록,34.5
海州鎭,3,25,10,40.0,20.0,승정원일기,54.5,조선왕조실록,34.5
蔚山府,4,851,233,27.4,25.5,승정원일기,60.0,고순종실록,34.5
廣平,6,383,42,11.0,0.0,고려사절요,34.5,한국사료총서,34.5
長安門外,3,38,10,26.3,0.0,조선왕조실록,34.5,승정원일기,34.5
尾洞,2,20,5,25.0,8.3,승정원일기,42.9,한국사료총서,34.5
忠淸道忠州地,2,447,153,34.2,0.0,조선왕조실록,34.5,승정원일기,34.5
富城,4,40,26,65.0,45.5,조선왕조실록,80.0,고려사,34.5
下島,2,35,7,20.0,8.3,승정원일기,42.9,한국사료총서,34.5
古今島,4,4443,4234,95.3,65.5,한국사료총서,100.0,조선왕조실록,34.5
沙羅,2,23,6,26.1,8.3,조선왕조실록,42.9,한국사료총서,34.5
太田,3,101,25,24.8,20.0,승정원일기,54.5,고순종실록,34.5
昆,8,4800,1264,26.3,0.0,삼국유사,34.5,조선왕조실록,34.5
梧里,2,68,25,36.8,9.1,승정원일기,43.6,한국사료총서,34.5
茂長縣,4,800,196,24.5,21.1,승정원일기,55.6,고순종실록,34.5
湍,7,5302,4007,75.6,65.5,한국사료총서,100.0,삼국사기,34.5
華陽洞,3,108,97,89.8,65.5,한국사료총서,100.0,조선왕조실록,34.5
三灘,2,40,9,22.5,15.6,한국사료총서,50.0,조선왕조실록,34.4
阿川,3,22,16,72.7,55.6,한국사료총서,90.0,조선왕조실록,34.4
陰竹,6,1300,940,72.3,65.6,승정원일기,100.0,고순종실록,34.4
內南,3,255,64,25.1,0.0,조선왕조실록,34.4,승정원일기,34.4
咸昌,6,1418,1081,76.2,65.6,승정원일기,100.0,조선왕조실록,34.4
所斤鎭,2,30,25,83.3,60.0,한국사료총서,94.4,승정원일기,34.4
其佐,3,56,15,26.8,0.0,한국사료총서,34.4,승정원일기,34.4
金陵,4,215,146,67.9,49.2,조선왕조실록,83.6,승정원일기,34.4
南安,3,140,27,19.3,7.9,조선왕조실록,42.3,한국사료총서,34.4
上道,6,591,74,12.5,0.0,고려사,34.4,한국사료총서,34.4
成都,5,324,69,21.3,0.0,고려사,34.3,한국사료총서,34.3
東籍田,3,103,23,22.3,0.0,조선왕조실록,34.3,승정원일기,34.3
永柔,4,1376,1015,73.8,65.7,한국사료총서,100.0,고순종실록,34.3
寧嬪房,2,116,54,46.6,14.3,조선왕조실록,48.6,승정원일기,34.3
新寧,5,886,645,72.8,65.8,승정원일기,100.0,고순종실록,34.2
湧,8,985,66,6.7,3.3,한국사료총서,37.5,고순종실록,34.2
臨陂,5,1227,905,73.8,65.8,승정원일기,100.0,고순종실록,34.2
懷德地,3,384,128,33.3,0.0,조선왕조실록,34.2,승정원일기,34.2
楊口,5,1021,766,75.0,65.8,한국사료총서,100.0,고순종실록,34.2
兩本宮,3,658,190,28.9,0.0,고순종실록,34.2,승정원일기,34.2
王畿,3,149,40,26.8,0.0,조선왕조실록,34.2,승정원일기,34.2
築臺,5,197,41,20.8,0.0,고려사,34.2,승정원일기,34.2
巨文,3,117,101,86.3,65.8,한국사료총서,100.0,고순종실록,34.2
貴州,3,339,102,30.1,25.8,한국사료총서,60.0,승정원일기,34.2
葵丘,2,54,41,75.9,50.0,조선왕조실록,84.1,승정원일기,34.1
堤川地,2,97,30,30.9,0.0,조선왕조실록,34.1,승정원일기,34.1
比安縣,4,374,53,14.2,11.3,승정원일기,45.5,한국사료총서,34.1
通州,5,416,340,81.7,62.0,한국사료총서,96.1,조선왕조실록,34.1
藏經,5,462,17,3.7,0.0,고려사,34.1,승정원일기,34.1
林,8,112077,4719,4.2,2.4,승정원일기,36.5,삼국사기,34.1
別營,4,3165,1016,32.1,0.0,한국사료총서,34.1,승정원일기,34.1
宗廟第一室,3,51,15,29.4,0.0,고순종실록,34.1,승정원일기,34.1
高山,5,3644,1748,48.0,38.7,한국사료총서,72.8,조선왕조실록,34.1
楊州郡,3,148,43,29.1,20.8,승정원일기,54.8,고순종실록,34.1
醴川,3,72,46,63.9,54.2,승정원일기,88.2,조선왕조실록,34.1
鎭,7,246079,12661,5.1,3.8,승정원일기,37.8,고려사절요,34.0
永昌大君,4,152,18,11.8,0.0,고순종실록,34.0,승정원일기,34.0
延日,5,1118,675,60.4,56.5,조선왕조실록,90.5,고순종실록,34.0
船頭浦,2,60,42,70.0,66.0,승정원일기,100.0,조선왕조실록,34.0
泉達,2,77,8,10.4,3.5,승정원일기,37.5,조선왕조실록,34.0
義城,7,1848,1395,75.5,66.0,승정원일기,100.0,삼국사기,34.0
安州牧,4,1269,309,24.3,6.1,조선왕조실록,40.0,고순종실록,33.9
唐朝,5,302,19,6.3,0.0,고순종실록,33.9,조선왕조실록,33.9
明溫,4,154,38,24.7,0.0,고순종실록,33.9,승정원일기,33.9
筆洞,2,29,19,65.5,55.0,한국사료총서,88.9,승정원일기,33.9
碧潼,4,1821,1391,76.4,66.1,한국사료총서,100.0,고순종실록,33.9
南中,4,1154,286,24.8,0.0,고순종실록,33.9,승정원일기,33.9
中山,5,518,141,27.2,0.0,고순종실록,33.9,승정원일기,33.9
安府,6,1688,423,25.1,23.2,승정원일기,57.1,고려사절요,33.9
蔚山郡,3,137,43,31.4,18.8,승정원일기,52.6,한국사료총서,33.9
穩,6,12090,1959,16.2,0.0,고려사,33.9,고순종실록,33.9
玉溪,3,112,22,19.6,11.5,승정원일기,45.5,조선왕조실록,33.9
猉獜,2,105,34,32.4,14.3,한국사료총서,48.1,승정원일기,33.9
昆陽,4,1546,1102,71.3,66.1,한국사료총서,100.0,고순종실록,33.9
洪州鎭,3,60,23,38.3,20.0,조선왕조실록,53.8,승정원일기,33.8
順懷墓,2,516,423,82.0,51.1,조선왕조실록,84.9,승정원일기,33.8
錦州衛,3,42,24,57.1,41.2,승정원일기,75.0,조선왕조실록,33.8
咸鏡道南,2,34,16,47.1,22.2,조선왕조실록,56.0,승정원일기,33.8
玉果,5,1215,870,71.6,66.2,승정원일기,100.0,고순종실록,33.8
農所,3,163,26,16.0,1.8,승정원일기,35.4,한국사료총서,33.7
兀剌,2,48,39,81.2,50.0,한국사료총서,83.7,조선왕조실록,33.7
原道,5,10228,9520,93.1,65.6,한국사료총서,99.2,고순종실록,33.7
殷栗,6,1156,840,72.7,66.3,승정원일기,100.0,조선왕조실록,33.7
畿郊,2,110,33,30.0,0.0,조선왕조실록,33.7,승정원일기,33.7
西北面,5,893,92,10.3,2.0,조선왕조실록,35.7,승정원일기,33.7
石村,2,76,54,71.1,50.0,한국사료총서,83.7,승정원일기,33.7
四賢,3,450,115,25.6,0.0,한국사료총서,33.7,승정원일기,33.7
陜川,4,1711,1298,75.9,66.3,승정원일기,100.0,고순종실록,33.7
長連縣,4,689,165,23.9,23.5,승정원일기,57.1,고순종실록,33.7
奉先,6,1619,287,17.7,0.0,고려사,33.7,조선왕조실록,33.7
召羅,2,23,16,69.6,53.8,한국사료총서,87.5,조선왕조실록,33.7
甲山府,4,1379,618,44.8,39.8,조선왕조실록,73.3,고순종실록,33.6
栗園,3,85,37,43.5,14.3,한국사료총서,47.9,승정원일기,33.6
求禮,6,1418,1013,71.4,66.4,승정원일기,100.0,고순종실록,33.6
北倉,4,260,69,26.5,10.0,조선왕조실록,43.5,승정원일기,33.5
居昌,5,1875,1359,72.5,66.5,승정원일기,100.0,고순종실록,33.5
錦山郡,4,666,194,29.1,26.5,승정원일기,60.0,고순종실록,33.5
義本宮,2,144,118,81.9,50.0,조선왕조실록,83.5,승정원일기,33.5
雞林,6,349,189,54.2,35.0,고려사절요,68.5,조선왕조실록,33.5
懷墓,2,808,596,73.8,43.8,조선왕조실록,77.2,승정원일기,33.5
南陽地,3,192,58,30.2,0.0,조선왕조실록,33.5,승정원일기,33.5
位羅,3,353,204,57.8,56.5,승정원일기,90.0,조선왕조실록,33.5
肥,7,5872,732,12.5,0.0,고려사,33.4,조선왕조실록,33.4
靈光,6,3229,2452,75.9,66.6,한국사료총서,100.0,고순종실록,33.4
長湍地,2,665,216,32.5,0.0,조선왕조실록,33.4,승정원일기,33.4
富寧,4,1972,1486,75.4,66.6,승정원일기,100.0,고순종실록,33.4
南羅,3,117,39,33.3,15.0,승정원일기,48.4,조선왕조실록,33.4
行閣,4,994,276,27.8,0.0,고순종실록,33.4,승정원일기,33.4
安義鎭,3,16,13,81.2,66.7,한국사료총서,100.0,조선왕조실록,33.3
瓦洞,3,31,22,71.0,66.7,한국사료총서,100.0,조선왕조실록,33.3
全化,2,12,1,8.3,0.0,승정원일기,33.3,조선왕조실록,33.3
獨柳,3,21,2,9.5,0.0,승정원일기,33.3,한국사료총서,33.3
安比,2,11,4,36.4,16.7,승정원일기,50.0,조선왕조실록,33.3
見島,3,104,19,18.3,0.0,승정원일기,33.3,한국사료총서,33.3
漢江亭,2,9,5,55.6,33.3,승정원일기,66.7,조선왕조실록,33.3
見龍城,2,8,1,12.5,0.0,한국사료총서,33.3,승정원일기,33.3
永興本宮後麓,2,13,3,23.1,0.0,조선왕조실록,33.3,승정원일기,33.3
完山州,3,30,29,96.7,66.7,삼국유사,100.0,한국사료총서,33.3
毛興,2,8,5,62.5,33.3,한국사료총서,66.7,승정원일기,33.3
全羅道右,3,38,8,21.1,0.0,한국사료총서,33.3,승정원일기,33.3
漢魏相,2,8,1,12.5,0.0,승정원일기,33.3,조선왕조실록,33.3
白翎島,6,154,143,92.9,66.7,한국사료총서,100.0,조선왕조실록,33.3
淸州道,3,22,15,68.2,50.0,고려사절요,83.3,조선왕조실록,33.3
山市,2,24,6,25.0,0.0,승정원일기,33.3,한국사료총서,33.3
橘林,2,16,3,18.8,0.0,한국사료총서,33.3,승정원일기,33.3
林村,3,44,34,77.3,50.0,조선왕조실록,83.3,승정원일기,33.3
越岸,3,10,1,10.0,0.0,승정원일기,33.3,한국사료총서,33.3
麗興,2,32,5,15.6,0.0,승정원일기,33.3,한국사료총서,33.3
五間水口,3,56,23,41.1,33.3,조선왕조실록,66.7,고순종실록,33.3
靑臺,4,383,3,0.8,0.0,고순종실록,33.3,한국사료총서,33.3
蒙右,2,15,1,6.7,0.0,승정원일기,33.3,조선왕조실록,33.3
維安,3,18,16,88.9,66.7,한국사료총서,100.0,조선왕조실록,33.3
土沙,2,21,1,4.8,0.0,승정원일기,33.3,조선왕조실록,33.3
興陽串,2,10,8,80.0,66.7,승정원일기,100.0,조선왕조실록,33.3
連山驛,2,8,7,87.5,66.7,한국사료총서,100.0,조선왕조실록,33.3
厚溫,2,13,2,15.4,0.0,승정원일기,33.3,조선왕조실록,33.3
木橋,3,84,15,17.9,0.0,한국사료총서,33.3,승정원일기,33.3
義成,7,1121,17,1.5,0.0,고려사절요,33.3,삼국사기,33.3
崗,5,1617,313,19.4,0.0,삼국사기,33.3,고순종실록,33.3
關雲,3,12,1,8.3,0.0,승정원일기,33.3,조선왕조실록,33.3
東山洞,2,8,7,87.5,66.7,승정원일기,100.0,한국사료총서,33.3
仇羅,4,123,10,8.1,0.0,고려사,33.3,고려사절요,33.3
翼陽,3,24,3,12.5,0.0,고려사절요,33.3,한국사료총서,33.3
大幕,2,12,1,8.3,0.0,승정원일기,33.3,조선왕조실록,33.3
通浦,2,8,5,62.5,66.7,한국사료총서,100.0,고려사,33.3
典禮問答,2,8,1,12.5,0.0,한국사료총서,33.3,조선왕조실록,33.3
漢夜,2,7,1,14.3,0.0,승정원일기,33.3,한국사료총서,33.3
閭,8,22206,924,4.2,0.0,고려사절요,33.3,삼국사기,33.3
洪州地,3,415,131,31.6,0.0,조선왕조실록,33.3,승정원일기,33.3
富平界,2,9,1,11.1,0.0,한국사료총서,33.3,승정원일기,33.3
楊州鞍峴,2,7,6,85.7,66.7,조선왕조실록,100.0,승정원일기,33.3
種英,3,30,1,3.3,0.0,승정원일기,33.3,조선왕조실록,33.3
交柯驛,2,6,5,83.3,66.7,한국사료총서,100.0,승정원일기,33.3
殷州,3,17,13,76.5,66.7,한국사료총서,100.0,조선왕조실록,33.3
下一里,3,14,2,14.3,0.0,승정원일기,33.3,한국사료총서,33.3
寺洞。,2,11,1,9.1,0.0,조선왕조실록,33.3,한국사료총서,33.3
平安道雲山,3,78,76,97.4,66.7,한국사료총서,100.0,승정원일기,33.3
五音山,2,18,2,11.1,0.0,한국사료총서,33.3,조선왕조실록,33.3
南津,2,20,6,30.0,16.7,한국사료총서,50.0,조선왕조실록,33.3
大渚島,2,9,6,66.7,33.3,한국사료총서,66.7,조선왕조실록,33.3
羅邑,3,28,3,10.7,0.0,한국사료총서,33.3,승정원일기,33.3
黃海道豐川,3,151,149,98.7,66.7,한국사료총서,100.0,조선왕조실록,33.3
靑好,2,15,14,93.3,66.7,한국사료총서,100.0,승정원일기,33.3
降城,5,18,1,5.6,0.0,고려사,33.3,승정원일기,33.3
釡山,3,26,20,76.9,66.7,삼국사기,100.0,승정원일기,33.3
慶州安康,2,14,12,85.7,66.7,한국사료총서,100.0,조선왕조실록,33.3
安山華西,2,6,1,16.7,0.0,조선왕조실록,33.3,승정원일기,33.3
龍山楮子島,2,6,5,83.3,66.7,승정원일기,100.0,조선왕조실록,33.3
西兄山,2,9,8,88.9,66.7,한국사료총서,100.0,삼국사기,33.3
震威,3,40,2,5.0,0.0,승정원일기,33.3,한국사료총서,33.3
京都府,2,12,10,83.3,66.7,승정원일기,100.0,고순종실록,33.3
前藏,3,23,1,4.3,0.0,승정원일기,33.3,한국사료총서,33.3
明活城,2,17,8,47.1,33.3,한국사료총서,66.7,삼국사기,33.3
海西蘆田,2,8,1,12.5,0.0,조선왕조실록,33.3,승정원일기,33.3
興海地,2,7,1,14.3,0.0,조선왕조실록,33.3,승정원일기,33.3
浦南,3,29,5,17.2,0.0,조선왕조실록,33.3,승정원일기,33.3
直寶,3,14,1,7.1,0.0,고려사,33.3,한국사료총서,33.3
日本外務省,3,16,2,12.5,0.0,고순종실록,33.3,승정원일기,33.3
中島,5,106,15,14.2,0.0,고순종실록,33.3,고려사,33.3
海瑞,3,26,2,7.7,0.0,승정원일기,33.3,한국사료총서,33.3
隗囂,2,73,1,1.4,0.0,승정원일기,33.3,조선왕조실록,33.3
回訖,2,9,1,11.1,0.0,승정원일기,33.3,조선왕조실록,33.3
流芳院,2,19,2,10.5,0.0,한국사료총서,33.3,승정원일기,33.3
牙山田,2,11,1,9.1,0.0,조선왕조실록,33.3,승정원일기,33.3
五胡,3,175,8,4.6,0.0,승정원일기,33.3,조선왕조실록,33.3
蕪草,3,14,1,7.1,0.0,승정원일기,33.3,조선왕조실록,33.3
黔岩,2,17,16,94.1,66.7,한국사료총서,100.0,승정원일기,33.3
長材,3,21,1,4.8,0.0,승정원일기,33.3,고려사,33.3
長世,5,216,1,0.5,0.0,고순종실록,33.3,고려사,33.3
智陵陵上,2,17,4,23.5,0.0,조선왕조실록,33.3,승정원일기,33.3
同樂亭,2,25,2,8.0,0.0,고려사,33.3,한국사료총서,33.3
哈米,2,15,12,80.0,66.7,한국사료총서,100.0,고순종실록,33.3
所夫里,3,20,17,85.0,66.7,한국사료총서,100.0,삼국유사,33.3
壼山,2,11,1,9.1,0.0,승정원일기,33.3,한국사료총서,33.3
井川,2,9,2,22.2,0.0,조선왕조실록,33.3,한국사료총서,33.3
牛場,3,33,4,12.1,6.7,한국사료총서,40.0,승정원일기,33.3
岸面,2,13,10,76.9,66.7,승정원일기,100.0,한국사료총서,33.3
在德,5,1145,152,13.3,0.0,고려사,33.3,고순종실록,33.3
宇都宮,2,18,1,5.6,0.0,고순종실록,33.3,한국사료총서,33.3
旌善,6,946,688,72.7,66.7,고려사절요,100.0,고순종실록,33.3
吳郡,2,10,3,30.0,0.0,한국사료총서,33.3,승정원일기,33.3
黑,6,23694,6285,26.5,5.7,조선왕조실록,39.1,승정원일기,33.3
廣島,2,25,18,72.0,66.7,한국사료총서,100.0,고순종실록,33.3
平安道渭原,3,137,135,98.5,66.7,한국사료총서,100.0,조선왕조실록,33.3
軍浦,2,14,13,92.9,66.7,한국사료총서,100.0,승정원일기,33.3
濟州城,2,11,1,9.1,0.0,한국사료총서,33.3,조선왕조실록,33.3
化安,4,37,5,13.5,0.0,고려사,33.3,한국사료총서,33.3
蒙淸,3,24,2,8.3,0.0,승정원일기,33.3,조선왕조실록,33.3
昧前,3,28,1,3.6,0.0,승정원일기,33.3,한국사료총서,33.3
慕本,4,22,2,9.1,0.0,승정원일기,33.3,삼국사기,33.3
全州上官,2,8,7,87.5,66.7,조선왕조실록,100.0,승정원일기,33.3
建仁,3,26,5,19.2,0.0,한국사료총서,33.3,승정원일기,33.3
上諸島,2,7,1,14.3,0.0,조선왕조실록,33.3,한국사료총서,33.3
送州,2,11,1,9.1,0.0,한국사료총서,33.3,조선왕조실록,33.3
踰狄嶺,2,6,1,16.7,0.0,조선왕조실록,33.3,승정원일기,33.3
乾元堡,2,6,3,50.0,33.3,한국사료총서,66.7,조선왕조실록,33.3
兆陽,5,49,45,91.8,66.7,승정원일기,100.0,조선왕조실록,33.3
招賢堂,2,8,2,25.0,0.0,한국사료총서,33.3,승정원일기,33.3
湖西懷,2,7,2,28.6,0.0,조선왕조실록,33.3,승정원일기,33.3
明禮坊,3,95,90,94.7,66.7,한국사료총서,100.0,조선왕조실록,33.3
觀文殿,2,13,1,7.7,0.0,승정원일기,33.3,조선왕조실록,33.3
瑞與,4,65,3,4.6,0.0,고려사,33.3,한국사료총서,33.3
冝寧,2,12,10,83.3,66.7,한국사료총서,100.0,조선왕조실록,33.3
河源,4,1186,8,0.7,0.0,승정원일기,33.3,고려사,33.3
三田浦,3,14,13,92.9,66.7,한국사료총서,100.0,조선왕조실록,33.3
建水,3,11,2,18.2,0.0,한국사료총서,33.3,승정원일기,33.3
後齊,3,51,2,3.9,0.0,승정원일기,33.3,조선왕조실록,33.3
義泉,2,11,1,9.1,0.0,조선왕조실록,33.3,한국사료총서,33.3
北道鍾城,2,15,13,86.7,66.7,한국사료총서,100.0,승정원일기,33.3
郾,2,7,1,14.3,0.0,조선왕조실록,33.3,승정원일기,33.3
中橋,3,17,2,11.8,0.0,승정원일기,33.3,조선왕조실록,33.3
黃海諸道,2,9,1,11.1,0.0,조선왕조실록,33.3,승정원일기,33.3
千山,4,69,3,4.3,0.0,한국사료총서,33.3,삼국유사,33.3
後高麗,3,15,2,13.3,0.0,고려사,33.3,조선왕조실록,33.3
東巖,3,21,1,4.8,0.0,조선왕조실록,33.3,승정원일기,33.3
籌筆,2,6,1,16.7,0.0,한국사료총서,33.3,조선왕조실록,33.3
普安,2,11,1,9.1,0.0,한국사료총서,33.3,승정원일기,33.3
嬀汭,4,34,6,17.6,0.0,고순종실록,33.3,조선왕조실록,33.3
壟畝,2,33,1,3.0,0.0,승정원일기,33.3,한국사료총서,33.3
荊蠻,3,15,2,13.3,0.0,한국사료총서,33.3,조선왕조실록,33.3
皇城外,2,13,1,7.7,0.0,한국사료총서,33.3,승정원일기,33.3
朱溫,2,16,3,18.8,0.0,승정원일기,33.3,조선왕조실록,33.3
大和面,2,6,5,83.3,66.7,한국사료총서,100.0,승정원일기,33.3
龍興舊地,3,12,2,16.7,0.0,조선왕조실록,33.3,승정원일기,33.3
雨述,2,8,7,87.5,66.7,한국사료총서,100.0,삼국사기,33.3
項島,2,9,8,88.9,66.7,승정원일기,100.0,한국사료총서,33.3
溪谷,3,26,6,23.1,0.0,승정원일기,33.3,한국사료총서,33.3
平州溫井,2,16,2,12.5,0.0,조선왕조실록,33.3,고려사,33.3
鎬方,3,14,1,7.1,0.0,조선왕조실록,33.3,승정원일기,33.3
正南面,3,50,1,2.0,0.0,승정원일기,33.3,한국사료총서,33.3
正殿月臺,2,13,3,23.1,0.0,조선왕조실록,33.3,승정원일기,33.3
慶尙道善山,3,195,191,97.9,66.7,한국사료총서,100.0,조선왕조실록,33.3
東藉,2,26,7,26.9,0.0,한국사료총서,33.3,승정원일기,33.3
柳京,3,11,1,9.1,0.0,승정원일기,33.3,한국사료총서,33.3
養濟院,2,29,1,3.4,0.0,한국사료총서,33.3,조선왕조실록,33.3
時餞,2,15,1,6.7,0.0,승정원일기,33.3,조선왕조실록,33.3
大院君府大夫人行次所,2,7,1,14.3,0.0,고순종실록,33.3,승정원일기,33.3
義州獄,2,8,1,12.5,0.0,조선왕조실록,33.3,승정원일기,33.3
栗枝,2,26,20,76.9,66.7,한국사료총서,100.0,조선왕조실록,33.3
淸津,3,58,53,91.4,66.7,한국사료총서,100.0,고순종실록,33.3
淸國人,4,37,2,5.4,0.0,고순종실록,33.3,조선왕조실록,33.3
忠淸道林川,3,83,82,98.8,66.7,한국사료총서,100.0,조선왕조실록,33.3
羅新,4,19,2,10.5,0.0,고려사,33.3,조선왕조실록,33.3
北臺,3,18,1,5.6,0.0,조선왕조실록,33.3,승정원일기,33.3
价,6,5841,1005,17.2,3.1,한국사료총서,36.4,고려사절요,33.3
鏡城地,3,72,9,12.5,0.0,조선왕조실록,33.3,한국사료총서,33.3
棲鳳山,2,7,2,28.6,0.0,한국사료총서,33.3,승정원일기,33.3
南山城,4,38,7,18.4,0.0,한국사료총서,33.3,조선왕조실록,33.3
全州道,2,11,4,36.4,0.0,고려사절요,33.3,고려사,33.3
咸鏡道會寧府,3,65,63,96.9,66.7,한국사료총서,100.0,조선왕조실록,33.3
通建,2,8,1,12.5,0.0,승정원일기,33.3,조선왕조실록,33.3
御留城,2,7,5,71.4,66.7,승정원일기,100.0,조선왕조실록,33.3
所沙里,2,15,1,6.7,0.0,승정원일기,33.3,한국사료총서,33.3
洛波,2,11,2,18.2,0.0,한국사료총서,33.3,승정원일기,33.3
檢卜,2,12,1,8.3,0.0,승정원일기,33.3,조선왕조실록,33.3
天聖,5,82,6,7.3,0.0,고려사,33.3,조선왕조실록,33.3
船滄,3,128,5,3.9,0.0,한국사료총서,33.3,조선왕조실록,33.3
楸洞,4,121,102,84.3,66.7,고려사,100.0,승정원일기,33.3
高墟,2,11,9,81.8,66.7,한국사료총서,100.0,조선왕조실록,33.3
兎山郡,2,10,8,80.0,66.7,한국사료총서,100.0,고려사,33.3
貊,7,444,59,13.3,0.0,고려사,33.3,조선왕조실록,33.3
鳳凰川,2,6,5,83.3,66.7,한국사료총서,100.0,승정원일기,33.3
錫蘭,2,28,6,21.4,16.7,한국사료총서,50.0,승정원일기,33.3
高村,2,12,2,16.7,0.0,승정원일기,33.3,한국사료총서,33.3
·靈山,2,43,2,4.7,0.0,승정원일기,33.3,한국사료총서,33.3
易水,3,26,3,11.5,0.0,승정원일기,33.3,조선왕조실록,33.3
江南北,2,11,1,9.1,0.0,한국사료총서,33.3,승정원일기,33.3
闕山,2,8,1,12.5,0.0,승정원일기,33.3,조선왕조실록,33.3
壓海郡,2,8,7,87.5,66.7,한국사료총서,100.0,고려사,33.3
寧寢,2,8,1,12.5,0.0,승정원일기,33.3,조선왕조실록,33.3
全羅道靈巖地,2,30,9,30.0,0.0,조선왕조실록,33.3,승정원일기,33.3
匡州,2,9,7,77.8,66.7,한국사료총서,100.0,승정원일기,33.3
界火島,2,7,6,85.7,66.7,승정원일기,100.0,한국사료총서,33.3
麟三州,2,6,1,16.7,0.0,고려사절요,33.3,고려사,33.3
府北,5,1427,20,1.4,0.0,고려사,33.3,고순종실록,33.3
羅老島,3,81,64,79.0,66.7,한국사료총서,100.0,조선왕조실록,33.3
達浦,3,22,19,86.4,66.7,한국사료총서,100.0,조선왕조실록,33.3
明安公主第宅,2,22,6,27.3,0.0,조선왕조실록,33.3,승정원일기,33.3
野老,5,291,4,1.4,0.0,고순종실록,33.3,고려사,33.3
東壇,3,22,5,22.7,0.0,조선왕조실록,33.3,승정원일기,33.3
奈城,4,489,473,96.7,66.7,승정원일기,100.0,고려사,33.3
內彌,3,13,3,23.1,0.0,승정원일기,33.3,한국사료총서,33.3
沃溝,6,1533,1190,77.6,66.7,고려사절요,100.0,고순종실록,33.3
金川縣,2,9,2,22.2,0.0,한국사료총서,33.3,승정원일기,33.3
海道金川,3,105,101,96.2,66.7,한국사료총서,100.0,조선왕조실록,33.3
龍峰,2,10,9,90.0,66.7,한국사료총서,100.0,조선왕조실록,33.3
進禮縣,3,10,9,90.0,66.7,고려사,100.0,한국사료총서,33.3
元城,3,60,6,10.0,0.0,한국사료총서,33.3,조선왕조실록,33.3
桑門,3,51,2,3.9,0.0,한국사료총서,33.3,승정원일기,33.3
林亭,5,110,19,17.3,0.0,고려사,33.3,조선왕조실록,33.3
太白山下,3,25,3,12.0,0.0,조선왕조실록,33.3,승정원일기,33.3
城津港,3,70,69,98.6,66.7,한국사료총서,100.0,승정원일기,33.3
典午,3,11,1,9.1,0.0,승정원일기,33.3,조선왕조실록,33.3
海黃,3,25,2,8.0,0.0,승정원일기,33.3,조선왕조실록,33.3
湖右一方,2,6,1,16.7,0.0,조선왕조실록,33.3,승정원일기,33.3
涿郡,2,11,10,90.9,66.7,승정원일기,100.0,조선왕조실록,33.3
孔岩,3,22,19,86.4,66.7,한국사료총서,100.0,승정원일기,33.3
嶺平,2,12,2,16.7,0.0,한국사료총서,33.3,승정원일기,33.3
寧海人,3,17,2,11.8,0.0,승정원일기,33.3,조선왕조실록,33.3
槐谷,2,11,9,81.8,66.7,한국사료총서,100.0,삼국사기,33.3
薄山,2,10,2,20.0,0.0,한국사료총서,33.3,승정원일기,33.3
許島,2,12,2,16.7,0.0,조선왕조실록,33.3,승정원일기,33.3
高城浦,2,12,11,91.7,66.7,한국사료총서,100.0,조선왕조실록,33.3
廣鹿島,3,18,17,94.4,66.7,한국사료총서,100.0,조선왕조실록,33.3
熊島,3,49,43,87.8,66.7,한국사료총서,100.0,조선왕조실록,33.3
杻串,2,8,1,12.5,0.0,한국사료총서,33.3,조선왕조실록,33.3
豐平,3,16,2,12.5,0.0,조선왕조실록,33.3,한국사료총서,33.3
古石城,3,16,1,6.2,0.0,조선왕조실록,33.3,고려사,33.3
作浦,2,12,3,25.0,0.0,한국사료총서,33.3,승정원일기,33.3
北道茂山,2,11,10,90.9,66.7,조선왕조실록,100.0,승정원일기,33.3
羅鄕,3,10,2,20.0,0.0,승정원일기,33.3,한국사료총서,33.3
廣地,3,37,6,16.2,0.0,한국사료총서,33.3,조선왕조실록,33.3
顯宗廟庭,4,19,1,5.3,0.0,고려사,33.3,승정원일기,33.3
燕台,2,12,9,75.0,66.7,한국사료총서,100.0,승정원일기,33.3
靈楡,2,15,13,86.7,66.7,조선왕조실록,100.0,승정원일기,33.3
淸化,4,102,2,2.0,0.0,승정원일기,33.3,고려사,33.3
桃源驛,2,18,16,88.9,66.7,조선왕조실록,100.0,승정원일기,33.3
艅艎,3,21,3,14.3,0.0,승정원일기,33.3,조선왕조실록,33.3
北關道,3,28,1,3.6,0.0,승정원일기,33.3,고순종실록,33.3
築山,4,150,2,1.3,0.0,조선왕조실록,33.3,고려사,33.3
廣州,8,13047,10254,78.6,66.7,삼국유사,100.0,삼국사기,33.3
正興,3,32,3,9.4,0.0,승정원일기,33.3,조선왕조실록,33.3
明丘濬,2,9,1,11.1,0.0,승정원일기,33.3,조선왕조실록,33.3
西九面,2,8,1,12.5,0.0,승정원일기,33.3,고순종실록,33.3
健元陵西岡,3,13,1,7.7,0.0,조선왕조실록,33.3,승정원일기,33.3
月山大君墓,2,20,3,15.0,0.0,조선왕조실록,33.3,승정원일기,33.3
雲鳳,3,28,4,14.3,0.0,승정원일기,33.3,한국사료총서,33.3
文居,3,37,7,18.9,0.0,승정원일기,33.3,조선왕조실록,33.3
釜港,2,14,11,78.6,66.7,한국사료총서,100.0,승정원일기,33.3
樂善君,4,216,11,5.1,0.0,고순종실록,33.3,한국사료총서,33.3
昇天城,2,6,5,83.3,66.7,고려사,100.0,고려사절요,33.3
輟間,2,19,1,5.3,0.0,승정원일기,33.3,조선왕조실록,33.3
北米,3,47,5,10.6,0.0,승정원일기,33.3,한국사료총서,33.3
沈山,3,24,2,8.3,0.0,승정원일기,33.3,한국사료총서,33.3
忠淸州,3,19,15,78.9,66.7,고려사절요,100.0,조선왕조실록,33.3
磻巖,3,16,13,81.2,66.7,승정원일기,100.0,조선왕조실록,33.3
古靈,2,28,11,39.3,16.7,한국사료총서,50.0,승정원일기,33.3
水原鎭,3,21,3,14.3,0.0,고순종실록,33.3,승정원일기,33.3
長防,3,12,1,8.3,0.0,조선왕조실록,33.3,승정원일기,33.3
桶內,2,11,2,18.2,0.0,조선왕조실록,33.3,한국사료총서,33.3
韓城,3,282,6,2.1,0.0,조선왕조실록,33.3,한국사료총서,33.3
初北,3,66,18,27.3,0.0,조선왕조실록,33.3,한국사료총서,33.3
慶禧,3,34,3,8.8,0.0,한국사료총서,33.3,조선왕조실록,33.3
拔山,3,17,1,5.9,0.0,승정원일기,33.3,조선왕조실록,33.3
絶嶺,2,7,1,14.3,0.0,한국사료총서,33.3,승정원일기,33.3
感恩寺,3,12,1,8.3,0.0,삼국사기,33.3,한국사료총서,33.3
一村,5,545,27,5.0,0.0,고려사절요,33.3,고려사,33.3
慶尙道安東,3,715,713,99.7,66.7,한국사료총서,100.0,조선왕조실록,33.3
瑯琊,2,11,1,9.1,0.0,조선왕조실록,33.3,승정원일기,33.3
羅津浦,2,8,7,87.5,66.7,조선왕조실록,100.0,승정원일기,33.3
歸化部曲,2,9,4,44.4,33.3,한국사료총서,66.7,고려사,33.3
安革,2,8,1,12.5,0.0,한국사료총서,33.3,승정원일기,33.3
益新,4,440,1,0.2,0.0,승정원일기,33.3,고려사,33.3
下總,4,31,1,3.2,0.0,고순종실록,33.3,조선왕조실록,33.3
報令,2,13,9,69.2,66.7,조선왕조실록,100.0,고려사,33.3
身毒,3,10,1,10.0,0.0,승정원일기,33.3,조선왕조실록,33.3
哈密,3,14,8,57.1,33.3,승정원일기,66.7,조선왕조실록,33.3
金蹄,3,22,19,86.4,66.7,한국사료총서,100.0,승정원일기,33.3
還珠,3,21,2,9.5,0.0,승정원일기,33.3,한국사료총서,33.3
寶塔實憐,2,10,1,10.0,0.0,고려사,33.3,고려사절요,33.3
絲,8,13674,20,0.1,0.0,고려사,33.3,삼국유사,33.3
資福,3,34,8,23.5,0.0,승정원일기,33.3,조선왕조실록,33.3
漆沮,3,36,15,41.7,33.3,한국사료총서,66.7,조선왕조실록,33.3
承應,3,213,1,0.5,0.0,승정원일기,33.3,조선왕조실록,33.3
看月山,2,7,1,14.3,0.0,한국사료총서,33.3,조선왕조실록,33.3
歷陽,3,9,1,11.1,0.0,승정원일기,33.3,한국사료총서,33.3
咸鏡道會寧,3,99,97,98.0,66.7,한국사료총서,100.0,조선왕조실록,33.3
嘉可,2,9,1,11.1,0.0,조선왕조실록,33.3,승정원일기,33.3
彌助項鎭,3,14,7,50.0,33.3,한국사료총서,66.7,조선왕조실록,33.3
萊雲,3,13,1,7.7,0.0,승정원일기,33.3,조선왕조실록,33.3
黃羅,2,9,1,11.1,0.0,조선왕조실록,33.3,승정원일기,33.3
別畔,2,7,1,14.3,0.0,한국사료총서,33.3,조선왕조실록,33.3
甫里金,2,6,1,16.7,0.0,조선왕조실록,33.3,한국사료총서,33.3
功成,5,314,8,2.5,0.0,승정원일기,33.3,고려사절요,33.3
大德洞,2,12,11,91.7,66.7,한국사료총서,100.0,승정원일기,33.3
飯田,3,18,2,11.1,0.0,승정원일기,33.3,조선왕조실록,33.3
嵩岳,3,14,3,21.4,0.0,승정원일기,33.3,조선왕조실록,33.3
助島,3,14,12,85.7,66.7,한국사료총서,100.0,승정원일기,33.3
便橋,2,6,3,50.0,33.3,승정원일기,66.7,조선왕조실록,33.3
利峴,2,20,19,95.0,66.7,한국사료총서,100.0,승정원일기,33.3
登路,3,29,3,10.3,0.0,승정원일기,33.3,한국사료총서,33.3
山計,2,8,1,12.5,0.0,한국사료총서,33.3,조선왕조실록,33.3
賈誼島,2,6,5,83.3,66.7,승정원일기,100.0,한국사료총서,33.3
槃,6,1637,2,0.1,0.0,고순종실록,33.3,고려사,33.3
上三面,2,7,1,14.3,0.0,승정원일기,33.3,한국사료총서,33.3
榮豊,2,12,3,25.0,0.0,승정원일기,33.3,한국사료총서,33.3
邢,7,773,15,1.9,0.0,고려사절요,33.3,고순종실록,33.3
栢,7,5367,196,3.7,0.0,고순종실록,33.3,삼국사기,33.3
川州,4,44,39,88.6,66.7,고려사,100.0,삼국사기,33.3
東平,5,1133,125,11.0,0.0,고순종실록,33.3,고려사,33.3
小木,4,185,4,2.2,0.0,승정원일기,33.3,고려사,33.3
喬陵,3,154,32,20.8,0.0,한국사료총서,33.3,조선왕조실록,33.3
遼東地,3,86,1,1.2,0.0,조선왕조실록,33.3,승정원일기,33.3
架閣庫,3,87,26,29.9,0.0,고려사,33.3,조선왕조실록,33.3
蓋島,3,22,2,9.1,0.0,승정원일기,33.3,한국사료총서,33.3
龍化驛,2,7,6,85.7,66.7,한국사료총서,100.0,조선왕조실록,33.3
家洪,3,23,1,4.3,0.0,승정원일기,33.3,조선왕조실록,33.3
淸陽,3,25,2,8.0,0.0,승정원일기,33.3,한국사료총서,33.3
摹瑟浦,2,11,10,90.9,66.7,한국사료총서,100.0,승정원일기,33.3
安利,3,16,2,12.5,0.0,승정원일기,33.3,고려사,33.3
大山巖,2,12,2,16.7,0.0,한국사료총서,33.3,승정원일기,33.3
玉堂,5,86669,18,0.0,0.0,승정원일기,33.3,고려사,33.3
高誠,2,11,1,9.1,0.0,조선왕조실록,33.3,승정원일기,33.3
吾村堡,2,6,1,16.7,0.0,한국사료총서,33.3,승정원일기,33.3
先零,3,229,7,3.1,0.0,승정원일기,33.3,조선왕조실록,33.3
豆恥,2,16,15,93.8,66.7,승정원일기,100.0,조선왕조실록,33.3
帝神農,3,39,1,2.6,0.0,고려사,33.3,승정원일기,33.3
萊灣,2,6,1,16.7,0.0,조선왕조실록,33.3,승정원일기,33.3
慶尙道泗川縣,2,119,118,99.2,66.7,조선왕조실록,100.0,승정원일기,33.3
新羅味鄒王,2,8,1,12.5,0.0,고순종실록,33.3,승정원일기,33.3
所泥,3,12,1,8.3,0.0,승정원일기,33.3,조선왕조실록,33.3
六宮草場,2,6,1,16.7,0.0,조선왕조실록,33.3,승정원일기,33.3
漁江,2,8,1,12.5,0.0,승정원일기,33.3,조선왕조실록,33.3
西城,5,390,53,13.6,0.0,고순종실록,33.3,삼국사기,33.3
大小靑,2,11,6,54.5,33.3,한국사료총서,66.7,승정원일기,33.3
興慶宮,2,9,1,11.1,0.0,고려사,33.3,승정원일기,33.3
古藏,3,15,3,20.0,0.0,승정원일기,33.3,한국사료총서,33.3
彌法島,3,9,8,88.9,66.7,한국사료총서,100.0,조선왕조실록,33.3
賊夷,2,44,1,2.3,0.0,한국사료총서,33.3,조선왕조실록,33.3
博州,4,37,34,91.9,66.7,승정원일기,100.0,고려사절요,33.3
溫涼,4,102,1,1.0,0.0,고순종실록,33.3,한국사료총서,33.3
鍾慶,2,33,1,3.0,0.0,승정원일기,33.3,조선왕조실록,33.3
一界,4,18,3,16.7,0.0,승정원일기,33.3,고려사,33.3
三撒,4,23,22,95.7,66.7,한국사료총서,100.0,조선왕조실록,33.3
上津,2,22,20,90.9,66.7,한국사료총서,100.0,조선왕조실록,33.3
博,8,22150,1377,6.2,0.0,삼국사기,33.3,삼국유사,33.3
蒼崖,2,16,1,6.2,0.0,한국사료총서,33.3,조선왕조실록,33.3
采雲,2,14,1,7.1,0.0,승정원일기,33.3,한국사료총서,33.3
文溯,2,10,1,10.0,0.0,한국사료총서,33.3,조선왕조실록,33.3
廬,8,15550,1354,8.7,0.0,고려사절요,33.3,삼국사기,33.3
義口,2,46,1,2.2,0.0,승정원일기,33.3,한국사료총서,33.3
耀德社,2,10,9,90.0,66.7,승정원일기,100.0,한국사료총서,33.3
南堂津,2,7,6,85.7,66.7,한국사료총서,100.0,조선왕조실록,33.3
平涼,4,67,6,9.0,0.0,고려사절요,33.3,고려사,33.3
花川驛,2,10,8,80.0,66.7,조선왕조실록,100.0,승정원일기,33.3
泗州,4,39,37,94.9,66.7,한국사료총서,100.0,조선왕조실록,33.3
靈昭,3,48,9,18.8,0.0,조선왕조실록,33.3,승정원일기,33.3
江界防營,2,8,1,12.5,0.0,한국사료총서,33.3,승정원일기,33.3
黃伊,2,7,2,28.6,0.0,승정원일기,33.3,조선왕조실록,33.3
連鎭,2,15,1,6.7,0.0,승정원일기,33.3,한국사료총서,33.3
誘言,2,10,1,10.0,0.0,승정원일기,33.3,조선왕조실록,33.3
邑主山,2,22,1,4.5,0.0,한국사료총서,33.3,승정원일기,33.3
遊洞,2,26,17,65.4,50.0,한국사료총서,83.3,승정원일기,33.3
安樂郡,2,9,1,11.1,0.0,승정원일기,33.3,조선왕조실록,33.3
公城,3,17,3,17.6,0.0,승정원일기,33.3,한국사료총서,33.3
積巖面,2,14,13,92.9,66.7,승정원일기,100.0,한국사료총서,33.3
瀚海,3,14,2,14.3,0.0,한국사료총서,33.3,조선왕조실록,33.3
福島,3,19,2,10.5,0.0,고순종실록,33.3,한국사료총서,33.3
平海之,3,18,1,5.6,0.0,승정원일기,33.3,조선왕조실록,33.3
景福宮神武門,2,9,7,77.8,66.7,조선왕조실록,100.0,승정원일기,33.3
喬林,2,9,1,11.1,0.0,조선왕조실록,33.3,승정원일기,33.3
遼野,3,88,8,9.1,0.0,한국사료총서,33.3,조선왕조실록,33.3
都古,4,29,3,10.3,0.0,고려사절요,33.3,한국사료총서,33.3
敦化門前,3,45,11,24.4,0.0,조선왕조실록,33.3,승정원일기,33.3
洞陰,2,9,8,88.9,66.7,한국사료총서,100.0,고려사,33.3
只里,3,25,17,68.0,66.7,승정원일기,100.0,조선왕조실록,33.3
淸津港,2,12,11,91.7,66.7,고순종실록,100.0,승정원일기,33.3
朝東,4,184,4,2.2,0.0,승정원일기,33.3,고려사,33.3
三藩,3,32,2,6.2,0.0,조선왕조실록,33.3,한국사료총서,33.3
海西宮庄,2,8,1,12.5,0.0,조선왕조실록,33.3,승정원일기,33.3
洛昇,2,6,3,50.0,33.3,한국사료총서,66.7,승정원일기,33.3
義州關,2,10,1,10.0,0.0,조선왕조실록,33.3,고려사,33.3
靑松驛,2,10,8,80.0,66.7,승정원일기,100.0,조선왕조실록,33.3
北魏,2,11,2,18.2,0.0,승정원일기,33.3,한국사료총서,33.3
海左,4,66,5,7.6,0.0,고순종실록,33.3,조선왕조실록,33.3
命旨,6,46,4,8.7,0.0,고순종실록,33.3,고려사,33.3
陶穴,3,36,4,11.1,0.0,한국사료총서,33.3,조선왕조실록,33.3
半朱,2,13,3,23.1,0.0,승정원일기,33.3,조선왕조실록,33.3
抱,8,17209,1868,10.9,0.0,삼국유사,33.3,고려사절요,33.3
平村,2,22,11,50.0,46.7,한국사료총서,80.0,승정원일기,33.3
凡於,5,7827,7,0.1,0.0,고순종실록,33.3,고려사,33.3
西堂,3,112,2,1.8,0.0,조선왕조실록,33.3,승정원일기,33.3
江之北,3,31,3,9.7,0.0,조선왕조실록,33.3,승정원일기,33.3
楊州松山,3,19,18,94.7,66.7,한국사료총서,100.0,조선왕조실록,33.3
臨溪驛,3,17,16,94.1,66.7,한국사료총서,100.0,조선왕조실록,33.3
食村,3,14,3,21.4,0.0,승정원일기,33.3,조선왕조실록,33.3
東萊港,2,78,77,98.7,66.7,고순종실록,100.0,승정원일기,33.3
今安邊,2,11,1,9.1,0.0,승정원일기,33.3,한국사료총서,33.3
萬年,7,4025,30,0.7,0.0,고려사절요,33.3,삼국사기,33.3
別良,3,16,6,37.5,16.7,승정원일기,50.0,조선왕조실록,33.3
東國,8,1411,8,0.6,0.0,고려사,33.3,삼국유사,33.3
慶尙道比安縣,2,19,18,94.7,66.7,조선왕조실록,100.0,승정원일기,33.3
就安,4,89,2,2.2,0.0,승정원일기,33.3,고려사,33.3
瑤樂池,2,7,5,71.4,66.7,고순종실록,100.0,승정원일기,33.3
泮水橋,2,11,7,63.6,50.0,조선왕조실록,83.3,승정원일기,33.3
寶蓮,3,15,14,93.3,66.7,한국사료총서,100.0,조선왕조실록,33.3
緣武,2,14,3,21.4,0.0,승정원일기,33.3,조선왕조실록,33.3
崇敎坊,2,21,17,81.0,66.7,조선왕조실록,100.0,승정원일기,33.3
楊牧,4,226,7,3.1,0.0,고순종실록,33.3,한국사료총서,33.3
火底,3,42,2,4.8,0.0,승정원일기,33.3,조선왕조실록,33.3
富寧地,3,18,2,11.1,0.0,조선왕조실록,33.3,승정원일기,33.3
井洞,5,305,287,94.1,66.7,고려사절요,100.0,고려사,33.3
仁訥,2,7,1,14.3,0.0,승정원일기,33.3,한국사료총서,33.3
安賢,3,27,5,18.5,0.0,승정원일기,33.3,한국사료총서,33.3
太原府,3,11,9,81.8,66.7,승정원일기,100.0,조선왕조실록,33.3
扶寧,3,41,38,92.7,66.7,고려사,100.0,한국사료총서,33.3
靑口,2,15,12,80.0,66.7,조선왕조실록,100.0,한국사료총서,33.3
陽陵泉,2,6,1,16.7,0.0,승정원일기,33.3,조선왕조실록,33.3
南平壤,2,12,7,58.3,33.3,한국사료총서,66.7,조선왕조실록,33.3
蕭同,2,6,1,16.7,0.0,승정원일기,33.3,조선왕조실록,33.3
望憂,2,12,3,25.0,0.0,한국사료총서,33.3,승정원일기,33.3
松津,3,11,2,18.2,0.0,승정원일기,33.3,조선왕조실록,33.3
杜,8,16596,177,1.1,0.0,고려사절요,33.3,삼국유사,33.3
境城,2,10,2,20.0,0.0,한국사료총서,33.3,승정원일기,33.3
下南,5,255,35,13.7,0.0,고려사,33.3,고순종실록,33.3
全羅南道,3,544,538,98.9,66.7,한국사료총서,100.0,승정원일기,33.3
河梁,2,12,6,50.0,33.3,한국사료총서,66.7,조선왕조실록,33.3
明惠公主,3,101,7,6.9,0.0,조선왕조실록,33.3,한국사료총서,33.3
小笠原,2,16,2,12.5,0.0,승정원일기,33.3,한국사료총서,33.3
義康,2,25,1,4.0,0.0,승정원일기,33.3,조선왕조실록,33.3
布政門外,2,14,2,14.3,0.0,한국사료총서,33.3,승정원일기,33.3
來江華,3,21,1,4.8,0.0,승정원일기,33.3,한국사료총서,33.3
檜山府,2,8,1,12.5,0.0,승정원일기,33.3,한국사료총서,33.3
閩人,3,11,1,9.1,0.0,승정원일기,33.3,조선왕조실록,33.3
知死期,2,6,1,16.7,0.0,승정원일기,33.3,조선왕조실록,33.3
蓬島,3,25,5,20.0,0.0,한국사료총서,33.3,조선왕조실록,33.3
穿山,3,27,3,11.1,0.0,승정원일기,33.3,한국사료총서,33.3
太祖大王,5,1044,3,0.3,0.0,고순종실록,33.3,삼국사기,33.3
新豐山,2,7,1,14.3,0.0,한국사료총서,33.3,승정원일기,33.3
鳥峴,2,14,12,85.7,66.7,한국사료총서,100.0,승정원일기,33.3
楊根邑,2,7,1,14.3,0.0,조선왕조실록,33.3,승정원일기,33.3
五銖錢,2,29,1,3.4,0.0,승정원일기,33.3,조선왕조실록,33.3
金成,7,2358,2,0.1,0.0,고려사,33.3,삼국사기,33.3
楊州西面,2,6,5,83.3,66.7,조선왕조실록,100.0,승정원일기,33.3
渴馬,3,40,24,60.0,50.0,한국사료총서,83.3,조선왕조실록,33.3
彘,6,378,12,3.2,0.0,고려사,33.3,삼국유사,33.3
嶺南三漕倉,2,33,10,30.3,0.0,조선왕조실록,33.3,승정원일기,33.3
白雲,7,1894,156,8.2,0.0,고려사절요,33.3,고순종실록,33.3
畿甸之邑,2,9,1,11.1,0.0,조선왕조실록,33.3,승정원일기,33.3
基州,3,12,11,91.7,66.7,고려사절요,100.0,한국사료총서,33.3
西何,3,30,1,3.3,0.0,승정원일기,33.3,한국사료총서,33.3
仁川都護府,2,14,1,7.1,0.0,승정원일기,33.3,한국사료총서,33.3
鉢島,2,8,7,87.5,66.7,한국사료총서,100.0,승정원일기,33.3
陽原,5,164,5,3.0,0.0,삼국사기,33.3,고려사,33.3
周井,3,14,1,7.1,0.0,승정원일기,33.3,조선왕조실록,33.3
達句,2,14,5,35.7,0.0,승정원일기,33.3,한국사료총서,33.3
悉直,4,37,18,48.6,33.3,조선왕조실록,66.7,삼국사기,33.3
船山,2,15,1,6.7,0.0,한국사료총서,33.3,승정원일기,33.3
宗廟門外,3,42,12,28.6,0.0,조선왕조실록,33.3,승정원일기,33.3
會源,4,90,3,3.3,0.0,고순종실록,33.3,고려사,33.3
南暗門,2,16,3,18.8,0.0,조선왕조실록,33.3,승정원일기,33.3
東皐,3,23,2,8.7,0.0,승정원일기,33.3,조선왕조실록,33.3
伊山郡,2,10,9,90.0,66.7,한국사료총서,100.0,조선왕조실록,33.3
靈昌,3,39,3,7.7,0.0,승정원일기,33.3,고려사,33.3
院興,3,16,1,6.2,0.0,승정원일기,33.3,한국사료총서,33.3
勒洞里,2,8,7,87.5,66.7,승정원일기,100.0,한국사료총서,33.3
原廟,5,446,30,6.7,0.0,고순종실록,33.3,고려사,33.3
新恩縣,2,11,8,72.7,66.7,조선왕조실록,100.0,고려사,33.3
咸鏡道甲山,3,131,127,96.9,66.7,한국사료총서,100.0,조선왕조실록,33.3
五湖,3,19,3,15.8,0.0,한국사료총서,33.3,조선왕조실록,33.3
雲岳,3,24,2,8.3,0.0,승정원일기,33.3,조선왕조실록,33.3
親蠶壇,2,6,1,16.7,0.0,조선왕조실록,33.3,승정원일기,33.3
奈靈郡,2,7,6,85.7,66.7,삼국사기,100.0,한국사료총서,33.3
涼,8,9578,206,2.2,0.0,고려사절요,33.3,삼국사기,33.3
三浪倉,2,15,12,80.0,66.7,조선왕조실록,100.0,승정원일기,33.3
半月,5,598,16,2.7,0.0,고려사,33.3,고려사절요,33.3
堂代,2,38,1,2.6,0.0,승정원일기,33.3,조선왕조실록,33.3
平沙,3,57,6,10.5,0.0,승정원일기,33.3,조선왕조실록,33.3
白烏,4,26,6,23.1,0.0,승정원일기,33.3,한국사료총서,33.3
北漠,2,8,1,12.5,0.0,한국사료총서,33.3,승정원일기,33.3
高德山,2,18,1,5.6,0.0,한국사료총서,33.3,조선왕조실록,33.3
用家,4,86,1,1.2,0.0,승정원일기,33.3,고려사,33.3
淳祐,5,47,1,2.1,0.0,고려사,33.3,조선왕조실록,33.3
江南人,4,21,1,4.8,0.0,고려사,33.3,조선왕조실록,33.3
欎陵,2,12,11,91.7,66.7,한국사료총서,100.0,승정원일기,33.3
尙淸,5,117,2,1.7,0.0,고려사,33.3,고려사절요,33.3
南北朝,3,77,2,2.6,0.0,승정원일기,33.3,조선왕조실록,33.3
白松,3,37,9,24.3,0.0,승정원일기,33.3,조선왕조실록,33.3
曹物郡,3,11,10,90.9,66.7,한국사료총서,100.0,고려사절요,33.3
爪哇,2,12,9,75.0,66.7,한국사료총서,100.0,조선왕조실록,33.3
校經堂,2,6,1,16.7,0.0,고순종실록,33.3,승정원일기,33.3
原壤,3,31,2,6.5,0.0,승정원일기,33.3,조선왕조실록,33.3
喇嘛,3,34,2,5.9,0.0,승정원일기,33.3,조선왕조실록,33.3
京畿砥平,3,164,162,98.8,66.7,한국사료총서,100.0,조선왕조실록,33.3
馬韓國,2,11,1,9.1,0.0,고려사,33.3,조선왕조실록,33.3
汝州,3,22,5,22.7,0.0,조선왕조실록,33.3,승정원일기,33.3
淸明堂,2,7,1,14.3,0.0,조선왕조실록,33.3,승정원일기,33.3
時建,4,176,11,6.2,0.0,고순종실록,33.3,조선왕조실록,33.3
礒竹,2,21,18,85.7,66.7,한국사료총서,100.0,조선왕조실록,33.3
玉田縣,3,16,14,87.5,66.7,승정원일기,100.0,조선왕조실록,33.3
井邑人,2,7,1,14.3,0.0,한국사료총서,33.3,조선왕조실록,33.3
北靑州,3,14,12,85.7,66.7,조선왕조실록,100.0,고려사절요,33.3
金載翼,3,975,1,0.1,0.0,승정원일기,33.3,한국사료총서,33.3
朴仲孫,2,212,1,0.5,0.0,조선왕조실록,33.3,한국사료총서,33.3
高巖,2,30,8,26.7,0.0,승정원일기,33.3,한국사료총서,33.3
興寧,6,163,16,9.8,0.0,고순종실록,33.3,고려사절요,33.3
金宅秀,2,7,1,14.3,0.0,승정원일기,33.3,고순종실록,33.3
府城,7,640,26,4.1,0.0,고순종실록,33.3,고려사절요,33.3
北土,4,125,8,6.4,0.0,조선왕조실록,33.3,고순종실록,33.3
助邑,3,28,24,85.7,66.7,한국사료총서,100.0,조선왕조실록,33.3
古延州,2,12,4,33.3,16.7,한국사료총서,50.0,조선왕조실록,33.3
卓,8,15250,14,0.1,0.0,고려사,33.3,삼국사기,33.3
襄州,4,52,43,82.7,66.7,한국사료총서,100.0,조선왕조실록,33.3
鍊武廳,2,9,1,11.1,0.0,한국사료총서,33.3,승정원일기,33.3
延春,4,52,13,25.0,0.0,고순종실록,33.3,조선왕조실록,33.3
全羅道靈光地,2,43,13,30.2,0.0,조선왕조실록,33.3,승정원일기,33.3
長湍鎭,3,23,13,56.5,33.3,고순종실록,66.7,승정원일기,33.3
應永,3,38,1,2.6,0.0,승정원일기,33.3,조선왕조실록,33.3
明月所,2,6,1,16.7,0.0,한국사료총서,33.3,조선왕조실록,33.3
化平府,3,15,5,33.3,0.0,고려사절요,33.3,한국사료총서,33.3
吐谷,3,54,41,75.9,66.7,한국사료총서,100.0,조선왕조실록,33.3
畿縣,5,105,10,9.5,0.0,고려사,33.3,한국사료총서,33.3
洪州道,2,6,5,83.3,66.7,고려사,100.0,조선왕조실록,33.3
皇城內外,2,7,1,14.3,0.0,한국사료총서,33.3,승정원일기,33.3
平壞,3,37,32,86.5,66.7,한국사료총서,100.0,조선왕조실록,33.3
上南山,3,16,1,6.2,0.0,조선왕조실록,33.3,승정원일기,33.3
頖宮,2,18,1,5.6,0.0,승정원일기,33.3,조선왕조실록,33.3
水原都護府,2,13,2,15.4,0.0,조선왕조실록,33.3,승정원일기,33.3
單父,2,15,3,20.0,0.0,한국사료총서,33.3,승정원일기,33.3
八江,3,70,8,11.4,0.0,조선왕조실록,33.3,한국사료총서,33.3
日本國薩州,2,31,29,93.5,66.7,승정원일기,100.0,조선왕조실록,33.3
吉陽,3,13,2,15.4,0.0,승정원일기,33.3,조선왕조실록,33.3
豐川椒島,2,9,8,88.9,66.7,한국사료총서,100.0,승정원일기,33.3
虛屛門,2,9,7,77.8,66.7,승정원일기,100.0,조선왕조실록,33.3
翰山,2,9,5,55.6,33.3,조선왕조실록,66.7,한국사료총서,33.3
牙,8,11034,2400,21.8,0.0,삼국유사,33.3,삼국사기,33.3
蓬萊,5,336,94,28.0,11.7,한국사료총서,45.0,승정원일기,33.3
他州,4,100,2,2.0,0.0,승정원일기,33.3,고려사,33.3
蘇,8,18484,598,3.2,0.0,삼국유사,33.3,고려사절요,33.3
端平,4,19,2,10.5,0.0,고려사,33.3,조선왕조실록,33.3
報德城,2,6,1,16.7,0.0,삼국사기,33.3,한국사료총서,33.3
大澤,6,142,3,2.1,0.0,고려사,33.3,삼국사기,33.3
良吉,3,57,1,1.8,0.0,고순종실록,33.3,삼국유사,33.3
南坊,2,15,9,60.0,33.3,승정원일기,66.7,한국사료총서,33.3
實憐,5,23,2,8.7,0.0,승정원일기,33.3,고려사절요,33.3
春湖,2,24,2,8.3,0.0,승정원일기,33.3,한국사료총서,33.3
黑倉,3,11,2,18.2,0.0,고려사,33.3,한국사료총서,33.3
慈城洞,2,10,8,80.0,66.7,한국사료총서,100.0,조선왕조실록,33.3
馳道,4,71,3,4.2,0.0,승정원일기,33.3,고려사,33.3
西島,3,24,5,20.8,0.0,고순종실록,33.3,승정원일기,33.3
沙,8,17633,3840,21.8,9.4,고순종실록,42.8,삼국사기,33.3
復州,4,56,32,57.1,33.3,고려사,66.7,조선왕조실록,33.3
永惠翁主房,2,14,3,21.4,0.0,고순종실록,33.3,승정원일기,33.3
沛宮,2,7,1,14.3,0.0,한국사료총서,33.3,승정원일기,33.3
雜胡,3,19,3,15.8,0.0,승정원일기,33.3,조선왕조실록,33.3
二西面,2,9,8,88.9,66.7,승정원일기,100.0,한국사료총서,33.3
上牌,3,196,30,15.3,0.0,조선왕조실록,33.3,한국사료총서,33.3
湖內,2,10,1,10.0,0.0,조선왕조실록,33.3,승정원일기,33.3
喬嶽,4,154,4,2.6,0.0,조선왕조실록,33.3,고순종실록,33.3
于火,4,48,5,10.4,0.0,승정원일기,33.3,삼국사기,33.3
德昌,5,566,7,1.2,0.0,승정원일기,33.3,고려사절요,33.3
里門洞,3,50,49,98.0,66.7,조선왕조실록,100.0,한국사료총서,33.3
茄川,2,7,6,85.7,66.7,한국사료총서,100.0,승정원일기,33.3
堤上,7,145,4,2.8,0.0,삼국사기,33.3,고려사절요,33.3
良縣,4,34,32,94.1,66.7,한국사료총서,100.0,조선왕조실록,33.3
柴市,2,22,3,13.6,0.0,한국사료총서,33.3,승정원일기,33.3
柏山,2,11,8,72.7,66.7,한국사료총서,100.0,승정원일기,33.3
隨川,2,57,54,94.7,66.7,한국사료총서,100.0,조선왕조실록,33.3
德州,5,45,38,84.4,66.7,승정원일기,100.0,조선왕조실록,33.3
恩山縣,2,16,1,6.2,0.0,승정원일기,33.3,조선왕조실록,33.3
寧兩陵,2,15,4,26.7,0.0,조선왕조실록,33.3,승정원일기,33.3
三山城,2,36,11,30.6,0.0,조선왕조실록,33.3,승정원일기,33.3
永溫翁主,2,41,11,26.8,0.0,조선왕조실록,33.3,승정원일기,33.3
內莊,4,29,1,3.4,0.0,고려사,33.3,한국사료총서,33.3
耽羅牧,3,16,1,6.2,0.0,고려사,33.3,승정원일기,33.3
禧嬪張氏,3,31,5,16.1,0.0,조선왕조실록,33.3,승정원일기,33.3
豆田,3,55,6,10.9,0.0,승정원일기,33.3,한국사료총서,33.3
萊海,3,32,6,18.8,0.0,한국사료총서,33.3,조선왕조실록,33.3
平安道三登縣,2,23,21,91.3,66.7,조선왕조실록,100.0,승정원일기,33.3
永初,4,32,2,6.2,0.0,삼국유사,33.3,조선왕조실록,33.3
寺浦,2,9,8,88.9,66.7,한국사료총서,100.0,고려사,33.3
義州郡,3,45,6,13.3,0.0,승정원일기,33.3,고순종실록,33.3
原善,2,20,1,5.0,0.0,승정원일기,33.3,조선왕조실록,33.3
太和,6,9854,119,1.2,0.0,삼국사기,33.3,고순종실록,33.3
滎,3,2340,27,1.2,0.0,한국사료총서,33.3,조선왕조실록,33.3
栗界,2,7,4,57.1,33.3,한국사료총서,66.7,승정원일기,33.3
畿砥平,3,165,163,98.8,66.7,한국사료총서,100.0,조선왕조실록,33.3
德原府,3,56,19,33.9,16.7,조선왕조실록,50.0,한국사료총서,33.3
長守,5,195,11,5.6,0.0,한국사료총서,33.3,고려사절요,33.3
濟水,4,54,6,11.1,0.0,한국사료총서,33.3,고려사,33.3
丹棗驛,2,8,7,87.5,66.7,한국사료총서,100.0,승정원일기,33.3
元京,3,16,1,6.2,0.0,승정원일기,33.3,고순종실록,33.3
銀潢,4,47,1,2.1,0.0,고순종실록,33.3,조선왕조실록,33.3
康州,6,61,51,83.6,66.7,한국사료총서,100.0,조선왕조실록,33.3
嘉猷,5,549,3,0.5,0.0,고순종실록,33.3,고려사,33.3
成山,5,108,19,17.6,0.0,고려사,33.3,조선왕조실록,33.3
助邑浦,2,22,20,90.9,66.7,한국사료총서,100.0,조선왕조실록,33.3
尙州邑,2,7,1,14.3,0.0,한국사료총서,33.3,승정원일기,33.3
白山面,2,7,5,71.4,66.7,승정원일기,100.0,한국사료총서,33.3
德密,2,19,1,5.3,0.0,한국사료총서,33.3,조선왕조실록,33.3
小門洞,3,118,113,95.8,66.7,조선왕조실록,100.0,한국사료총서,33.3
登登,3,55,22,40.0,33.3,승정원일기,66.7,조선왕조실록,33.3
平安道三登地,2,6,1,16.7,0.0,조선왕조실록,33.3,승정원일기,33.3
英咭利,2,7,4,57.1,33.3,승정원일기,66.7,한국사료총서,33.3
原春道平海,2,11,10,90.9,66.7,한국사료총서,100.0,승정원일기,33.3
西北沿江,2,10,1,10.0,0.0,조선왕조실록,33.3,승정원일기,33.3
天祭,4,50,4,8.0,0.0,고순종실록,33.3,승정원일기,33.3
沃原驛,2,9,8,88.9,66.7,한국사료총서,100.0,조선왕조실록,33.3
泉峴,2,11,10,90.9,66.7,한국사료총서,100.0,조선왕조실록,33.3
寧嬪金氏,3,9,1,11.1,0.0,고순종실록,33.3,승정원일기,33.3
及梁,3,48,3,6.2,0.0,승정원일기,33.3,한국사료총서,33.3
元朔,3,22,1,4.5,0.0,승정원일기,33.3,조선왕조실록,33.3
牟梁,3,30,27,90.0,66.7,삼국사기,100.0,삼국유사,33.3
尼城闕里,2,16,14,87.5,66.7,조선왕조실록,100.0,승정원일기,33.3
金憲植,2,10,1,10.0,0.0,승정원일기,33.3,한국사료총서,33.3
咸鏡道明川,3,127,126,99.2,66.7,한국사료총서,100.0,조선왕조실록,33.3
輪臺,3,383,3,0.8,0.0,한국사료총서,33.3,조선왕조실록,33.3
全州邑,2,11,3,27.3,16.7,승정원일기,50.0,한국사료총서,33.3
廣鹿,3,21,20,95.2,66.7,한국사료총서,100.0,조선왕조실록,33.3
威遠鎭,2,15,12,80.0,66.7,한국사료총서,100.0,고려사,33.3
海山,6,401,10,2.5,0.0,고순종실록,33.3,고려사절요,33.3
慶興地,3,31,4,12.9,0.0,조선왕조실록,33.3,승정원일기,33.3
苑洞,3,77,69,89.6,66.7,조선왕조실록,100.0,승정원일기,33.3
蓋牟,2,9,3,33.3,0.0,승정원일기,33.3,삼국사기,33.3
左右道,6,763,115,15.1,0.0,고려사절요,33.3,고순종실록,33.3
砥平郡,3,34,6,17.6,0.0,한국사료총서,33.3,고순종실록,33.3
西原京,2,12,11,91.7,66.7,한국사료총서,100.0,삼국사기,33.3
靈囿,2,14,5,35.7,16.7,조선왕조실록,50.0,승정원일기,33.3
陽穀,3,17,4,23.5,0.0,한국사료총서,33.3,조선왕조실록,33.3
大窟,2,7,1,14.3,0.0,한국사료총서,33.3,조선왕조실록,33.3
草八,3,42,10,23.8,0.0,승정원일기,33.3,삼국사기,33.3
靑樓,3,27,1,3.7,0.0,조선왕조실록,33.3,승정원일기,33.3
多景,4,16,2,12.5,0.0,고려사,33.3,승정원일기,33.3
安惠,4,35,1,2.9,0.0,고려사,33.3,한국사료총서,33.3
送洞,2,8,1,12.5,0.0,한국사료총서,33.3,승정원일기,33.3
大也島,2,8,7,87.5,66.7,한국사료총서,100.0,승정원일기,33.3
扶安縣邊山,2,6,5,83.3,66.7,승정원일기,100.0,조선왕조실록,33.3
崆峒,2,14,1,7.1,0.0,한국사료총서,33.3,승정원일기,33.3
匡人,3,24,1,4.2,0.0,승정원일기,33.3,조선왕조실록,33.3
九經齋,2,6,1,16.7,0.0,조선왕조실록,33.3,승정원일기,33.3
春川郡,2,32,16,50.0,41.7,승정원일기,75.0,한국사료총서,33.3
寧殿夏,3,127,1,0.8,0.0,승정원일기,33.3,조선왕조실록,33.3
成均館大成殿,2,8,6,75.0,66.7,조선왕조실록,100.0,승정원일기,33.3
慈州,4,48,36,75.0,66.7,한국사료총서,100.0,조선왕조실록,33.3
珍島防禦營,2,6,1,16.7,0.0,고순종실록,33.3,승정원일기,33.3
雙城摠管府,2,11,3,27.3,0.0,조선왕조실록,33.3,고려사,33.3
安東都護,4,18,3,16.7,0.0,삼국사기,33.3,고려사절요,33.3
尹拯書院,2,16,3,18.8,0.0,조선왕조실록,33.3,승정원일기,33.3
長德島,2,9,8,88.9,66.7,한국사료총서,100.0,고순종실록,33.3
鎭川等地,2,7,1,14.3,0.0,한국사료총서,33.3,승정원일기,33.3
忠淸道石城縣,2,11,9,81.8,66.7,승정원일기,100.0,조선왕조실록,33.3
萬儀,2,19,6,31.6,0.0,한국사료총서,33.3,승정원일기,33.3
義州邑,2,32,1,3.1,0.0,조선왕조실록,33.3,승정원일기,33.3
左勿村,2,6,5,83.3,66.7,한국사료총서,100.0,삼국사기,33.3
康熙陵,2,9,3,33.3,0.0,한국사료총서,33.3,조선왕조실록,33.3
潙,3,100,6,6.0,0.0,한국사료총서,33.3,조선왕조실록,33.3
開巖,2,12,2,16.7,0.0,한국사료총서,33.3,승정원일기,33.3
定戎,4,31,27,87.1,66.7,조선왕조실록,100.0,고려사절요,33.3
景福宮神武門外,2,7,1,14.3,0.0,조선왕조실록,33.3,승정원일기,33.3
杆民,2,15,1,6.7,0.0,승정원일기,33.3,조선왕조실록,33.3
串川,2,16,5,31.2,0.0,한국사료총서,33.3,조선왕조실록,33.3
禮州,4,37,29,78.4,66.7,고려사,100.0,조선왕조실록,33.3
於靑臺,2,14,1,7.1,0.0,승정원일기,33.3,조선왕조실록,33.3
問平,4,61,1,1.6,0.0,승정원일기,33.3,고려사,33.3
大浩,3,480,1,0.2,0.0,승정원일기,33.3,한국사료총서,33.3
羅州智島,3,38,36,94.7,66.7,한국사료총서,100.0,조선왕조실록,33.3
虎頭閣,2,20,14,70.0,66.7,승정원일기,100.0,조선왕조실록,33.3
田山,3,38,4,10.5,0.0,승정원일기,33.3,조선왕조실록,33.3
智歷山,2,8,7,87.5,66.7,승정원일기,100.0,조선왕조실록,33.3
皇城島,2,9,8,88.9,66.7,한국사료총서,100.0,조선왕조실록,33.3
寶島,2,7,6,85.7,66.7,승정원일기,100.0,한국사료총서,33.3
覇家臺,2,16,14,87.5,66.7,고려사,100.0,조선왕조실록,33.3
高鬱,2,9,8,88.9,66.7,고려사,100.0,한국사료총서,33.3
司里,2,7,5,71.4,66.7,승정원일기,100.0,한국사료총서,33.3
北郊壇,2,14,3,21.4,0.0,조선왕조실록,33.3,승정원일기,33.3
山林洞,2,12,9,75.0,66.7,한국사료총서,100.0,승정원일기,33.3
天主堂,3,43,2,4.7,0.0,조선왕조실록,33.3,승정원일기,33.3
所井,2,7,6,85.7,66.7,조선왕조실록,100.0,한국사료총서,33.3
西門樓,2,25,1,4.0,0.0,한국사료총서,33.3,승정원일기,33.3
富城郡,3,11,10,90.9,66.7,한국사료총서,100.0,조선왕조실록,33.3
蔡人,3,38,2,5.3,0.0,승정원일기,33.3,조선왕조실록,33.3
龍潭里,2,8,6,75.0,66.7,한국사료총서,100.0,승정원일기,33.3
南淮,2,6,1,16.7,0.0,한국사료총서,33.3,승정원일기,33.3
拱辰門外,2,7,1,14.3,0.0,조선왕조실록,33.3,승정원일기,33.3
朝天石,2,9,2,22.2,0.0,한국사료총서,33.3,조선왕조실록,33.3
任島,2,6,1,16.7,0.0,승정원일기,33.3,한국사료총서,33.3
老峯,2,26,4,15.4,0.0,한국사료총서,33.3,승정원일기,33.3
忠州山城,2,6,3,50.0,33.3,고려사절요,66.7,고려사,33.3
何瑟羅,2,17,16,94.1,66.7,한국사료총서,100.0,삼국사기,33.3
元山島,3,51,48,94.1,66.7,한국사료총서,100.0,조선왕조실록,33.3
西北兩道,4,195,40,20.5,0.0,고순종실록,33.3,승정원일기,33.3
鷰谷,2,20,19,95.0,66.7,한국사료총서,100.0,승정원일기,33.3
荊揚,2,22,7,31.8,0.0,한국사료총서,33.3,승정원일기,33.3
通城,3,14,2,14.3,0.0,승정원일기,33.3,한국사료총서,33.3
長淵郡,3,74,35,47.3,41.7,승정원일기,75.0,고순종실록,33.3
龍頭村,2,6,5,83.3,66.7,한국사료총서,100.0,승정원일기,33.3
黃海道金川,3,105,100,95.2,66.7,한국사료총서,100.0,조선왕조실록,33.3
皇城內,3,25,4,16.0,0.0,조선왕조실록,33.3,승정원일기,33.3
採桑壇,2,18,1,5.6,0.0,조선왕조실록,33.3,승정원일기,33.3
加波島,2,13,11,84.6,66.7,한국사료총서,100.0,승정원일기,33.3
延平島,2,11,10,90.9,66.7,한국사료총서,100.0,승정원일기,33.3
古哈,2,8,4,50.0,33.3,한국사료총서,66.7,조선왕조실록,33.3
淸涼里,3,58,57,98.3,66.7,한국사료총서,100.0,승정원일기,33.3
壯義門,2,6,5,83.3,66.7,승정원일기,100.0,조선왕조실록,33.3
龍島,2,8,7,87.5,66.7,한국사료총서,100.0,승정원일기,33.3
淸黃,3,36,4,11.1,0.0,조선왕조실록,33.3,한국사료총서,33.3
濟州島,4,38,28,73.7,66.7,한국사료총서,100.0,고순종실록,33.3
千渡,2,9,4,44.4,33.3,조선왕조실록,66.7,승정원일기,33.3
延吉,3,12,5,41.7,33.3,승정원일기,66.7,고순종실록,33.3
景慕宮齋殿,2,6,1,16.7,0.0,조선왕조실록,33.3,승정원일기,33.3
前漢,7,196,11,5.6,0.0,고려사,33.3,고순종실록,33.3
半登,2,26,1,3.8,0.0,한국사료총서,33.3,조선왕조실록,33.3
三陟縣,3,16,15,93.8,66.7,한국사료총서,100.0,고려사절요,33.3
靑坡前路,2,10,2,20.0,0.0,한국사료총서,33.3,승정원일기,33.3
碩興,2,49,1,2.0,0.0,승정원일기,33.3,조선왕조실록,33.3
潔城,4,13,12,92.3,66.7,한국사료총서,100.0,조선왕조실록,33.3
德續,2,6,1,16.7,0.0,승정원일기,33.3,조선왕조실록,33.3
松生縣,2,9,8,88.9,66.7,한국사료총서,100.0,조선왕조실록,33.3
大院廟,2,6,1,16.7,0.0,조선왕조실록,33.3,승정원일기,33.3
海邑,5,1007,32,3.2,0.0,고순종실록,33.3,고려사,33.3
嘉善,6,9159,5,0.1,0.0,고순종실록,33.3,삼국사기,33.3
草坪,3,56,29,51.8,41.7,승정원일기,75.0,조선왕조실록,33.3
江營,2,6,1,16.7,0.0,조선왕조실록,33.3,승정원일기,33.3
關隴,2,7,1,14.3,0.0,승정원일기,33.3,한국사료총서,33.3
江陵朔方道,2,8,7,87.5,66.7,고려사,100.0,한국사료총서,33.3
硫黃店,2,7,1,14.3,0.0,승정원일기,33.3,조선왕조실록,33.3
乃忽,3,126,4,3.2,0.0,승정원일기,33.3,한국사료총서,33.3
海等村,3,26,23,88.5,66.7,한국사료총서,100.0,조선왕조실록,33.3
吉山,3,64,12,18.8,0.0,조선왕조실록,33.3,한국사료총서,33.3
落月島,2,30,23,76.7,66.7,한국사료총서,100.0,승정원일기,33.3
福二,5,63,1,1.6,0.0,삼국사기,33.3,고려사,33.3
用安驛,2,11,10,90.9,66.7,한국사료총서,100.0,조선왕조실록,33.3
順懷宮,2,26,22,84.6,66.7,조선왕조실록,100.0,승정원일기,33.3
堤洞,3,13,12,92.3,66.7,한국사료총서,100.0,승정원일기,33.3
鍾成,3,52,3,5.8,0.0,승정원일기,33.3,조선왕조실록,33.3
皮串,2,9,8,88.9,66.7,한국사료총서,100.0,조선왕조실록,33.3
忠淸南道,3,917,911,99.3,66.7,한국사료총서,100.0,승정원일기,33.3
城西,7,413,52,12.6,0.0,고려사,33.3,승정원일기,33.3
殷山府,2,13,1,7.7,0.0,승정원일기,33.3,조선왕조실록,33.3
弘義,3,22,2,9.1,0.0,승정원일기,33.3,조선왕조실록,33.3
芝峯,3,41,2,4.9,0.0,한국사료총서,33.3,조선왕조실록,33.3
淳泰,2,11,1,9.1,0.0,승정원일기,33.3,한국사료총서,33.3
長津郡,2,27,20,74.1,66.7,승정원일기,100.0,한국사료총서,33.3
禦侮,5,1002,9,0.9,0.0,고순종실록,33.3,고려사,33.3
宗浦,2,15,13,86.7,66.7,승정원일기,100.0,조선왕조실록,33.3
康履鎭,2,24,1,4.2,0.0,승정원일기,33.3,한국사료총서,33.3
濕,8,11409,18,0.2,0.0,고순종실록,33.3,고려사절요,33.3
安東都護府,2,12,2,16.7,0.0,삼국사기,33.3,한국사료총서,33.3
倭館洞,2,41,40,97.6,66.7,조선왕조실록,100.0,승정원일기,33.3
河龍,3,233,4,1.7,0.0,승정원일기,33.3,조선왕조실록,33.3
餘屯,3,30,4,13.3,0.0,승정원일기,33.3,조선왕조실록,33.3
於田里,3,114,2,1.8,0.0,승정원일기,33.3,한국사료총서,33.3
寧海州,2,20,15,75.0,66.7,한국사료총서,100.0,승정원일기,33.3
杆城地,2,14,3,21.4,0.0,조선왕조실록,33.3,승정원일기,33.3
中城,5,169,14,8.3,0.0,조선왕조실록,33.3,고려사절요,33.3
渭城,3,13,2,15.4,0.0,조선왕조실록,33.3,승정원일기,33.3
鳥嶺鎭,2,9,4,44.4,33.3,한국사료총서,66.7,승정원일기,33.3
稷田,3,26,14,53.8,33.3,조선왕조실록,66.7,승정원일기,33.3
南陵,2,18,4,22.2,0.0,한국사료총서,33.3,승정원일기,33.3
楓嶽,2,26,3,11.5,0.0,한국사료총서,33.3,승정원일기,33.3
法部大臣署理,3,32,1,3.1,0.0,고순종실록,33.3,한국사료총서,33.3
社廟,2,12,2,16.7,0.0,조선왕조실록,33.3,승정원일기,33.3
江華鼎足山城,2,21,19,90.5,66.7,조선왕조실록,100.0,승정원일기,33.3
瑞石面,2,21,20,95.2,66.7,한국사료총서,100.0,승정원일기,33.3
開和,3,24,1,4.2,0.0,승정원일기,33.3,조선왕조실록,33.3
雲嚴,2,9,2,22.2,0.0,승정원일기,33.3,한국사료총서,33.3
江西面,2,6,5,83.3,66.7,승정원일기,100.0,한국사료총서,33.3
京東,5,49,4,8.2,0.0,고려사,33.3,고려사절요,33.3
城南,8,589,83,14.1,0.0,삼국사기,33.3,고순종실록,33.3
黃海道新溪,3,80,79,98.8,66.7,한국사료총서,100.0,조선왕조실록,33.3
平陰,3,14,2,14.3,0.0,승정원일기,33.3,한국사료총서,33.3
濱陽,2,7,4,57.1,33.3,조선왕조실록,66.7,한국사료총서,33.3
白雲峯,2,12,9,75.0,66.7,승정원일기,100.0,조선왕조실록,33.3
玉蘭,2,11,1,9.1,0.0,조선왕조실록,33.3,한국사료총서,33.3
華周,2,7,1,14.3,0.0,승정원일기,33.3,조선왕조실록,33.3
北關交濟倉,2,9,2,22.2,0.0,조선왕조실록,33.3,승정원일기,33.3
大崎,2,7,1,14.3,0.0,승정원일기,33.3,한국사료총서,33.3
陽南面,2,7,5,71.4,66.7,승정원일기,100.0,한국사료총서,33.3
圓塘,2,9,5,55.6,33.3,한국사료총서,66.7,승정원일기,33.3
唐津孟串,2,8,7,87.5,66.7,조선왕조실록,100.0,승정원일기,33.3
忠州地,4,788,252,32.0,0.0,고순종실록,33.3,승정원일기,33.3
回骨,3,19,1,5.3,0.0,고려사,33.3,조선왕조실록,33.3
八社,2,7,1,14.3,0.0,한국사료총서,33.3,승정원일기,33.3
大化,6,576,14,2.4,0.0,고려사절요,33.3,고려사,33.3
咸鏡道文川郡,2,47,44,93.6,66.7,조선왕조실록,100.0,승정원일기,33.3
麟角,3,32,4,12.5,0.0,한국사료총서,33.3,승정원일기,33.3
昌德宮後苑,2,26,1,3.8,0.0,조선왕조실록,33.3,승정원일기,33.3
高野,2,18,2,11.1,0.0,승정원일기,33.3,조선왕조실록,33.3
曾沙,4,20,2,10.0,0.0,승정원일기,33.3,고순종실록,33.3
泗淵,2,8,1,12.5,0.0,한국사료총서,33.3,승정원일기,33.3
大院,6,3079,411,13.3,0.0,고순종실록,33.3,고려사절요,33.3
慶寧,3,20,4,20.0,0.0,고려사,33.3,조선왕조실록,33.3
奈靈,2,8,7,87.5,66.7,삼국사기,100.0,한국사료총서,33.3
雲南人,2,17,1,5.9,0.0,한국사료총서,33.3,조선왕조실록,33.3
勿淹,2,11,2,18.2,0.0,조선왕조실록,33.3,승정원일기,33.3
洛中,3,170,27,15.9,0.0,조선왕조실록,33.3,승정원일기,33.3
零陵,3,17,4,23.5,0.0,한국사료총서,33.3,조선왕조실록,33.3
格浦漕倉,2,12,2,16.7,0.0,고순종실록,33.3,승정원일기,33.3
塔峴,3,16,14,87.5,66.7,한국사료총서,100.0,조선왕조실록,33.3
後唐,7,123,12,9.8,0.0,고려사,33.3,한국사료총서,33.3
羅州牧黑山島,3,272,265,97.4,66.7,고순종실록,100.0,조선왕조실록,33.3
沙阿里,3,148,145,98.0,66.7,한국사료총서,100.0,조선왕조실록,33.3
餘良,3,51,4,7.8,0.0,한국사료총서,33.3,조선왕조실록,33.3
西廠,3,28,5,17.9,0.0,조선왕조실록,33.3,승정원일기,33.3
越臺,2,18,1,5.6,0.0,승정원일기,33.3,조선왕조실록,33.3
八簋,2,10,1,10.0,0.0,승정원일기,33.3,한국사료총서,33.3
穆祖陵,2,8,1,12.5,0.0,승정원일기,33.3,조선왕조실록,33.3
貞德,4,33,6,18.2,0.0,고려사,33.3,승정원일기,33.3
熙政堂前庭,2,11,2,18.2,0.0,조선왕조실록,33.3,승정원일기,33.3
古縣,3,146,45,30.8,6.1,조선왕조실록,39.4,한국사료총서,33.3
烟島,3,24,19,79.2,66.7,한국사료총서,100.0,승정원일기,33.3
高陽里,2,7,6,85.7,66.7,승정원일기,100.0,한국사료총서,33.3
五里亭,3,25,4,16.0,0.0,고려사,33.3,승정원일기,33.3
上虞,3,15,2,13.3,0.0,조선왕조실록,33.3,한국사료총서,33.3
慕華峴,2,77,75,97.4,66.7,조선왕조실록,100.0,승정원일기,33.3
河間,4,111,19,17.1,0.0,고순종실록,33.3,조선왕조실록,33.3
治城,3,40,1,2.5,0.0,승정원일기,33.3,한국사료총서,33.3
通津邑,2,13,3,23.1,0.0,조선왕조실록,33.3,승정원일기,33.3
陽洞,4,178,150,84.3,66.7,고순종실록,100.0,조선왕조실록,33.3
七道,5,273,26,9.5,0.0,고려사,33.3,고순종실록,33.3
扶安縣蝟島,2,108,106,98.1,66.7,조선왕조실록,100.0,승정원일기,33.3
仁嬪金氏,2,27,4,14.8,0.0,조선왕조실록,33.3,승정원일기,33.3
倭關,2,17,3,17.6,0.0,한국사료총서,33.3,승정원일기,33.3
墨井,2,12,11,91.7,66.7,조선왕조실록,100.0,승정원일기,33.3
忠州達川,3,9,7,77.8,66.7,조선왕조실록,100.0,승정원일기,33.3
鬱林,3,12,2,16.7,0.0,조선왕조실록,33.3,승정원일기,33.3
北內,3,47,10,21.3,0.0,조선왕조실록,33.3,한국사료총서,33.3
校書館,4,1791,7,0.4,0.0,한국사료총서,33.3,고순종실록,33.3
江玉,2,6,1,16.7,0.0,한국사료총서,33.3,승정원일기,33.3
七牌,3,89,5,5.6,0.0,조선왕조실록,33.3,한국사료총서,33.3
冬栢,4,69,10,14.5,0.0,고려사,33.3,승정원일기,33.3
川西面,2,8,4,50.0,33.3,조선왕조실록,66.7,한국사료총서,33.3
銅峴屛門,2,9,2,22.2,0.0,한국사료총서,33.3,승정원일기,33.3
杜註,2,16,1,6.2,0.0,승정원일기,33.3,조선왕조실록,33.3
北池,3,11,2,18.2,0.0,조선왕조실록,33.3,한국사료총서,33.3
東長安門,2,12,2,16.7,0.0,한국사료총서,33.3,조선왕조실록,33.3
木花廛,2,13,3,23.1,0.0,조선왕조실록,33.3,승정원일기,33.3
衮州,2,7,6,85.7,66.7,한국사료총서,100.0,승정원일기,33.3
酸梨洞,2,7,6,85.7,66.7,한국사료총서,100.0,조선왕조실록,33.3
檀君朝鮮,2,7,1,14.3,0.0,승정원일기,33.3,한국사료총서,33.3
大都督府,4,23,4,17.4,0.0,고려사절요,33.3,한국사료총서,33.3
海中島,3,24,1,4.2,0.0,조선왕조실록,33.3,고려사,33.3
崇惠,2,87,83,95.4,66.7,고순종실록,100.0,승정원일기,33.3
忠淸道平澤縣,2,15,14,93.3,66.7,조선왕조실록,100.0,승정원일기,33.3
松府,4,599,65,10.9,2.8,조선왕조실록,36.0,한국사료총서,33.2
荆,2,177,44,24.9,4.4,한국사료총서,37.6,승정원일기,33.2
顯謨,4,1149,350,30.5,0.0,고순종실록,33.2,승정원일기,33.2
桂陽,4,282,25,8.9,1.0,조선왕조실록,34.1,승정원일기,33.2
驛,8,28630,5785,20.2,16.8,한국사료총서,50.0,삼국유사,33.2
廬廳,2,219,63,28.8,0.0,조선왕조실록,33.2,승정원일기,33.2
防踏,3,427,227,53.2,47.4,한국사료총서,80.5,조선왕조실록,33.1
蔚珍,6,1499,1116,74.4,66.9,한국사료총서,100.0,고순종실록,33.1
珍島,6,3722,3044,81.8,66.9,한국사료총서,100.0,고순종실록,33.1
善山地,3,169,52,30.8,0.0,조선왕조실록,33.1,승정원일기,33.1
牙山地,3,198,60,30.3,0.0,조선왕조실록,33.1,승정원일기,33.1
萬頃縣,4,813,154,18.9,16.9,승정원일기,50.0,고순종실록,33.1
也先,5,264,32,12.1,0.0,고려사,33.0,조선왕조실록,33.0
門外里,2,36,25,69.4,42.9,승정원일기,75.9,한국사료총서,33.0
鍾城府,4,2349,1212,51.6,22.6,한국사료총서,55.6,승정원일기,33.0
溪上,4,316,98,31.0,0.0,고려사,33.0,한국사료총서,33.0
弘化門外,3,819,252,30.8,0.0,고순종실록,33.0,승정원일기,33.0
內氷,2,223,98,43.9,13.3,조선왕조실록,46.4,승정원일기,33.0
玉門關,3,22,15,68.2,54.5,한국사료총서,87.5,승정원일기,33.0
曜金門外,2,97,29,29.9,0.0,조선왕조실록,33.0,승정원일기,33.0
城倉,3,369,65,17.6,6.2,한국사료총서,39.1,조선왕조실록,33.0
墻垣,3,3647,1148,31.5,0.0,조선왕조실록,33.0,승정원일기,33.0
熙川,4,1444,1068,74.0,67.0,승정원일기,100.0,고순종실록,33.0
盤谷,2,44,25,56.8,52.8,한국사료총서,85.7,승정원일기,32.9
盧原,3,130,110,84.6,62.2,조선왕조실록,95.1,한국사료총서,32.9
北燕,2,19,4,21.1,10.0,승정원일기,42.9,한국사료총서,32.9
高原郡,4,742,143,19.3,17.1,승정원일기,50.0,고순종실록,32.9
祈稔閣,2,39,8,20.5,17.1,승정원일기,50.0,조선왕조실록,32.9
通山,3,47,10,21.3,11.5,한국사료총서,44.4,조선왕조실록,32.9
全義地,2,80,25,31.2,0.0,조선왕조실록,32.9,승정원일기,32.9
南省,4,253,90,35.6,14.3,고려사,47.1,승정원일기,32.8
水,8,180754,19319,10.7,7.2,한국사료총서,39.9,삼국사기,32.8
草里,2,70,45,64.3,48.7,승정원일기,81.5,한국사료총서,32.8
慶山縣,3,411,49,11.9,8.9,승정원일기,41.7,한국사료총서,32.8
六島,3,71,17,23.9,13.3,조선왕조실록,46.2,한국사료총서,32.8
寧邊地,2,63,16,25.4,0.0,조선왕조실록,32.7,승정원일기,32.7
馬廊,2,46,5,10.9,7.3,승정원일기,40.0,한국사료총서,32.7
羅老,3,124,74,59.7,40.0,한국사료총서,72.7,승정원일기,32.7
川南,3,264,152,57.6,29.4,조선왕조실록,62.1,한국사료총서,32.7
江原道春川地,2,169,55,32.5,0.0,조선왕조실록,32.7,승정원일기,32.7
安馬,3,195,7,3.6,0.6,승정원일기,33.3,조선왕조실록,32.7
魏,8,8372,487,5.8,0.0,고려사,32.6,조선왕조실록,32.6
美山,2,38,21,55.3,25.0,승정원일기,57.6,한국사료총서,32.6
右文閣,2,102,87,85.3,57.1,조선왕조실록,89.8,승정원일기,32.6
奴賊,3,439,93,21.2,0.0,한국사료총서,32.6,조선왕조실록,32.6
陶山,4,833,507,60.9,55.6,한국사료총서,88.2,조선왕조실록,32.6
星州,4,2980,2399,80.5,67.4,승정원일기,100.0,고순종실록,32.6
五陵,3,432,128,29.6,0.0,한국사료총서,32.6,승정원일기,32.6
東海,8,1221,246,20.1,0.0,고순종실록,32.6,조선왕조실록,32.6
居廬廳,2,218,62,28.4,0.0,조선왕조실록,32.6,승정원일기,32.6
武安,4,165,37,22.4,0.0,고려사,32.5,승정원일기,32.5
枕,8,6741,490,7.3,0.0,고려사,32.5,한국사료총서,32.5
邑內,3,1895,394,20.8,0.7,조선왕조실록,33.2,승정원일기,32.5
英,8,72895,4526,6.2,1.1,삼국사기,33.6,고순종실록,32.5
甕,7,2864,876,30.6,17.5,한국사료총서,50.0,삼국사기,32.5
京華,3,631,164,26.0,0.0,조선왕조실록,32.5,승정원일기,32.5
三浦,4,829,86,10.4,0.0,고순종실록,32.5,승정원일기,32.5
東邑,3,209,37,17.7,0.0,조선왕조실록,32.4,한국사료총서,32.4
南京,6,799,610,76.3,67.6,한국사료총서,100.0,고순종실록,32.4
脫脫,5,123,12,9.8,0.0,고려사,32.4,조선왕조실록,32.4
狄人,5,93,11,11.8,0.0,고려사,32.4,조선왕조실록,32.4
統軍,5,112,20,17.9,0.0,고려사,32.4,조선왕조실록,32.4
永吉,3,354,62,17.5,0.0,한국사료총서,32.4,조선왕조실록,32.4
俠,7,817,32,3.9,0.0,고려사절요,32.4,고려사,32.4
長江,4,383,50,13.1,0.0,고순종실록,32.4,승정원일기,32.4
嶺中,3,92,13,14.1,0.0,한국사료총서,32.4,승정원일기,32.4
昌邑,3,121,31,25.6,14.3,조선왕조실록,46.7,한국사료총서,32.4
善山,4,2457,1857,75.6,66.1,승정원일기,98.4,조선왕조실록,32.3
文山,3,651,254,39.0,16.2,한국사료총서,48.5,승정원일기,32.3
洪州郡,3,64,20,31.2,22.2,고순종실록,54.5,한국사료총서,32.3
今山,4,254,8,3.1,1.0,조선왕조실록,33.3,고순종실록,32.3
興,8,187673,38083,20.3,1.8,삼국유사,34.0,고순종실록,32.2
夜對廳,2,111,29,26.1,0.0,조선왕조실록,32.2,승정원일기,32.2
顯陽,2,95,2,2.1,1.1,승정원일기,33.3,조선왕조실록,32.2
陽根,3,46,18,39.1,20.0,한국사료총서,52.2,승정원일기,32.2
大原,5,305,15,4.9,1.2,승정원일기,33.3,고려사절요,32.2
神武門外,3,157,29,18.5,0.0,조선왕조실록,32.2,승정원일기,32.2
通川,5,1249,937,75.0,67.8,승정원일기,100.0,고순종실록,32.2
坡州地,2,456,144,31.6,0.0,조선왕조실록,32.2,승정원일기,32.2
昌平,5,1056,790,74.8,67.8,승정원일기,100.0,고순종실록,32.2
列,8,89004,67,0.1,0.0,고려사절요,32.2,삼국사기,32.2
臨坡,4,82,43,52.4,47.8,승정원일기,80.0,고려사,32.2
鳥,8,11988,1014,8.5,0.0,고려사절요,32.1,고순종실록,32.1
漆谷,4,292,237,81.2,67.9,승정원일기,100.0,고순종실록,32.1
貞海,3,25,15,60.0,42.9,한국사료총서,75.0,고려사,32.1
定山地,2,60,17,28.3,0.0,한국사료총서,32.1,승정원일기,32.1
雞林府,4,70,22,31.4,25.0,한국사료총서,57.1,고려사절요,32.1
安中,4,536,19,3.5,0.0,고려사,32.1,조선왕조실록,32.1
密陽府,4,920,209,22.7,17.9,한국사료총서,50.0,고순종실록,32.1
積城,6,1412,1024,72.5,67.9,승정원일기,100.0,고순종실록,32.1
安州地,3,94,25,26.6,0.0,조선왕조실록,32.1,승정원일기,32.1
官軍祠,2,38,27,71.1,67.9,승정원일기,100.0,조선왕조실록,32.1
海豐郡,2,37,29,78.4,68.0,조선왕조실록,100.0,고려사,32.0
南神門外,2,103,31,30.1,0.0,조선왕조실록,32.0,승정원일기,32.0
崇寧,5,151,40,26.5,0.0,한국사료총서,32.0,승정원일기,32.0
邑站,3,80,17,21.2,0.0,조선왕조실록,32.0,승정원일기,32.0
慶州地,5,278,78,28.1,0.0,고려사,32.0,승정원일기,32.0
豐德,4,2388,1728,72.4,68.0,승정원일기,100.0,고순종실록,32.0
大法,5,1326,12,0.9,0.0,고려사,32.0,고순종실록,32.0
爲善堂,2,109,78,71.6,68.0,승정원일기,100.0,조선왕조실록,32.0
丹城,4,1158,839,72.5,68.0,승정원일기,100.0,고순종실록,32.0
德洞,4,141,121,85.8,68.0,한국사료총서,100.0,고순종실록,32.0
濟州,6,16215,12849,79.2,67.5,한국사료총서,99.4,고순종실록,32.0
淸州地,3,364,107,29.4,0.0,조선왕조실록,32.0,승정원일기,32.0
全羅道扶安地,2,28,8,28.6,0.0,조선왕조실록,32.0,승정원일기,32.0
茂長,4,1674,1225,73.2,65.7,승정원일기,97.6,조선왕조실록,31.9
陽關,2,27,5,18.5,5.6,한국사료총서,37.5,승정원일기,31.9
春川地,2,242,75,31.0,0.0,조선왕조실록,31.9,승정원일기,31.9
山海,7,2910,645,22.2,0.0,고려사,31.9,한국사료총서,31.9
青,4,650,90,13.8,0.0,승정원일기,31.9,삼국사기,31.9
麟趾,5,2345,174,7.4,0.0,고려사,31.9,승정원일기,31.9
富平,6,2424,1823,75.2,68.1,승정원일기,100.0,고순종실록,31.9
船頭,5,278,58,20.9,0.0,고려사,31.9,승정원일기,31.9
龜,8,59685,2085,3.5,0.0,삼국사기,31.9,고려사절요,31.9
沈虎頭,4,99,17,17.2,0.0,고순종실록,31.9,승정원일기,31.9
藍田,3,135,50,37.0,32.8,한국사료총서,64.7,조선왕조실록,31.9
平山,6,3968,2960,74.6,68.1,승정원일기,100.0,고려사절요,31.9
梨峴洞,2,26,16,61.5,33.3,조선왕조실록,65.2,승정원일기,31.9
吾郞哈,2,78,74,94.9,66.7,한국사료총서,98.5,조선왕조실록,31.9
惠政,6,581,149,25.6,0.0,고려사,31.9,조선왕조실록,31.9
昭義門,2,404,395,97.8,66.7,조선왕조실록,98.5,승정원일기,31.8
立所,3,160,27,16.9,0.0,승정원일기,31.8,조선왕조실록,31.8
大吉號,3,199,111,55.8,50.0,한국사료총서,81.8,조선왕조실록,31.8
錦,8,11127,2455,22.1,0.0,삼국유사,31.8,고순종실록,31.8
南門,8,2164,347,16.0,0.0,고려사,31.8,승정원일기,31.8
加山,3,138,8,5.8,0.0,조선왕조실록,31.8,한국사료총서,31.8
楊州牧,4,2587,343,13.3,6.2,조선왕조실록,37.9,고순종실록,31.8
安西都護府,3,22,15,68.2,50.0,한국사료총서,81.8,고려사,31.8
定府,5,103,58,56.3,50.0,승정원일기,81.8,고순종실록,31.8
宣川縣,3,62,15,24.2,0.0,조선왕조실록,31.8,승정원일기,31.8
公洞,2,68,53,77.9,64.9,한국사료총서,96.7,승정원일기,31.8
泰仁地,2,33,7,21.2,0.0,한국사료총서,31.8,승정원일기,31.8
堅平,2,74,69,93.2,66.7,조선왕조실록,98.5,승정원일기,31.8
楚越,3,363,9,2.5,0.0,한국사료총서,31.8,조선왕조실록,31.8
江原道襄陽府,2,67,65,97.0,66.7,조선왕조실록,98.4,승정원일기,31.8
城川,3,50,8,16.0,5.7,한국사료총서,37.5,조선왕조실록,31.8
沙堤,3,30,7,23.3,18.2,승정원일기,50.0,조선왕조실록,31.8
原州地,3,594,183,30.8,0.0,조선왕조실록,31.8,승정원일기,31.8
中里,3,237,208,87.8,60.0,조선왕조실록,91.8,승정원일기,31.8
寧陵局內,2,51,14,27.5,0.0,고순종실록,31.8,승정원일기,31.8
洪川地,3,52,14,26.9,0.0,고순종실록,31.8,승정원일기,31.8
陵谷,4,134,14,10.4,0.0,고순종실록,31.7,한국사료총서,31.7
明通,3,302,21,7.0,0.0,한국사료총서,31.7,조선왕조실록,31.7
瑞興府,4,521,152,29.2,5.6,한국사료총서,37.3,조선왕조실록,31.7
文川郡,4,655,133,20.3,18.3,승정원일기,50.0,고순종실록,31.7
弘光,4,158,13,8.2,0.0,고순종실록,31.7,조선왕조실록,31.7
岳陽,5,101,85,84.2,68.3,한국사료총서,100.0,조선왕조실록,31.7
退溪,4,810,50,6.2,1.6,조선왕조실록,33.3,고순종실록,31.7
松讓,3,34,9,26.5,10.0,조선왕조실록,41.7,한국사료총서,31.7
全南道,3,510,439,86.1,66.7,한국사료총서,98.4,조선왕조실록,31.7
興南,3,37,11,29.7,11.1,조선왕조실록,42.9,승정원일기,31.7
長坪,3,75,55,73.3,58.3,승정원일기,90.0,조선왕조실록,31.7
京城門,3,29,6,20.7,0.0,조선왕조실록,31.6,승정원일기,31.6
恩信君,4,178,36,20.2,0.0,고순종실록,31.6,승정원일기,31.6
榮川,4,1985,1617,81.5,68.4,승정원일기,100.0,고순종실록,31.6
嬀,4,96,9,9.4,0.0,고순종실록,31.6,조선왕조실록,31.6
西邊,6,4649,1274,27.4,0.0,고려사,31.6,승정원일기,31.6
月香,2,28,6,21.4,0.0,승정원일기,31.6,한국사료총서,31.6
集賢殿,6,1423,34,2.4,0.0,고려사,31.6,승정원일기,31.6
盈德,5,1133,847,74.8,68.4,한국사료총서,100.0,조선왕조실록,31.6
守安,6,777,28,3.6,0.0,고순종실록,31.6,고려사절요,31.6
滕,6,837,60,7.2,0.0,고려사,31.6,조선왕조실록,31.6
馬奴,3,45,8,17.8,0.0,승정원일기,31.6,한국사료총서,31.6
明安公主墓,2,23,6,26.1,0.0,조선왕조실록,31.6,승정원일기,31.6
溫陵局內,2,24,6,25.0,0.0,조선왕조실록,31.6,승정원일기,31.6
方帶,4,2277,6,0.3,0.0,고순종실록,31.6,한국사료총서,31.6
涇,4,891,86,9.7,1.8,한국사료총서,33.3,고려사,31.6
陟,8,13259,2092,15.8,0.0,삼국유사,31.5,고순종실록,31.5
島里,2,52,46,88.5,60.0,승정원일기,91.5,한국사료총서,31.5
海曲,4,215,14,6.5,1.8,조선왕조실록,33.3,삼국사기,31.5
小川,3,184,61,33.2,13.1,승정원일기,44.6,한국사료총서,31.5
龍田,3,49,34,69.4,50.0,조선왕조실록,81.5,승정원일기,31.5
茂安,3,18,11,61.1,40.0,조선왕조실록,71.4,승정원일기,31.4
古馬,3,23,10,43.5,28.6,승정원일기,60.0,삼국사기,31.4
高靈縣,3,474,95,20.0,16.6,승정원일기,48.0,한국사료총서,31.4
通津,6,3123,2302,73.7,68.6,승정원일기,100.0,고순종실록,31.4
存道,3,334,22,6.6,0.0,승정원일기,31.4,한국사료총서,31.4
杏村,2,22,8,36.4,35.3,한국사료총서,66.7,승정원일기,31.4
鍊戎臺,3,231,159,68.8,40.0,고순종실록,71.4,조선왕조실록,31.4
白嶺,4,39,19,48.7,35.3,한국사료총서,66.7,조선왕조실록,31.4
沃野,4,159,43,27.0,12.5,승정원일기,43.9,조선왕조실록,31.4
道成,6,1201,153,12.7,0.0,고순종실록,31.4,조선왕조실록,31.4
仁濟,5,85,10,11.8,2.0,승정원일기,33.3,고려사절요,31.4
慶原,4,104,17,16.3,0.0,고려사,31.4,조선왕조실록,31.4
陰村,3,115,110,95.7,66.7,한국사료총서,98.1,승정원일기,31.4
潭陽郡,2,45,17,37.8,28.6,승정원일기,60.0,한국사료총서,31.4
聖廟,5,3072,720,23.4,0.0,고려사,31.3,승정원일기,31.3
文川,4,1447,1079,74.6,68.7,승정원일기,100.0,고순종실록,31.3
務安府,2,52,25,48.1,22.2,고순종실록,53.5,승정원일기,31.3
新橋前,2,40,10,25.0,0.0,고순종실록,31.2,승정원일기,31.2
星德,2,36,5,13.9,0.0,승정원일기,31.2,한국사료총서,31.2
甘山,3,69,10,14.5,0.0,삼국유사,31.2,한국사료총서,31.2
氷山,3,49,8,16.3,8.8,한국사료총서,40.0,승정원일기,31.2
松站,3,30,22,73.3,50.0,한국사료총서,81.2,조선왕조실록,31.2
晋州,4,1546,1460,94.4,68.8,고려사,99.9,조선왕조실록,31.2
後藏,3,42,6,14.3,0.0,승정원일기,31.2,조선왕조실록,31.2
鳴條,2,20,5,25.0,0.0,한국사료총서,31.2,승정원일기,31.2
天津府,2,19,14,73.7,68.8,한국사료총서,100.0,승정원일기,31.2
長串,3,114,87,76.3,50.0,한국사료총서,81.2,승정원일기,31.2
直谷,3,46,36,78.3,68.8,한국사료총서,100.0,조선왕조실록,31.2
淮陽,6,2464,1867,75.8,68.8,승정원일기,100.0,고순종실록,31.2
五里,5,10441,128,1.2,0.0,고려사,31.2,고순종실록,31.2
雙里,3,58,53,91.4,68.8,한국사료총서,100.0,조선왕조실록,31.2
表忠,4,219,45,20.5,0.0,한국사료총서,31.2,조선왕조실록,31.2
宗廟殿,2,83,24,28.9,0.0,조선왕조실록,31.2,승정원일기,31.2
朔寧地,2,22,5,22.7,0.0,조선왕조실록,31.2,승정원일기,31.2
永川地,2,37,10,27.0,0.0,조선왕조실록,31.2,승정원일기,31.2
禮安,6,1917,1425,74.3,68.8,승정원일기,100.0,고순종실록,31.2
豫州,4,53,40,75.5,68.8,승정원일기,100.0,고려사절요,31.2
甫乙,3,304,122,40.1,15.2,승정원일기,46.4,조선왕조실록,31.2
水南,3,79,18,22.8,0.0,조선왕조실록,31.1,한국사료총서,31.1
所江鎭,2,24,10,41.7,22.2,한국사료총서,53.3,승정원일기,31.1
興陽,4,3827,3066,80.1,64.2,한국사료총서,95.4,조선왕조실록,31.1
圓峯,2,48,25,52.1,30.0,한국사료총서,61.1,승정원일기,31.1
松田,4,582,65,11.2,0.0,고순종실록,31.1,조선왕조실록,31.1
黃澗,5,925,693,74.9,68.9,승정원일기,100.0,고순종실록,31.1
利川,6,2456,1905,77.6,68.9,승정원일기,100.0,고순종실록,31.1
堤川郡,2,45,15,33.3,28.9,승정원일기,60.0,한국사료총서,31.1
花城,3,65,4,6.2,2.3,승정원일기,33.3,한국사료총서,31.0
椒水,3,150,60,40.0,11.1,승정원일기,42.1,조선왕조실록,31.0
延秋門契,2,49,21,42.9,16.7,조선왕조실록,47.6,승정원일기,31.0
禮山,7,1534,1116,72.8,69.0,승정원일기,100.0,삼국사기,31.0
東溝,2,35,11,31.4,0.0,승정원일기,31.0,한국사료총서,31.0
三聖祠,2,93,65,69.9,47.8,조선왕조실록,78.8,승정원일기,31.0
龜川,3,131,16,12.2,2.4,조선왕조실록,33.3,한국사료총서,31.0
郡山,5,83,19,22.9,0.0,고려사,31.0,한국사료총서,31.0
大村,3,187,27,14.4,7.2,승정원일기,38.2,한국사료총서,31.0
汭,6,108,18,16.7,0.0,고려사,31.0,승정원일기,31.0
瀋館,3,51,12,23.5,0.0,한국사료총서,31.0,승정원일기,31.0
鐵,7,29797,5361,18.0,9.4,한국사료총서,40.4,고려사,31.0
清風,2,91,3,3.3,2.3,한국사료총서,33.3,삼국사기,31.0
沃川郡,3,693,164,23.7,22.0,승정원일기,52.9,한국사료총서,30.9
程驛,3,72,19,26.4,0.0,고려사,30.9,조선왕조실록,30.9
殿大門,2,195,54,27.7,0.0,조선왕조실록,30.9,승정원일기,30.9
同浦,3,25,6,24.0,9.1,한국사료총서,40.0,조선왕조실록,30.9
寧邊,4,3129,2421,77.4,67.2,승정원일기,98.2,조선왕조실록,30.9
永川郡,4,615,113,18.4,14.5,승정원일기,45.5,한국사료총서,30.9
慶安驛,3,58,48,82.8,62.5,한국사료총서,93.3,조선왕조실록,30.8
堡城,3,70,12,17.1,0.0,승정원일기,30.8,조선왕조실록,30.8
淵谷,3,2542,12,0.5,0.0,승정원일기,30.8,한국사료총서,30.8
昌新,3,62,9,14.5,7.7,승정원일기,38.5,조선왕조실록,30.8
旅順,4,267,221,82.8,69.2,한국사료총서,100.0,조선왕조실록,30.8
未央宮,2,30,23,76.7,69.2,승정원일기,100.0,조선왕조실록,30.8
訓局新營,2,32,8,25.0,0.0,한국사료총서,30.8,승정원일기,30.8
兀喇,3,19,15,78.9,69.2,한국사료총서,100.0,조선왕조실록,30.8
建州,5,1249,1219,97.6,69.2,한국사료총서,100.0,고려사절요,30.8
慶安道,2,16,12,75.0,69.2,승정원일기,100.0,조선왕조실록,30.8
報恩,4,1972,1298,65.8,58.7,승정원일기,89.5,고순종실록,30.8
呑,8,3054,132,4.3,0.0,고순종실록,30.8,삼국사기,30.8
直隷,5,479,47,9.8,0.0,고려사,30.8,승정원일기,30.8
仁化門外,3,37,8,21.6,0.0,고순종실록,30.8,승정원일기,30.8
春城,5,126,22,17.5,0.0,고려사,30.8,한국사료총서,30.8
安邊,6,3375,2653,78.6,69.2,고려사,100.0,고순종실록,30.8
四社,3,54,12,22.2,0.0,조선왕조실록,30.8,승정원일기,30.8
鄕射堂,3,166,6,3.6,2.5,한국사료총서,33.3,조선왕조실록,30.8
蓴城,2,44,42,95.5,66.7,한국사료총서,97.4,조선왕조실록,30.8
漣川郡,2,31,7,22.6,13.6,승정원일기,44.4,한국사료총서,30.8
北邊,7,4412,1187,26.9,0.0,고려사,30.8,승정원일기,30.8
井,8,18346,2620,14.3,5.8,고순종실록,36.5,삼국사기,30.7
祠,8,16700,3540,21.2,0.0,고려사절요,30.7,승정원일기,30.7
保安,6,897,232,25.9,16.7,고순종실록,47.4,고려사,30.7
鴻山,6,1339,1005,75.1,69.3,승정원일기,100.0,고순종실록,30.7
大和,7,395,41,10.4,0.0,고려사절요,30.7,조선왕조실록,30.7
玉淵,2,71,15,21.1,0.0,승정원일기,30.6,한국사료총서,30.6
延齡君房,2,58,15,25.9,0.0,조선왕조실록,30.6,승정원일기,30.6
陽地,4,1730,433,25.0,0.0,고순종실록,30.6,한국사료총서,30.6
南小門洞,2,115,110,95.7,66.7,조선왕조실록,97.2,승정원일기,30.6
禮安郡,2,49,15,30.6,19.4,승정원일기,50.0,한국사료총서,30.6
南,8,323314,82387,25.5,13.9,조선왕조실록,44.5,고순종실록,30.6
亭山,2,44,11,25.0,19.4,한국사료총서,50.0,승정원일기,30.6
首,8,103299,635,0.6,0.0,고순종실록,30.6,삼국사기,30.6
安洞,3,178,165,92.7,66.7,조선왕조실록,97.1,승정원일기,30.5
和順,6,1303,666,51.1,36.4,고려사,66.9,한국사료총서,30.5
綿子廛,2,64,18,28.1,0.0,조선왕조실록,30.5,승정원일기,30.5
龍興,6,445,119,26.7,6.2,고려사절요,36.8,승정원일기,30.5
寶藏,4,266,18,6.8,0.0,고려사,30.5,조선왕조실록,30.5
水川,3,71,30,42.3,23.3,한국사료총서,53.8,승정원일기,30.5
楊川,4,60,47,78.3,69.6,승정원일기,100.0,조선왕조실록,30.4
虎溪,3,137,94,68.6,63.3,한국사료총서,93.8,조선왕조실록,30.4
大靜,4,5577,4947,88.7,69.6,한국사료총서,100.0,고순종실록,30.4
待漏廳,2,152,19,12.5,9.6,승정원일기,40.0,조선왕조실록,30.4
安義縣,4,245,86,35.1,12.5,조선왕조실록,42.9,고순종실록,30.4
成佛,4,88,15,17.0,0.0,삼국유사,30.4,조선왕조실록,30.4
杜陵,3,47,12,25.5,7.1,승정원일기,37.5,조선왕조실록,30.4
千方,3,76,8,10.5,0.0,승정원일기,30.4,조선왕조실록,30.4
奉慈,5,983,96,9.8,0.0,고려사,30.4,조선왕조실록,30.4
赤城,4,110,62,56.4,47.4,한국사료총서,77.8,승정원일기,30.4
唐津,4,1358,1044,76.9,69.6,승정원일기,100.0,고순종실록,30.4
寧州,5,65,52,80.0,69.6,고려사,100.0,조선왕조실록,30.4
簡儀,4,149,38,25.5,0.0,고순종실록,30.4,조선왕조실록,30.4
隆中,3,35,10,28.6,13.3,한국사료총서,43.8,승정원일기,30.4
大陽,4,161,15,9.3,0.0,고려사,30.4,한국사료총서,30.4
古山城,3,27,5,18.5,7.1,한국사료총서,37.5,조선왕조실록,30.4
地理,8,1606,12,0.7,0.0,고려사절요,30.4,삼국사기,30.4
嚴有,3,88,7,8.0,0.0,승정원일기,30.4,조선왕조실록,30.4
密山,3,136,7,5.1,0.0,승정원일기,30.4,한국사료총서,30.4
覲本宮,3,57,14,24.6,0.0,고순종실록,30.4,승정원일기,30.4
忠州,6,6902,5870,85.0,69.6,고려사절요,100.0,고순종실록,30.4
洪福,6,1155,160,13.9,0.0,고려사,30.3,조선왕조실록,30.3
熊川,7,2256,1863,82.6,69.7,한국사료총서,100.0,삼국유사,30.3
江口,6,378,76,20.1,0.0,고려사,30.3,승정원일기,30.3
湖山,4,209,23,11.0,3.1,한국사료총서,33.3,고순종실록,30.3
靑府,4,983,431,43.8,41.2,승정원일기,71.4,고순종실록,30.3
靑州府,2,16,8,50.0,36.4,조선왕조실록,66.7,한국사료총서,30.3
槐山,4,2081,1757,84.4,69.7,승정원일기,100.0,고순종실록,30.3
崇政殿內,2,40,10,25.0,0.0,조선왕조실록,30.3,승정원일기,30.3
水鐵,4,485,92,19.0,0.0,고순종실록,30.3,승정원일기,30.3
忠淸右道,4,341,291,85.3,66.7,한국사료총서,97.0,조선왕조실록,30.3
北靑府,4,979,430,43.9,41.1,승정원일기,71.4,고순종실록,30.3
常平倉,5,243,37,15.2,0.0,고려사,30.3,조선왕조실록,30.3
全羅道茂朱府,3,77,73,94.8,66.7,조선왕조실록,97.0,승정원일기,30.3
畿郡,2,46,10,21.7,0.0,조선왕조실록,30.3,승정원일기,30.3
道林,3,296,128,43.2,25.0,한국사료총서,55.3,조선왕조실록,30.3
麟蹄,4,905,680,75.1,69.8,승정원일기,100.0,고순종실록,30.2
連洞,2,17,11,64.7,55.6,한국사료총서,85.7,조선왕조실록,30.2
露梁鎭,2,25,16,64.0,55.6,승정원일기,85.7,조선왕조실록,30.2
宮大門外,2,890,265,29.8,0.0,조선왕조실록,30.2,승정원일기,30.2
鴨島,3,188,165,87.8,64.7,한국사료총서,94.9,조선왕조실록,30.2
尙州,6,5366,4271,79.6,69.8,승정원일기,100.0,고순종실록,30.2
文化縣,4,631,143,22.7,19.8,승정원일기,50.0,고려사,30.2
中東,4,321,76,23.7,0.0,고순종실록,30.2,조선왕조실록,30.2
仁政門外,3,666,176,26.4,0.0,조선왕조실록,30.2,승정원일기,30.2
黃州郡,3,70,53,75.7,69.8,승정원일기,100.0,한국사료총서,30.2
連山,6,1835,1355,73.8,69.8,승정원일기,100.0,고순종실록,30.2
盤石,5,732,170,23.2,0.0,고순종실록,30.1,승정원일기,30.1
毓慶,4,195,43,22.1,0.0,고순종실록,30.1,승정원일기,30.1
昆南,2,34,32,94.1,66.7,한국사료총서,96.8,조선왕조실록,30.1
西所,4,1632,455,27.9,0.0,고순종실록,30.1,승정원일기,30.1
磨,7,63752,423,0.7,0.3,승정원일기,30.4,고려사,30.1
大灘,3,106,54,50.9,27.8,승정원일기,57.9,조선왕조실록,30.1
里安,3,526,29,5.5,0.0,승정원일기,30.1,조선왕조실록,30.1
德山縣,3,540,118,21.9,19.9,승정원일기,50.0,한국사료총서,30.1
晋人,2,35,6,17.1,0.0,한국사료총서,30.0,조선왕조실록,30.0
郡北面,3,23,14,60.9,50.0,한국사료총서,80.0,승정원일기,30.0
造泡寺,2,94,20,21.3,20.0,승정원일기,50.0,조선왕조실록,30.0
大摠,4,71,3,4.2,0.0,삼국사기,30.0,조선왕조실록,30.0
大興縣,3,145,43,29.7,20.0,승정원일기,50.0,한국사료총서,30.0
禮山郡,3,38,13,34.2,30.0,승정원일기,60.0,한국사료총서,30.0
青丘,3,14,10,71.4,50.0,한국사료총서,80.0,삼국유사,30.0
看月,3,47,9,19.1,0.0,승정원일기,30.0,조선왕조실록,30.0
石頭,5,96,22,22.9,0.0,고려사,30.0,조선왕조실록,30.0
紆州,2,17,12,70.6,70.0,한국사료총서,100.0,조선왕조실록,30.0
黃巾,4,425,12,2.8,0.0,고순종실록,30.0,조선왕조실록,30.0
加士里,2,25,3,12.0,0.0,한국사료총서,30.0,승정원일기,30.0
丘城,2,12,4,33.3,20.0,조선왕조실록,50.0,승정원일기,30.0
報恩郡,4,260,63,24.2,20.0,조선왕조실록,50.0,고순종실록,30.0
豆南,2,29,3,10.3,0.0,고려사,30.0,조선왕조실록,30.0
皆伯,2,14,7,50.0,20.0,조선왕조실록,50.0,한국사료총서,30.0
獜蹄,3,60,44,73.3,70.0,승정원일기,100.0,조선왕조실록,30.0
城安,5,127,14,11.0,0.0,고려사,30.0,고려사절요,30.0
南軒,3,249,51,20.5,0.0,한국사료총서,30.0,조선왕조실록,30.0
忠州郡,3,42,10,23.8,20.0,한국사료총서,50.0,고순종실록,30.0
定今,3,74,3,4.1,0.0,승정원일기,30.0,조선왕조실록,30.0
偏頭,3,78,3,3.8,0.0,승정원일기,30.0,조선왕조실록,30.0
晉州,6,4383,3171,72.3,70.0,승정원일기,100.0,고순종실록,30.0
水原新邑,2,40,9,22.5,0.0,조선왕조실록,30.0,승정원일기,30.0
豐角,3,30,25,83.3,70.0,한국사료총서,100.0,승정원일기,30.0
鍾樓街上,2,35,9,25.7,0.0,조선왕조실록,30.0,승정원일기,30.0
湖州,3,38,25,65.8,50.0,한국사료총서,80.0,승정원일기,30.0
鏡城府,4,854,697,81.6,70.0,한국사료총서,100.0,고순종실록,30.0
花陵,2,83,3,3.6,0.0,승정원일기,30.0,조선왕조실록,30.0
安西都護,3,30,20,66.7,50.0,한국사료총서,80.0,고려사,30.0
溪石,3,42,8,19.0,0.0,조선왕조실록,30.0,승정원일기,30.0
月串鎭,4,70,56,80.0,70.0,한국사료총서,100.0,고순종실록,30.0
五谷,2,13,8,61.5,50.0,한국사료총서,80.0,삼국사기,30.0
本町,2,11,7,63.6,50.0,승정원일기,80.0,한국사료총서,30.0
元人,4,139,3,2.2,0.0,고려사,30.0,조선왕조실록,30.0
滁,2,17,5,29.4,0.0,한국사료총서,30.0,승정원일기,30.0
楸島,3,44,34,77.3,70.0,한국사료총서,100.0,조선왕조실록,30.0
淑徽公主房,2,13,3,23.1,0.0,조선왕조실록,30.0,승정원일기,30.0
雛,5,765,5,0.7,0.0,고려사,30.0,삼국유사,30.0
沙橋,3,18,6,33.3,20.0,승정원일기,50.0,조선왕조실록,30.0
用里,2,9,3,33.3,20.0,승정원일기,50.0,한국사료총서,30.0
坪島,3,31,28,90.3,70.0,한국사료총서,100.0,조선왕조실록,30.0
大鼻,3,58,12,20.7,0.0,승정원일기,30.0,한국사료총서,30.0
新站,3,30,6,20.0,0.0,조선왕조실록,30.0,승정원일기,30.0
衿川,3,1751,1320,75.4,68.8,승정원일기,98.8,조선왕조실록,30.0
益申,3,27,3,11.1,0.0,승정원일기,30.0,조선왕조실록,30.0
資善堂,3,46,40,87.0,66.7,고순종실록,96.7,조선왕조실록,30.0
慶會樓池邊,2,53,6,11.3,0.0,조선왕조실록,30.0,승정원일기,30.0
慶幸坊,2,41,37,90.2,70.0,조선왕조실록,100.0,승정원일기,30.0
薄雲,3,27,3,11.1,0.0,조선왕조실록,30.0,승정원일기,30.0
黔同島,3,50,47,94.0,70.0,한국사료총서,100.0,조선왕조실록,30.0
明政殿門外,2,15,3,20.0,0.0,조선왕조실록,30.0,승정원일기,30.0
可平,3,159,3,1.9,0.0,승정원일기,30.0,한국사료총서,30.0
梧谷,2,14,11,78.6,70.0,한국사료총서,100.0,승정원일기,30.0
紹興,5,146,12,8.2,0.0,고려사,30.0,승정원일기,30.0
觀里,2,10,6,60.0,50.0,승정원일기,80.0,한국사료총서,30.0
梁浦,3,49,45,91.8,70.0,한국사료총서,100.0,조선왕조실록,30.0
栢梁,3,18,7,38.9,20.0,한국사료총서,50.0,승정원일기,30.0
海陵,6,192,6,3.1,0.0,고려사,30.0,조선왕조실록,30.0
宣州,5,73,64,87.7,70.0,한국사료총서,100.0,조선왕조실록,30.0
洪獻,3,218,7,3.2,0.0,승정원일기,30.0,조선왕조실록,30.0
□洞,2,19,3,15.8,0.0,한국사료총서,30.0,승정원일기,30.0
近甸,2,41,9,22.0,0.0,조선왕조실록,30.0,승정원일기,30.0
臥丹,2,17,14,82.4,70.0,한국사료총서,100.0,승정원일기,30.0
神光鎭,3,25,21,84.0,70.0,한국사료총서,100.0,조선왕조실록,30.0
孝橋,3,29,25,86.2,70.0,한국사료총서,100.0,조선왕조실록,30.0
壽町,2,11,7,63.6,50.0,승정원일기,80.0,한국사료총서,30.0
纛島村,2,13,3,23.1,0.0,조선왕조실록,30.0,승정원일기,30.0
唐岳,2,21,18,85.7,70.0,한국사료총서,100.0,조선왕조실록,30.0
內石,3,40,4,10.0,0.0,조선왕조실록,30.0,한국사료총서,30.0
南長,3,69,22,31.9,10.0,조선왕조실록,40.0,승정원일기,30.0
安丁,2,36,4,11.1,0.0,승정원일기,30.0,한국사료총서,30.0
波,8,8336,928,11.1,3.1,삼국유사,33.0,고려사,29.9
金浦,5,1946,1484,76.3,70.1,승정원일기,100.0,고순종실록,29.9
漢江渡,2,29,7,24.1,11.8,승정원일기,41.7,조선왕조실록,29.9
旋善,3,54,5,9.3,3.4,조선왕조실록,33.3,한국사료총서,29.9
崇範,2,122,116,95.1,66.7,조선왕조실록,96.6,승정원일기,29.9
錦山,4,1716,1300,75.8,70.1,승정원일기,100.0,고순종실록,29.9
城里,3,221,208,94.1,66.7,조선왕조실록,96.6,한국사료총서,29.9
麗朝,4,582,47,8.1,0.0,고순종실록,29.9,조선왕조실록,29.9
北所,3,907,245,27.0,0.0,조선왕조실록,29.8,승정원일기,29.8
咸陽,6,2163,1627,75.2,61.5,고려사,91.3,고순종실록,29.8
宮大門,3,1314,384,29.2,0.0,조선왕조실록,29.8,승정원일기,29.8
忠,8,154574,35199,22.8,1.6,삼국유사,31.5,고순종실록,29.8
關西道,4,527,36,6.8,0.0,고순종실록,29.8,조선왕조실록,29.8
智島,4,4387,4034,92.0,70.2,한국사료총서,100.0,조선왕조실록,29.8
平安道宣川府,2,60,57,95.0,66.7,조선왕조실록,96.5,승정원일기,29.8
深井,3,28,6,21.4,7.7,승정원일기,37.5,조선왕조실록,29.8
椒井,3,120,68,56.7,33.3,조선왕조실록,63.2,한국사료총서,29.8
松石,2,64,5,7.8,3.5,한국사료총서,33.3,승정원일기,29.8
洗心,4,322,69,21.4,1.4,한국사료총서,31.1,승정원일기,29.8
降倭,3,388,103,26.5,0.0,승정원일기,29.7,조선왕조실록,29.7
扶安,4,2287,1729,75.6,70.3,승정원일기,100.0,고순종실록,29.7
應門,3,82,11,13.4,0.0,조선왕조실록,29.7,승정원일기,29.7
榮成,2,77,15,19.5,9.4,승정원일기,39.1,한국사료총서,29.7
羅舖,2,42,29,69.0,70.3,승정원일기,100.0,조선왕조실록,29.7
吉州,6,3639,2956,81.2,70.3,승정원일기,100.0,고순종실록,29.7
咸州,5,210,189,90.0,70.3,한국사료총서,100.0,조선왕조실록,29.7
沃川,4,1677,1287,76.7,70.3,승정원일기,100.0,고순종실록,29.7
甕巖,2,42,29,69.0,44.4,한국사료총서,74.2,승정원일기,29.7
巨文島,3,86,76,88.4,70.4,한국사료총서,100.0,고순종실록,29.6
堤川,4,2337,1931,82.6,70.4,승정원일기,100.0,고순종실록,29.6
定州,6,3813,2981,78.2,70.4,한국사료총서,100.0,고순종실록,29.6
雲峰縣,4,197,33,16.8,13.3,승정원일기,42.9,한국사료총서,29.6
東所,3,1297,348,26.8,0.0,조선왕조실록,29.6,승정원일기,29.6
石洞,3,236,207,87.7,70.4,한국사료총서,100.0,조선왕조실록,29.6
延,8,56634,11896,21.0,0.0,삼국유사,29.6,조선왕조실록,29.6
中國人,4,344,32,9.3,0.0,고순종실록,29.6,조선왕조실록,29.6
惟新,7,629,93,14.8,0.0,고려사,29.6,한국사료총서,29.6
安貞,5,153,22,14.4,0.0,고순종실록,29.6,한국사료총서,29.6
道村,2,123,96,78.0,50.0,승정원일기,79.6,한국사료총서,29.6
蘆,6,2656,976,36.7,34.1,한국사료총서,63.6,고려사,29.6
金虜,3,72,8,11.1,0.0,승정원일기,29.6,조선왕조실록,29.6
東偏門,3,99,13,13.1,0.0,조선왕조실록,29.5,승정원일기,29.5
北靑郡,2,47,20,42.6,37.1,승정원일기,66.7,한국사료총서,29.5
幽洞,2,17,9,52.9,45.5,한국사료총서,75.0,조선왕조실록,29.5
吉川,4,57,8,14.0,3.8,조선왕조실록,33.3,한국사료총서,29.5
恩津縣,4,654,183,28.0,24.5,승정원일기,54.0,한국사료총서,29.5
盈德郡,2,48,14,29.2,20.5,승정원일기,50.0,고순종실록,29.5
伐里,3,48,43,89.6,66.7,조선왕조실록,96.2,한국사료총서,29.5
密陽地,3,54,13,24.1,0.0,조선왕조실록,29.5,승정원일기,29.5
光陵丁字閣,2,15,7,46.7,25.0,조선왕조실록,54.5,승정원일기,29.5
興敎,4,252,22,8.7,0.0,고순종실록,29.4,조선왕조실록,29.4
丹後,2,49,35,71.4,50.0,한국사료총서,79.4,조선왕조실록,29.4
瑞,8,50477,4777,9.5,0.0,삼국유사,29.4,삼국사기,29.4
三道,7,6483,1126,17.4,0.0,고려사절요,29.4,승정원일기,29.4
新義州,3,84,68,81.0,70.6,한국사료총서,100.0,승정원일기,29.4
三田碑,3,26,5,19.2,0.0,조선왕조실록,29.4,승정원일기,29.4
長樂,6,1121,286,25.5,0.0,고려사,29.4,조선왕조실록,29.4
草谷,3,116,90,77.6,70.6,승정원일기,100.0,조선왕조실록,29.4
鳳,8,114449,8608,7.5,0.0,삼국유사,29.4,삼국사기,29.4
平島,3,32,26,81.2,70.6,한국사료총서,100.0,승정원일기,29.4
延州,4,79,69,87.3,70.6,한국사료총서,100.0,조선왕조실록,29.4
東床,2,56,10,17.9,0.0,한국사료총서,29.4,승정원일기,29.4
新智島,2,46,33,71.7,70.7,승정원일기,100.0,조선왕조실록,29.3
興國,6,447,50,11.2,0.0,고려사절요,29.3,조선왕조실록,29.3
原平府,2,103,13,12.6,0.0,승정원일기,29.3,조선왕조실록,29.3
忠淸道鴻山縣,2,28,26,92.9,66.7,조선왕조실록,96.0,승정원일기,29.3
合德堤,2,20,4,20.0,8.3,조선왕조실록,37.5,승정원일기,29.2
豐安,4,184,13,7.1,0.8,승정원일기,30.0,한국사료총서,29.2
前路,5,3127,769,24.6,0.0,고순종실록,29.2,승정원일기,29.2
桑港,3,37,30,81.1,70.8,한국사료총서,100.0,승정원일기,29.2
漢江沈虎頭,2,30,7,23.3,0.0,고순종실록,29.2,승정원일기,29.2
道論,3,188,7,3.7,0.0,승정원일기,29.2,한국사료총서,29.2
方谷,2,12,6,50.0,33.3,승정원일기,62.5,한국사료총서,29.2
三北,2,22,6,27.3,12.5,승정원일기,41.7,한국사료총서,29.2
江原道三陟府,3,88,82,93.2,66.7,한국사료총서,95.8,승정원일기,29.2
天安邑,2,28,26,92.9,66.7,승정원일기,95.8,한국사료총서,29.2
因幡,2,19,11,57.9,37.5,조선왕조실록,66.7,한국사료총서,29.2
延安城,2,13,8,61.5,33.3,한국사료총서,62.5,조선왕조실록,29.2
老城,3,20,11,55.0,33.3,한국사료총서,62.5,조선왕조실록,29.2
咸鏡道定平府,2,28,26,92.9,66.7,조선왕조실록,95.8,승정원일기,29.2
大邱,4,1369,1202,87.8,70.9,한국사료총서,100.0,조선왕조실록,29.1
樊川,2,38,29,76.3,71.0,한국사료총서,100.0,승정원일기,29.0
骨,8,22672,1040,4.6,1.4,승정원일기,30.4,삼국사기,29.0
泗沘,2,33,29,87.9,66.7,한국사료총서,95.7,삼국사기,29.0
時反,3,111,11,9.9,0.0,승정원일기,28.9,조선왕조실록,28.9
麒,5,2070,211,10.2,1.1,한국사료총서,30.0,고려사,28.9
海洋島,2,29,20,69.0,50.0,한국사료총서,78.9,조선왕조실록,28.9
牧丹,6,433,73,16.9,0.0,고려사절요,28.9,승정원일기,28.9
黔同,3,73,62,84.9,63.6,한국사료총서,92.5,조선왕조실록,28.8
三和府,4,693,133,19.2,13.3,한국사료총서,42.1,조선왕조실록,28.8
戎臺,3,243,163,67.1,40.0,고순종실록,68.8,승정원일기,28.8
忘憂,3,353,114,32.3,9.8,한국사료총서,38.7,승정원일기,28.8
大興地,3,144,38,26.4,0.0,조선왕조실록,28.8,승정원일기,28.8
外史庫,3,87,21,24.1,0.0,고순종실록,28.8,승정원일기,28.8
道里,5,2706,73,2.7,0.0,고려사,28.8,한국사료총서,28.8
同府,4,1218,72,5.9,4.6,승정원일기,33.3,고순종실록,28.8
扶安地,2,62,15,24.2,0.0,조선왕조실록,28.8,승정원일기,28.8
讀書堂,4,417,61,14.6,0.0,한국사료총서,28.7,승정원일기,28.7
灰洞,3,62,53,85.5,64.3,승정원일기,93.0,한국사료총서,28.7
中谷,3,85,5,5.9,0.0,조선왕조실록,28.6,한국사료총서,28.6
謹獨閤,2,12,10,83.3,71.4,승정원일기,100.0,조선왕조실록,28.6
夢周書院,2,11,2,18.2,0.0,조선왕조실록,28.6,승정원일기,28.6
北宮,4,81,4,4.9,0.0,고려사,28.6,조선왕조실록,28.6
新羅國,5,26,4,15.4,0.0,고려사,28.6,한국사료총서,28.6
山羊會堡,2,14,3,21.4,0.0,한국사료총서,28.6,조선왕조실록,28.6
東西部,2,15,2,13.3,0.0,조선왕조실록,28.6,승정원일기,28.6
吳越,7,114,5,4.4,0.0,고려사,28.6,조선왕조실록,28.6
哈蘭,3,18,16,88.9,71.4,한국사료총서,100.0,조선왕조실록,28.6
南門路,2,13,2,15.4,0.0,한국사료총서,28.6,승정원일기,28.6
黃海道遂安郡,3,115,112,97.4,71.4,조선왕조실록,100.0,한국사료총서,28.6
榮山浦,2,11,9,81.8,71.4,한국사료총서,100.0,조선왕조실록,28.6
慶尙道南海,3,210,205,97.6,71.4,한국사료총서,100.0,조선왕조실록,28.6
北靑,6,2999,2369,79.0,71.4,승정원일기,100.0,고순종실록,28.6
基洞,3,44,33,75.0,71.4,승정원일기,100.0,조선왕조실록,28.6
浦港,4,71,14,19.7,0.0,고순종실록,28.6,한국사료총서,28.6
妻島,2,13,2,15.4,0.0,승정원일기,28.6,조선왕조실록,28.6
六洲,3,58,2,3.4,0.0,고순종실록,28.6,승정원일기,28.6
德淸,3,60,3,5.0,0.0,조선왕조실록,28.6,한국사료총서,28.6
蓬城,2,34,2,5.9,0.0,승정원일기,28.6,조선왕조실록,28.6
鍊武公院,3,58,4,6.9,0.0,한국사료총서,28.6,고순종실록,28.6
京畿積城縣,2,12,10,83.3,71.4,승정원일기,100.0,조선왕조실록,28.6
玆山,3,71,3,4.2,0.0,한국사료총서,28.6,조선왕조실록,28.6
處洞,3,62,4,6.5,0.0,승정원일기,28.6,한국사료총서,28.6
固安,3,68,6,8.8,0.0,승정원일기,28.6,한국사료총서,28.6
忠淸道地,3,23,2,8.7,0.0,조선왕조실록,28.6,승정원일기,28.6
永安尉宮,2,12,2,16.7,0.0,조선왕조실록,28.6,승정원일기,28.6
楚子,3,116,2,1.7,0.0,승정원일기,28.6,조선왕조실록,28.6
湘水,3,31,24,77.4,71.4,한국사료총서,100.0,조선왕조실록,28.6
溫陽溫井,2,28,4,14.3,0.0,조선왕조실록,28.6,승정원일기,28.6
仁義,7,2835,29,1.0,0.0,고순종실록,28.6,고려사,28.6
中良浦,2,29,27,93.1,71.4,승정원일기,100.0,조선왕조실록,28.6
咸鏡道慶興,3,133,129,97.0,71.4,한국사료총서,100.0,조선왕조실록,28.6
咸鏡道北靑,3,131,129,98.5,71.4,한국사료총서,100.0,조선왕조실록,28.6
舍地,3,41,2,4.9,0.0,승정원일기,28.6,조선왕조실록,28.6
梁園,2,12,3,25.0,0.0,한국사료총서,28.6,승정원일기,28.6
鹽幕,3,17,2,11.8,0.0,조선왕조실록,28.6,승정원일기,28.6
金魚,4,49,4,8.2,0.0,고려사,28.6,승정원일기,28.6
撫寧縣,2,15,11,73.3,71.4,한국사료총서,100.0,조선왕조실록,28.6
宗廟當室,2,18,4,22.2,0.0,고순종실록,28.6,승정원일기,28.6
阿間,2,11,8,72.7,71.4,한국사료총서,100.0,조선왕조실록,28.6
關內外,3,39,6,15.4,0.0,조선왕조실록,28.6,승정원일기,28.6
土國,3,43,6,14.0,0.0,승정원일기,28.6,한국사료총서,28.6
桃園,3,21,2,9.5,0.0,조선왕조실록,28.6,승정원일기,28.6
巖谷,4,44,6,13.6,0.0,고순종실록,28.6,조선왕조실록,28.6
江皐,3,20,2,10.0,0.0,승정원일기,28.6,한국사료총서,28.6
羅州,8,6713,5370,80.0,71.4,고려사절요,100.0,삼국유사,28.6
北園,5,46,4,8.7,0.0,고려사,28.6,승정원일기,28.6
西泮,3,27,4,14.8,0.0,조선왕조실록,28.6,승정원일기,28.6
瑞寧,4,40,4,10.0,0.0,승정원일기,28.6,한국사료총서,28.6
金鞍,4,52,8,15.4,0.0,고려사,28.6,한국사료총서,28.6
永獻,2,14,2,14.3,0.0,승정원일기,28.6,조선왕조실록,28.6
國島,3,29,11,37.9,28.6,승정원일기,57.1,조선왕조실록,28.6
龍川府,4,1068,217,20.3,16.8,한국사료총서,45.5,고순종실록,28.6
所呑,3,34,4,11.8,0.0,승정원일기,28.6,한국사료총서,28.6
漁游澗,2,17,4,23.5,0.0,한국사료총서,28.6,승정원일기,28.6
慶源地,4,88,6,6.8,0.0,고순종실록,28.6,승정원일기,28.6
吾足,3,47,2,4.3,0.0,승정원일기,28.6,조선왕조실록,28.6
北津,2,34,9,26.5,21.4,한국사료총서,50.0,승정원일기,28.6
西畿,3,21,3,14.3,0.0,조선왕조실록,28.6,승정원일기,28.6
七坪,2,11,8,72.7,71.4,승정원일기,100.0,조선왕조실록,28.6
宜西,2,12,2,16.7,0.0,조선왕조실록,28.6,한국사료총서,28.6
吉昌,5,173,17,9.8,0.0,고려사,28.6,승정원일기,28.6
三木島,2,13,11,84.6,71.4,조선왕조실록,100.0,승정원일기,28.6
今州,3,31,3,9.7,0.0,승정원일기,28.6,한국사료총서,28.6
嶺南之左,2,10,2,20.0,0.0,조선왕조실록,28.6,승정원일기,28.6
宋家,3,80,7,8.8,0.0,승정원일기,28.6,조선왕조실록,28.6
多布,2,28,4,14.3,0.0,승정원일기,28.6,조선왕조실록,28.6
溪林,2,10,2,20.0,0.0,승정원일기,28.6,한국사료총서,28.6
移安廳,3,285,22,7.7,0.0,고순종실록,28.6,조선왕조실록,28.6
角山驛,2,11,9,81.8,71.4,한국사료총서,100.0,승정원일기,28.6
古介,3,459,393,85.6,67.6,한국사료총서,96.2,조선왕조실록,28.6
斤洞,2,18,16,88.9,71.4,한국사료총서,100.0,승정원일기,28.6
八省,2,30,4,13.3,0.0,한국사료총서,28.6,승정원일기,28.6
杞人,3,33,2,6.1,0.0,승정원일기,28.6,조선왕조실록,28.6
漆原府,2,14,2,14.3,0.0,조선왕조실록,28.6,승정원일기,28.6
聞韶郡,3,16,14,87.5,71.4,한국사료총서,100.0,조선왕조실록,28.6
永柔地,2,26,6,23.1,0.0,조선왕조실록,28.6,승정원일기,28.6
文華,4,651,51,7.8,0.0,한국사료총서,28.6,고순종실록,28.6
牡丹,4,63,4,6.3,0.0,고려사,28.6,조선왕조실록,28.6
金羅,4,45,15,33.3,21.4,조선왕조실록,50.0,한국사료총서,28.6
石州,2,39,30,76.9,71.4,한국사료총서,100.0,조선왕조실록,28.6
興屯,2,16,2,12.5,0.0,조선왕조실록,28.6,승정원일기,28.6
盛唐,3,41,3,7.3,0.0,한국사료총서,28.6,조선왕조실록,28.6
大白旗,2,14,2,14.3,0.0,승정원일기,28.6,한국사료총서,28.6
江原道江陵,3,223,218,97.8,71.4,한국사료총서,100.0,조선왕조실록,28.6
北挾門,2,10,2,20.0,0.0,한국사료총서,28.6,승정원일기,28.6
麒麟道,2,11,9,81.8,71.4,승정원일기,100.0,조선왕조실록,28.6
餘美,2,13,11,84.6,71.4,조선왕조실록,100.0,고려사,28.6
學日,5,1103,34,3.1,0.0,고려사,28.6,한국사료총서,28.6
靈州,5,33,29,87.9,71.4,승정원일기,100.0,조선왕조실록,28.6
平兩道,2,16,2,12.5,0.0,한국사료총서,28.6,승정원일기,28.6
井村,3,29,25,86.2,71.4,한국사료총서,100.0,조선왕조실록,28.6
熏陶,2,20,2,10.0,0.0,승정원일기,28.6,조선왕조실록,28.6
八莒縣,3,32,30,93.8,71.4,조선왕조실록,100.0,한국사료총서,28.6
"唐,唐",2,14,2,14.3,0.0,승정원일기,28.6,한국사료총서,28.6
慶尙道豐基郡,2,27,25,92.6,71.4,조선왕조실록,100.0,승정원일기,28.6
鐵島,5,199,187,94.0,71.4,한국사료총서,100.0,조선왕조실록,28.6
南玉,3,172,4,2.3,0.0,승정원일기,28.6,한국사료총서,28.6
成紀,2,17,2,11.8,0.0,한국사료총서,28.6,승정원일기,28.6
景陽道,2,10,8,80.0,71.4,승정원일기,100.0,조선왕조실록,28.6
從達,3,24,2,8.3,0.0,승정원일기,28.6,조선왕조실록,28.6
箭橋,2,12,3,25.0,0.0,한국사료총서,28.6,승정원일기,28.6
末文,3,108,5,4.6,0.0,승정원일기,28.6,한국사료총서,28.6
蘆草,3,48,5,10.4,0.0,한국사료총서,28.6,조선왕조실록,28.6
燕城,3,15,3,20.0,0.0,조선왕조실록,28.6,한국사료총서,28.6
煤音,3,60,56,93.3,71.4,한국사료총서,100.0,조선왕조실록,28.6
進獻庫,2,10,2,20.0,0.0,조선왕조실록,28.6,승정원일기,28.6
昌黎,3,105,12,11.4,0.0,승정원일기,28.6,조선왕조실록,28.6
樂新,3,31,4,12.9,0.0,한국사료총서,28.6,조선왕조실록,28.6
鎬京,5,77,69,89.6,71.4,한국사료총서,100.0,고려사절요,28.6
舞雩,3,42,7,16.7,0.0,한국사료총서,28.6,조선왕조실록,28.6
客望,2,18,2,11.1,0.0,승정원일기,28.6,한국사료총서,28.6
台吉,3,63,8,12.7,0.0,승정원일기,28.6,조선왕조실록,28.6
易山,2,23,4,17.4,0.0,한국사료총서,28.6,승정원일기,28.6
目里,2,18,14,77.8,71.4,한국사료총서,100.0,승정원일기,28.6
務安人,2,14,2,14.3,0.0,한국사료총서,28.6,조선왕조실록,28.6
長古島,2,16,14,87.5,71.4,한국사료총서,100.0,승정원일기,28.6
嵩,6,5040,45,0.9,0.0,고려사절요,28.6,고려사,28.6
各山,4,109,2,1.8,0.0,고순종실록,28.6,조선왕조실록,28.6
黃鶴樓,2,15,4,26.7,0.0,한국사료총서,28.6,조선왕조실록,28.6
長石,3,36,2,5.6,0.0,고순종실록,28.6,한국사료총서,28.6
陰里,2,21,17,81.0,71.4,한국사료총서,100.0,승정원일기,28.6
慶尙道盈德縣,2,36,34,94.4,71.4,조선왕조실록,100.0,승정원일기,28.6
費口,2,12,2,16.7,0.0,한국사료총서,28.6,승정원일기,28.6
莒縣,3,34,32,94.1,71.4,조선왕조실록,100.0,한국사료총서,28.6
天興,5,127,10,7.9,0.0,고려사,28.6,한국사료총서,28.6
雲城,3,175,2,1.1,0.0,승정원일기,28.6,한국사료총서,28.6
京城府,2,14,10,71.4,57.1,한국사료총서,85.7,고순종실록,28.6
丹陽縣,2,28,6,21.4,0.0,한국사료총서,28.6,승정원일기,28.6
照陽,2,14,2,14.3,0.0,승정원일기,28.6,조선왕조실록,28.6
治事齋,2,20,2,10.0,0.0,한국사료총서,28.6,승정원일기,28.6
昌洲鎭,3,25,22,88.0,71.4,승정원일기,100.0,한국사료총서,28.6
漢城銀行,3,15,2,13.3,0.0,승정원일기,28.6,고순종실록,28.6
飛禽島,3,40,36,90.0,71.4,한국사료총서,100.0,고순종실록,28.6
綾昌大君,2,33,6,18.2,0.0,조선왕조실록,28.6,승정원일기,28.6
明陵齋室,2,52,14,26.9,0.0,조선왕조실록,28.6,승정원일기,28.6
鳳川,2,44,2,4.5,0.0,조선왕조실록,28.6,한국사료총서,28.6
赤島,3,92,77,83.7,66.7,한국사료총서,95.2,조선왕조실록,28.6
智禮,3,31,6,19.4,0.0,고려사,28.6,승정원일기,28.6
東五里,3,269,3,1.1,0.0,조선왕조실록,28.6,승정원일기,28.6
斧壤,3,17,14,82.4,71.4,한국사료총서,100.0,고려사,28.6
臙脂,3,25,2,8.0,0.0,승정원일기,28.6,조선왕조실록,28.6
安興項,2,17,13,76.5,71.4,승정원일기,100.0,조선왕조실록,28.6
三水兩邑,2,10,2,20.0,0.0,조선왕조실록,28.6,승정원일기,28.6
仁安殿,2,17,15,88.2,71.4,승정원일기,100.0,조선왕조실록,28.6
川寧,4,98,90,91.8,71.4,고려사,100.0,승정원일기,28.6
靜二州,2,12,2,16.7,0.0,고려사절요,28.6,고려사,28.6
當寧,2,30,2,6.7,0.0,승정원일기,28.6,조선왕조실록,28.6
鐵島鎭,2,10,8,80.0,71.4,승정원일기,100.0,고순종실록,28.6
泰仁縣,4,704,187,26.6,21.5,승정원일기,50.0,고순종실록,28.5
皇華,5,603,85,14.1,0.0,고려사,28.5,승정원일기,28.5
國洞,4,465,199,42.8,40.2,승정원일기,68.8,한국사료총서,28.5
漕邑,2,31,5,16.1,11.5,승정원일기,40.0,조선왕조실록,28.5
大倉,5,176,29,16.5,0.0,고려사,28.4,조선왕조실록,28.4
藍浦縣,3,786,134,17.0,15.0,승정원일기,43.5,한국사료총서,28.4
沂川,3,22,17,77.3,62.5,한국사료총서,90.9,승정원일기,28.4
驪,6,8728,4999,57.3,35.5,고순종실록,63.9,조선왕조실록,28.4
楸子島,5,2660,2630,98.9,71.6,한국사료총서,100.0,고순종실록,28.4
定海,3,56,15,26.8,7.7,승정원일기,36.0,한국사료총서,28.3
全,8,161578,37102,23.0,10.5,삼국유사,38.8,조선왕조실록,28.3
浦津,3,87,42,48.3,41.7,한국사료총서,70.0,조선왕조실록,28.3
江鏡,2,66,56,84.8,69.0,한국사료총서,97.2,승정원일기,28.3
靑山郡,3,32,9,28.1,21.7,승정원일기,50.0,한국사료총서,28.3
茂朱,4,1432,1093,76.3,71.7,승정원일기,100.0,고순종실록,28.3
古突,3,174,102,58.6,57.4,승정원일기,85.7,조선왕조실록,28.3
孤,8,21283,232,1.1,0.3,승정원일기,28.6,삼국유사,28.3
頭道溝,2,51,46,90.2,66.7,승정원일기,95.0,한국사료총서,28.3
西二面,2,21,9,42.9,25.0,승정원일기,53.3,한국사료총서,28.3
大津,3,128,65,50.8,41.7,한국사료총서,70.0,조선왕조실록,28.3
公州地,4,564,149,26.4,0.0,고순종실록,28.2,승정원일기,28.2
咸悅,5,1284,913,71.1,65.9,승정원일기,94.1,고순종실록,28.2
義豐,3,640,7,1.1,0.3,승정원일기,28.6,한국사료총서,28.2
翼閣,2,129,52,40.3,14.3,조선왕조실록,42.5,승정원일기,28.2
德地,3,632,169,26.7,0.0,조선왕조실록,28.2,승정원일기,28.2
寧越郡,3,231,59,25.5,13.3,승정원일기,41.6,조선왕조실록,28.2
玄,8,38550,1291,3.3,1.3,고려사절요,29.5,삼국사기,28.2
赴戰,6,678,78,11.5,0.0,고려사,28.2,승정원일기,28.2
北溪,3,72,5,6.9,5.3,한국사료총서,33.3,조선왕조실록,28.1
馬堂,3,50,9,18.0,0.0,승정원일기,28.1,한국사료총서,28.1
馬場,5,549,128,23.3,0.0,고려사,28.1,승정원일기,28.1
紅巾,4,104,9,8.7,0.0,고려사,28.1,조선왕조실록,28.1
信島,3,31,28,90.3,66.7,한국사료총서,94.7,승정원일기,28.1
殷邦,2,26,3,11.5,5.3,승정원일기,33.3,조선왕조실록,28.1
馬梁鎭,3,40,30,75.0,54.5,한국사료총서,82.6,승정원일기,28.1
長峰,3,137,113,82.5,60.0,한국사료총서,88.0,조선왕조실록,28.0
良洞,3,38,30,78.9,72.0,한국사료총서,100.0,조선왕조실록,28.0
廣州地,3,2045,563,27.5,0.0,한국사료총서,28.0,승정원일기,28.0
漣川,4,1246,949,76.2,72.0,승정원일기,100.0,고순종실록,28.0
大院君,4,2649,392,14.8,0.0,고순종실록,28.0,승정원일기,28.0
外三門,3,61,14,23.0,0.0,고순종실록,28.0,승정원일기,28.0
嘉會,5,574,137,23.9,0.0,고려사,28.0,승정원일기,28.0
宣政門外,2,64,14,21.9,0.0,조선왕조실록,28.0,승정원일기,28.0
恩津,4,1586,1257,79.3,72.0,승정원일기,100.0,고순종실록,28.0
夏陽,2,60,4,6.7,5.4,승정원일기,33.3,한국사료총서,28.0
氷庫,4,3635,695,19.1,0.0,고순종실록,28.0,한국사료총서,28.0
藍浦郡,2,50,14,28.0,22.0,승정원일기,50.0,한국사료총서,28.0
華嚴,6,182,16,8.8,0.0,고려사,28.0,조선왕조실록,28.0
馬橋,2,27,11,40.7,25.0,한국사료총서,52.9,승정원일기,27.9
巨,8,18714,4023,21.5,0.0,삼국유사,27.9,고순종실록,27.9
松坡,3,365,322,88.2,72.1,한국사료총서,100.0,조선왕조실록,27.9
白川,4,2020,1573,77.9,71.6,승정원일기,99.5,조선왕조실록,27.9
古里,4,271,69,25.5,14.8,승정원일기,42.7,한국사료총서,27.9
昌,8,245924,96996,39.4,15.1,고려사절요,43.0,승정원일기,27.9
八高山,2,56,15,26.8,15.6,승정원일기,43.5,조선왕조실록,27.9
鳳笙,2,22,16,72.7,72.2,한국사료총서,100.0,승정원일기,27.8
厚州,4,874,829,94.9,72.2,한국사료총서,100.0,조선왕조실록,27.8
京口,3,101,23,22.8,0.0,조선왕조실록,27.8,승정원일기,27.8
攝津州,2,44,39,88.6,72.2,한국사료총서,100.0,조선왕조실록,27.8
黃海一道,2,75,10,13.3,0.0,조선왕조실록,27.8,승정원일기,27.8
倭虜,3,68,10,14.7,0.0,승정원일기,27.8,조선왕조실록,27.8
南塘城,2,22,17,77.3,72.2,승정원일기,100.0,조선왕조실록,27.8
栗洞,3,71,65,91.5,72.2,한국사료총서,100.0,조선왕조실록,27.8
岐里,3,26,20,76.9,72.2,한국사료총서,100.0,조선왕조실록,27.8
防墻,3,49,10,20.4,5.6,한국사료총서,33.3,조선왕조실록,27.8
濟物浦,3,197,178,90.4,72.2,한국사료총서,100.0,고순종실록,27.8
□陵,2,21,5,23.8,0.0,한국사료총서,27.8,승정원일기,27.8
蓐收,3,36,5,13.9,0.0,승정원일기,27.8,조선왕조실록,27.8
抱州,4,65,60,92.3,72.2,한국사료총서,100.0,조선왕조실록,27.8
越南,3,76,42,55.3,33.3,승정원일기,61.1,한국사료총서,27.8
比安郡,2,23,7,30.4,22.2,승정원일기,50.0,한국사료총서,27.8
高陵,5,45,8,17.8,0.0,고려사,27.8,승정원일기,27.8
水原,6,12416,9668,77.9,72.2,고려사,100.0,고순종실록,27.8
駝駱,2,229,73,31.9,6.2,조선왕조실록,34.0,승정원일기,27.7
華城,4,2557,2273,88.9,64.3,한국사료총서,91.9,조선왕조실록,27.7
書院,6,12987,1429,11.0,0.0,고려사,27.7,조선왕조실록,27.7
大巖,3,51,9,17.6,10.7,한국사료총서,38.5,조선왕조실록,27.7
瑞雲,3,115,15,13.0,1.9,승정원일기,29.6,조선왕조실록,27.7
老島,4,103,83,80.6,72.3,승정원일기,100.0,고순종실록,27.7
定州牧,5,1116,130,11.6,2.3,조선왕조실록,30.0,고순종실록,27.7
尼城縣,3,93,12,12.9,9.8,승정원일기,37.5,조선왕조실록,27.7
廟,8,191909,41734,21.7,0.0,고려사절요,27.7,승정원일기,27.7
大松,3,385,36,9.4,5.7,승정원일기,33.3,조선왕조실록,27.7
平安道渭原郡,2,118,115,97.5,71.4,조선왕조실록,99.1,승정원일기,27.7
淸河縣,4,423,59,13.9,12.3,승정원일기,40.0,고려사,27.7
桐鄕,3,90,31,34.4,10.0,한국사료총서,37.7,승정원일기,27.7
麟,8,34916,1633,4.7,3.0,한국사료총서,30.7,고려사절요,27.6
果川地,3,791,212,26.8,0.0,조선왕조실록,27.6,승정원일기,27.6
南延君,4,433,89,20.6,0.0,고순종실록,27.6,승정원일기,27.6
三輔,4,573,148,25.8,0.0,고려사,27.6,승정원일기,27.6
翠華,3,99,10,10.1,0.0,한국사료총서,27.6,승정원일기,27.6
南兵營,4,390,93,23.8,0.0,고순종실록,27.6,승정원일기,27.6
新橋前路,2,37,8,21.6,0.0,고순종실록,27.6,승정원일기,27.6
安山地,2,380,101,26.6,0.0,조선왕조실록,27.5,승정원일기,27.5
於義,6,5415,1062,19.6,0.0,고려사,27.5,승정원일기,27.5
鉅鹿,3,36,20,55.6,33.3,한국사료총서,60.9,승정원일기,27.5
蘆原,3,324,300,92.6,72.5,한국사료총서,100.0,조선왕조실록,27.5
三島,4,390,102,26.2,14.4,조선왕조실록,41.9,고순종실록,27.5
新門內,3,76,12,15.8,0.0,조선왕조실록,27.5,승정원일기,27.5
慶福宮,2,50,38,76.0,72.5,승정원일기,100.0,조선왕조실록,27.5
麗顯陵,2,46,34,73.9,72.5,승정원일기,100.0,고순종실록,27.5
訓戎鎭,3,52,40,76.9,66.7,승정원일기,94.1,조선왕조실록,27.5
關田,2,22,4,18.2,12.5,승정원일기,40.0,조선왕조실록,27.5
雙城,5,167,135,80.8,60.0,한국사료총서,87.5,승정원일기,27.5
務安,6,2260,1681,74.4,66.7,고려사절요,94.1,고순종실록,27.5
壽,8,162563,4407,2.7,0.3,고려사절요,27.9,고순종실록,27.5
龍骨,3,538,190,35.3,16.4,한국사료총서,44.0,승정원일기,27.5
鏡城,4,4023,3287,81.7,72.5,승정원일기,100.0,고순종실록,27.5
中江,4,932,657,70.5,63.5,한국사료총서,90.9,고순종실록,27.4
磻溪,3,104,23,22.1,0.0,조선왕조실록,27.4,한국사료총서,27.4
扶安郡,3,37,17,45.9,39.3,승정원일기,66.7,한국사료총서,27.4
洛川,3,237,25,10.5,0.0,조선왕조실록,27.4,한국사료총서,27.4
江華郡,2,35,18,51.4,44.0,승정원일기,71.4,한국사료총서,27.4
南洞,3,51,30,58.8,47.6,한국사료총서,75.0,조선왕조실록,27.4
市津,2,25,19,76.0,61.5,한국사료총서,88.9,조선왕조실록,27.4
館洞,3,145,96,66.2,45.0,조선왕조실록,72.4,승정원일기,27.4
明川,4,1995,1533,76.8,72.6,승정원일기,100.0,고순종실록,27.4
茂山鎭,2,17,12,70.6,72.7,승정원일기,100.0,조선왕조실록,27.3
歸化,6,599,14,2.3,0.0,고순종실록,27.3,고려사절요,27.3
文殊峰,2,14,11,78.6,72.7,한국사료총서,100.0,조선왕조실록,27.3
獐島,3,35,31,88.6,72.7,한국사료총서,100.0,승정원일기,27.3
陽陽,3,55,5,9.1,0.0,승정원일기,27.3,한국사료총서,27.3
紫洞,2,21,3,14.3,0.0,조선왕조실록,27.3,한국사료총서,27.3
兩郊,3,23,3,13.0,0.0,조선왕조실록,27.3,승정원일기,27.3
巒,5,399,32,8.0,2.7,승정원일기,30.0,조선왕조실록,27.3
都城四山,3,26,3,11.5,0.0,고순종실록,27.3,승정원일기,27.3
闕西,5,34,4,11.8,0.0,고려사,27.3,승정원일기,27.3
橫城郡,2,27,8,29.6,22.7,승정원일기,50.0,한국사료총서,27.3
永山,4,133,4,3.0,0.0,고려사,27.3,한국사료총서,27.3
淳化,5,92,8,8.7,0.0,고려사절요,27.3,한국사료총서,27.3
昌仁,3,201,6,3.0,0.0,승정원일기,27.3,조선왕조실록,27.3
沛鄕,3,27,6,22.2,0.0,한국사료총서,27.3,조선왕조실록,27.3
湖海,3,177,30,16.9,0.0,한국사료총서,27.3,승정원일기,27.3
乾坪,3,31,7,22.6,0.0,조선왕조실록,27.3,한국사료총서,27.3
西正門,3,32,6,18.8,0.0,조선왕조실록,27.3,승정원일기,27.3
大面,3,47,7,14.9,0.0,조선왕조실록,27.3,한국사료총서,27.3
長林驛,3,34,30,88.2,72.7,한국사료총서,100.0,조선왕조실록,27.3
五姓,3,19,3,15.8,0.0,승정원일기,27.3,조선왕조실록,27.3
場基,3,57,13,22.8,0.0,조선왕조실록,27.3,승정원일기,27.3
淸衍,3,102,14,13.7,0.0,고순종실록,27.3,조선왕조실록,27.3
成墓,2,32,6,18.8,0.0,조선왕조실록,27.3,승정원일기,27.3
蜀道,3,52,6,11.5,0.0,한국사료총서,27.3,조선왕조실록,27.3
祝融,3,53,6,11.3,0.0,승정원일기,27.3,조선왕조실록,27.3
兔院,2,21,18,85.7,72.7,승정원일기,100.0,조선왕조실록,27.3
西月廊,2,99,24,24.2,0.0,조선왕조실록,27.3,승정원일기,27.3
厦門,2,29,23,79.3,72.7,한국사료총서,100.0,조선왕조실록,27.3
南蠻人,2,19,3,15.8,0.0,승정원일기,27.3,조선왕조실록,27.3
伊,8,43223,2640,6.1,3.6,승정원일기,30.9,고려사,27.3
兖,3,46,6,13.0,0.0,조선왕조실록,27.3,승정원일기,27.3
鳥嶺城,2,20,4,20.0,0.0,한국사료총서,27.3,승정원일기,27.3
北嶺,4,48,8,16.7,0.0,삼국유사,27.3,승정원일기,27.3
鴻,8,14567,1082,7.4,0.0,삼국유사,27.3,고려사절요,27.3
壯元峯,2,17,3,17.6,0.0,한국사료총서,27.3,승정원일기,27.3
巨濟府,4,1981,1519,76.7,50.0,한국사료총서,77.2,승정원일기,27.2
交河,6,2465,1929,78.3,72.8,승정원일기,100.0,고순종실록,27.2
下道面,2,79,76,96.2,71.4,한국사료총서,98.6,승정원일기,27.2
江漢,4,652,95,14.6,1.4,한국사료총서,28.6,고순종실록,27.2
武昌,3,73,52,71.2,65.6,한국사료총서,92.9,조선왕조실록,27.2
淵,8,92244,2885,3.1,2.0,승정원일기,29.2,삼국사기,27.2
伏龜,2,22,3,13.6,6.2,한국사료총서,33.3,승정원일기,27.1
敬慕殿,2,108,85,78.7,72.9,승정원일기,100.0,조선왕조실록,27.1
磗,3,114,28,24.6,0.0,한국사료총서,27.1,승정원일기,27.1
烏龍江,2,20,18,90.0,66.7,한국사료총서,93.8,조선왕조실록,27.1
江浙,5,60,40,66.7,52.9,한국사료총서,80.0,조선왕조실록,27.1
松,8,38272,10556,27.6,20.8,한국사료총서,47.9,삼국사기,27.1
新門,3,577,199,34.5,18.7,한국사료총서,45.8,조선왕조실록,27.1
正殿,6,4289,821,19.1,0.0,고려사,27.1,승정원일기,27.1
柏,5,3524,124,3.5,0.0,고순종실록,27.0,한국사료총서,27.0
洛口,2,25,13,52.0,44.4,승정원일기,71.4,조선왕조실록,27.0
長山以北十一邑,2,44,10,22.7,0.0,고순종실록,27.0,승정원일기,27.0
羯,3,121,11,9.1,0.0,승정원일기,27.0,조선왕조실록,27.0
豐田,3,81,72,88.9,69.2,한국사료총서,96.2,승정원일기,27.0
忠順,6,1303,216,16.6,0.0,고순종실록,27.0,조선왕조실록,27.0
伐,8,12748,775,6.1,0.0,고려사절요,27.0,삼국사기,27.0
祥雲,4,546,165,30.2,12.5,고순종실록,39.5,조선왕조실록,27.0
田橫,3,58,10,17.2,0.0,조선왕조실록,27.0,승정원일기,27.0
三田渡,3,879,759,86.3,68.8,한국사료총서,95.7,조선왕조실록,26.9
新上,3,104,8,7.7,0.0,조선왕조실록,26.9,한국사료총서,26.9
平洞,2,49,42,85.7,73.1,한국사료총서,100.0,승정원일기,26.9
九江,3,46,16,34.8,23.1,조선왕조실록,50.0,한국사료총서,26.9
新溪郡,2,32,9,28.1,23.1,승정원일기,50.0,한국사료총서,26.9
梧根,2,30,23,76.7,73.1,한국사료총서,100.0,승정원일기,26.9
京畿右,2,155,82,52.9,37.9,조선왕조실록,64.8,승정원일기,26.9
福州,5,157,129,82.2,73.1,한국사료총서,100.0,조선왕조실록,26.9
二里,4,2174,119,5.5,0.0,고순종실록,26.9,승정원일기,26.9
安城郡,4,898,144,16.0,14.9,승정원일기,41.7,고순종실록,26.8
全州城,3,57,34,59.6,41.2,조선왕조실록,68.0,한국사료총서,26.8
島,8,99729,44383,44.5,25.3,한국사료총서,52.1,고순종실록,26.8
神京,3,134,25,18.7,0.0,한국사료총서,26.8,승정원일기,26.8
火藥庫,4,589,133,22.6,0.0,고순종실록,26.8,승정원일기,26.8
杞,7,2087,234,11.2,6.5,승정원일기,33.3,삼국사기,26.8
金堤,6,1995,1567,78.5,73.2,한국사료총서,100.0,고순종실록,26.8
磚洞,2,141,131,92.9,66.7,승정원일기,93.5,한국사료총서,26.8
南海縣,6,1925,1279,66.4,40.6,한국사료총서,67.5,승정원일기,26.8
道開,4,226,77,34.1,20.0,고순종실록,46.8,조선왕조실록,26.8
瓊州,2,21,17,81.0,73.3,한국사료총서,100.0,승정원일기,26.7
定州邑,2,8,4,50.0,33.3,승정원일기,60.0,한국사료총서,26.7
幽山,2,8,4,50.0,33.3,조선왕조실록,60.0,한국사료총서,26.7
興洞,3,137,128,93.4,73.3,한국사료총서,100.0,조선왕조실록,26.7
天社,2,21,11,52.4,33.3,승정원일기,60.0,조선왕조실록,26.7
壯山,2,18,2,11.1,6.7,승정원일기,33.3,한국사료총서,26.7
涿鹿,2,10,6,60.0,33.3,승정원일기,60.0,조선왕조실록,26.7
營口,2,85,38,44.7,31.8,한국사료총서,58.5,승정원일기,26.7
全羅道長興地,2,19,4,21.1,0.0,조선왕조실록,26.7,승정원일기,26.7
瑞典,2,20,14,70.0,73.3,한국사료총서,100.0,고순종실록,26.7
興項,2,18,14,77.8,73.3,승정원일기,100.0,조선왕조실록,26.7
松城,2,11,6,54.5,40.0,한국사료총서,66.7,고려사,26.7
固城鎭,2,10,6,60.0,40.0,한국사료총서,66.7,조선왕조실록,26.7
振威行宮,2,18,4,22.2,0.0,조선왕조실록,26.7,승정원일기,26.7
塗山,5,133,13,9.8,0.0,고순종실록,26.7,승정원일기,26.7
屈山,3,16,8,50.0,33.3,승정원일기,60.0,한국사료총서,26.7
遯院,2,9,4,44.4,40.0,승정원일기,66.7,조선왕조실록,26.7
沔水,2,23,4,17.4,0.0,한국사료총서,26.7,승정원일기,26.7
鄖,2,11,4,36.4,40.0,승정원일기,66.7,조선왕조실록,26.7
介淸書院,2,23,4,17.4,0.0,조선왕조실록,26.7,승정원일기,26.7
大邱地,2,110,28,25.5,0.0,고순종실록,26.7,승정원일기,26.7
碣石,2,43,12,27.9,6.7,한국사료총서,33.3,승정원일기,26.7
南嶺,4,44,9,20.5,0.0,삼국유사,26.7,승정원일기,26.7
常家,4,72,10,13.9,0.0,고순종실록,26.7,한국사료총서,26.7
北巖,2,15,8,53.3,40.0,한국사료총서,66.7,승정원일기,26.7
龍流,3,37,31,83.8,66.7,한국사료총서,93.3,조선왕조실록,26.7
鎭江城,2,18,14,77.8,73.3,조선왕조실록,100.0,한국사료총서,26.7
鄒國,3,28,5,17.9,0.0,승정원일기,26.7,조선왕조실록,26.7
三京,5,111,4,3.6,0.0,고려사,26.7,승정원일기,26.7
京畿左,3,343,203,59.2,33.3,한국사료총서,60.0,승정원일기,26.7
東萊縣,4,109,45,41.3,33.3,한국사료총서,60.0,고려사절요,26.7
南山烽燧,2,27,4,14.8,0.0,한국사료총서,26.7,승정원일기,26.7
縣東面,3,30,16,53.3,33.3,조선왕조실록,60.0,한국사료총서,26.7
博川邑,2,9,4,44.4,33.3,조선왕조실록,60.0,한국사료총서,26.7
皇山,2,20,9,45.0,40.0,승정원일기,66.7,조선왕조실록,26.7
嶺東驛,2,14,7,50.0,33.3,승정원일기,60.0,조선왕조실록,26.7
露梁敎場,2,33,8,24.2,0.0,조선왕조실록,26.7,승정원일기,26.7
沙村,2,114,94,82.5,71.2,한국사료총서,97.9,승정원일기,26.7
和寧府,3,16,8,50.0,33.3,고려사절요,60.0,조선왕조실록,26.7
李島,2,9,5,55.6,40.0,조선왕조실록,66.7,한국사료총서,26.7
茂叔,3,38,4,10.5,0.0,승정원일기,26.7,한국사료총서,26.7
芹洞,3,23,19,82.6,73.3,승정원일기,100.0,한국사료총서,26.7
華夏,5,327,13,4.0,0.0,고려사,26.7,조선왕조실록,26.7
碭,2,22,5,22.7,0.0,한국사료총서,26.7,승정원일기,26.7
郕國,2,19,4,21.1,0.0,승정원일기,26.7,조선왕조실록,26.7
燕代,2,20,4,20.0,0.0,한국사료총서,26.7,승정원일기,26.7
鑄洞,3,39,35,89.7,66.7,조선왕조실록,93.3,승정원일기,26.7
二酉,2,20,4,20.0,0.0,한국사료총서,26.7,승정원일기,26.7
五山城,2,34,8,23.5,0.0,조선왕조실록,26.7,승정원일기,26.7
楮子島,4,380,366,96.3,73.3,한국사료총서,100.0,조선왕조실록,26.7
漢西京,2,23,13,56.5,33.3,한국사료총서,60.0,승정원일기,26.7
維城,5,2718,21,0.8,0.0,고려사,26.6,한국사료총서,26.6
女城,2,104,25,24.0,0.0,한국사료총서,26.6,승정원일기,26.6
洪州,6,4684,3643,77.8,73.4,승정원일기,100.0,고순종실록,26.6
賞春亭,2,38,7,18.4,9.1,고려사,35.7,고려사절요,26.6
濬,6,12568,902,7.2,0.0,고려사,26.6,고순종실록,26.6
美質,3,162,9,5.6,0.0,승정원일기,26.5,한국사료총서,26.5
會寧府,4,2102,359,17.1,13.5,승정원일기,40.0,고순종실록,26.5
下西,6,366,34,9.3,0.0,고려사,26.5,한국사료총서,26.5
舊寧陵,2,117,26,22.2,17.0,승정원일기,43.5,조선왕조실록,26.5
資政殿月廊,2,43,9,20.9,0.0,조선왕조실록,26.5,승정원일기,26.5
敬順,8,373,47,12.6,0.0,고려사,26.5,승정원일기,26.5
政門外,3,1690,349,20.7,0.0,조선왕조실록,26.5,승정원일기,26.5
靈,8,43173,8083,18.7,0.0,삼국유사,26.5,삼국사기,26.5
河陽縣,4,394,57,14.5,11.0,승정원일기,37.5,조선왕조실록,26.5
馬山浦,4,73,64,87.7,73.5,한국사료총서,100.0,조선왕조실록,26.5
好賢,6,820,30,3.7,0.0,고려사,26.5,한국사료총서,26.5
昆陽郡,4,843,203,24.1,23.5,조선왕조실록,50.0,고순종실록,26.5
西戎,3,106,13,12.3,0.0,한국사료총서,26.5,조선왕조실록,26.5
淸洞,4,263,235,89.4,73.5,한국사료총서,100.0,고순종실록,26.5
錦衣衛,3,58,13,22.4,0.0,고려사,26.5,조선왕조실록,26.5
古昌,6,78,61,78.2,62.5,조선왕조실록,88.9,고려사,26.4
濟,8,133953,20824,15.5,0.6,삼국사기,27.0,고려사절요,26.4
安峽郡,2,23,5,21.7,0.0,고순종실록,26.3,승정원일기,26.3
濯龍,4,85,17,20.0,0.0,한국사료총서,26.3,고순종실록,26.3
德興,6,1213,141,11.6,0.0,고려사,26.3,한국사료총서,26.3
洙泗,4,180,7,3.9,0.0,고순종실록,26.3,조선왕조실록,26.3
忠原,3,1213,880,72.5,67.8,승정원일기,94.2,조선왕조실록,26.3
太祖眞殿,4,60,5,8.3,0.0,고려사,26.3,조선왕조실록,26.3
吾羅,3,90,14,15.6,0.0,한국사료총서,26.3,승정원일기,26.3
太廟前,3,87,15,17.2,0.0,조선왕조실록,26.3,승정원일기,26.3
月汀,2,43,22,51.2,48.7,한국사료총서,75.0,승정원일기,26.3
咸平郡,2,39,10,25.6,16.7,승정원일기,42.9,한국사료총서,26.2
王后陵,4,842,201,23.9,0.0,고순종실록,26.2,승정원일기,26.2
六臣祠,2,69,19,27.5,10.0,조선왕조실록,36.2,승정원일기,26.2
平日島,2,19,17,89.5,66.7,한국사료총서,92.9,승정원일기,26.2
燻造契,2,73,17,23.3,0.0,한국사료총서,26.2,승정원일기,26.2
昭德,4,165,30,18.2,0.0,고려사,26.2,승정원일기,26.2
松蘿,2,33,15,45.5,20.0,한국사료총서,46.2,승정원일기,26.2
尹,8,415811,58,0.0,0.0,고려사절요,26.1,삼국사기,26.1
溫嬪,2,33,6,18.2,0.0,조선왕조실록,26.1,승정원일기,26.1
忠淸全羅,3,33,26,78.8,73.9,한국사료총서,100.0,조선왕조실록,26.1
山北,7,588,65,11.1,0.0,고순종실록,26.1,승정원일기,26.1
橫,7,24991,1312,5.2,4.7,고순종실록,30.8,삼국사기,26.1
蔚州,6,124,112,90.3,73.9,한국사료총서,100.0,조선왕조실록,26.1
西鎭,3,43,6,14.0,0.0,조선왕조실록,26.1,승정원일기,26.1
湖郡,2,30,6,20.0,0.0,조선왕조실록,26.1,승정원일기,26.1
泰安地,3,58,12,20.7,0.0,조선왕조실록,26.1,승정원일기,26.1
藥庫,4,616,134,21.8,0.0,고순종실록,26.1,승정원일기,26.1
猉麟,2,18,8,44.4,28.6,승정원일기,54.5,한국사료총서,26.0
川原,3,99,27,27.3,15.6,승정원일기,41.7,조선왕조실록,26.0
楚山郡,3,58,19,32.8,21.9,승정원일기,47.8,한국사료총서,26.0
襄陽郡,2,31,10,32.3,24.0,승정원일기,50.0,한국사료총서,26.0
金井,4,1359,378,27.8,11.9,고순종실록,37.9,조선왕조실록,26.0
平安道永柔縣,2,48,44,91.7,71.4,조선왕조실록,97.4,승정원일기,26.0
東萊府,4,4977,540,10.8,5.9,한국사료총서,31.9,고순종실록,26.0
驛村,3,197,45,22.8,0.0,조선왕조실록,26.0,한국사료총서,26.0
永肅門外,2,56,13,23.2,0.0,조선왕조실록,26.0,승정원일기,26.0
元山,4,1089,983,90.3,74.0,조선왕조실록,100.0,고순종실록,26.0
忠烈,6,2249,320,14.2,0.0,고려사절요,25.9,승정원일기,25.9
殷栗郡,2,37,10,27.0,24.1,승정원일기,50.0,한국사료총서,25.9
後周,5,164,14,8.5,0.0,고려사,25.9,한국사료총서,25.9
淸州郡,3,62,27,43.5,40.8,승정원일기,66.7,고순종실록,25.9
月廊,3,1443,327,22.7,0.0,한국사료총서,25.9,승정원일기,25.9
郕,3,59,8,13.6,0.0,한국사료총서,25.9,조선왕조실록,25.9
婺源,3,58,12,20.7,7.4,조선왕조실록,33.3,한국사료총서,25.9
聖殿,4,3118,752,24.1,0.0,고순종실록,25.9,승정원일기,25.9
鐘,6,4059,218,5.4,0.0,고려사,25.9,고순종실록,25.9
華峴,2,81,77,95.1,71.4,조선왕조실록,97.3,승정원일기,25.9
新堂,3,114,13,11.4,1.6,승정원일기,27.5,한국사료총서,25.9
內洞里,2,56,51,91.1,66.7,승정원일기,92.5,한국사료총서,25.8
興仁門內,3,42,8,19.0,0.0,조선왕조실록,25.8,승정원일기,25.8
淑儀房,2,55,16,29.1,9.1,조선왕조실록,34.9,승정원일기,25.8
杏壇,3,54,6,11.1,4.2,한국사료총서,30.0,조선왕조실록,25.8
大林,3,104,11,10.6,2.0,승정원일기,27.8,조선왕조실록,25.8
抱川,4,2217,1770,79.8,74.2,승정원일기,100.0,고순종실록,25.8
蓮山,3,80,63,78.8,74.2,한국사료총서,100.0,승정원일기,25.8
安保,5,1451,52,3.6,0.0,고려사,25.8,한국사료총서,25.8
會寧地,3,78,8,10.3,0.0,조선왕조실록,25.8,승정원일기,25.8
勤政殿舊基,2,55,8,14.5,0.0,조선왕조실록,25.8,승정원일기,25.8
驪州郡,3,42,12,28.6,24.2,승정원일기,50.0,한국사료총서,25.8
迎曙道,2,12,9,75.0,60.0,승정원일기,85.7,조선왕조실록,25.7
淑媛房,2,48,9,18.8,0.0,조선왕조실록,25.7,승정원일기,25.7
史庫,5,1350,284,21.0,0.0,고려사,25.7,승정원일기,25.7
陽也,3,431,62,14.4,5.1,승정원일기,30.7,한국사료총서,25.7
潮,6,2272,70,3.1,2.3,한국사료총서,28.0,고려사,25.7
洛西,3,43,8,18.6,10.0,한국사료총서,35.7,조선왕조실록,25.7
光德,4,605,142,23.5,0.0,고려사,25.7,승정원일기,25.7
玉馬,3,24,8,33.3,14.3,승정원일기,40.0,한국사료총서,25.7
濬川,4,2121,30,1.4,0.0,고순종실록,25.7,한국사료총서,25.7
呂州,2,46,33,71.7,60.0,승정원일기,85.7,한국사료총서,25.7
汧,3,65,7,10.8,7.7,조선왕조실록,33.3,한국사료총서,25.6
珍島郡,4,1642,965,58.8,34.8,한국사료총서,60.3,승정원일기,25.6
郯,2,98,9,9.2,7.8,승정원일기,33.3,조선왕조실록,25.6
述,8,45396,68,0.1,0.0,고려사절요,25.6,삼국사기,25.6
慶會池,2,29,18,62.1,56.2,조선왕조실록,81.8,승정원일기,25.6
東月廊,2,98,23,23.5,0.0,조선왕조실록,25.6,승정원일기,25.6
合正,3,90,11,12.2,0.0,조선왕조실록,25.6,승정원일기,25.6
隱洞,3,66,52,78.8,66.7,조선왕조실록,92.3,승정원일기,25.6
枝洞,2,43,32,74.4,74.4,한국사료총서,100.0,승정원일기,25.6
慶興府,4,1666,718,43.1,20.5,한국사료총서,46.2,고순종실록,25.6
四大門,3,77,11,14.3,0.0,조선왕조실록,25.6,승정원일기,25.6
老賊,3,155,30,19.4,0.0,승정원일기,25.6,조선왕조실록,25.6
舊京,5,162,17,10.5,0.0,조선왕조실록,25.6,고려사,25.6
宣政殿月廊,2,25,5,20.0,7.7,조선왕조실록,33.3,승정원일기,25.6
洹,3,61,12,19.7,0.0,조선왕조실록,25.5,승정원일기,25.5
吉祥,7,584,88,15.1,0.0,고려사,25.5,조선왕조실록,25.5
攝津,2,58,47,81.0,67.9,한국사료총서,93.3,조선왕조실록,25.5
谷山縣,2,51,12,23.5,0.0,조선왕조실록,25.5,승정원일기,25.5
甘露,5,337,44,13.1,0.0,고려사,25.5,조선왕조실록,25.5
伽倻,4,545,273,50.1,43.0,한국사료총서,68.5,조선왕조실록,25.5
鐵原地,2,144,35,24.3,0.0,조선왕조실록,25.5,승정원일기,25.5
滄江,2,74,4,5.4,3.0,한국사료총서,28.6,승정원일기,25.5
三方,4,239,30,12.6,0.0,고려사,25.5,조선왕조실록,25.5
吾兒,6,222,18,8.1,0.0,고려사,25.5,조선왕조실록,25.5
內農圃,3,283,64,22.6,0.0,조선왕조실록,25.5,승정원일기,25.5
墓,7,26526,4724,17.8,0.0,고려사절요,25.5,승정원일기,25.5
忠淸道瑞山地,2,117,29,24.8,0.0,조선왕조실록,25.4,승정원일기,25.4
金巖,3,109,46,42.2,35.5,승정원일기,60.9,조선왕조실록,25.4
淑善翁主,3,167,30,18.0,0.0,고순종실록,25.4,승정원일기,25.4
虛水羅,2,39,36,92.3,71.4,한국사료총서,96.9,조선왕조실록,25.4
墨,8,12785,291,2.3,0.0,삼국사기,25.4,고순종실록,25.4
菁川,3,74,14,18.9,7.9,승정원일기,33.3,한국사료총서,25.4
淸州,6,5856,4765,81.4,74.6,승정원일기,100.0,고순종실록,25.4
堂洞,3,84,48,57.1,51.6,한국사료총서,76.9,승정원일기,25.4
金鶴,4,4336,52,1.2,0.0,고순종실록,25.3,한국사료총서,25.3
靑雲,4,245,24,9.8,0.0,고려사,25.3,한국사료총서,25.3
興海縣,2,33,14,42.4,41.4,승정원일기,66.7,조선왕조실록,25.3
太廟齋室,2,83,20,24.1,0.0,조선왕조실록,25.3,승정원일기,25.3
黃州,6,3869,3158,81.6,74.6,승정원일기,99.9,조선왕조실록,25.3
賊倭,3,627,149,23.8,0.0,승정원일기,25.3,조선왕조실록,25.3
忠淸道尼山縣,2,28,25,89.3,66.7,조선왕조실록,92.0,승정원일기,25.3
懿仁王后陵上,2,79,19,24.1,0.0,조선왕조실록,25.3,승정원일기,25.3
會山,3,54,7,13.0,8.1,한국사료총서,33.3,조선왕조실록,25.2
慶尙道右,2,118,50,42.4,29.8,조선왕조실록,55.0,승정원일기,25.2
長湍,6,4858,3853,79.3,74.8,승정원일기,100.0,고순종실록,25.2
益陽,4,252,14,5.6,2.0,승정원일기,27.3,한국사료총서,25.2
墨寺,3,45,39,86.7,70.0,한국사료총서,95.2,승정원일기,25.2
高峰,3,169,16,9.5,1.0,한국사료총서,26.2,조선왕조실록,25.2
陵洞口,3,572,136,23.8,0.0,조선왕조실록,25.1,승정원일기,25.1
頭村,2,35,14,40.0,30.4,한국사료총서,55.6,승정원일기,25.1
垂恩,3,323,59,18.3,0.0,조선왕조실록,25.1,승정원일기,25.1
雲溪,3,84,7,8.3,3.4,승정원일기,28.6,조선왕조실록,25.1
義豊,2,10,1,10.0,0.0,승정원일기,25.0,조선왕조실록,25.0
楊麓,3,14,13,92.9,75.0,한국사료총서,100.0,조선왕조실록,25.0
閱院,2,12,1,8.3,0.0,승정원일기,25.0,한국사료총서,25.0
阿容,3,25,2,8.0,0.0,승정원일기,25.0,한국사료총서,25.0
熙州,2,9,8,88.9,75.0,한국사료총서,100.0,조선왕조실록,25.0
安化,2,13,5,38.5,25.0,조선왕조실록,50.0,한국사료총서,25.0
朔庭郡領縣,2,8,1,12.5,0.0,고려사,25.0,한국사료총서,25.0
塞墻,3,21,14,66.7,50.0,승정원일기,75.0,조선왕조실록,25.0
淸虜,2,13,3,23.1,0.0,한국사료총서,25.0,조선왕조실록,25.0
順天防踏,2,7,6,85.7,75.0,조선왕조실록,100.0,승정원일기,25.0
澤山,3,35,1,2.9,0.0,승정원일기,25.0,조선왕조실록,25.0
酬忠,4,47,5,10.6,0.0,한국사료총서,25.0,조선왕조실록,25.0
慶尙道草溪郡,2,20,19,95.0,75.0,조선왕조실록,100.0,승정원일기,25.0
五六島,2,11,9,81.8,75.0,한국사료총서,100.0,승정원일기,25.0
方社,3,57,2,3.5,0.0,조선왕조실록,25.0,한국사료총서,25.0
栗木洞,3,46,43,93.5,75.0,한국사료총서,100.0,조선왕조실록,25.0
大社,3,119,2,1.7,0.0,고려사,25.0,승정원일기,25.0
漢參,2,54,2,3.7,0.0,승정원일기,25.0,한국사료총서,25.0
慶尙道地,3,41,1,2.4,0.0,조선왕조실록,25.0,승정원일기,25.0
畿甸近處,2,8,1,12.5,0.0,조선왕조실록,25.0,승정원일기,25.0
管城縣,2,7,1,14.3,0.0,고려사절요,25.0,고려사,25.0
釜山。,4,63,1,1.6,0.0,고순종실록,25.0,한국사료총서,25.0
崇慶,4,129,2,1.6,0.0,고려사,25.0,조선왕조실록,25.0
珥島,2,17,15,88.2,66.7,한국사료총서,91.7,승정원일기,25.0
塞垣,3,47,8,17.0,0.0,조선왕조실록,25.0,승정원일기,25.0
京城四山,2,11,1,9.1,0.0,조선왕조실록,25.0,승정원일기,25.0
馬島府,2,11,2,18.2,0.0,조선왕조실록,25.0,한국사료총서,25.0
北四道,2,12,2,16.7,0.0,조선왕조실록,25.0,승정원일기,25.0
法語學校,2,22,1,4.5,0.0,승정원일기,25.0,고순종실록,25.0
代郡,2,8,1,12.5,0.0,승정원일기,25.0,조선왕조실록,25.0
東坡驛,3,29,26,89.7,75.0,승정원일기,100.0,한국사료총서,25.0
麻田浦,3,40,39,97.5,75.0,한국사료총서,100.0,조선왕조실록,25.0
愍懷嬪墓,2,11,2,18.2,0.0,조선왕조실록,25.0,승정원일기,25.0
長府,3,21,2,9.5,0.0,한국사료총서,25.0,조선왕조실록,25.0
貞州,3,34,32,94.1,75.0,조선왕조실록,100.0,한국사료총서,25.0
珍山縣,2,39,4,10.3,8.3,승정원일기,33.3,조선왕조실록,25.0
中原地方,2,37,1,2.7,0.0,조선왕조실록,25.0,승정원일기,25.0
水峴,2,8,7,87.5,75.0,승정원일기,100.0,조선왕조실록,25.0
羣山,3,99,97,98.0,75.0,한국사료총서,100.0,조선왕조실록,25.0
高橋堡,2,9,8,88.9,75.0,한국사료총서,100.0,조선왕조실록,25.0
泮邸,2,7,1,14.3,0.0,한국사료총서,25.0,승정원일기,25.0
盛京宮,2,10,1,10.0,0.0,한국사료총서,25.0,조선왕조실록,25.0
具慶,3,58,4,6.9,0.0,한국사료총서,25.0,조선왕조실록,25.0
高禮,3,22,1,4.5,0.0,승정원일기,25.0,조선왕조실록,25.0
吉州府,2,11,1,9.1,0.0,승정원일기,25.0,고순종실록,25.0
詣延恩,2,15,1,6.7,0.0,조선왕조실록,25.0,승정원일기,25.0
福河,2,12,3,25.0,0.0,한국사료총서,25.0,승정원일기,25.0
隘守,3,23,15,65.2,50.0,승정원일기,75.0,조선왕조실록,25.0
濮國,3,11,1,9.1,0.0,고려사,25.0,조선왕조실록,25.0
北沿海,2,19,2,10.5,0.0,조선왕조실록,25.0,승정원일기,25.0
紅毛國,3,17,3,17.6,0.0,승정원일기,25.0,조선왕조실록,25.0
老土,3,140,25,17.9,0.0,한국사료총서,25.0,승정원일기,25.0
越山,2,20,3,15.0,0.0,조선왕조실록,25.0,한국사료총서,25.0
嘉音,2,27,12,44.4,41.7,한국사료총서,66.7,조선왕조실록,25.0
宗廟西墻,2,19,4,21.1,0.0,조선왕조실록,25.0,승정원일기,25.0
中嶽,2,13,3,23.1,0.0,조선왕조실록,25.0,한국사료총서,25.0
日興,5,461,21,4.6,0.0,고순종실록,25.0,고려사,25.0
川東面,3,11,9,81.8,75.0,승정원일기,100.0,한국사료총서,25.0
珍富,4,58,54,93.1,75.0,한국사료총서,100.0,승정원일기,25.0
佐賀,2,9,7,77.8,75.0,한국사료총서,100.0,고순종실록,25.0
一歧島,2,10,9,90.0,75.0,한국사료총서,100.0,고려사절요,25.0
煤音島,3,28,26,92.9,75.0,한국사료총서,100.0,조선왕조실록,25.0
湯井郡,3,17,16,94.1,75.0,한국사료총서,100.0,조선왕조실록,25.0
順川陣,2,24,1,4.2,0.0,한국사료총서,25.0,조선왕조실록,25.0
江華各鎭,2,7,1,14.3,0.0,조선왕조실록,25.0,승정원일기,25.0
向化村,2,7,1,14.3,0.0,조선왕조실록,25.0,승정원일기,25.0
泉甘,3,45,7,15.6,5.0,한국사료총서,30.0,승정원일기,25.0
苧前洞,3,15,13,86.7,75.0,한국사료총서,100.0,조선왕조실록,25.0
東亞,3,81,2,2.5,0.0,승정원일기,25.0,고순종실록,25.0
上里面,2,12,11,91.7,75.0,승정원일기,100.0,한국사료총서,25.0
醴泉地,3,82,14,17.1,0.0,조선왕조실록,25.0,한국사료총서,25.0
奉加,2,252,2,0.8,0.0,승정원일기,25.0,조선왕조실록,25.0
酉西,2,22,1,4.5,0.0,고려사,25.0,한국사료총서,25.0
松嶽郡,4,22,20,90.9,75.0,고려사절요,100.0,한국사료총서,25.0
度陵,2,12,1,8.3,0.0,승정원일기,25.0,조선왕조실록,25.0
谷州,4,85,78,91.8,75.0,한국사료총서,100.0,조선왕조실록,25.0
最源,2,67,1,1.5,0.0,승정원일기,25.0,조선왕조실록,25.0
濰,3,2131,3,0.1,0.0,조선왕조실록,25.0,한국사료총서,25.0
邊幕,3,28,2,7.1,0.0,조선왕조실록,25.0,한국사료총서,25.0
七浦,3,16,2,12.5,0.0,조선왕조실록,25.0,한국사료총서,25.0
安山魚箭,2,8,1,12.5,0.0,조선왕조실록,25.0,승정원일기,25.0
朔北,3,20,4,20.0,0.0,한국사료총서,25.0,조선왕조실록,25.0
風雲雷雨雩祀,2,10,1,10.0,0.0,조선왕조실록,25.0,승정원일기,25.0
嬰城,6,79,6,7.6,0.0,삼국사기,25.0,고려사,25.0
魯陵,3,40,6,15.0,0.0,한국사료총서,25.0,조선왕조실록,25.0
㶚上,2,11,2,18.2,0.0,한국사료총서,25.0,승정원일기,25.0
銅雀江上,2,12,1,8.3,0.0,조선왕조실록,25.0,승정원일기,25.0
富多,3,40,5,12.5,0.0,승정원일기,25.0,조선왕조실록,25.0
直城,3,16,2,12.5,0.0,고려사,25.0,한국사료총서,25.0
廣濟,4,303,9,3.0,0.0,고순종실록,25.0,조선왕조실록,25.0
紫,8,8575,1044,12.2,0.0,삼국사기,25.0,고려사절요,25.0
寧原,4,49,3,6.1,0.0,고려사,25.0,한국사료총서,25.0
寒崗,2,36,1,2.8,0.0,한국사료총서,25.0,승정원일기,25.0
南萬里,3,40,2,5.0,0.0,고순종실록,25.0,한국사료총서,25.0
露兒,3,24,23,95.8,75.0,한국사료총서,100.0,조선왕조실록,25.0
關內侯,2,25,1,4.0,0.0,승정원일기,25.0,조선왕조실록,25.0
高林,3,153,79,51.6,32.0,승정원일기,57.0,한국사료총서,25.0
平州溫泉,4,27,2,7.4,0.0,고려사절요,25.0,승정원일기,25.0
江陵亦,2,8,1,12.5,0.0,한국사료총서,25.0,승정원일기,25.0
小衣,3,23,2,8.7,0.0,승정원일기,25.0,조선왕조실록,25.0
積巖,2,16,15,93.8,75.0,승정원일기,100.0,한국사료총서,25.0
姜山,3,51,2,3.9,0.0,조선왕조실록,25.0,한국사료총서,25.0
連城郡,3,12,11,91.7,75.0,한국사료총서,100.0,조선왕조실록,25.0
弇州,3,19,3,15.8,0.0,조선왕조실록,25.0,한국사료총서,25.0
兗國,3,24,4,16.7,0.0,승정원일기,25.0,조선왕조실록,25.0
良乙那,3,13,1,7.7,0.0,승정원일기,25.0,한국사료총서,25.0
才山縣,2,9,8,88.9,75.0,한국사료총서,100.0,조선왕조실록,25.0
肅州,4,40,33,82.5,75.0,한국사료총서,100.0,조선왕조실록,25.0
宿齋殿,2,12,1,8.3,0.0,승정원일기,25.0,조선왕조실록,25.0
連山關,2,10,7,70.0,50.0,한국사료총서,75.0,조선왕조실록,25.0
山草梁,2,11,9,81.8,75.0,한국사료총서,100.0,고순종실록,25.0
安州軍,4,30,1,3.3,0.0,고려사,25.0,한국사료총서,25.0
善城,2,13,7,53.8,50.0,조선왕조실록,75.0,한국사료총서,25.0
鶻巖,2,8,7,87.5,75.0,고려사,100.0,고려사절요,25.0
加倉,2,10,1,10.0,0.0,한국사료총서,25.0,승정원일기,25.0
瀋人,3,13,1,7.7,0.0,고려사,25.0,조선왕조실록,25.0
海四,4,107,4,3.7,0.0,조선왕조실록,25.0,고순종실록,25.0
濟都,5,55,2,3.6,0.0,고려사,25.0,고려사절요,25.0
籍庫,3,99,5,5.1,0.0,한국사료총서,25.0,조선왕조실록,25.0
華川,2,25,22,88.0,75.0,한국사료총서,100.0,승정원일기,25.0
八下,3,19,3,15.8,0.0,승정원일기,25.0,한국사료총서,25.0
把子,3,2212,148,6.7,0.0,한국사료총서,25.0,조선왕조실록,25.0
島峙,2,8,1,12.5,0.0,한국사료총서,25.0,승정원일기,25.0
楊民,2,80,1,1.2,0.0,승정원일기,25.0,조선왕조실록,25.0
淸老,2,33,1,3.0,0.0,조선왕조실록,25.0,한국사료총서,25.0
益興,5,297,5,1.7,0.0,고려사절요,25.0,고려사,25.0
大川,7,1122,57,5.1,0.0,고려사절요,25.0,고순종실록,25.0
古川,2,37,10,27.0,0.0,승정원일기,25.0,한국사료총서,25.0
薪串,2,12,11,91.7,75.0,한국사료총서,100.0,조선왕조실록,25.0
石室,6,521,82,15.7,0.0,고려사,25.0,승정원일기,25.0
山芥,3,32,4,12.5,0.0,승정원일기,25.0,조선왕조실록,25.0
行院,4,37,4,10.8,0.0,고려사,25.0,조선왕조실록,25.0
鐵物廛,2,15,3,20.0,0.0,조선왕조실록,25.0,승정원일기,25.0
懷鄕,2,13,1,7.7,0.0,한국사료총서,25.0,승정원일기,25.0
後秦,3,16,1,6.2,0.0,승정원일기,25.0,조선왕조실록,25.0
筆峯,2,11,1,9.1,0.0,한국사료총서,25.0,승정원일기,25.0
伊部曲,2,9,8,88.9,75.0,한국사료총서,100.0,고려사,25.0
淸音,3,15,2,13.3,0.0,승정원일기,25.0,조선왕조실록,25.0
東嶽,3,24,3,12.5,0.0,조선왕조실록,25.0,승정원일기,25.0
金城郡,2,44,22,50.0,41.7,승정원일기,66.7,고순종실록,25.0
黃海道谷山,3,134,132,98.5,75.0,한국사료총서,100.0,조선왕조실록,25.0
魯宮,3,26,1,3.8,0.0,승정원일기,25.0,고순종실록,25.0
孝宗廟,4,44,2,4.5,0.0,고순종실록,25.0,승정원일기,25.0
北三部,2,21,4,19.0,0.0,조선왕조실록,25.0,승정원일기,25.0
泝川,2,8,7,87.5,75.0,조선왕조실록,100.0,고려사,25.0
東牟,2,11,4,36.4,0.0,승정원일기,25.0,한국사료총서,25.0
茶鹽,2,17,1,5.9,0.0,승정원일기,25.0,조선왕조실록,25.0
龜井,2,23,5,21.7,0.0,승정원일기,25.0,한국사료총서,25.0
熟知山,2,8,1,12.5,0.0,조선왕조실록,25.0,승정원일기,25.0
東平縣,2,18,17,94.4,75.0,한국사료총서,100.0,조선왕조실록,25.0
沙魚,3,93,2,2.2,0.0,한국사료총서,25.0,승정원일기,25.0
運州,4,41,38,92.7,75.0,고려사절요,100.0,한국사료총서,25.0
吾弄草,2,47,46,97.9,75.0,한국사료총서,100.0,조선왕조실록,25.0
安恒,3,23,1,4.3,0.0,승정원일기,25.0,조선왕조실록,25.0
董山,3,31,3,9.7,0.0,한국사료총서,25.0,승정원일기,25.0
久先,2,10,1,10.0,0.0,조선왕조실록,25.0,한국사료총서,25.0
同春堂,2,14,1,7.1,0.0,한국사료총서,25.0,승정원일기,25.0
毛瑟浦,2,10,9,90.0,75.0,조선왕조실록,100.0,한국사료총서,25.0
畓洞,2,12,10,83.3,75.0,한국사료총서,100.0,승정원일기,25.0
北京路,2,12,2,16.7,0.0,조선왕조실록,25.0,승정원일기,25.0
洪原·,2,55,1,1.8,0.0,승정원일기,25.0,한국사료총서,25.0
原都,3,867,10,1.2,0.0,조선왕조실록,25.0,한국사료총서,25.0
夷門,2,7,1,14.3,0.0,한국사료총서,25.0,승정원일기,25.0
黃海道信川郡,2,42,40,95.2,75.0,조선왕조실록,100.0,승정원일기,25.0
覺山,2,23,2,8.7,0.0,한국사료총서,25.0,승정원일기,25.0
正大光明,4,356,18,5.1,0.0,고순종실록,25.0,조선왕조실록,25.0
宣房,2,11,2,18.2,0.0,한국사료총서,25.0,승정원일기,25.0
陽,8,140530,56245,40.0,18.9,삼국유사,43.9,조선왕조실록,25.0
黃海道平山地,2,40,9,22.5,0.0,조선왕조실록,25.0,승정원일기,25.0
許州,3,12,7,58.3,50.0,한국사료총서,75.0,조선왕조실록,25.0
籠吾里,2,8,7,87.5,75.0,한국사료총서,100.0,조선왕조실록,25.0
凡島,2,48,20,41.7,25.0,조선왕조실록,50.0,승정원일기,25.0
愁州,2,108,105,97.2,75.0,한국사료총서,100.0,조선왕조실록,25.0
進賢,6,851,8,0.9,0.0,고순종실록,25.0,고려사절요,25.0
德奇,2,14,2,14.3,0.0,승정원일기,25.0,조선왕조실록,25.0
會州,2,7,1,14.3,0.0,승정원일기,25.0,한국사료총서,25.0
奏山,3,36,1,2.8,0.0,고려사,25.0,한국사료총서,25.0
藿,5,2990,15,0.5,0.0,고순종실록,25.0,고려사,25.0
彌鄒,2,7,6,85.7,75.0,한국사료총서,100.0,삼국사기,25.0
天安兩邑,2,8,1,12.5,0.0,한국사료총서,25.0,승정원일기,25.0
西二,6,1086,26,2.4,0.0,고려사,25.0,고순종실록,25.0
正陽門內,2,9,1,11.1,0.0,한국사료총서,25.0,승정원일기,25.0
熊津城,2,11,6,54.5,50.0,삼국사기,75.0,한국사료총서,25.0
古戰場,3,23,2,8.7,0.0,조선왕조실록,25.0,승정원일기,25.0
峻山,3,20,1,5.0,0.0,승정원일기,25.0,조선왕조실록,25.0
延白,3,124,100,80.6,75.0,한국사료총서,100.0,조선왕조실록,25.0
殷民,3,97,2,2.1,0.0,승정원일기,25.0,조선왕조실록,25.0
全羅道務安縣,3,43,41,95.3,75.0,한국사료총서,100.0,승정원일기,25.0
奴種,2,9,1,11.1,0.0,한국사료총서,25.0,조선왕조실록,25.0
天水鎭,2,7,6,85.7,75.0,승정원일기,100.0,조선왕조실록,25.0
神巖,2,10,9,90.0,75.0,한국사료총서,100.0,조선왕조실록,25.0
草坪面,2,9,8,88.9,75.0,한국사료총서,100.0,승정원일기,25.0
舞袖,3,27,2,7.4,0.0,한국사료총서,25.0,승정원일기,25.0
神奈川,3,10,9,90.0,75.0,한국사료총서,100.0,승정원일기,25.0
仇火驛,2,13,2,15.4,0.0,한국사료총서,25.0,승정원일기,25.0
和順人,2,8,1,12.5,0.0,한국사료총서,25.0,조선왕조실록,25.0
鎭國,6,682,6,0.9,0.0,고순종실록,25.0,고려사절요,25.0
寶進,3,61,3,4.9,0.0,승정원일기,25.0,한국사료총서,25.0
禹載,3,85,1,1.2,0.0,승정원일기,25.0,한국사료총서,25.0
火島,3,27,23,85.2,75.0,한국사료총서,100.0,조선왕조실록,25.0
涪溪,3,17,10,58.8,50.0,한국사료총서,75.0,조선왕조실록,25.0
尙善,3,103,4,3.9,0.0,승정원일기,25.0,한국사료총서,25.0
將排,3,37,1,2.7,0.0,승정원일기,25.0,조선왕조실록,25.0
紅螺,2,8,6,75.0,75.0,한국사료총서,100.0,조선왕조실록,25.0
班成,3,23,1,4.3,0.0,승정원일기,25.0,조선왕조실록,25.0
海晏,4,117,4,3.4,0.0,조선왕조실록,25.0,고순종실록,25.0
南海地,2,8,1,12.5,0.0,조선왕조실록,25.0,승정원일기,25.0
屛風坡,2,10,7,70.0,75.0,승정원일기,100.0,조선왕조실록,25.0
鄶,3,14,1,7.1,0.0,승정원일기,25.0,조선왕조실록,25.0
廣庭,4,94,2,2.1,0.0,조선왕조실록,25.0,고려사,25.0
峩嵯山烽燧,2,7,1,14.3,0.0,조선왕조실록,25.0,승정원일기,25.0
所道里,3,42,4,9.5,0.0,조선왕조실록,25.0,한국사료총서,25.0
甘泉面,2,7,6,85.7,75.0,한국사료총서,100.0,승정원일기,25.0
古朝鮮,2,12,1,8.3,0.0,한국사료총서,25.0,조선왕조실록,25.0
巨流河,3,10,9,90.0,75.0,한국사료총서,100.0,조선왕조실록,25.0
基原,2,52,2,3.8,0.0,승정원일기,25.0,한국사료총서,25.0
洌泉門外,2,9,1,11.1,0.0,조선왕조실록,25.0,승정원일기,25.0
隘守鎭,2,8,7,87.5,75.0,조선왕조실록,100.0,고려사,25.0
熊州,5,31,28,90.3,75.0,한국사료총서,100.0,조선왕조실록,25.0
敬聖,2,32,2,6.2,0.0,승정원일기,25.0,조선왕조실록,25.0
孟河,3,39,1,2.6,0.0,승정원일기,25.0,한국사료총서,25.0
明村,2,8,5,62.5,50.0,한국사료총서,75.0,승정원일기,25.0
南峰,2,13,2,15.4,0.0,한국사료총서,25.0,조선왕조실록,25.0
舍郞,2,20,3,15.0,0.0,고려사,25.0,한국사료총서,25.0
蓮花洞,2,11,10,90.9,75.0,한국사료총서,100.0,조선왕조실록,25.0
麻姑,3,17,3,17.6,0.0,고순종실록,25.0,승정원일기,25.0
安巖,3,142,141,99.3,75.0,한국사료총서,100.0,조선왕조실록,25.0
合宮,2,19,1,5.3,0.0,조선왕조실록,25.0,승정원일기,25.0
陽岳,2,10,7,70.0,50.0,한국사료총서,75.0,조선왕조실록,25.0
京畿砥平縣,2,19,14,73.7,75.0,승정원일기,100.0,조선왕조실록,25.0
安東官,3,18,1,5.6,0.0,조선왕조실록,25.0,승정원일기,25.0
文政殿庭,2,8,1,12.5,0.0,조선왕조실록,25.0,승정원일기,25.0
嶺都,2,7,1,14.3,0.0,한국사료총서,25.0,승정원일기,25.0
石壁,5,192,16,8.3,0.0,고려사,25.0,조선왕조실록,25.0
翼宗室,4,36,4,11.1,0.0,고순종실록,25.0,승정원일기,25.0
溫泉,6,1628,38,2.3,0.0,고려사절요,25.0,고순종실록,25.0
築洞,2,25,15,60.0,55.0,한국사료총서,80.0,승정원일기,25.0
代陳,3,22,2,9.1,0.0,승정원일기,25.0,한국사료총서,25.0
息國,2,7,1,14.3,0.0,한국사료총서,25.0,조선왕조실록,25.0
永興軍,2,8,1,12.5,0.0,승정원일기,25.0,조선왕조실록,25.0
安州鎭,2,11,3,27.3,0.0,한국사료총서,25.0,승정원일기,25.0
有恥,4,200,2,1.0,0.0,고순종실록,25.0,한국사료총서,25.0
鮒隅,3,12,2,16.7,0.0,승정원일기,25.0,조선왕조실록,25.0
沅,4,178,5,2.8,0.0,한국사료총서,25.0,고려사,25.0
道山,4,468,81,17.3,0.0,고려사,25.0,조선왕조실록,25.0
鐵嶺以北,2,47,8,17.0,0.0,조선왕조실록,25.0,승정원일기,25.0
大商,3,33,1,3.0,0.0,승정원일기,25.0,조선왕조실록,25.0
安州營,2,11,2,18.2,0.0,조선왕조실록,25.0,승정원일기,25.0
忠淸道丹陽郡,3,32,29,90.6,75.0,조선왕조실록,100.0,한국사료총서,25.0
廣通坊,2,15,14,93.3,75.0,조선왕조실록,100.0,승정원일기,25.0
伊洞,3,40,34,85.0,75.0,한국사료총서,100.0,조선왕조실록,25.0
東津鎭,2,7,6,85.7,75.0,고순종실록,100.0,승정원일기,25.0
多勿,4,73,4,5.5,0.0,승정원일기,25.0,삼국사기,25.0
見谷,3,19,3,15.8,0.0,조선왕조실록,25.0,한국사료총서,25.0
空桑,3,20,1,5.0,0.0,승정원일기,25.0,조선왕조실록,25.0
謙卦,2,33,1,3.0,0.0,승정원일기,25.0,조선왕조실록,25.0
中豆,2,38,1,2.6,0.0,승정원일기,25.0,조선왕조실록,25.0
龍義,3,22,4,18.2,0.0,조선왕조실록,25.0,승정원일기,25.0
深何,3,17,1,5.9,0.0,승정원일기,25.0,조선왕조실록,25.0
全州府城,2,8,1,12.5,0.0,조선왕조실록,25.0,승정원일기,25.0
熊神,4,52,50,96.2,75.0,한국사료총서,100.0,조선왕조실록,25.0
肴,5,809,2,0.2,0.0,고순종실록,25.0,고려사,25.0
威化島,4,158,154,97.5,75.0,고려사,100.0,조선왕조실록,25.0
□□洞,2,10,1,10.0,0.0,한국사료총서,25.0,승정원일기,25.0
黃海道信川,3,86,84,97.7,75.0,한국사료총서,100.0,승정원일기,25.0
幾洞,3,38,1,2.6,0.0,승정원일기,25.0,한국사료총서,25.0
椴島,3,15,12,80.0,75.0,승정원일기,100.0,조선왕조실록,25.0
丹香,3,17,2,11.8,0.0,조선왕조실록,25.0,승정원일기,25.0
水原禿城,2,28,25,89.3,75.0,승정원일기,100.0,조선왕조실록,25.0
長秋,4,167,16,9.6,0.0,한국사료총서,25.0,고순종실록,25.0
貞同,3,24,1,4.2,0.0,승정원일기,25.0,한국사료총서,25.0
岾里,2,12,11,91.7,75.0,조선왕조실록,100.0,한국사료총서,25.0
部洞,3,52,24,46.2,33.3,한국사료총서,58.3,조선왕조실록,25.0
烈山縣,3,13,12,92.3,75.0,한국사료총서,100.0,고려사절요,25.0
安巖洞,3,87,86,98.9,75.0,한국사료총서,100.0,조선왕조실록,25.0
剛州,3,18,16,88.9,75.0,고려사,100.0,조선왕조실록,25.0
嶽瀆,4,86,2,2.3,0.0,조선왕조실록,25.0,고순종실록,25.0
水下,4,343,44,12.8,0.0,고순종실록,25.0,한국사료총서,25.0
仍忽,3,26,6,23.1,0.0,승정원일기,25.0,한국사료총서,25.0
烏林,3,48,4,8.3,0.0,승정원일기,25.0,조선왕조실록,25.0
交南,3,15,1,6.7,0.0,승정원일기,25.0,조선왕조실록,25.0
雍,8,6007,162,2.7,0.0,고려사절요,25.0,삼국사기,25.0
南陽。,3,42,1,2.4,0.0,승정원일기,25.0,한국사료총서,25.0
一里,5,2251,140,6.2,0.0,고려사,25.0,고순종실록,25.0
樂平,3,14,2,14.3,0.0,한국사료총서,25.0,조선왕조실록,25.0
海濵,3,22,2,9.1,0.0,삼국유사,25.0,삼국사기,25.0
蘭子島,2,13,12,92.3,75.0,한국사료총서,100.0,조선왕조실록,25.0
大屯,5,62,3,4.8,0.0,고려사,25.0,승정원일기,25.0
夫乙那,2,10,1,10.0,0.0,조선왕조실록,25.0,한국사료총서,25.0
出羽,5,155,22,14.2,0.0,고려사,25.0,한국사료총서,25.0
澧,3,607,10,1.6,0.0,조선왕조실록,25.0,한국사료총서,25.0
全羅三道,3,48,2,4.2,0.0,조선왕조실록,25.0,고려사,25.0
京畿陽智縣,2,7,6,85.7,75.0,승정원일기,100.0,조선왕조실록,25.0
魏地,2,18,3,16.7,0.0,한국사료총서,25.0,승정원일기,25.0
順興都護府,2,7,1,14.3,0.0,승정원일기,25.0,조선왕조실록,25.0
中喬,2,11,1,9.1,0.0,승정원일기,25.0,한국사료총서,25.0
木州,3,22,19,86.4,75.0,한국사료총서,100.0,조선왕조실록,25.0
白鄭,2,9,1,11.1,0.0,한국사료총서,25.0,승정원일기,25.0
東萊水營,2,22,4,18.2,0.0,고순종실록,25.0,승정원일기,25.0
西貢,3,126,5,4.0,0.0,조선왕조실록,25.0,한국사료총서,25.0
五山,3,93,19,20.4,0.0,조선왕조실록,25.0,한국사료총서,25.0
雲錦,3,97,1,1.0,0.0,승정원일기,25.0,조선왕조실록,25.0
金若恒,4,38,1,2.6,0.0,고려사,25.0,한국사료총서,25.0
子道,5,1077,4,0.4,0.0,고순종실록,25.0,고려사,25.0
公嶮鎭,4,42,37,88.1,75.0,고려사절요,100.0,조선왕조실록,25.0
元山浦,4,29,26,89.7,75.0,조선왕조실록,100.0,승정원일기,25.0
惠濟庫,2,7,1,14.3,0.0,고려사,25.0,조선왕조실록,25.0
承華殿,2,37,36,97.3,75.0,조선왕조실록,100.0,승정원일기,25.0
平安道博川郡,2,27,26,96.3,75.0,조선왕조실록,100.0,승정원일기,25.0
魯,8,133855,1455,1.1,0.0,삼국유사,25.0,삼국사기,25.0
巨防,2,109,2,1.8,0.0,승정원일기,25.0,조선왕조실록,25.0
尙州鎭營,2,7,1,14.3,0.0,한국사료총서,25.0,승정원일기,25.0
酉山,3,16,2,12.5,0.0,승정원일기,25.0,조선왕조실록,25.0
康國,2,139,1,0.7,0.0,승정원일기,25.0,조선왕조실록,25.0
九則,3,63,4,6.3,0.0,조선왕조실록,25.0,한국사료총서,25.0
山川,8,4288,130,3.0,0.0,고려사,25.0,삼국유사,25.0
毛老里,2,20,19,95.0,75.0,조선왕조실록,100.0,한국사료총서,25.0
手山,2,14,1,7.1,0.0,승정원일기,25.0,한국사료총서,25.0
江華鼎足山,2,32,30,93.8,75.0,조선왕조실록,100.0,승정원일기,25.0
惠亮,2,9,1,11.1,0.0,삼국사기,25.0,한국사료총서,25.0
羅何,2,9,1,11.1,0.0,승정원일기,25.0,조선왕조실록,25.0
南詔,2,18,4,22.2,12.5,승정원일기,37.5,조선왕조실록,25.0
枕流,5,86,4,4.7,0.0,삼국사기,25.0,조선왕조실록,25.0
河中,5,181,8,4.4,0.0,고려사,25.0,승정원일기,25.0
石墻,3,29,2,6.9,0.0,승정원일기,25.0,한국사료총서,25.0
泗川,4,2554,2110,82.6,75.0,한국사료총서,100.0,고순종실록,25.0
冬老,3,12,10,83.3,75.0,한국사료총서,100.0,조선왕조실록,25.0
公險鎭,2,24,22,91.7,75.0,한국사료총서,100.0,조선왕조실록,25.0
勿吉,2,10,1,10.0,0.0,삼국유사,25.0,한국사료총서,25.0
康寧浦,2,11,9,81.8,75.0,조선왕조실록,100.0,승정원일기,25.0
龜石,3,46,7,15.2,0.0,승정원일기,25.0,한국사료총서,25.0
京原,4,32,2,6.2,0.0,고순종실록,25.0,한국사료총서,25.0
時敏堂月臺,2,10,1,10.0,0.0,조선왕조실록,25.0,승정원일기,25.0
永義,3,36,6,16.7,0.0,고순종실록,25.0,한국사료총서,25.0
庶幾國,3,32,1,3.1,0.0,승정원일기,25.0,한국사료총서,25.0
宗會,5,131,3,2.3,0.0,고려사,25.0,조선왕조실록,25.0
益城,5,125,5,4.0,0.0,고려사절요,25.0,한국사료총서,25.0
江城縣,3,12,11,91.7,75.0,한국사료총서,100.0,조선왕조실록,25.0
全羅道珍山郡,3,42,38,90.5,75.0,조선왕조실록,100.0,한국사료총서,25.0
黃海道長淵地,2,7,1,14.3,0.0,조선왕조실록,25.0,승정원일기,25.0
生昌驛,2,33,31,93.9,75.0,조선왕조실록,100.0,승정원일기,25.0
薰陶坊,3,91,88,96.7,75.0,조선왕조실록,100.0,한국사료총서,25.0
嶺洞,3,14,6,42.9,25.0,조선왕조실록,50.0,한국사료총서,25.0
北關十州,2,8,1,12.5,0.0,조선왕조실록,25.0,승정원일기,25.0
孟串牧場,2,7,1,14.3,0.0,조선왕조실록,25.0,승정원일기,25.0
崖海,2,8,1,12.5,0.0,승정원일기,25.0,조선왕조실록,25.0
宮闥里,2,14,13,92.9,75.0,조선왕조실록,100.0,승정원일기,25.0
呼子,4,115,14,12.2,0.0,고순종실록,25.0,한국사료총서,25.0
礪城尉,2,25,1,4.0,0.0,조선왕조실록,25.0,한국사료총서,25.0
吉州城,2,15,5,33.3,25.0,한국사료총서,50.0,조선왕조실록,25.0
浥華堂,2,10,9,90.0,75.0,승정원일기,100.0,조선왕조실록,25.0
東西倭館,2,7,1,14.3,0.0,한국사료총서,25.0,승정원일기,25.0
三龜,2,9,2,22.2,0.0,한국사료총서,25.0,승정원일기,25.0
花林,2,30,5,16.7,0.0,조선왕조실록,25.0,한국사료총서,25.0
晉江,2,8,1,12.5,0.0,한국사료총서,25.0,승정원일기,25.0
溟源,2,11,2,18.2,0.0,승정원일기,25.0,한국사료총서,25.0
海路,7,1185,72,6.1,0.0,고려사,25.0,고려사절요,25.0
化寧,4,65,58,89.2,75.0,승정원일기,100.0,조선왕조실록,25.0
任實人,2,10,1,10.0,0.0,한국사료총서,25.0,조선왕조실록,25.0
鍾離,3,17,1,5.9,0.0,승정원일기,25.0,한국사료총서,25.0
路渡,3,39,2,5.1,0.0,승정원일기,25.0,조선왕조실록,25.0
貴陽,2,10,1,10.0,0.0,승정원일기,25.0,한국사료총서,25.0
武平,3,37,1,2.7,0.0,승정원일기,25.0,한국사료총서,25.0
淸衍郡,3,57,11,19.3,0.0,고순종실록,25.0,조선왕조실록,25.0
平安道江東縣,2,50,49,98.0,75.0,조선왕조실록,100.0,승정원일기,25.0
馬嶼,2,9,7,77.8,75.0,한국사료총서,100.0,승정원일기,25.0
鄭介淸書院,2,16,3,18.8,0.0,조선왕조실록,25.0,승정원일기,25.0
外烟島,2,9,8,88.9,75.0,조선왕조실록,100.0,승정원일기,25.0
大江以南,3,10,1,10.0,0.0,조선왕조실록,25.0,승정원일기,25.0
愼妃祠宇,2,19,4,21.1,0.0,조선왕조실록,25.0,승정원일기,25.0
拜峯鎭,2,38,30,78.9,75.0,승정원일기,100.0,조선왕조실록,25.0
風雲雷雨山川雩祀,2,30,6,20.0,0.0,조선왕조실록,25.0,승정원일기,25.0
杏州,2,13,11,84.6,75.0,한국사료총서,100.0,승정원일기,25.0
濟州旌義,2,11,9,81.8,75.0,승정원일기,100.0,조선왕조실록,25.0
永丹,2,33,2,6.1,0.0,승정원일기,25.0,조선왕조실록,25.0
洛元,2,18,2,11.1,0.0,승정원일기,25.0,한국사료총서,25.0
朔州地,2,14,2,14.3,0.0,조선왕조실록,25.0,승정원일기,25.0
上東門,3,21,2,9.5,0.0,한국사료총서,25.0,조선왕조실록,25.0
武勝,2,15,1,6.7,0.0,승정원일기,25.0,조선왕조실록,25.0
浦項鎭,2,10,9,90.0,75.0,고순종실록,100.0,승정원일기,25.0
定始,2,17,1,5.9,0.0,승정원일기,25.0,조선왕조실록,25.0
美村,3,39,5,12.8,0.0,조선왕조실록,25.0,승정원일기,25.0
巖泉,2,15,1,6.7,0.0,한국사료총서,25.0,승정원일기,25.0
長生,7,3880,581,15.0,0.0,고려사절요,25.0,고순종실록,25.0
小國,7,931,7,0.8,0.0,고려사절요,25.0,삼국사기,25.0
鞍馬島,2,7,6,85.7,75.0,한국사료총서,100.0,승정원일기,25.0
梨浦,3,45,30,66.7,56.2,승정원일기,81.2,조선왕조실록,25.0
忠淸道安興,2,9,8,88.9,75.0,승정원일기,100.0,한국사료총서,25.0
平安道熙川,3,105,104,99.0,75.0,한국사료총서,100.0,조선왕조실록,25.0
夏江,2,10,1,10.0,0.0,한국사료총서,25.0,승정원일기,25.0
都畿,2,22,3,13.6,0.0,조선왕조실록,25.0,승정원일기,25.0
鷲城,6,42,6,14.3,0.0,고려사절요,25.0,한국사료총서,25.0
利山縣,2,12,11,91.7,75.0,조선왕조실록,100.0,한국사료총서,25.0
中原之地,2,17,1,5.9,0.0,조선왕조실록,25.0,승정원일기,25.0
於支,5,406,5,1.2,0.0,고순종실록,25.0,고려사,25.0
和陽,2,8,2,25.0,0.0,승정원일기,25.0,한국사료총서,25.0
因番,2,79,1,1.3,0.0,승정원일기,25.0,조선왕조실록,25.0
太初,4,128,2,1.6,0.0,고려사,25.0,조선왕조실록,25.0
押梁,4,25,21,84.0,75.0,삼국유사,100.0,조선왕조실록,25.0
山海關內,2,16,2,12.5,0.0,한국사료총서,25.0,승정원일기,25.0
露兒島,2,17,16,94.1,75.0,한국사료총서,100.0,승정원일기,25.0
無慮,8,1477,1,0.1,0.0,고려사,25.0,삼국사기,25.0
亞米利加,2,13,12,92.3,75.0,한국사료총서,100.0,고순종실록,25.0
方靑,3,20,2,10.0,0.0,조선왕조실록,25.0,한국사료총서,25.0
丹山府,2,18,1,5.6,0.0,조선왕조실록,25.0,한국사료총서,25.0
平壤郡,3,74,30,40.5,25.0,한국사료총서,50.0,고순종실록,25.0
杜稷,2,11,1,9.1,0.0,한국사료총서,25.0,승정원일기,25.0
江兩鎭,2,8,1,12.5,0.0,조선왕조실록,25.0,승정원일기,25.0
長只,3,15,2,13.3,0.0,승정원일기,25.0,한국사료총서,25.0
孔,8,26486,476,1.8,0.0,삼국유사,25.0,삼국사기,25.0
衡突,2,8,1,12.5,0.0,한국사료총서,25.0,조선왕조실록,25.0
呼山,3,22,2,9.1,0.0,승정원일기,25.0,조선왕조실록,25.0
石島,3,33,26,78.8,75.0,한국사료총서,100.0,조선왕조실록,25.0
全羅道長水,3,47,46,97.9,75.0,한국사료총서,100.0,조선왕조실록,25.0
諸鎭,6,1029,4,0.4,0.0,고순종실록,25.0,고려사절요,25.0
昌慶宮文政殿,2,16,14,87.5,75.0,조선왕조실록,100.0,승정원일기,25.0
新臺,3,121,3,2.5,0.0,승정원일기,25.0,한국사료총서,25.0
南郊壇,2,7,1,14.3,0.0,조선왕조실록,25.0,승정원일기,25.0
倭館開市大廳,2,7,1,14.3,0.0,한국사료총서,25.0,승정원일기,25.0
金泉道,2,21,17,81.0,75.0,승정원일기,100.0,조선왕조실록,25.0
南夷,3,42,3,7.1,0.0,승정원일기,25.0,한국사료총서,25.0
通州人,3,39,1,2.6,0.0,승정원일기,25.0,조선왕조실록,25.0
道實,4,127,7,5.5,0.0,승정원일기,25.0,한국사료총서,25.0
國,8,569093,17049,3.0,0.3,승정원일기,25.3,고순종실록,25.0
伊吾,3,17,3,17.6,0.0,한국사료총서,25.0,승정원일기,25.0
葆眞,2,10,1,10.0,0.0,한국사료총서,25.0,조선왕조실록,25.0
鴨江以西,2,16,1,6.2,0.0,조선왕조실록,25.0,승정원일기,25.0
伯州,2,14,1,7.1,0.0,승정원일기,25.0,조선왕조실록,25.0
始安,4,84,3,3.6,0.0,승정원일기,25.0,고려사,25.0
"龍仁縣,",3,34,1,2.9,0.0,승정원일기,25.0,한국사료총서,25.0
杞溪縣,2,9,8,88.9,75.0,한국사료총서,100.0,고려사,25.0
楊口地,2,20,4,20.0,0.0,조선왕조실록,25.0,승정원일기,25.0
武州,4,21,18,85.7,75.0,한국사료총서,100.0,삼국사기,25.0
長久洞,2,8,7,87.5,75.0,한국사료총서,100.0,승정원일기,25.0
昭華,2,8,1,12.5,0.0,승정원일기,25.0,조선왕조실록,25.0
通鑑,7,2824,3,0.1,0.0,고려사,25.0,고순종실록,25.0
德樂,3,93,1,1.1,0.0,승정원일기,25.0,한국사료총서,25.0
朝宗面,2,12,11,91.7,75.0,승정원일기,100.0,한국사료총서,25.0
雲根,3,91,5,5.5,0.0,승정원일기,25.0,조선왕조실록,25.0
長富,5,55,5,9.1,0.0,고려사절요,25.0,고려사,25.0
沛,7,5503,521,9.5,0.0,삼국사기,25.0,고려사절요,25.0
鄕校殿,3,11,1,9.1,0.0,조선왕조실록,25.0,승정원일기,25.0
淵達,2,138,2,1.4,0.0,승정원일기,25.0,한국사료총서,25.0
內烟,3,14,1,7.1,0.0,승정원일기,25.0,한국사료총서,25.0
長山城,2,8,5,62.5,50.0,승정원일기,75.0,조선왕조실록,25.0
蔚珍郡,3,46,14,30.4,25.0,승정원일기,50.0,조선왕조실록,25.0
丹棗,3,12,11,91.7,75.0,한국사료총서,100.0,승정원일기,25.0
舍知,2,23,2,8.7,0.0,한국사료총서,25.0,조선왕조실록,25.0
暢春,3,46,43,93.5,75.0,한국사료총서,100.0,조선왕조실록,25.0
斤平,2,9,8,88.9,75.0,한국사료총서,100.0,삼국사기,25.0
幸州江,3,16,1,6.2,0.0,승정원일기,25.0,고순종실록,25.0
鉅野,2,10,1,10.0,0.0,한국사료총서,25.0,승정원일기,25.0
沙洞,4,85,67,78.8,75.0,한국사료총서,100.0,조선왕조실록,25.0
南終面,2,8,7,87.5,75.0,승정원일기,100.0,한국사료총서,25.0
監洞,3,60,41,68.3,50.0,조선왕조실록,75.0,승정원일기,25.0
京畿安山郡,2,23,22,95.7,75.0,조선왕조실록,100.0,승정원일기,25.0
新門外,3,217,24,11.1,0.0,조선왕조실록,25.0,한국사료총서,25.0
木蘭,3,30,5,16.7,0.0,승정원일기,25.0,한국사료총서,25.0
海儒,3,59,1,1.7,0.0,승정원일기,25.0,조선왕조실록,25.0
都中,4,538,5,0.9,0.0,조선왕조실록,25.0,고려사,25.0
仁川縣,2,46,10,21.7,0.0,조선왕조실록,25.0,승정원일기,25.0
橫城地,2,44,9,20.5,0.0,조선왕조실록,25.0,승정원일기,25.0
烽燧峴,2,15,9,60.0,50.0,한국사료총서,75.0,승정원일기,25.0
西林城,3,52,41,78.8,75.0,한국사료총서,100.0,조선왕조실록,25.0
江華鼎足,2,33,31,93.9,75.0,조선왕조실록,100.0,승정원일기,25.0
自禮山,3,34,1,2.9,0.0,승정원일기,25.0,조선왕조실록,25.0
加佐洞,2,35,32,91.4,75.0,한국사료총서,100.0,승정원일기,25.0
陽里,3,92,86,93.5,75.0,승정원일기,100.0,조선왕조실록,25.0
仁政殿外,2,8,1,12.5,0.0,조선왕조실록,25.0,승정원일기,25.0
馬齒,3,59,1,1.7,0.0,승정원일기,25.0,한국사료총서,25.0
辰巖焚柴,2,17,2,11.8,0.0,조선왕조실록,25.0,승정원일기,25.0
陟州,2,12,2,16.7,0.0,승정원일기,25.0,한국사료총서,25.0
雅典,2,11,1,9.1,0.0,승정원일기,25.0,한국사료총서,25.0
三刀,3,144,1,0.7,0.0,조선왕조실록,25.0,승정원일기,25.0
古阜地,2,18,2,11.1,0.0,한국사료총서,25.0,승정원일기,25.0
佐島,3,16,11,68.8,50.0,한국사료총서,75.0,조선왕조실록,25.0
半山,3,28,3,10.7,0.0,승정원일기,25.0,조선왕조실록,25.0
勃海,2,9,5,55.6,50.0,한국사료총서,75.0,승정원일기,25.0
廣州慶安,3,20,19,95.0,75.0,한국사료총서,100.0,조선왕조실록,25.0
依崇仁,2,12,1,8.3,0.0,승정원일기,25.0,조선왕조실록,25.0
樂西,2,11,1,9.1,0.0,한국사료총서,25.0,승정원일기,25.0
高子,5,83,2,2.4,0.0,고려사절요,25.0,조선왕조실록,25.0
城古介,3,16,15,93.8,75.0,한국사료총서,100.0,조선왕조실록,25.0
沙古介,2,10,8,80.0,75.0,승정원일기,100.0,조선왕조실록,25.0
軍資監倉,2,11,1,9.1,0.0,한국사료총서,25.0,조선왕조실록,25.0
半月城,2,21,5,23.8,0.0,조선왕조실록,25.0,한국사료총서,25.0
大院君家,2,8,1,12.5,0.0,조선왕조실록,25.0,승정원일기,25.0
平安道平壤府,3,44,41,93.2,75.0,한국사료총서,100.0,승정원일기,25.0
崇敎寺,3,26,3,11.5,0.0,고려사,25.0,한국사료총서,25.0
江原道三陟地,2,15,3,20.0,0.0,조선왕조실록,25.0,승정원일기,25.0
永慕殿,2,256,225,87.9,72.1,승정원일기,97.0,조선왕조실록,24.9
洪川,5,1413,1125,79.6,75.1,승정원일기,100.0,고순종실록,24.9
源,8,158488,8583,5.4,3.8,고려사절요,28.7,고순종실록,24.9
軒,7,14132,1893,13.4,0.0,고려사,24.9,고순종실록,24.9
木,8,94593,4489,4.7,3.4,승정원일기,28.3,삼국사기,24.9
乾元,5,310,44,14.2,0.0,고려사,24.8,승정원일기,24.8
彰義門外,3,156,28,17.9,0.0,조선왕조실록,24.8,승정원일기,24.8
平陵,4,435,204,46.9,42.6,승정원일기,67.4,조선왕조실록,24.8
木川,4,1749,1436,82.1,75.2,승정원일기,100.0,고순종실록,24.8
京畿富平府,2,39,35,89.7,66.7,조선왕조실록,91.4,승정원일기,24.8
永川,4,1799,1354,75.3,69.6,승정원일기,94.4,고순종실록,24.8
洞庭,3,342,31,9.1,2.4,한국사료총서,27.3,조선왕조실록,24.8
洞村,2,59,31,52.5,43.9,한국사료총서,68.8,승정원일기,24.8
殷山縣,4,582,88,15.1,13.8,조선왕조실록,38.5,한국사료총서,24.7
嶺邑,3,411,93,22.6,0.0,조선왕조실록,24.7,승정원일기,24.7
春川,4,3279,2545,77.6,73.4,승정원일기,98.1,조선왕조실록,24.7
忠請,2,30,12,40.0,35.3,조선왕조실록,60.0,승정원일기,24.7
公險,3,30,26,86.7,66.7,고려사,91.3,조선왕조실록,24.6
西月,4,150,32,21.3,0.0,고순종실록,24.6,승정원일기,24.6
退村,2,19,14,73.7,60.0,한국사료총서,84.6,승정원일기,24.6
完營,4,314,45,14.3,0.0,고순종실록,24.6,승정원일기,24.6
崇,8,72965,14312,19.6,0.7,한국사료총서,25.1,승정원일기,24.5
石城縣,3,474,54,11.4,7.1,승정원일기,31.6,한국사료총서,24.5
本宮,4,4357,558,12.8,1.0,조선왕조실록,25.5,고순종실록,24.5
廣東,4,444,329,74.1,66.7,고순종실록,91.2,조선왕조실록,24.5
畿右,2,199,106,53.3,37.3,조선왕조실록,61.8,승정원일기,24.5
京倉,6,1030,212,20.6,0.0,고려사,24.5,조선왕조실록,24.5
東神門外,2,265,64,24.2,0.0,조선왕조실록,24.5,승정원일기,24.5
戎,7,27175,611,2.2,0.0,삼국사기,24.5,고려사,24.5
古兵曹,2,58,12,20.7,0.0,조선왕조실록,24.5,승정원일기,24.5
祠宇,5,2535,429,16.9,0.0,고려사,24.5,승정원일기,24.5
道下,4,408,15,3.7,0.0,고순종실록,24.5,한국사료총서,24.5
神堂,4,220,35,15.9,0.0,고려사,24.4,승정원일기,24.4
定山,6,1317,798,60.6,55.6,고려사,80.0,고순종실록,24.4
屛門,3,914,144,15.8,0.0,한국사료총서,24.4,조선왕조실록,24.4
鎭城,4,293,26,8.9,5.6,승정원일기,30.0,고려사,24.4
東昌,3,284,7,2.5,0.6,승정원일기,25.0,조선왕조실록,24.4
泰川縣,3,726,126,17.4,14.3,조선왕조실록,38.7,한국사료총서,24.4
郊畿,3,156,29,18.6,0.0,조선왕조실록,24.4,승정원일기,24.4
坪村,2,34,20,58.8,55.6,한국사료총서,80.0,승정원일기,24.4
澳,3,969,58,6.0,3.6,조선왕조실록,28.0,한국사료총서,24.4
中村,3,229,45,19.7,0.0,고순종실록,24.4,승정원일기,24.4
芙蓉,4,366,67,18.3,6.6,한국사료총서,31.0,조선왕조실록,24.4
烏城,3,46,10,21.7,15.6,승정원일기,40.0,조선왕조실록,24.4
杭州,4,86,74,86.0,75.6,한국사료총서,100.0,조선왕조실록,24.4
順德,5,266,33,12.4,0.0,조선왕조실록,24.3,승정원일기,24.3
廣武,3,164,9,5.5,4.3,승정원일기,28.6,한국사료총서,24.3
華西,3,192,8,4.2,0.7,한국사료총서,25.0,승정원일기,24.3
康,8,42293,9436,22.3,4.9,고려사절요,29.2,조선왕조실록,24.3
䄙嬪,4,101,17,16.8,0.0,고순종실록,24.3,승정원일기,24.3
海蔘威,2,80,62,77.5,75.7,한국사료총서,100.0,고순종실록,24.3
麻浦,4,446,419,93.9,75.7,한국사료총서,100.0,고순종실록,24.3
靈光地,3,86,17,19.8,0.0,조선왕조실록,24.3,승정원일기,24.3
纛島,4,199,184,92.5,71.4,고순종실록,95.7,승정원일기,24.2
建元,8,235,31,13.2,0.0,고려사,24.2,승정원일기,24.2
京畿楊根郡,2,15,13,86.7,66.7,조선왕조실록,90.9,승정원일기,24.2
平安道江邊,2,121,34,28.1,16.1,조선왕조실록,40.4,승정원일기,24.2
宮村,2,70,49,70.0,64.7,승정원일기,88.9,한국사료총서,24.2
含林,3,17,14,82.4,66.7,조선왕조실록,90.9,승정원일기,24.2
盟壇,3,90,15,16.7,0.0,조선왕조실록,24.2,승정원일기,24.2
雙加,2,16,2,12.5,9.1,승정원일기,33.3,조선왕조실록,24.2
洛下,3,205,32,15.6,0.0,조선왕조실록,24.2,승정원일기,24.2
靈臺,4,361,60,16.6,0.0,고려사,24.2,조선왕조실록,24.2
海州,6,5171,4300,83.2,75.9,승정원일기,100.0,고순종실록,24.1
玉連,3,154,15,9.7,3.4,승정원일기,27.5,조선왕조실록,24.1
忠淸道結城地,2,90,21,23.3,0.0,조선왕조실록,24.1,승정원일기,24.1
興陽縣,4,2293,1593,69.5,58.5,조선왕조실록,82.6,고순종실록,24.1
新洑,2,38,7,18.4,0.0,승정원일기,24.1,한국사료총서,24.1
八鎭,3,77,13,16.9,5.9,한국사료총서,30.0,조선왕조실록,24.1
長崎島,3,61,54,88.5,75.9,한국사료총서,100.0,조선왕조실록,24.1
拱北門外,2,83,19,22.9,0.0,조선왕조실록,24.1,승정원일기,24.1
燕館,2,36,7,19.4,0.0,조선왕조실록,24.1,승정원일기,24.1
院堂,5,453,9,2.0,0.0,고려사,24.1,한국사료총서,24.1
孝純宮,2,117,20,17.1,14.4,승정원일기,38.5,조선왕조실록,24.0
江東縣,4,588,114,19.4,17.0,승정원일기,40.9,한국사료총서,24.0
東宮齋室,2,30,6,20.0,0.0,조선왕조실록,24.0,승정원일기,24.0
寧陽,3,98,10,10.2,6.8,조선왕조실록,30.8,한국사료총서,24.0
竺,4,144,39,27.1,11.1,승정원일기,35.1,조선왕조실록,24.0
黃魚,3,135,8,5.9,0.0,승정원일기,24.0,조선왕조실록,24.0
□□門,2,29,6,20.7,0.0,한국사료총서,24.0,승정원일기,24.0
龍仁邑,2,33,25,75.8,76.0,승정원일기,100.0,한국사료총서,24.0
前橋,3,62,18,29.0,11.1,한국사료총서,35.1,승정원일기,24.0
重林道,2,28,22,78.6,76.0,승정원일기,100.0,조선왕조실록,24.0
蠻人,4,73,6,8.2,0.0,고려사절요,24.0,조선왕조실록,24.0
燕京,6,747,687,92.0,76.0,한국사료총서,100.0,고순종실록,24.0
荊州,3,106,87,82.1,76.0,한국사료총서,100.0,조선왕조실록,24.0
湖北,3,61,49,80.3,76.1,한국사료총서,100.0,승정원일기,23.9
海靑,5,613,8,1.3,0.0,고려사,23.8,한국사료총서,23.8
羅比,2,12,5,41.7,42.9,한국사료총서,66.7,조선왕조실록,23.8
德源府,4,860,220,25.6,20.3,조선왕조실록,44.1,한국사료총서,23.8
古自,3,46,8,17.4,0.0,승정원일기,23.8,한국사료총서,23.8
鎭川,4,1876,1531,81.6,76.2,승정원일기,100.0,고순종실록,23.8
東外,3,36,6,16.7,0.0,한국사료총서,23.8,승정원일기,23.8
盈德縣,4,491,133,27.1,20.0,고순종실록,43.8,한국사료총서,23.8
甲火,2,12,7,58.3,42.9,조선왕조실록,66.7,한국사료총서,23.8
於義洞宮,2,11,5,45.5,42.9,승정원일기,66.7,조선왕조실록,23.8
沙麓,4,104,13,12.5,0.0,고순종실록,23.8,조선왕조실록,23.8
日華,3,130,15,11.5,0.0,한국사료총서,23.8,조선왕조실록,23.8
豫章,3,77,8,10.4,0.0,한국사료총서,23.8,조선왕조실록,23.8
漢室,5,404,19,4.7,0.0,고려사,23.8,조선왕조실록,23.8
楊根大灘,2,11,6,54.5,33.3,한국사료총서,57.1,조선왕조실록,23.8
澳門,2,57,50,87.7,69.2,한국사료총서,93.0,승정원일기,23.8
活城,2,19,9,47.4,42.9,한국사료총서,66.7,삼국사기,23.8
全羅道左,3,38,5,13.2,0.0,조선왕조실록,23.8,승정원일기,23.8
三甲,6,620,140,22.6,0.0,고려사,23.8,승정원일기,23.8
水洞,3,160,135,84.4,73.3,한국사료총서,97.1,조선왕조실록,23.8
署門,3,29,5,17.2,0.0,조선왕조실록,23.8,승정원일기,23.8
渭梁,2,26,5,19.2,0.0,조선왕조실록,23.8,승정원일기,23.8
北村,3,145,42,29.0,20.0,조선왕조실록,43.8,승정원일기,23.8
關山,4,77,11,14.3,9.5,한국사료총서,33.3,고려사,23.8
釜城,3,55,38,69.1,65.1,한국사료총서,88.9,조선왕조실록,23.8
長津,4,869,742,85.4,76.3,한국사료총서,100.0,조선왕조실록,23.7
機張縣,4,1023,477,46.6,37.9,한국사료총서,61.6,조선왕조실록,23.7
大坪,3,70,17,24.3,13.8,승정원일기,37.5,조선왕조실록,23.7
栗木,4,458,65,14.2,0.0,고순종실록,23.7,한국사료총서,23.7
陝西,4,214,176,82.2,66.7,고려사,90.4,조선왕조실록,23.7
八站,4,245,52,21.2,0.0,고려사,23.7,조선왕조실록,23.7
越邊,4,1556,176,11.3,0.0,고순종실록,23.7,승정원일기,23.7
尙,7,399342,35594,8.9,0.0,삼국사기,23.7,고순종실록,23.7
坪里,3,288,278,96.5,75.0,조선왕조실록,98.7,승정원일기,23.7
嶺以北,4,127,18,14.2,0.0,고려사,23.7,승정원일기,23.7
川省,3,20,9,45.0,36.4,한국사료총서,60.0,승정원일기,23.6
武英,3,106,15,14.2,0.0,한국사료총서,23.6,조선왕조실록,23.6
虛門,2,18,10,55.6,40.0,승정원일기,63.6,한국사료총서,23.6
外西,3,213,27,12.7,1.4,조선왕조실록,25.0,한국사료총서,23.6
慶尙道金山,3,101,98,97.0,75.0,한국사료총서,98.6,승정원일기,23.6
元堂,3,166,139,83.7,71.4,조선왕조실록,95.0,승정원일기,23.6
末應,3,109,33,30.3,18.2,한국사료총서,41.7,승정원일기,23.5
雄,8,16691,142,0.9,0.0,삼국유사,23.5,고려사,23.5
床廛,4,224,48,21.4,0.0,고순종실록,23.5,승정원일기,23.5
平澤地,2,41,8,19.5,0.0,조선왕조실록,23.5,승정원일기,23.5
突,8,10089,303,3.0,1.5,한국사료총서,25.0,삼국유사,23.5
竹兩嶺,2,27,4,14.8,0.0,조선왕조실록,23.5,승정원일기,23.5
居玉,3,42,4,9.5,0.0,승정원일기,23.5,조선왕조실록,23.5
原,8,164195,47730,29.1,23.4,한국사료총서,46.8,조선왕조실록,23.5
三聖,5,699,93,13.3,0.0,삼국유사,23.5,조선왕조실록,23.5
黃海道長淵縣,2,69,67,97.1,75.0,조선왕조실록,98.5,승정원일기,23.5
汾陽,4,92,15,16.3,0.0,삼국사기,23.5,승정원일기,23.5
月陽,3,33,4,12.1,0.0,승정원일기,23.5,한국사료총서,23.5
眞殿齋室,2,45,8,17.8,0.0,조선왕조실록,23.5,승정원일기,23.5
劒山,2,48,44,91.7,76.5,한국사료총서,100.0,조선왕조실록,23.5
陜川地,2,33,4,12.1,0.0,조선왕조실록,23.5,승정원일기,23.5
永昌,7,876,109,12.4,0.0,고려사절요,23.5,조선왕조실록,23.5
利川府,4,700,75,10.7,9.8,승정원일기,33.3,고순종실록,23.5
龍湖,3,81,10,12.3,9.9,한국사료총서,33.3,승정원일기,23.5
穆陵陵上,2,70,15,21.4,0.0,조선왕조실록,23.4,승정원일기,23.4
院坪,3,96,53,55.2,46.6,한국사료총서,70.0,승정원일기,23.4
司宰監契,2,70,39,55.7,33.3,조선왕조실록,56.7,승정원일기,23.4
昆明,3,48,43,89.6,72.7,승정원일기,96.2,조선왕조실록,23.4
高,8,105462,17123,16.2,3.1,삼국사기,26.6,한국사료총서,23.4
江村,3,483,111,23.0,2.3,조선왕조실록,25.7,승정원일기,23.4
寧,8,176292,39388,22.3,9.1,삼국유사,32.5,한국사료총서,23.4
於義本宮,2,144,104,72.2,50.0,조선왕조실록,73.4,승정원일기,23.4
東南,8,4229,313,7.4,0.0,고려사절요,23.4,승정원일기,23.4
連源,3,885,53,6.0,1.6,조선왕조실록,25.0,한국사료총서,23.4
黃州城,2,41,19,46.3,39.1,조선왕조실록,62.5,승정원일기,23.4
師,8,97352,1062,1.1,0.3,삼국유사,23.5,고려사절요,23.3
株林,2,23,3,13.0,10.0,승정원일기,33.3,조선왕조실록,23.3
宿鴻,2,27,23,85.2,71.4,조선왕조실록,94.7,승정원일기,23.3
茁浦,2,63,49,77.8,76.7,한국사료총서,100.0,승정원일기,23.3
薩州,3,104,97,93.3,76.7,한국사료총서,100.0,조선왕조실록,23.3
代谷,2,14,12,85.7,66.7,승정원일기,90.0,한국사료총서,23.3
延喜門外,2,33,7,21.2,0.0,조선왕조실록,23.3,승정원일기,23.3
唐古介,3,37,30,81.1,76.7,승정원일기,100.0,한국사료총서,23.3
橫山,4,49,9,18.4,10.0,승정원일기,33.3,조선왕조실록,23.3
兩京,6,270,26,9.6,0.0,고려사,23.3,승정원일기,23.3
山南,6,724,85,11.7,0.0,삼국유사,23.3,승정원일기,23.3
淸海,4,87,14,16.1,0.0,고려사,23.3,한국사료총서,23.3
定平郡,3,38,12,31.6,26.7,승정원일기,50.0,한국사료총서,23.3
二洞,3,67,11,16.4,10.0,승정원일기,33.3,조선왕조실록,23.3
華城一府,2,36,7,19.4,0.0,조선왕조실록,23.3,승정원일기,23.3
綏慶,2,83,64,77.1,76.7,승정원일기,100.0,고순종실록,23.3
東溫,2,18,3,16.7,10.0,승정원일기,33.3,한국사료총서,23.3
宜嬪宮,2,36,26,72.2,76.7,승정원일기,100.0,고순종실록,23.3
登峴,2,28,9,32.1,16.7,승정원일기,40.0,한국사료총서,23.3
北館,3,19,3,15.8,10.0,한국사료총서,33.3,승정원일기,23.3
長興地,3,43,7,16.3,0.0,조선왕조실록,23.3,승정원일기,23.3
熊峙,3,137,109,79.6,76.7,한국사료총서,100.0,조선왕조실록,23.3
梁貊,2,11,3,27.3,16.7,삼국사기,40.0,한국사료총서,23.3
西氷,3,1059,471,44.5,38.1,한국사료총서,61.4,조선왕조실록,23.3
魴魚,3,60,10,16.7,10.0,조선왕조실록,33.3,승정원일기,23.3
雲,8,81728,5315,6.5,3.8,삼국유사,27.0,고순종실록,23.2
統營,4,3322,1394,42.0,22.0,한국사료총서,45.2,승정원일기,23.2
健,6,45161,5649,12.5,0.0,고려사,23.2,고순종실록,23.2
西浦,3,41,10,24.4,14.3,승정원일기,37.5,조선왕조실록,23.2
漢廣,2,115,3,2.6,1.8,승정원일기,25.0,조선왕조실록,23.2
宋國,5,1365,22,1.6,0.0,고려사,23.2,조선왕조실록,23.2
賓陽門外,2,59,13,22.0,0.0,조선왕조실록,23.2,승정원일기,23.2
安岳縣,3,103,21,20.4,14.3,한국사료총서,37.5,조선왕조실록,23.2
慶尙道寧海府,3,71,68,95.8,75.0,한국사료총서,98.2,승정원일기,23.2
長山以北,4,185,36,19.5,0.0,고순종실록,23.2,승정원일기,23.2
馳馬道,2,17,3,17.6,0.0,조선왕조실록,23.1,승정원일기,23.1
濟人,5,186,9,4.8,0.0,고려사,23.1,조선왕조실록,23.1
文政門外,2,17,3,17.6,0.0,조선왕조실록,23.1,승정원일기,23.1
東井,5,996,8,0.8,0.0,고려사,23.1,한국사료총서,23.1
間屛門,2,68,44,64.7,46.7,조선왕조실록,69.8,승정원일기,23.1
靑杞,3,70,56,80.0,76.9,조선왕조실록,100.0,승정원일기,23.1
秋田,2,36,4,11.1,4.2,승정원일기,27.3,한국사료총서,23.1
良策站,3,38,31,81.6,76.9,한국사료총서,100.0,조선왕조실록,23.1
毛山,2,57,13,22.8,12.9,조선왕조실록,36.0,한국사료총서,23.1
荒川,2,26,5,19.2,0.0,승정원일기,23.1,한국사료총서,23.1
洪源,3,68,10,14.7,10.2,승정원일기,33.3,고려사,23.1
越裳,3,69,3,4.3,0.0,승정원일기,23.1,조선왕조실록,23.1
龍,8,142282,17325,12.2,4.1,삼국유사,27.1,고순종실록,23.1
乾德,5,213,4,1.9,0.0,고려사,23.1,조선왕조실록,23.1
西生鎭,2,19,16,84.2,76.9,승정원일기,100.0,한국사료총서,23.1
大同道,2,18,14,77.8,76.9,승정원일기,100.0,조선왕조실록,23.1
閑山島,3,134,131,97.8,76.9,한국사료총서,100.0,조선왕조실록,23.1
仁城大君墓,2,19,3,15.8,0.0,조선왕조실록,23.1,승정원일기,23.1
通洞,2,16,13,81.2,76.9,한국사료총서,100.0,조선왕조실록,23.1
三郎,3,20,3,15.0,0.0,삼국사기,23.1,한국사료총서,23.1
士官學校,3,24,3,12.5,0.0,승정원일기,23.1,고순종실록,23.1
光山,4,617,277,44.9,25.0,고려사,48.1,한국사료총서,23.1
竹山府,4,1022,103,10.1,8.5,승정원일기,31.6,고순종실록,23.1
朝,8,585236,12875,2.2,0.0,삼국유사,23.1,고순종실록,23.1
慶尙道陜川地,2,17,3,17.6,0.0,조선왕조실록,23.1,승정원일기,23.1
絶影,6,224,207,92.4,76.9,한국사료총서,100.0,고순종실록,23.1
江界越邊,2,53,6,11.3,0.0,한국사료총서,23.1,승정원일기,23.1
褒忠,4,530,43,8.1,0.0,한국사료총서,23.1,고순종실록,23.1
楊根,6,2661,2138,80.3,76.9,승정원일기,100.0,고순종실록,23.1
湘,7,604,63,10.4,0.0,고려사절요,23.1,고려사,23.1
忽可,3,41,3,7.3,0.0,승정원일기,23.1,조선왕조실록,23.1
瑞谷,3,32,28,87.5,76.9,한국사료총서,100.0,조선왕조실록,23.1
幼年學校,2,121,6,5.0,0.0,승정원일기,23.1,고순종실록,23.1
西南郊,2,21,3,14.3,0.0,조선왕조실록,23.1,승정원일기,23.1
豊基,3,331,270,81.6,76.9,한국사료총서,100.0,조선왕조실록,23.1
官洞,2,34,14,41.2,37.0,한국사료총서,60.0,조선왕조실록,23.0
光時,5,142,26,18.3,0.0,고려사,23.0,승정원일기,23.0
黑石,3,310,258,83.2,66.7,조선왕조실록,89.6,승정원일기,23.0
全羅道萬頃縣,2,56,54,96.4,75.0,조선왕조실록,98.0,승정원일기,23.0
中門,6,1411,158,11.2,0.0,고려사,23.0,승정원일기,23.0
坡川,3,58,3,5.2,2.0,조선왕조실록,25.0,승정원일기,23.0
東洋,4,545,18,3.3,0.0,승정원일기,23.0,고순종실록,23.0
靈泉,3,95,8,8.4,2.0,승정원일기,25.0,조선왕조실록,23.0
魏國,2,109,3,2.8,2.0,승정원일기,25.0,한국사료총서,23.0
茂州,2,65,42,64.6,60.4,승정원일기,83.3,한국사료총서,23.0
下道,4,892,142,15.9,0.0,고순종실록,22.9,승정원일기,22.9
華渚,3,42,8,19.0,0.0,조선왕조실록,22.9,승정원일기,22.9
板廛,2,73,16,21.9,0.0,조선왕조실록,22.9,승정원일기,22.9
山川雩祀,3,63,11,17.5,0.0,조선왕조실록,22.9,승정원일기,22.9
局出身廳,2,40,8,20.0,0.0,한국사료총서,22.9,승정원일기,22.9
安邊地,2,56,11,19.6,0.0,조선왕조실록,22.9,승정원일기,22.9
項洞,2,20,12,60.0,57.1,한국사료총서,80.0,승정원일기,22.9
江都史庫,2,12,4,33.3,20.0,조선왕조실록,42.9,승정원일기,22.9
秦人,3,138,8,5.8,0.0,승정원일기,22.9,조선왕조실록,22.9
淸城,4,917,191,20.8,0.0,고려사,22.9,승정원일기,22.9
延安縣,2,80,9,11.2,10.4,승정원일기,33.3,조선왕조실록,22.9
奉化,6,1433,974,68.0,58.8,고려사,81.7,조선왕조실록,22.9
山淸縣,4,205,37,18.0,17.1,승정원일기,40.0,고순종실록,22.9
鼎湖,3,89,13,14.6,0.0,한국사료총서,22.9,승정원일기,22.9
德方,4,112,22,19.6,0.0,고려사,22.9,승정원일기,22.9
山陰縣,3,228,32,14.0,8.0,승정원일기,30.8,한국사료총서,22.8
丕顯閣,2,57,51,89.5,75.0,승정원일기,97.8,조선왕조실록,22.8
閑山,3,346,315,91.0,76.7,한국사료총서,99.5,조선왕조실록,22.8
金山郡,4,578,161,27.9,25.2,승정원일기,48.0,한국사료총서,22.8
中州,4,399,80,20.1,2.4,조선왕조실록,25.3,한국사료총서,22.8
養賢,6,1511,78,5.2,0.0,고려사,22.8,조선왕조실록,22.8
京裏,3,307,58,18.9,0.0,조선왕조실록,22.8,승정원일기,22.8
北樓,3,102,9,8.8,2.2,한국사료총서,25.0,조선왕조실록,22.8
城洞,3,92,64,69.6,64.7,승정원일기,87.5,조선왕조실록,22.8
端陽,3,268,71,26.5,8.0,한국사료총서,30.8,조선왕조실록,22.8
豊川府,3,129,22,17.1,0.0,조선왕조실록,22.8,승정원일기,22.8
漆室,3,338,10,3.0,0.0,한국사료총서,22.7,조선왕조실록,22.7
光州,6,2898,2389,82.4,77.3,승정원일기,100.0,고순종실록,22.7
端川以南,2,78,10,12.8,0.0,조선왕조실록,22.7,승정원일기,22.7
壽昌,6,1257,92,7.3,0.0,고려사절요,22.7,조선왕조실록,22.7
合,8,168027,746,0.4,0.3,승정원일기,23.0,고려사절요,22.7
征東官軍祠,2,32,25,78.1,77.3,승정원일기,100.0,조선왕조실록,22.7
渡川,3,28,4,14.3,5.9,한국사료총서,28.6,조선왕조실록,22.7
荊楚,3,40,9,22.5,6.7,한국사료총서,29.4,승정원일기,22.7
龜鶴,3,47,7,14.9,0.0,승정원일기,22.7,한국사료총서,22.7
白州,4,136,130,95.6,77.3,한국사료총서,100.0,조선왕조실록,22.7
湖外,3,57,10,17.5,0.0,조선왕조실록,22.7,승정원일기,22.7
江源,3,57,6,10.5,0.0,조선왕조실록,22.7,승정원일기,22.7
淸渭,2,29,5,17.2,0.0,조선왕조실록,22.7,승정원일기,22.7
佑明,3,487,5,1.0,0.0,승정원일기,22.7,한국사료총서,22.7
溫,8,38869,4998,12.9,0.0,삼국사기,22.7,조선왕조실록,22.7
東北路,3,45,14,31.1,27.3,고려사,50.0,고려사절요,22.7
寶閣,2,106,29,27.4,7.7,조선왕조실록,30.4,승정원일기,22.7
表節,3,77,17,22.1,0.0,한국사료총서,22.7,조선왕조실록,22.7
惠慶宮,4,14372,119,0.8,0.0,고순종실록,22.7,조선왕조실록,22.7
京畿南,3,184,176,95.7,77.3,조선왕조실록,100.0,한국사료총서,22.7
招賢,4,300,22,7.3,0.0,한국사료총서,22.7,조선왕조실록,22.7
喬桐,6,3238,2654,82.0,77.4,승정원일기,100.0,고순종실록,22.6
懸燈,3,778,8,1.0,0.0,한국사료총서,22.6,조선왕조실록,22.6
慶會南門,2,34,7,20.6,0.0,한국사료총서,22.6,조선왕조실록,22.6
松江,3,148,22,14.9,10.8,한국사료총서,33.3,조선왕조실록,22.6
榮川地,2,123,26,21.1,0.0,조선왕조실록,22.6,승정원일기,22.6
明活,3,34,16,47.1,35.7,한국사료총서,58.3,삼국사기,22.6
熊浦,3,83,70,84.3,77.4,한국사료총서,100.0,조선왕조실록,22.6
徐州,3,44,37,84.1,77.4,승정원일기,100.0,한국사료총서,22.6
德谷,2,57,45,78.9,77.4,한국사료총서,100.0,승정원일기,22.6
故國,8,1115,7,0.6,0.0,고려사,22.6,삼국사기,22.6
四山城,2,34,7,20.6,0.0,조선왕조실록,22.6,승정원일기,22.6
南村,4,441,231,52.4,37.5,조선왕조실록,60.0,고순종실록,22.5
元巖,2,20,10,50.0,40.0,한국사료총서,62.5,승정원일기,22.5
龍仁,4,3340,2736,81.9,77.5,승정원일기,100.0,고순종실록,22.5
慶源城,2,22,12,54.5,40.0,한국사료총서,62.5,조선왕조실록,22.5
同安,3,136,30,22.1,10.8,조선왕조실록,33.3,승정원일기,22.5
八道四都,4,212,18,8.5,0.0,고순종실록,22.5,승정원일기,22.5
全州郡,3,56,25,44.6,40.0,승정원일기,62.5,한국사료총서,22.5
忠淸道舒川郡,2,46,44,95.7,75.0,한국사료총서,97.5,승정원일기,22.5
振威地,2,110,23,20.9,0.0,조선왕조실록,22.5,승정원일기,22.5
作仇非,2,85,20,23.5,0.0,한국사료총서,22.5,승정원일기,22.5
永嘉,5,291,35,12.0,0.0,고려사절요,22.4,한국사료총서,22.4
文登,4,100,33,33.0,18.8,승정원일기,41.2,조선왕조실록,22.4
建德,3,186,46,24.7,7.1,한국사료총서,29.6,승정원일기,22.4
蘆洞,4,144,130,90.3,77.6,한국사료총서,100.0,조선왕조실록,22.4
薊門,3,30,8,26.7,17.6,한국사료총서,40.0,조선왕조실록,22.4
西籍田,3,129,15,11.6,0.0,조선왕조실록,22.4,승정원일기,22.4
靈巖地,2,66,13,19.7,0.0,조선왕조실록,22.4,승정원일기,22.4
北闕,5,326,39,12.0,0.0,고려사,22.3,승정원일기,22.3
沙田,3,39,6,15.4,6.2,승정원일기,28.6,한국사료총서,22.3
旌,8,14827,2323,15.7,0.0,삼국유사,22.3,승정원일기,22.3
牙山,4,2569,2125,82.7,77.7,승정원일기,100.0,고순종실록,22.3
岱,6,1786,59,3.3,2.7,한국사료총서,25.0,고순종실록,22.3
津南,3,45,7,15.6,7.7,한국사료총서,30.0,승정원일기,22.3
上水,6,258,35,13.6,0.0,고려사,22.3,승정원일기,22.3
麻,8,13162,1901,14.4,3.1,고려사절요,25.5,고순종실록,22.3
西藩,5,636,118,18.6,0.0,고려사,22.3,승정원일기,22.3
中梁,3,80,35,43.8,25.0,한국사료총서,47.3,승정원일기,22.3
海,8,192136,51867,27.0,13.4,삼국유사,35.6,조선왕조실록,22.3
太僕寺,5,232,31,13.4,0.0,고려사,22.3,승정원일기,22.3
端川,4,2735,2305,84.3,77.7,승정원일기,100.0,고순종실록,22.3
關,8,131515,23091,17.6,0.0,삼국유사,22.3,승정원일기,22.3
義烈墓,2,51,44,86.3,66.7,조선왕조실록,88.9,승정원일기,22.2
大明國,3,54,3,5.6,0.0,승정원일기,22.2,한국사료총서,22.2
軫島,2,12,2,16.7,0.0,조선왕조실록,22.2,승정원일기,22.2
宣川防營,2,21,2,9.5,0.0,한국사료총서,22.2,승정원일기,22.2
健陵陵上,2,84,18,21.4,0.0,조선왕조실록,22.2,승정원일기,22.2
安東一,3,49,4,8.2,0.0,조선왕조실록,22.2,한국사료총서,22.2
江原道銀溪,2,14,12,85.7,77.8,승정원일기,100.0,조선왕조실록,22.2
五關,3,17,4,23.5,11.1,승정원일기,33.3,한국사료총서,22.2
忠州楊津倉,2,12,10,83.3,66.7,조선왕조실록,88.9,승정원일기,22.2
崇陵陵上,2,102,22,21.6,0.0,조선왕조실록,22.2,승정원일기,22.2
元山鎭,2,17,14,82.4,66.7,한국사료총서,88.9,승정원일기,22.2
古溫浦,3,15,13,86.7,77.8,한국사료총서,100.0,승정원일기,22.2
大曲,2,29,11,37.9,27.8,한국사료총서,50.0,승정원일기,22.2
栗峙,2,21,10,47.6,44.4,한국사료총서,66.7,승정원일기,22.2
濟陰,3,25,2,8.0,0.0,조선왕조실록,22.2,승정원일기,22.2
珍島牧場,2,34,6,17.6,0.0,조선왕조실록,22.2,승정원일기,22.2
彌島,3,115,110,95.7,77.8,한국사료총서,100.0,조선왕조실록,22.2
統監官邸,2,17,2,11.8,0.0,고순종실록,22.2,승정원일기,22.2
達新,2,40,2,5.0,0.0,승정원일기,22.2,한국사료총서,22.2
多利,3,56,5,8.9,0.0,한국사료총서,22.2,조선왕조실록,22.2
溫大,3,23,2,8.7,0.0,승정원일기,22.2,조선왕조실록,22.2
灣路,2,15,2,13.3,0.0,조선왕조실록,22.2,승정원일기,22.2
交子,3,125,2,1.6,0.0,승정원일기,22.2,조선왕조실록,22.2
柄谷,2,14,12,85.7,77.8,한국사료총서,100.0,조선왕조실록,22.2
金坡,2,14,6,42.9,33.3,한국사료총서,55.6,승정원일기,22.2
湯,8,74539,313,0.4,0.0,삼국유사,22.2,고려사절요,22.2
荊,7,3137,325,10.4,0.0,고려사절요,22.2,고순종실록,22.2
大食,4,33,2,6.1,0.0,고려사,22.2,한국사료총서,22.2
八道,6,5753,678,11.8,0.0,고려사,22.2,승정원일기,22.2
保州,3,35,30,85.7,77.8,고려사절요,100.0,한국사료총서,22.2
洞口橋,2,12,2,16.7,0.0,조선왕조실록,22.2,승정원일기,22.2
江都城,3,97,9,9.3,0.0,조선왕조실록,22.2,한국사료총서,22.2
孔子廟庭,2,18,2,11.1,0.0,조선왕조실록,22.2,승정원일기,22.2
南壝門,2,26,4,15.4,0.0,조선왕조실록,22.2,승정원일기,22.2
江原道杆城郡,2,44,41,93.2,75.0,조선왕조실록,97.2,승정원일기,22.2
延坪島,2,28,26,92.9,77.8,한국사료총서,100.0,승정원일기,22.2
南漢一城,2,12,2,16.7,0.0,조선왕조실록,22.2,승정원일기,22.2
金城地,2,15,2,13.3,0.0,조선왕조실록,22.2,승정원일기,22.2
米,8,101862,280,0.3,0.0,삼국유사,22.2,삼국사기,22.2
桃,8,3704,929,25.1,11.1,삼국유사,33.3,고려사절요,22.2
宗化,2,16,2,12.5,0.0,승정원일기,22.2,한국사료총서,22.2
佐洞,3,82,72,87.8,77.8,한국사료총서,100.0,조선왕조실록,22.2
中都,4,202,7,3.5,0.0,조선왕조실록,22.2,고려사,22.2
白帝,3,26,5,19.2,11.1,조선왕조실록,33.3,승정원일기,22.2
禾洞,2,13,11,84.6,77.8,한국사료총서,100.0,조선왕조실록,22.2
光和,3,22,3,13.6,0.0,삼국사기,22.2,한국사료총서,22.2
東庫,2,82,12,14.6,0.0,한국사료총서,22.2,승정원일기,22.2
江渚,3,20,2,10.0,0.0,승정원일기,22.2,한국사료총서,22.2
黃州地,2,90,16,17.8,0.0,조선왕조실록,22.2,승정원일기,22.2
昇天館,2,13,2,15.4,11.1,고려사,33.3,고려사절요,22.2
喬山,3,175,28,16.0,12.4,승정원일기,34.6,조선왕조실록,22.2
內州,5,61,7,11.5,0.0,고려사,22.2,조선왕조실록,22.2
興林,2,61,3,4.9,0.0,승정원일기,22.2,한국사료총서,22.2
準陽,4,136,2,1.5,0.0,고순종실록,22.2,조선왕조실록,22.2
甲山地,3,25,2,8.0,0.0,조선왕조실록,22.2,승정원일기,22.2
漆園,2,16,5,31.2,0.0,승정원일기,22.2,한국사료총서,22.2
德元,7,724,3,0.4,0.0,고려사,22.2,고려사절요,22.2
留都,6,5066,5,0.1,0.0,고려사,22.2,고순종실록,22.2
平河,3,172,3,1.7,0.0,승정원일기,22.2,한국사료총서,22.2
鶴林,3,315,11,3.5,0.4,승정원일기,22.6,한국사료총서,22.2
濟州·,2,78,4,5.1,0.0,승정원일기,22.2,한국사료총서,22.2
蔡州,3,23,19,82.6,77.8,승정원일기,100.0,조선왕조실록,22.2
倭館開市,2,16,2,12.5,0.0,한국사료총서,22.2,승정원일기,22.2
陽也串,2,15,12,80.0,77.8,승정원일기,100.0,조선왕조실록,22.2
通律,2,22,5,22.7,11.1,조선왕조실록,33.3,승정원일기,22.2
碧溪,3,34,4,11.8,0.0,고순종실록,22.2,승정원일기,22.2
舊校,3,22,4,18.2,0.0,조선왕조실록,22.2,한국사료총서,22.2
饒州,2,21,16,76.2,77.8,승정원일기,100.0,조선왕조실록,22.2
連山縣,3,704,144,20.5,17.8,승정원일기,40.0,조선왕조실록,22.2
泉流庫,3,94,20,21.3,0.0,한국사료총서,22.2,조선왕조실록,22.2
設里,2,18,3,16.7,0.0,조선왕조실록,22.2,승정원일기,22.2
朱子影堂,2,15,2,13.3,0.0,조선왕조실록,22.2,승정원일기,22.2
六一,4,547,9,1.6,0.0,고려사,22.2,조선왕조실록,22.2
興世,3,163,11,6.7,0.0,한국사료총서,22.2,조선왕조실록,22.2
兩西沿海,2,17,2,11.8,0.0,조선왕조실록,22.2,승정원일기,22.2
大漠,2,18,3,16.7,0.0,한국사료총서,22.2,승정원일기,22.2
靑湖,2,12,2,16.7,11.1,한국사료총서,33.3,조선왕조실록,22.2
新川,3,182,146,80.2,64.6,한국사료총서,86.7,승정원일기,22.1
吉,8,98284,7739,7.9,1.1,삼국사기,23.2,조선왕조실록,22.1
江院,2,73,3,4.1,2.9,한국사료총서,25.0,승정원일기,22.1
平壤地,4,204,36,17.6,0.0,고순종실록,22.1,승정원일기,22.1
海底,4,115,17,14.8,0.0,고순종실록,22.1,한국사료총서,22.1
含春苑,2,247,230,93.1,73.9,조선왕조실록,95.9,승정원일기,22.0
羅洞,3,55,40,72.7,64.7,한국사료총서,86.7,승정원일기,22.0
弘福,4,284,32,11.3,0.0,고려사,22.0,조선왕조실록,22.0
眞殿門,3,53,9,17.0,0.0,고려사,22.0,승정원일기,22.0
慈慶堂,2,44,35,79.5,78.0,승정원일기,100.0,조선왕조실록,22.0
沙器所,3,48,24,50.0,41.7,승정원일기,63.6,한국사료총서,22.0
平安道寧遠郡,2,39,36,92.3,75.0,한국사료총서,97.0,승정원일기,22.0
陽下,3,90,13,14.4,0.0,조선왕조실록,22.0,승정원일기,22.0
伏波,3,63,12,19.0,0.0,조선왕조실록,22.0,승정원일기,22.0
仍邑,3,57,10,17.5,0.0,승정원일기,22.0,조선왕조실록,22.0
西夾,3,285,47,16.5,0.0,조선왕조실록,22.0,승정원일기,22.0
德應房,2,97,34,35.1,32.6,승정원일기,54.5,조선왕조실록,22.0
古邑,3,249,41,16.5,6.0,조선왕조실록,28.0,한국사료총서,22.0
羅州地,3,137,23,16.8,0.0,조선왕조실록,21.9,승정원일기,21.9
方城,3,73,13,17.8,0.0,한국사료총서,21.9,승정원일기,21.9
坡州,4,5156,4188,81.2,78.1,승정원일기,100.0,고순종실록,21.9
涿,4,57,33,57.9,40.0,한국사료총서,61.9,승정원일기,21.9
豊田,2,37,7,18.9,0.0,한국사료총서,21.9,승정원일기,21.9
植松,5,669,116,17.3,0.0,고려사,21.9,조선왕조실록,21.9
王方,5,132,18,13.6,0.0,고려사,21.9,조선왕조실록,21.9
驪州,4,5195,4247,81.8,78.1,승정원일기,100.0,고순종실록,21.9
細洞,3,156,126,80.8,78.1,승정원일기,100.0,조선왕조실록,21.9
百花,3,113,22,19.5,4.8,승정원일기,26.7,조선왕조실록,21.9
小城,5,158,17,10.8,0.0,고려사,21.9,조선왕조실록,21.9
溪洞,3,75,54,72.0,62.5,한국사료총서,84.4,승정원일기,21.9
深北,4,96,15,15.6,0.0,고순종실록,21.9,승정원일기,21.9
統倉,2,22,3,13.6,6.7,조선왕조실록,28.6,승정원일기,21.9
泉,8,13598,3500,25.7,22.8,승정원일기,44.7,삼국사기,21.9
明政門外,3,280,54,19.3,0.0,조선왕조실록,21.9,승정원일기,21.9
慶熙宮內,2,37,7,18.9,0.0,조선왕조실록,21.9,승정원일기,21.9
平,8,342923,56751,16.5,12.0,승정원일기,33.9,고순종실록,21.8
京邑,4,97,12,12.4,0.0,고려사,21.8,승정원일기,21.8
顯忠,3,400,61,15.2,0.0,한국사료총서,21.8,조선왕조실록,21.8
大朔,3,36,25,69.4,60.0,한국사료총서,81.8,조선왕조실록,21.8
長洞,3,80,66,82.5,78.2,한국사료총서,100.0,조선왕조실록,21.8
鳳山郡,4,1301,328,25.2,24.2,승정원일기,45.9,한국사료총서,21.8
大王陵,4,766,152,19.8,0.0,고순종실록,21.8,승정원일기,21.8
濟州三邑,3,282,42,14.9,0.0,조선왕조실록,21.8,승정원일기,21.8
慶壽宮,3,303,236,77.9,78.2,승정원일기,100.0,고순종실록,21.8
浦江,3,42,14,33.3,18.2,한국사료총서,40.0,승정원일기,21.8
美川,2,28,5,17.9,0.0,삼국사기,21.7,한국사료총서,21.7
下東,4,339,36,10.6,0.0,고려사,21.7,한국사료총서,21.7
大坂城,3,63,39,61.9,58.3,조선왕조실록,80.0,승정원일기,21.7
古西,3,37,12,32.4,20.0,승정원일기,41.7,한국사료총서,21.7
倉洞,3,227,192,84.6,72.2,한국사료총서,93.9,승정원일기,21.7
城頭,4,150,22,14.7,0.0,고려사,21.7,한국사료총서,21.7
懷德縣,3,669,166,24.8,21.3,승정원일기,43.1,조선왕조실록,21.7
觀旂橋,2,95,75,78.9,78.3,승정원일기,100.0,조선왕조실록,21.7
內北,3,217,34,15.7,0.0,조선왕조실록,21.7,한국사료총서,21.7
咸興郡,4,70,37,52.9,45.0,승정원일기,66.7,고순종실록,21.7
佐里,3,36,30,83.3,78.3,한국사료총서,100.0,조선왕조실록,21.7
舊長陵,3,84,15,17.9,0.0,조선왕조실록,21.7,승정원일기,21.7
嶺外,4,1045,172,16.5,0.0,조선왕조실록,21.7,승정원일기,21.7
柳洞,2,64,50,78.1,71.1,한국사료총서,92.9,승정원일기,21.7
文德,7,1187,42,3.5,0.0,고려사,21.7,조선왕조실록,21.7
西邑,3,672,129,19.2,0.0,조선왕조실록,21.6,승정원일기,21.6
晝停所,4,2075,423,20.4,0.0,고순종실록,21.6,승정원일기,21.6
海美縣,4,1139,382,33.5,25.7,조선왕조실록,47.4,한국사료총서,21.6
沈橋,2,22,17,77.3,66.7,한국사료총서,88.2,승정원일기,21.6
鍾,7,91787,4642,5.1,0.0,삼국유사,21.6,조선왕조실록,21.6
鎭安大君,2,55,8,14.5,0.0,조선왕조실록,21.6,승정원일기,21.6
定安,5,344,19,5.5,0.0,승정원일기,21.6,한국사료총서,21.6
萬松,3,631,27,4.3,0.0,한국사료총서,21.6,승정원일기,21.6
全羅一道,3,83,8,9.6,0.0,조선왕조실록,21.6,승정원일기,21.6
冶爐縣,2,36,34,94.4,75.0,조선왕조실록,96.6,한국사료총서,21.6
領軍,7,3154,49,1.6,0.0,고려사,21.5,한국사료총서,21.5
大西,2,55,14,25.5,16.0,한국사료총서,37.5,승정원일기,21.5
觀旂,2,96,76,79.2,78.5,승정원일기,100.0,조선왕조실록,21.5
欽奉,6,1330,36,2.7,0.0,고려사,21.5,승정원일기,21.5
利,8,65988,4199,6.4,5.5,승정원일기,26.9,삼국사기,21.5
史閣,4,776,149,19.2,0.0,고순종실록,21.5,승정원일기,21.5
敬奉,5,6889,407,5.9,0.0,고려사,21.5,조선왕조실록,21.5
峨嵋,2,18,8,44.4,38.5,한국사료총서,60.0,승정원일기,21.5
乾川,3,263,175,66.5,58.5,한국사료총서,80.0,조선왕조실록,21.5
濟西,3,23,3,13.0,0.0,삼국사기,21.4,승정원일기,21.4
豊德,3,243,210,86.4,78.6,한국사료총서,100.0,조선왕조실록,21.4
昌樂驛,2,33,22,66.7,50.0,승정원일기,71.4,한국사료총서,21.4
德浦鎭,4,44,37,84.1,78.6,승정원일기,100.0,조선왕조실록,21.4
西虜,2,33,6,18.2,0.0,한국사료총서,21.4,조선왕조실록,21.4
板廛屛門,2,59,12,20.3,0.0,조선왕조실록,21.4,승정원일기,21.4
東陽,4,438,28,6.4,3.6,승정원일기,25.0,고려사,21.4
雲羅,2,12,4,33.3,28.6,승정원일기,50.0,조선왕조실록,21.4
深浦,2,13,8,61.5,50.0,한국사료총서,71.4,조선왕조실록,21.4
垈,4,1304,153,11.7,0.0,고순종실록,21.4,한국사료총서,21.4
左部,3,913,12,1.3,0.0,조선왕조실록,21.4,한국사료총서,21.4
靈沼,2,30,18,60.0,50.0,조선왕조실록,71.4,승정원일기,21.4
山海關外,3,32,3,9.4,0.0,조선왕조실록,21.4,승정원일기,21.4
大阜,4,223,193,86.5,78.6,한국사료총서,100.0,고순종실록,21.4
魚藻堂,2,20,17,85.0,78.6,승정원일기,100.0,조선왕조실록,21.4
南三道,2,20,3,15.0,0.0,조선왕조실록,21.4,승정원일기,21.4
淸冷,3,40,6,15.0,0.0,조선왕조실록,21.4,한국사료총서,21.4
三貴,2,34,6,17.6,0.0,승정원일기,21.4,한국사료총서,21.4
橫城縣,4,734,162,22.1,21.5,승정원일기,42.9,한국사료총서,21.4
淑嬪房,2,34,6,17.6,0.0,조선왕조실록,21.4,승정원일기,21.4
甕津郡,2,34,12,35.3,28.6,승정원일기,50.0,한국사료총서,21.4
紅箭門,4,3969,833,21.0,0.0,고순종실록,21.4,승정원일기,21.4
鼻,7,2192,183,8.3,0.0,고순종실록,21.4,고려사,21.4
癘壇,3,26,4,15.4,0.0,한국사료총서,21.4,승정원일기,21.4
四賢之祠,2,18,3,16.7,0.0,조선왕조실록,21.4,승정원일기,21.4
仁道,3,99,12,12.1,0.0,한국사료총서,21.4,조선왕조실록,21.4
景福宮內,4,88,12,13.6,0.0,고순종실록,21.4,승정원일기,21.4
公州城,2,11,7,63.6,50.0,승정원일기,71.4,한국사료총서,21.4
右倉,5,63,6,9.5,0.0,고려사,21.4,승정원일기,21.4
蓬萊宮,2,14,4,28.6,28.6,승정원일기,50.0,조선왕조실록,21.4
古營,3,27,4,14.8,0.0,승정원일기,21.4,조선왕조실록,21.4
射亭,3,109,13,11.9,0.0,조선왕조실록,21.4,한국사료총서,21.4
維州,2,19,16,84.2,78.6,승정원일기,100.0,조선왕조실록,21.4
滄州,2,11,7,63.6,50.0,승정원일기,71.4,한국사료총서,21.4
後門,3,331,53,16.0,0.0,한국사료총서,21.4,승정원일기,21.4
慈懿殿,2,40,7,17.5,5.9,승정원일기,27.3,조선왕조실록,21.4
咸興,4,5430,4640,85.5,78.6,한국사료총서,100.0,고순종실록,21.4
夫山,3,110,10,9.1,0.0,승정원일기,21.4,한국사료총서,21.4
停所,4,2112,425,20.1,0.0,고순종실록,21.4,승정원일기,21.4
愼獨齋,3,52,3,5.8,0.0,조선왕조실록,21.4,승정원일기,21.4
利川邑,2,29,13,44.8,35.7,한국사료총서,57.1,승정원일기,21.4
和柔翁主房,2,17,3,17.6,0.0,조선왕조실록,21.4,승정원일기,21.4
頭龍,2,14,5,35.7,28.6,한국사료총서,50.0,조선왕조실록,21.4
廣仁,4,48,4,8.3,0.0,고려사,21.4,조선왕조실록,21.4
北海道,2,17,14,82.4,78.6,한국사료총서,100.0,승정원일기,21.4
遼鎭,2,32,6,18.8,0.0,한국사료총서,21.4,조선왕조실록,21.4
按撫營,2,36,6,16.7,0.0,고순종실록,21.4,승정원일기,21.4
江邊六邑,2,25,3,12.0,0.0,조선왕조실록,21.4,승정원일기,21.4
平州,6,243,218,89.7,78.6,승정원일기,100.0,조선왕조실록,21.4
尙質,5,566,7,1.2,0.0,고려사절요,21.4,고려사,21.4
里社,3,137,17,12.4,0.0,조선왕조실록,21.3,한국사료총서,21.3
仁川地,4,294,58,19.7,0.0,고순종실록,21.3,승정원일기,21.3
箭門,4,4019,840,20.9,0.0,고순종실록,21.3,승정원일기,21.3
交河縣,3,327,57,17.4,12.5,승정원일기,33.8,조선왕조실록,21.3
間島,3,177,135,76.3,72.4,한국사료총서,93.8,고순종실록,21.3
滿洲,4,553,394,71.2,66.7,고순종실록,88.0,조선왕조실록,21.3
道,8,1151283,122301,10.6,5.3,삼국유사,26.6,조선왕조실록,21.3
碑閣,4,7268,1591,21.9,1.3,한국사료총서,22.6,승정원일기,21.3
本,8,626066,10352,1.7,0.0,고려사절요,21.3,고순종실록,21.3
西部字內,2,362,76,21.0,0.0,고순종실록,21.2,승정원일기,21.2
慶邑,2,18,7,38.9,25.0,승정원일기,46.2,한국사료총서,21.2
幽谷驛,2,17,10,58.8,33.3,조선왕조실록,54.5,한국사료총서,21.2
安陰縣,3,276,43,15.6,10.1,승정원일기,31.2,한국사료총서,21.2
南康軍,2,14,7,50.0,33.3,조선왕조실록,54.5,승정원일기,21.2
北兵營,4,535,95,17.8,0.0,고순종실록,21.2,승정원일기,21.2
凝川,3,46,24,52.2,33.3,조선왕조실록,54.5,한국사료총서,21.2
房州,2,26,21,80.8,78.9,승정원일기,100.0,조선왕조실록,21.1
越村,2,25,4,16.0,0.0,승정원일기,21.1,한국사료총서,21.1
下元,4,378,4,1.1,0.0,고려사,21.1,한국사료총서,21.1
衝天,4,58,5,8.6,0.0,고려사,21.1,조선왕조실록,21.1
錦川,4,141,21,14.9,0.0,고순종실록,21.1,한국사료총서,21.1
三淸洞,4,225,209,92.9,78.9,한국사료총서,100.0,고순종실록,21.1
平田,4,130,7,5.4,0.0,고려사,21.1,조선왕조실록,21.1
白華,3,115,10,8.7,3.9,승정원일기,25.0,조선왕조실록,21.1
濟牧,4,215,12,5.6,0.0,고순종실록,21.1,조선왕조실록,21.1
熊津,6,158,144,91.1,78.9,한국사료총서,100.0,삼국유사,21.1
懷,8,72689,3829,5.3,1.6,고려사절요,22.7,삼국사기,21.1
農圃,3,510,77,15.1,0.0,조선왕조실록,21.1,한국사료총서,21.1
蠻,6,1656,106,6.4,0.0,고려사,21.1,조선왕조실록,21.1
丘山,5,414,26,6.3,3.9,승정원일기,25.0,삼국사기,21.1
溫水縣,3,26,22,84.6,78.9,조선왕조실록,100.0,고려사절요,21.1
大竹,3,343,23,6.7,0.0,승정원일기,21.1,한국사료총서,21.1
艾,6,2777,92,3.3,0.0,고순종실록,21.1,고려사절요,21.1
三壯,3,154,5,3.2,0.0,조선왕조실록,21.1,한국사료총서,21.1
神室,4,744,143,19.2,0.0,고순종실록,21.0,승정원일기,21.0
永春,5,1019,637,62.5,59.0,승정원일기,80.0,고려사,21.0
永,8,210599,30649,14.6,0.0,삼국유사,21.0,조선왕조실록,21.0
永徽殿,2,331,265,80.1,79.0,승정원일기,100.0,조선왕조실록,21.0
昌嬪,2,209,33,15.8,0.0,조선왕조실록,21.0,승정원일기,21.0
道昌,3,1188,446,37.5,19.0,한국사료총서,40.0,승정원일기,21.0
水落,3,163,24,14.7,6.9,한국사료총서,27.9,조선왕조실록,21.0
麗春,2,107,100,93.5,75.0,조선왕조실록,96.0,승정원일기,21.0
北邑,4,262,48,18.3,0.0,고순종실록,20.9,승정원일기,20.9
富,8,23547,4026,17.1,2.3,고려사절요,23.2,고순종실록,20.9
猪島,3,29,25,86.2,71.4,한국사료총서,92.3,조선왕조실록,20.9
用鎭,3,164,7,4.3,2.1,승정원일기,23.1,조선왕조실록,20.9
龍飛,5,416,45,10.8,0.0,고려사,20.9,승정원일기,20.9
石階,3,26,4,15.4,7.7,승정원일기,28.6,조선왕조실록,20.9
義寧,3,34,5,14.7,7.7,조선왕조실록,28.6,한국사료총서,20.9
壽洞,2,48,40,83.3,74.1,한국사료총서,95.0,승정원일기,20.9
尺山,2,48,10,20.8,0.0,조선왕조실록,20.9,한국사료총서,20.9
用安,4,177,15,8.5,0.0,고순종실록,20.9,조선왕조실록,20.9
外東,3,345,47,13.6,0.0,조선왕조실록,20.8,한국사료총서,20.8
荊門,2,56,11,19.6,0.0,한국사료총서,20.8,승정원일기,20.8
中夏,4,139,6,4.3,0.0,승정원일기,20.8,조선왕조실록,20.8
長平鎭,2,13,11,84.6,66.7,고려사절요,87.5,고려사,20.8
平地,7,2206,348,15.8,0.0,고려사,20.8,승정원일기,20.8
欲知島,2,15,13,86.7,66.7,한국사료총서,87.5,조선왕조실록,20.8
麟州,4,51,45,88.2,79.2,고려사,100.0,한국사료총서,20.8
陽城地,2,102,20,19.6,0.0,조선왕조실록,20.8,승정원일기,20.8
水眞,2,19,5,26.3,12.5,승정원일기,33.3,한국사료총서,20.8
江亭,4,213,45,21.1,6.8,승정원일기,27.7,조선왕조실록,20.8
白羽,4,64,5,7.8,0.0,고순종실록,20.8,한국사료총서,20.8
巖丘,2,11,9,81.8,66.7,승정원일기,87.5,한국사료총서,20.8
川寧縣,2,29,21,72.4,66.7,조선왕조실록,87.5,한국사료총서,20.8
咸陽郡,4,498,107,21.5,16.7,한국사료총서,37.5,고순종실록,20.8
京內,6,147,20,13.6,0.0,고려사,20.8,승정원일기,20.8
羗胡,2,14,3,21.4,12.5,승정원일기,33.3,조선왕조실록,20.8
榮州,5,51,40,78.4,66.7,고려사,87.5,한국사료총서,20.8
淸州邑,2,13,2,15.4,12.5,승정원일기,33.3,한국사료총서,20.8
京畿開城府,2,58,46,79.3,79.2,승정원일기,100.0,조선왕조실록,20.8
馬洞,3,58,44,75.9,66.7,조선왕조실록,87.5,승정원일기,20.8
蔚山地,3,40,5,12.5,0.0,조선왕조실록,20.8,승정원일기,20.8
綿紬廛,4,129,11,8.5,0.0,고순종실록,20.8,승정원일기,20.8
豊基郡,3,105,26,24.8,12.5,한국사료총서,33.3,조선왕조실록,20.8
鄭國,5,624,8,1.3,0.0,고려사,20.7,조선왕조실록,20.7
濟仁,3,130,13,10.0,6.6,승정원일기,27.3,한국사료총서,20.7
三漕倉,3,125,23,18.4,0.0,고순종실록,20.7,승정원일기,20.7
德安府,2,35,7,20.0,0.0,고순종실록,20.7,승정원일기,20.7
寧固,3,100,83,83.0,76.0,한국사료총서,96.7,조선왕조실록,20.7
召,8,125064,406,0.3,0.1,고순종실록,20.7,삼국사기,20.7
龍壽,5,292,21,7.2,0.0,고려사,20.7,한국사료총서,20.7
北廳,2,28,2,7.1,4.3,승정원일기,25.0,한국사료총서,20.7
南石,3,111,19,17.1,0.0,조선왕조실록,20.7,한국사료총서,20.7
眞蕃,2,30,26,86.7,75.0,승정원일기,95.7,한국사료총서,20.7
布廛,4,212,38,17.9,0.0,고순종실록,20.7,승정원일기,20.7
興德縣,4,696,99,14.2,12.6,승정원일기,33.3,고순종실록,20.7
義山,3,223,7,3.1,0.0,승정원일기,20.7,한국사료총서,20.7
高陽地,3,738,194,26.3,6.2,조선왕조실록,27.0,승정원일기,20.7
升山,2,26,11,42.3,29.4,한국사료총서,50.0,승정원일기,20.6
多會,3,127,10,7.9,1.6,한국사료총서,22.2,조선왕조실록,20.6
廣梁鎭,3,21,15,71.4,57.1,한국사료총서,77.8,승정원일기,20.6
陜川郡,4,603,125,20.7,18.5,승정원일기,39.1,한국사료총서,20.6
仁政門內,2,49,7,14.3,0.0,조선왕조실록,20.6,승정원일기,20.6
元陵陵上,2,163,32,19.6,0.0,조선왕조실록,20.6,승정원일기,20.6
啓命,3,110,7,6.4,0.0,승정원일기,20.6,조선왕조실록,20.6
平山地,3,87,14,16.1,0.0,조선왕조실록,20.6,승정원일기,20.6
東將臺,3,77,64,83.1,66.7,고순종실록,87.3,승정원일기,20.6
六吾堂,2,38,14,36.8,20.0,조선왕조실록,40.6,승정원일기,20.6
綏陵陵上,2,66,13,19.7,0.0,고순종실록,20.6,승정원일기,20.6
靑邱,4,205,38,18.5,0.0,조선왕조실록,20.6,한국사료총서,20.6
京庫,2,27,4,14.8,6.7,승정원일기,27.3,조선왕조실록,20.6
關以北,2,45,7,15.6,0.0,조선왕조실록,20.6,승정원일기,20.6
縣村,2,82,32,39.0,22.2,승정원일기,42.9,한국사료총서,20.6
萬福,5,481,37,7.7,0.0,고려사,20.6,승정원일기,20.6
洞口,4,2802,456,16.3,0.0,고순종실록,20.5,승정원일기,20.5
祭基,2,45,36,80.0,79.5,승정원일기,100.0,조선왕조실록,20.5
遼薊,3,76,13,17.1,0.0,조선왕조실록,20.5,승정원일기,20.5
易安窩,2,15,9,60.0,54.5,승정원일기,75.0,조선왕조실록,20.5
瀛洲,3,116,52,44.8,30.8,한국사료총서,51.3,승정원일기,20.5
耶,8,145862,252,0.2,0.0,고순종실록,20.5,삼국사기,20.5
仁港,3,195,159,81.5,79.5,한국사료총서,100.0,승정원일기,20.5
永順,4,436,16,3.7,0.0,고순종실록,20.5,한국사료총서,20.5
別堂,4,358,41,11.5,0.0,고순종실록,20.5,승정원일기,20.5
車牛,3,135,15,11.1,7.3,조선왕조실록,27.8,한국사료총서,20.5
北部字內,2,296,60,20.3,0.0,고순종실록,20.5,승정원일기,20.5
西氷庫,3,1032,451,43.7,40.0,한국사료총서,60.4,조선왕조실록,20.4
昭,8,49778,9335,18.8,0.0,고려사절요,20.4,승정원일기,20.4
萬壽,6,1921,188,9.8,0.0,고려사절요,20.4,조선왕조실록,20.4
外若,4,562,11,2.0,0.0,고순종실록,20.4,한국사료총서,20.4
武夷,3,192,129,67.2,62.0,한국사료총서,82.4,조선왕조실록,20.4
卽墨,3,140,44,31.4,29.6,승정원일기,50.0,한국사료총서,20.4
城東,8,484,29,6.0,0.0,고려사,20.4,승정원일기,20.4
金浦地,2,106,20,18.9,0.0,조선왕조실록,20.4,승정원일기,20.4
後坪,2,74,25,33.8,26.9,한국사료총서,47.4,승정원일기,20.4
三井,4,148,15,10.1,0.0,고순종실록,20.4,한국사료총서,20.4
沔川地,2,63,11,17.5,0.0,조선왕조실록,20.4,승정원일기,20.4
英陽,4,921,766,83.2,79.6,승정원일기,100.0,고순종실록,20.4
泰,8,176384,7993,4.5,0.0,삼국유사,20.3,고려사,20.3
申聞鼓,3,584,12,2.1,0.0,승정원일기,20.3,조선왕조실록,20.3
耽羅,6,1472,1272,86.4,79.7,고려사절요,100.0,고순종실록,20.3
溱,6,254,16,6.3,0.0,고려사,20.3,승정원일기,20.3
京畿左道,2,203,172,84.7,78.2,승정원일기,98.5,조선왕조실록,20.3
村面,3,176,165,93.8,75.0,조선왕조실록,95.3,한국사료총서,20.3
丸都,2,41,20,48.8,35.7,삼국사기,56.0,한국사료총서,20.3
影殿,6,282,18,6.4,0.0,고려사,20.3,승정원일기,20.3
寺,8,63473,5270,8.3,0.0,고려사절요,20.2,조선왕조실록,20.2
三嘉縣,3,409,84,20.5,17.3,승정원일기,37.5,한국사료총서,20.2
京畿左右道,2,70,22,31.4,29.8,조선왕조실록,50.0,승정원일기,20.2
靉江,2,186,167,89.8,77.1,한국사료총서,97.4,승정원일기,20.2
龜城,5,1962,1207,61.5,59.8,조선왕조실록,80.0,고려사,20.2
平山縣,2,118,21,17.8,13.1,승정원일기,33.3,조선왕조실록,20.2
後谷,2,39,16,41.0,25.0,승정원일기,45.2,한국사료총서,20.2
狗蹲,2,26,23,88.5,75.0,조선왕조실록,95.2,승정원일기,20.2
明智,3,183,17,9.3,0.0,조선왕조실록,20.2,승정원일기,20.2
熱河,3,314,277,88.2,77.5,한국사료총서,97.6,조선왕조실록,20.1
福,8,85231,13967,16.4,0.0,삼국유사,20.1,고순종실록,20.1
湖藩,3,301,55,18.3,0.0,고순종실록,20.1,승정원일기,20.1
梨峴大路,2,8,1,12.5,0.0,조선왕조실록,20.0,승정원일기,20.0
金鷄,3,82,11,13.4,0.0,승정원일기,20.0,한국사료총서,20.0
仁達坊,3,27,26,96.3,80.0,조선왕조실록,100.0,한국사료총서,20.0
天奉,4,88,4,4.5,0.0,고려사,20.0,한국사료총서,20.0
平南之,2,11,1,9.1,0.0,승정원일기,20.0,한국사료총서,20.0
陽春,5,977,5,0.5,0.0,고순종실록,20.0,고려사,20.0
咸鏡道北靑府,2,94,93,98.9,80.0,조선왕조실록,100.0,승정원일기,20.0
匈國,2,9,1,11.1,0.0,조선왕조실록,20.0,한국사료총서,20.0
北道三,2,19,2,10.5,0.0,조선왕조실록,20.0,승정원일기,20.0
蜀州,2,17,15,88.2,80.0,승정원일기,100.0,고려사,20.0
南漢營,2,13,2,15.4,0.0,조선왕조실록,20.0,승정원일기,20.0
信州,4,40,35,87.5,80.0,한국사료총서,100.0,고려사절요,20.0
安福,4,129,1,0.8,0.0,고려사,20.0,조선왕조실록,20.0
麻洞,3,23,21,91.3,80.0,한국사료총서,100.0,조선왕조실록,20.0
鄭夢周書院,2,9,1,11.1,0.0,조선왕조실록,20.0,승정원일기,20.0
巫,8,3515,15,0.4,0.0,고려사,20.0,삼국사기,20.0
錦繡山,2,20,2,10.0,0.0,한국사료총서,20.0,승정원일기,20.0
德境,3,15,1,6.7,0.0,승정원일기,20.0,한국사료총서,20.0
江原道金化縣,2,61,60,98.4,80.0,조선왕조실록,100.0,승정원일기,20.0
儒州,3,17,15,88.2,80.0,고려사,100.0,조선왕조실록,20.0
道院,4,537,8,1.5,0.0,고순종실록,20.0,조선왕조실록,20.0
藥水洞,2,10,9,90.0,80.0,한국사료총서,100.0,조선왕조실록,20.0
管城郡,2,12,11,91.7,80.0,한국사료총서,100.0,고려사,20.0
湖南右沿,2,19,3,15.8,0.0,조선왕조실록,20.0,승정원일기,20.0
端川地,2,12,1,8.3,0.0,조선왕조실록,20.0,승정원일기,20.0
景孝殿神榻,2,13,2,15.4,0.0,고순종실록,20.0,승정원일기,20.0
兩川,3,26,1,3.8,0.0,승정원일기,20.0,조선왕조실록,20.0
火山,5,143,11,7.7,0.0,고려사,20.0,승정원일기,20.0
廣州一府,2,14,2,14.3,0.0,조선왕조실록,20.0,승정원일기,20.0
珍下,2,22,15,68.2,60.0,조선왕조실록,80.0,승정원일기,20.0
宣和,5,90,8,8.9,0.0,고려사,20.0,조선왕조실록,20.0
鵝眼,3,32,1,3.1,0.0,승정원일기,20.0,조선왕조실록,20.0
秦關,3,17,2,11.8,0.0,조선왕조실록,20.0,승정원일기,20.0
清道郡,2,9,8,88.9,80.0,삼국유사,100.0,삼국사기,20.0
果川長,2,10,1,10.0,0.0,승정원일기,20.0,조선왕조실록,20.0
大橋里,2,8,7,87.5,80.0,한국사료총서,100.0,승정원일기,20.0
龍宮人,2,44,1,2.3,0.0,한국사료총서,20.0,조선왕조실록,20.0
盧蘇齋,2,8,1,12.5,0.0,승정원일기,20.0,한국사료총서,20.0
咸鏡道定平地,2,13,2,15.4,0.0,조선왕조실록,20.0,승정원일기,20.0
濟州牧場,2,21,2,9.5,0.0,조선왕조실록,20.0,승정원일기,20.0
宋浚吉書院,2,10,1,10.0,0.0,조선왕조실록,20.0,승정원일기,20.0
王登,4,41,4,9.8,0.0,삼국사기,20.0,조선왕조실록,20.0
十州,4,1098,17,1.5,0.0,조선왕조실록,20.0,고순종실록,20.0
加豆,2,13,1,7.7,0.0,한국사료총서,20.0,조선왕조실록,20.0
參萬,3,15,1,6.7,0.0,승정원일기,20.0,조선왕조실록,20.0
芚夜面,2,12,11,91.7,80.0,승정원일기,100.0,한국사료총서,20.0
內江,3,54,6,11.1,0.0,한국사료총서,20.0,조선왕조실록,20.0
大楊,2,12,9,75.0,80.0,삼국사기,100.0,고려사,20.0
惠倉,2,10,1,10.0,0.0,한국사료총서,20.0,승정원일기,20.0
伏忽,2,12,11,91.7,80.0,한국사료총서,100.0,삼국사기,20.0
柳堤,3,42,4,9.5,0.0,승정원일기,20.0,조선왕조실록,20.0
岐城,3,15,14,93.3,80.0,한국사료총서,100.0,조선왕조실록,20.0
羽,8,30100,135,0.4,0.0,고순종실록,20.0,삼국유사,20.0
回具,2,8,1,12.5,0.0,한국사료총서,20.0,조선왕조실록,20.0
咸陽君,3,34,1,2.9,0.0,고려사,20.0,승정원일기,20.0
園邑,2,24,2,8.3,0.0,조선왕조실록,20.0,승정원일기,20.0
都督府,7,173,10,5.8,0.0,고려사절요,20.0,고려사,20.0
角乎,2,29,2,6.9,0.0,승정원일기,20.0,조선왕조실록,20.0
湯泉,3,55,7,12.7,0.0,승정원일기,20.0,조선왕조실록,20.0
彦,8,85359,1009,1.2,0.0,삼국사기,20.0,삼국유사,20.0
獮猴,3,17,1,5.9,0.0,승정원일기,20.0,조선왕조실록,20.0
厚信,3,25,1,4.0,0.0,승정원일기,20.0,조선왕조실록,20.0
登山浦,2,9,8,88.9,80.0,한국사료총서,100.0,승정원일기,20.0
好賢坊,3,26,24,92.3,80.0,한국사료총서,100.0,조선왕조실록,20.0
安城所,2,10,2,20.0,0.0,승정원일기,20.0,한국사료총서,20.0
高辛,2,13,1,7.7,0.0,승정원일기,20.0,한국사료총서,20.0
定淸,3,35,3,8.6,0.0,한국사료총서,20.0,승정원일기,20.0
師水,2,11,1,9.1,0.0,승정원일기,20.0,조선왕조실록,20.0
咸興都連浦,2,11,10,90.9,80.0,조선왕조실록,100.0,승정원일기,20.0
澠池,2,8,7,87.5,80.0,승정원일기,100.0,조선왕조실록,20.0
迎曙驛,2,48,38,79.2,80.0,조선왕조실록,100.0,승정원일기,20.0
海美船艙,2,9,1,11.1,0.0,조선왕조실록,20.0,승정원일기,20.0
安道平壤,3,244,241,98.8,80.0,한국사료총서,100.0,조선왕조실록,20.0
齋山,2,8,1,12.5,0.0,승정원일기,20.0,한국사료총서,20.0
甫吉島,3,31,29,93.5,80.0,승정원일기,100.0,조선왕조실록,20.0
五嶺,3,30,2,6.7,0.0,한국사료총서,20.0,조선왕조실록,20.0
輔養廳,3,91,1,1.1,0.0,승정원일기,20.0,고순종실록,20.0
咸興以北,2,42,3,7.1,0.0,조선왕조실록,20.0,승정원일기,20.0
渭州,4,23,21,91.3,80.0,고려사절요,100.0,한국사료총서,20.0
前谷,3,37,2,5.4,0.0,승정원일기,20.0,한국사료총서,20.0
梁山人,3,12,1,8.3,0.0,승정원일기,20.0,조선왕조실록,20.0
弘著,2,15,1,6.7,0.0,승정원일기,20.0,한국사료총서,20.0
東北海,2,18,2,11.1,0.0,조선왕조실록,20.0,승정원일기,20.0
思悼墓,2,28,2,7.1,0.0,한국사료총서,20.0,승정원일기,20.0
朗州,2,10,9,90.0,80.0,한국사료총서,100.0,조선왕조실록,20.0
忠原邑,2,8,1,12.5,0.0,한국사료총서,20.0,승정원일기,20.0
論山郡,2,14,2,14.3,0.0,조선왕조실록,20.0,승정원일기,20.0
夏徂秋,3,99,1,1.0,0.0,승정원일기,20.0,한국사료총서,20.0
□□城,2,10,1,10.0,0.0,한국사료총서,20.0,승정원일기,20.0
靈寶道場,2,16,1,6.2,0.0,고려사,20.0,조선왕조실록,20.0
勤政門內,2,59,1,1.7,0.0,조선왕조실록,20.0,승정원일기,20.0
江沱,3,45,7,15.6,0.0,한국사료총서,20.0,조선왕조실록,20.0
席洞,2,14,3,21.4,0.0,조선왕조실록,20.0,승정원일기,20.0
加注,2,12,1,8.3,0.0,승정원일기,20.0,조선왕조실록,20.0
仁政殿庭,3,224,21,9.4,0.0,조선왕조실록,20.0,승정원일기,20.0
萊蕪,3,19,1,5.3,0.0,승정원일기,20.0,한국사료총서,20.0
義城人,3,29,1,3.4,0.0,승정원일기,20.0,조선왕조실록,20.0
西北三道,3,16,1,6.2,0.0,조선왕조실록,20.0,승정원일기,20.0
古楊州面,2,15,14,93.3,80.0,한국사료총서,100.0,승정원일기,20.0
隱溝,3,86,2,2.3,0.0,조선왕조실록,20.0,한국사료총서,20.0
誠明坊,2,14,12,85.7,80.0,승정원일기,100.0,조선왕조실록,20.0
守城倉,2,36,5,13.9,0.0,한국사료총서,20.0,승정원일기,20.0
罷州,2,19,4,21.1,0.0,고려사,20.0,승정원일기,20.0
新定,6,1564,10,0.6,0.0,고려사절요,20.0,고려사,20.0
威島,3,41,39,95.1,80.0,한국사료총서,100.0,조선왕조실록,20.0
達摩洞,2,94,92,97.9,80.0,조선왕조실록,100.0,승정원일기,20.0
育嬰社,2,8,1,12.5,0.0,승정원일기,20.0,조선왕조실록,20.0
坪田,3,30,3,10.0,0.0,승정원일기,20.0,조선왕조실록,20.0
夫全,3,55,2,3.6,0.0,승정원일기,20.0,조선왕조실록,20.0
平凉,2,22,5,22.7,0.0,고려사,20.0,한국사료총서,20.0
燕獄,3,105,3,2.9,0.0,한국사료총서,20.0,승정원일기,20.0
鴨綠上流,3,12,1,8.3,0.0,조선왕조실록,20.0,승정원일기,20.0
長橋,3,60,3,5.0,0.0,고순종실록,20.0,승정원일기,20.0
下灘,3,49,2,4.1,0.0,승정원일기,20.0,조선왕조실록,20.0
濟物鎭,3,25,23,92.0,80.0,한국사료총서,100.0,조선왕조실록,20.0
淸暉門,2,14,12,85.7,80.0,승정원일기,100.0,조선왕조실록,20.0
法師,5,138,3,2.2,0.0,삼국사기,20.0,조선왕조실록,20.0
蕃胡,3,52,2,3.8,0.0,승정원일기,20.0,조선왕조실록,20.0
京釜鐵道,3,38,1,2.6,0.0,고순종실록,20.0,승정원일기,20.0
多德,2,10,1,10.0,0.0,승정원일기,20.0,한국사료총서,20.0
雄城,2,14,2,14.3,0.0,조선왕조실록,20.0,한국사료총서,20.0
平高,4,322,4,1.2,0.0,고순종실록,20.0,한국사료총서,20.0
長坡,3,96,95,99.0,80.0,한국사료총서,100.0,조선왕조실록,20.0
漢府,2,43,5,11.6,8.6,승정원일기,28.6,조선왕조실록,20.0
國内,2,41,7,17.1,0.0,삼국유사,20.0,삼국사기,20.0
金林,2,14,1,7.1,0.0,한국사료총서,20.0,승정원일기,20.0
欲知,6,1914,20,1.0,0.0,고순종실록,20.0,고려사절요,20.0
樂林,3,151,4,2.6,0.0,한국사료총서,20.0,조선왕조실록,20.0
雍門,2,13,1,7.7,0.0,한국사료총서,20.0,승정원일기,20.0
合德堤堰,2,17,1,5.9,0.0,조선왕조실록,20.0,승정원일기,20.0
今達,3,47,1,2.1,0.0,승정원일기,20.0,한국사료총서,20.0
塞門洞,2,17,16,94.1,80.0,한국사료총서,100.0,조선왕조실록,20.0
台州,4,25,22,88.0,80.0,한국사료총서,100.0,고려사,20.0
慶運堂,2,58,49,84.5,80.0,승정원일기,100.0,고순종실록,20.0
梁山泊,2,40,32,80.0,80.0,승정원일기,100.0,조선왕조실록,20.0
義兩邑,3,26,4,15.4,0.0,고순종실록,20.0,승정원일기,20.0
唐津人,2,9,1,11.1,0.0,승정원일기,20.0,조선왕조실록,20.0
阿干,4,43,2,4.7,0.0,고려사,20.0,조선왕조실록,20.0
松乃,2,11,1,9.1,0.0,한국사료총서,20.0,조선왕조실록,20.0
結城地,2,151,29,19.2,0.0,조선왕조실록,20.0,승정원일기,20.0
漢民,3,65,1,1.5,0.0,승정원일기,20.0,조선왕조실록,20.0
麟德,5,261,2,0.8,0.0,고순종실록,20.0,삼국사기,20.0
小春,3,37,1,2.7,0.0,승정원일기,20.0,조선왕조실록,20.0
露西,2,34,27,79.4,80.0,한국사료총서,100.0,고순종실록,20.0
管理廳,2,44,1,2.3,0.0,승정원일기,20.0,조선왕조실록,20.0
撲島,2,9,8,88.9,80.0,한국사료총서,100.0,조선왕조실록,20.0
竹基,2,8,7,87.5,80.0,한국사료총서,100.0,조선왕조실록,20.0
南西,6,436,20,4.6,0.0,고려사,20.0,고순종실록,20.0
巾車,3,22,2,9.1,0.0,한국사료총서,20.0,조선왕조실록,20.0
興農,3,33,4,12.1,0.0,조선왕조실록,20.0,한국사료총서,20.0
汶山,2,13,11,84.6,80.0,한국사료총서,100.0,조선왕조실록,20.0
咸平居,2,29,1,3.4,0.0,승정원일기,20.0,조선왕조실록,20.0
豊壤,4,63,58,92.1,80.0,고려사,100.0,승정원일기,20.0
蜀中,2,26,4,15.4,0.0,조선왕조실록,20.0,승정원일기,20.0
蒼梧之野,2,9,1,11.1,0.0,한국사료총서,20.0,승정원일기,20.0
於義洞本宮,2,51,8,15.7,0.0,조선왕조실록,20.0,승정원일기,20.0
皇堂,4,34,2,5.9,0.0,승정원일기,20.0,고순종실록,20.0
月郞,2,25,2,8.0,0.0,조선왕조실록,20.0,승정원일기,20.0
忠州長湖院,3,19,18,94.7,80.0,한국사료총서,100.0,승정원일기,20.0
和平翁主第,2,18,2,11.1,0.0,조선왕조실록,20.0,승정원일기,20.0
東明王陵,2,227,226,99.6,80.0,고순종실록,100.0,승정원일기,20.0
北峽,2,14,2,14.3,0.0,승정원일기,20.0,한국사료총서,20.0
西兩廡,2,14,1,7.1,0.0,조선왕조실록,20.0,승정원일기,20.0
新昌人,2,8,1,12.5,0.0,한국사료총서,20.0,조선왕조실록,20.0
沿江鎭堡,2,9,1,11.1,0.0,승정원일기,20.0,조선왕조실록,20.0
時利,3,59,2,3.4,0.0,승정원일기,20.0,한국사료총서,20.0
南門入,3,12,1,8.3,0.0,승정원일기,20.0,한국사료총서,20.0
馬令,3,24,1,4.2,0.0,승정원일기,20.0,조선왕조실록,20.0
宗威,2,15,1,6.7,0.0,조선왕조실록,20.0,승정원일기,20.0
七島,3,27,7,25.9,20.0,승정원일기,40.0,조선왕조실록,20.0
會兩邑,2,8,1,12.5,0.0,한국사료총서,20.0,승정원일기,20.0
近州,5,54,1,1.9,0.0,고려사,20.0,한국사료총서,20.0
陽德坊,2,19,17,89.5,80.0,승정원일기,100.0,조선왕조실록,20.0
金·南,2,16,1,6.2,0.0,승정원일기,20.0,한국사료총서,20.0
李瓊仝,2,354,1,0.3,0.0,조선왕조실록,20.0,한국사료총서,20.0
王儉城,2,14,12,85.7,80.0,한국사료총서,100.0,조선왕조실록,20.0
桂同,2,14,1,7.1,0.0,조선왕조실록,20.0,한국사료총서,20.0
林彦,5,69,2,2.9,0.0,고려사,20.0,한국사료총서,20.0
澗水,3,56,4,7.1,0.0,조선왕조실록,20.0,승정원일기,20.0
仁政殿東庭,2,9,1,11.1,0.0,조선왕조실록,20.0,승정원일기,20.0
定方,6,238,4,1.7,0.0,삼국사기,20.0,고려사,20.0
梁人,4,27,1,3.7,0.0,삼국사기,20.0,조선왕조실록,20.0
兾,2,9,1,11.1,0.0,고려사,20.0,삼국사기,20.0
揭陽,3,17,14,82.4,80.0,고려사,100.0,한국사료총서,20.0
湖西七邑,2,9,1,11.1,0.0,조선왕조실록,20.0,승정원일기,20.0
高乙那,3,15,1,6.7,0.0,승정원일기,20.0,한국사료총서,20.0
恭懿殿,3,111,8,7.2,0.0,한국사료총서,20.0,승정원일기,20.0
宗廟大門內,2,8,1,12.5,0.0,조선왕조실록,20.0,승정원일기,20.0
宗陵,4,116,4,3.4,0.0,고순종실록,20.0,승정원일기,20.0
中牟縣,4,19,18,94.7,80.0,조선왕조실록,100.0,한국사료총서,20.0
江原道旌善郡,2,27,26,96.3,80.0,조선왕조실록,100.0,승정원일기,20.0
越國,6,52,4,7.7,0.0,고려사,20.0,조선왕조실록,20.0
畿土,2,24,2,8.3,0.0,조선왕조실록,20.0,승정원일기,20.0
石假山,2,11,7,63.6,60.0,승정원일기,80.0,조선왕조실록,20.0
波澄,2,18,1,5.6,0.0,조선왕조실록,20.0,한국사료총서,20.0
豐慶宮,2,15,13,86.7,80.0,고순종실록,100.0,승정원일기,20.0
梨園,5,208,25,12.0,0.0,고려사,20.0,조선왕조실록,20.0
連原驛,2,54,51,94.4,80.0,조선왕조실록,100.0,승정원일기,20.0
·鎭岑,2,41,2,4.9,0.0,승정원일기,20.0,한국사료총서,20.0
儲承,2,178,151,84.8,80.0,승정원일기,100.0,조선왕조실록,20.0
敬天,6,2454,72,2.9,0.0,고순종실록,20.0,고려사절요,20.0
仁政殿月臺上,2,10,1,10.0,0.0,조선왕조실록,20.0,승정원일기,20.0
昌洞,3,18,17,94.4,80.0,한국사료총서,100.0,조선왕조실록,20.0
膠東,3,21,8,38.1,30.0,승정원일기,50.0,조선왕조실록,20.0
富潤,3,42,6,14.3,0.0,승정원일기,20.0,한국사료총서,20.0
峯鎭,3,52,43,82.7,80.0,승정원일기,100.0,조선왕조실록,20.0
陳良,4,123,20,16.3,0.0,고순종실록,20.0,승정원일기,20.0
興敎寺,2,17,13,76.5,80.0,조선왕조실록,100.0,승정원일기,20.0
滹沱,2,17,12,70.6,60.0,승정원일기,80.0,조선왕조실록,20.0
藍關,2,10,1,10.0,0.0,승정원일기,20.0,조선왕조실록,20.0
胡羯,2,21,1,4.8,0.0,승정원일기,20.0,조선왕조실록,20.0
魴魚津,2,10,7,70.0,60.0,승정원일기,80.0,한국사료총서,20.0
工二,4,138,4,2.9,0.0,승정원일기,20.0,고려사,20.0
鸞臺,2,10,1,10.0,0.0,조선왕조실록,20.0,승정원일기,20.0
全府,2,9,1,11.1,0.0,한국사료총서,20.0,승정원일기,20.0
敬德,5,851,74,8.7,0.0,고려사,20.0,고순종실록,20.0
松上,5,31,2,6.5,0.0,고려사,20.0,조선왕조실록,20.0
厖村,2,14,1,7.1,0.0,한국사료총서,20.0,승정원일기,20.0
央土里,2,21,20,95.2,80.0,한국사료총서,100.0,조선왕조실록,20.0
德咸,3,104,3,2.9,0.0,조선왕조실록,20.0,한국사료총서,20.0
迎中門,2,16,1,6.2,0.0,조선왕조실록,20.0,승정원일기,20.0
高內,3,36,4,11.1,0.0,승정원일기,20.0,한국사료총서,20.0
漆原郡,2,20,5,25.0,13.3,승정원일기,33.3,한국사료총서,20.0
祕苑,2,14,1,7.1,0.0,한국사료총서,20.0,승정원일기,20.0
京畿廣州地,2,991,133,13.4,13.4,승정원일기,33.3,조선왕조실록,20.0
公運,3,24,1,4.2,0.0,고려사,20.0,한국사료총서,20.0
平壤等地,3,21,1,4.8,0.0,조선왕조실록,20.0,승정원일기,20.0
弘文館近處,2,10,1,10.0,0.0,조선왕조실록,20.0,승정원일기,20.0
彌陀,3,39,4,10.3,0.0,삼국유사,20.0,조선왕조실록,20.0
明宗室,2,18,2,11.1,0.0,조선왕조실록,20.0,승정원일기,20.0
溫州,4,25,23,92.0,80.0,고려사,100.0,한국사료총서,20.0
金倉,2,10,9,90.0,80.0,한국사료총서,100.0,조선왕조실록,20.0
守城,6,2878,22,0.8,0.0,고순종실록,20.0,고려사,20.0
忠州民,2,16,1,6.2,0.0,승정원일기,20.0,조선왕조실록,20.0
桑村,2,10,1,10.0,0.0,승정원일기,20.0,한국사료총서,20.0
京仁鐵道,2,16,2,12.5,0.0,한국사료총서,20.0,고순종실록,20.0
漢晉,2,45,1,2.2,0.0,승정원일기,20.0,한국사료총서,20.0
南平地,2,17,2,11.8,0.0,조선왕조실록,20.0,승정원일기,20.0
梁國,3,59,1,1.7,0.0,승정원일기,20.0,조선왕조실록,20.0
緇帷,2,11,1,9.1,0.0,한국사료총서,20.0,승정원일기,20.0
都島,2,10,7,70.0,60.0,승정원일기,80.0,조선왕조실록,20.0
樂生,4,1144,80,7.0,0.0,고순종실록,20.0,조선왕조실록,20.0
中莊,2,11,1,9.1,0.0,조선왕조실록,20.0,한국사료총서,20.0
舍仁,2,13,2,15.4,0.0,승정원일기,20.0,한국사료총서,20.0
凌烟閣,2,9,7,77.8,80.0,승정원일기,100.0,조선왕조실록,20.0
蔚山牧,2,18,3,16.7,0.0,한국사료총서,20.0,승정원일기,20.0
淸川以南,2,11,1,9.1,0.0,조선왕조실록,20.0,승정원일기,20.0
府內面,2,39,35,89.7,80.0,승정원일기,100.0,한국사료총서,20.0
四歧,2,24,4,16.7,0.0,승정원일기,20.0,한국사료총서,20.0
村前,3,274,20,7.3,0.0,조선왕조실록,20.0,승정원일기,20.0
土坡,2,11,2,18.2,0.0,한국사료총서,20.0,승정원일기,20.0
板面,3,12,1,8.3,0.0,승정원일기,20.0,한국사료총서,20.0
伊水,2,12,2,16.7,0.0,한국사료총서,20.0,승정원일기,20.0
碑石,4,1119,37,3.3,0.0,고순종실록,20.0,한국사료총서,20.0
黃海道金郊,2,9,8,88.9,80.0,승정원일기,100.0,조선왕조실록,20.0
淸北諸郡,2,8,1,12.5,0.0,조선왕조실록,20.0,승정원일기,20.0
禮陽,4,65,3,4.6,0.0,고순종실록,20.0,승정원일기,20.0
草郞,2,73,2,2.7,0.0,승정원일기,20.0,조선왕조실록,20.0
永柔人,2,17,1,5.9,0.0,승정원일기,20.0,조선왕조실록,20.0
又城,5,27,1,3.7,0.0,고려사,20.0,승정원일기,20.0
一門,5,1922,17,0.9,0.0,고순종실록,20.0,고려사,20.0
龍田里,2,15,14,93.3,80.0,한국사료총서,100.0,승정원일기,20.0
潘,6,1758,118,6.7,0.0,고순종실록,20.0,고려사,20.0
山東人,3,39,1,2.6,0.0,승정원일기,20.0,조선왕조실록,20.0
上元,8,663,28,4.2,0.0,고려사,20.0,조선왕조실록,20.0
于大,7,15005,1,0.0,0.0,고려사,20.0,삼국사기,20.0
黃海道沿海,3,17,1,5.9,0.0,조선왕조실록,20.0,승정원일기,20.0
三太師祠,2,10,1,10.0,0.0,승정원일기,20.0,조선왕조실록,20.0
高梁,2,11,1,9.1,0.0,한국사료총서,20.0,승정원일기,20.0
胡山,3,41,2,4.9,0.0,한국사료총서,20.0,승정원일기,20.0
丹溪縣,2,12,11,91.7,80.0,조선왕조실록,100.0,승정원일기,20.0
下倉,3,51,4,7.8,0.0,한국사료총서,20.0,조선왕조실록,20.0
九河,3,30,3,10.0,0.0,조선왕조실록,20.0,승정원일기,20.0
沔城,3,24,1,4.2,0.0,조선왕조실록,20.0,고려사,20.0
塔里,2,8,7,87.5,80.0,한국사료총서,100.0,조선왕조실록,20.0
平壤城內,3,22,2,9.1,0.0,조선왕조실록,20.0,승정원일기,20.0
任山,4,75,1,1.3,0.0,고순종실록,20.0,한국사료총서,20.0
新校,2,15,1,6.7,0.0,한국사료총서,20.0,승정원일기,20.0
平安道平壤,3,244,240,98.4,80.0,한국사료총서,100.0,조선왕조실록,20.0
來鳳,3,94,2,2.1,0.0,승정원일기,20.0,조선왕조실록,20.0
信川地,2,21,3,14.3,0.0,조선왕조실록,20.0,승정원일기,20.0
金顯門,2,14,1,7.1,0.0,한국사료총서,20.0,승정원일기,20.0
蘭子,3,25,17,68.0,60.0,한국사료총서,80.0,조선왕조실록,20.0
南京人,2,17,1,5.9,0.0,승정원일기,20.0,조선왕조실록,20.0
陸九州,2,9,1,11.1,0.0,조선왕조실록,20.0,승정원일기,20.0
出雲,3,97,11,11.3,0.0,승정원일기,20.0,조선왕조실록,20.0
京城。,4,207,1,0.5,0.0,고순종실록,20.0,한국사료총서,20.0
完城,5,418,4,1.0,0.0,고려사,20.0,고순종실록,20.0
澗谷,3,38,3,7.9,0.0,조선왕조실록,20.0,한국사료총서,20.0
牛峯郡,2,15,14,93.3,80.0,조선왕조실록,100.0,고려사,20.0
海州縣,3,26,2,7.7,0.0,조선왕조실록,20.0,고려사,20.0
閱馬,3,23,2,8.7,0.0,승정원일기,20.0,조선왕조실록,20.0
臨東,3,82,2,2.4,0.0,승정원일기,20.0,한국사료총서,20.0
主善,3,48,2,4.2,0.0,승정원일기,20.0,한국사료총서,20.0
祥源,2,14,2,14.3,0.0,승정원일기,20.0,한국사료총서,20.0
圓丘,4,63,2,3.2,0.0,고려사,20.0,한국사료총서,20.0
韓州,4,21,19,90.5,80.0,고려사,100.0,조선왕조실록,20.0
寧塔,2,19,17,89.5,80.0,승정원일기,100.0,조선왕조실록,20.0
岳州,3,23,21,91.3,80.0,승정원일기,100.0,한국사료총서,20.0
江陵縣,2,58,11,19.0,0.0,조선왕조실록,20.0,승정원일기,20.0
成鄕,3,28,1,3.6,0.0,승정원일기,20.0,조선왕조실록,20.0
倉海,2,14,1,7.1,0.0,한국사료총서,20.0,승정원일기,20.0
徐無,2,13,2,15.4,0.0,조선왕조실록,20.0,승정원일기,20.0
上忽,3,44,4,9.1,0.0,승정원일기,20.0,한국사료총서,20.0
於富寧府,2,8,1,12.5,0.0,조선왕조실록,20.0,승정원일기,20.0
瑞山牧,2,9,1,11.1,0.0,승정원일기,20.0,한국사료총서,20.0
畿州,2,18,1,5.6,0.0,조선왕조실록,20.0,승정원일기,20.0
杜門,6,4149,90,2.2,0.0,고려사,20.0,고순종실록,20.0
溫王廟,2,20,18,90.0,80.0,조선왕조실록,100.0,승정원일기,20.0
長谷驛,2,11,10,90.9,80.0,한국사료총서,100.0,조선왕조실록,20.0
備前,4,143,4,2.8,0.0,고순종실록,20.0,조선왕조실록,20.0
內司僕,3,617,91,14.7,0.0,한국사료총서,20.0,승정원일기,20.0
餘美縣,2,11,10,90.9,80.0,조선왕조실록,100.0,고려사,20.0
守德,3,57,2,3.5,0.0,승정원일기,20.0,한국사료총서,20.0
南交,3,40,2,5.0,0.0,승정원일기,20.0,한국사료총서,20.0
木川邑,2,9,8,88.9,80.0,한국사료총서,100.0,승정원일기,20.0
居攝,3,30,2,6.7,0.0,승정원일기,20.0,조선왕조실록,20.0
安民,8,2526,43,1.7,0.0,고려사,20.0,삼국유사,20.0
長足驛,2,9,7,77.8,80.0,승정원일기,100.0,조선왕조실록,20.0
廳庫,3,217,3,1.4,0.0,한국사료총서,20.0,조선왕조실록,20.0
定平地,2,23,3,13.0,0.0,조선왕조실록,20.0,승정원일기,20.0
近湖,2,19,2,10.5,0.0,조선왕조실록,20.0,승정원일기,20.0
永志,2,9,1,11.1,0.0,승정원일기,20.0,한국사료총서,20.0
慶尙道醴泉地,2,54,10,18.5,0.0,조선왕조실록,20.0,승정원일기,20.0
平理院門外,2,8,1,12.5,0.0,고순종실록,20.0,승정원일기,20.0
山尺,3,76,4,5.3,0.0,조선왕조실록,20.0,한국사료총서,20.0
比山,3,19,2,10.5,0.0,승정원일기,20.0,조선왕조실록,20.0
驪城,4,140,6,4.3,0.0,고순종실록,20.0,한국사료총서,20.0
商,7,70715,884,1.3,0.0,고려사절요,20.0,삼국사기,20.0
玉,8,161302,2400,1.5,1.0,승정원일기,20.9,삼국사기,19.9
北漢管城,2,150,28,18.7,0.0,조선왕조실록,19.9,승정원일기,19.9
慈山郡,3,211,25,11.8,6.0,승정원일기,25.9,조선왕조실록,19.9
定山縣,4,497,73,14.7,13.5,승정원일기,33.3,고순종실록,19.9
集,8,71568,11283,15.8,0.0,고려사,19.8,승정원일기,19.8
開封,4,275,49,17.8,0.0,고순종실록,19.8,승정원일기,19.8
四郊,5,160,18,11.2,0.0,고려사,19.8,승정원일기,19.8
靑海,4,150,31,20.7,13.6,승정원일기,33.3,고순종실록,19.8
惠嬪宮,2,4779,17,0.4,0.2,승정원일기,20.0,조선왕조실록,19.8
北狄,5,137,15,10.9,0.0,고려사,19.7,조선왕조실록,19.7
下米廛,2,83,15,18.1,0.0,조선왕조실록,19.7,승정원일기,19.7
木川縣,3,590,133,22.5,20.3,조선왕조실록,40.0,한국사료총서,19.7
北京,6,4827,4455,92.3,76.9,고려사,96.5,승정원일기,19.6
平里,3,54,45,83.3,80.4,한국사료총서,100.0,조선왕조실록,19.6
原州,6,4172,3540,84.9,80.4,승정원일기,100.0,고순종실록,19.6
交柯,2,15,7,46.7,37.5,승정원일기,57.1,한국사료총서,19.6
北漢城內,2,49,9,18.4,0.0,조선왕조실록,19.6,승정원일기,19.6
濱,6,4689,359,7.7,2.6,승정원일기,22.2,한국사료총서,19.6
廣,8,72153,17153,23.8,7.4,삼국유사,27.0,고려사,19.6
場里,3,149,136,91.3,80.4,한국사료총서,100.0,고순종실록,19.6
坡地,2,29,4,13.8,9.1,승정원일기,28.6,조선왕조실록,19.5
倉,8,41772,5135,12.3,0.0,삼국유사,19.5,조선왕조실록,19.5
經筵廳,3,217,28,12.9,0.0,고순종실록,19.5,승정원일기,19.5
西市,2,36,7,19.4,9.1,조선왕조실록,28.6,승정원일기,19.5
山德,3,340,14,4.1,1.4,승정원일기,20.9,한국사료총서,19.5
直,8,683642,568,0.1,0.0,삼국유사,19.5,삼국사기,19.5
龍頭,3,441,102,23.1,12.0,조선왕조실록,31.5,한국사료총서,19.5
漢原,4,178,25,14.0,0.0,고순종실록,19.5,승정원일기,19.5
川邊,5,743,63,8.5,0.0,고려사,19.5,승정원일기,19.5
桂月,2,38,6,15.8,9.1,한국사료총서,28.6,승정원일기,19.5
北藩,4,302,52,17.2,0.0,고순종실록,19.5,승정원일기,19.5
靑川,3,65,22,33.8,21.7,조선왕조실록,41.2,승정원일기,19.4
定陶,3,62,6,9.7,0.0,조선왕조실록,19.4,승정원일기,19.4
尾,8,20293,435,2.1,0.0,삼국유사,19.4,고순종실록,19.4
阿,8,13906,2015,14.5,2.6,고려사절요,21.9,고순종실록,19.4
花村,2,33,20,60.6,55.6,한국사료총서,75.0,승정원일기,19.4
慶尙道咸陽郡,2,40,37,92.5,75.0,조선왕조실록,94.4,승정원일기,19.4
竝州,3,39,6,15.4,0.0,조선왕조실록,19.4,승정원일기,19.4
道淵,3,227,7,3.1,0.0,조선왕조실록,19.4,한국사료총서,19.4
臨風,3,116,20,17.2,0.0,승정원일기,19.4,한국사료총서,19.4
酒泉縣,2,30,27,90.0,75.0,조선왕조실록,94.4,한국사료총서,19.4
西學,6,1888,118,6.2,0.0,고려사,19.4,조선왕조실록,19.4
八域,4,3737,612,16.4,0.0,고순종실록,19.4,승정원일기,19.4
五江,3,64,8,12.5,0.0,조선왕조실록,19.4,승정원일기,19.4
新月,6,153,14,9.2,0.0,고려사,19.4,한국사료총서,19.4
紅衣島,2,17,11,64.7,55.6,한국사료총서,75.0,승정원일기,19.4
民洞,2,16,7,43.8,25.0,한국사료총서,44.4,승정원일기,19.4
靈星,3,126,20,15.9,0.0,한국사료총서,19.4,조선왕조실록,19.4
南所,4,1494,259,17.3,0.0,고순종실록,19.4,승정원일기,19.4
忠淸道內浦,2,17,11,64.7,55.6,승정원일기,75.0,조선왕조실록,19.4
鳳德,3,727,7,1.0,0.0,고순종실록,19.4,한국사료총서,19.4
克綏齋,2,300,291,97.0,78.6,조선왕조실록,97.9,승정원일기,19.3
滿浦鎭,3,141,118,83.7,80.7,조선왕조실록,100.0,한국사료총서,19.3
月良,2,35,11,31.4,12.5,승정원일기,31.8,한국사료총서,19.3
平虜鎭,2,20,14,70.0,62.5,고려사절요,81.8,고려사,19.3
仇於,3,58,8,13.8,4.5,한국사료총서,23.8,조선왕조실록,19.3
社,8,54108,7342,13.6,0.0,고려사절요,19.3,승정원일기,19.3
摛文院,3,829,646,77.9,64.1,조선왕조실록,83.3,고순종실록,19.3
石田,3,256,41,16.0,2.0,승정원일기,21.2,한국사료총서,19.2
陽玉,3,52,5,9.6,3.0,승정원일기,22.2,조선왕조실록,19.2
仁政殿階上,2,46,5,10.9,0.0,조선왕조실록,19.2,승정원일기,19.2
咸興地,3,167,29,17.4,0.0,한국사료총서,19.2,승정원일기,19.2
靑丘,3,487,25,5.1,2.6,승정원일기,21.8,한국사료총서,19.2
箕藩,2,45,5,11.1,0.0,한국사료총서,19.2,승정원일기,19.2
山梁,3,77,6,7.8,3.0,승정원일기,22.2,조선왕조실록,19.2
自作仇非,2,83,17,20.5,0.0,한국사료총서,19.2,승정원일기,19.2
殷,8,37766,2088,5.5,0.0,삼국유사,19.2,고순종실록,19.2
東嶺,4,69,7,10.1,0.0,고려사,19.2,승정원일기,19.2
周京,3,53,5,9.4,0.0,조선왕조실록,19.2,승정원일기,19.2
露西亞,2,29,24,82.8,80.8,한국사료총서,100.0,고순종실록,19.2
川谷,3,50,25,50.0,36.4,조선왕조실록,55.6,한국사료총서,19.2
道化,4,138,9,6.5,0.0,고순종실록,19.2,조선왕조실록,19.2
鍾樓街,2,51,19,37.3,22.2,조선왕조실록,41.5,승정원일기,19.2
淸璿,3,73,10,13.7,0.0,고순종실록,19.2,승정원일기,19.2
西廡,3,417,53,12.7,0.0,한국사료총서,19.2,승정원일기,19.2
淅,3,284,8,2.8,0.9,승정원일기,20.0,조선왕조실록,19.1
仁川,4,4117,3446,83.7,80.9,한국사료총서,100.0,고순종실록,19.1
盈,8,11366,1035,9.1,0.0,삼국유사,19.1,고순종실록,19.1
南島,3,40,4,10.0,5.9,승정원일기,25.0,한국사료총서,19.1
善,8,259341,5849,2.3,2.0,승정원일기,21.1,삼국사기,19.1
崇靈殿,3,527,427,81.0,80.9,승정원일기,100.0,조선왕조실록,19.1
觀津,2,25,3,12.0,5.9,승정원일기,25.0,조선왕조실록,19.1
葛古介,2,21,19,90.5,75.0,한국사료총서,94.1,승정원일기,19.1
瑞山地,3,222,39,17.6,0.0,조선왕조실록,19.1,승정원일기,19.1
安港,2,118,115,97.5,80.0,고순종실록,99.1,승정원일기,19.1
達賊,3,359,9,2.5,0.0,승정원일기,19.1,조선왕조실록,19.1
興仁門外,3,281,30,10.7,0.0,조선왕조실록,19.1,승정원일기,19.1
務安港,2,116,114,98.3,80.0,고순종실록,99.1,승정원일기,19.1
定戎鎭,2,11,9,81.8,66.7,한국사료총서,85.7,고려사,19.0
月臺下,2,70,12,17.1,0.0,조선왕조실록,19.0,승정원일기,19.0
芝島,3,34,30,88.2,81.0,한국사료총서,100.0,조선왕조실록,19.0
慈恩,6,344,69,20.1,14.3,한국사료총서,33.3,고려사절요,19.0
漢口,3,42,4,9.5,0.0,승정원일기,19.0,한국사료총서,19.0
於義兩宮,2,31,4,12.9,0.0,조선왕조실록,19.0,승정원일기,19.0
薺浦鎭,2,12,8,66.7,66.7,조선왕조실록,85.7,승정원일기,19.0
興富,3,51,16,31.4,22.2,한국사료총서,41.2,승정원일기,19.0
譜閣,3,396,327,82.6,81.0,승정원일기,100.0,고순종실록,19.0
蘭芝島,3,33,29,87.9,81.0,한국사료총서,100.0,조선왕조실록,19.0
大旺,2,16,12,75.0,66.7,한국사료총서,85.7,승정원일기,19.0
鳳頭,3,144,6,4.2,0.0,한국사료총서,19.0,조선왕조실록,19.0
溺水,4,222,11,5.0,0.0,고려사,19.0,조선왕조실록,19.0
江倉,3,395,80,20.3,7.1,한국사료총서,26.2,조선왕조실록,19.0
沮,8,12003,102,0.8,0.0,고려사,19.0,삼국사기,19.0
靑陵,3,100,6,6.0,0.0,한국사료총서,19.0,조선왕조실록,19.0
東門,6,2811,358,12.7,0.0,고려사,19.0,승정원일기,19.0
京畿竹山府,2,17,14,82.4,66.7,한국사료총서,85.7,승정원일기,19.0
璿源殿齋室,2,92,16,17.4,0.0,조선왕조실록,19.0,승정원일기,19.0
南朝,4,367,36,9.8,0.0,삼국유사,19.0,한국사료총서,19.0
海城,3,117,12,10.3,1.9,승정원일기,20.8,조선왕조실록,19.0
延豐郡,2,10,2,20.0,14.3,승정원일기,33.3,고순종실록,19.0
羽陵,2,13,10,76.9,66.7,고려사,85.7,한국사료총서,19.0
南內,3,47,12,25.5,17.4,승정원일기,36.4,조선왕조실록,19.0
宴享臺,2,27,4,14.8,0.0,조선왕조실록,19.0,승정원일기,19.0
下四里,2,10,2,20.0,14.3,한국사료총서,33.3,승정원일기,19.0
豊州,2,14,11,78.6,66.7,조선왕조실록,85.7,고려사,19.0
薊州,4,86,82,95.3,81.0,한국사료총서,100.0,조선왕조실록,19.0
造紙署洞,2,10,2,20.0,14.3,조선왕조실록,33.3,승정원일기,19.0
京畿沿路,2,26,4,15.4,0.0,조선왕조실록,19.0,승정원일기,19.0
原興,3,100,5,5.0,0.0,한국사료총서,19.0,조선왕조실록,19.0
奉仁,5,103,10,9.7,0.0,고려사,19.0,승정원일기,19.0
江干,3,259,8,3.1,0.0,승정원일기,19.0,한국사료총서,19.0
鐵山府,4,827,163,19.7,14.3,한국사료총서,33.3,고순종실록,19.0
社稷齋,2,66,10,15.2,0.0,조선왕조실록,18.9,승정원일기,18.9
滄浪,4,452,7,1.5,1.1,승정원일기,20.0,고순종실록,18.9
山壇,3,57,7,12.3,0.0,조선왕조실록,18.9,승정원일기,18.9
機張郡,2,26,8,30.8,21.1,승정원일기,40.0,한국사료총서,18.9
寒山,2,37,3,8.1,6.1,한국사료총서,25.0,승정원일기,18.9
壽春,5,169,14,8.3,0.0,고려사절요,18.9,승정원일기,18.9
內帑庫,3,76,10,13.2,0.0,조선왕조실록,18.9,승정원일기,18.9
嘉,8,66609,2822,4.2,1.1,고순종실록,20.0,삼국유사,18.9
北學,3,145,7,4.8,0.0,조선왕조실록,18.9,승정원일기,18.9
孤竹,3,168,39,23.2,11.7,승정원일기,30.6,한국사료총서,18.9
至德祠,2,45,38,84.4,81.1,승정원일기,100.0,조선왕조실록,18.9
仁嬪房,2,37,6,16.2,0.0,조선왕조실록,18.8,승정원일기,18.8
釜谷,3,22,19,86.4,81.2,한국사료총서,100.0,조선왕조실록,18.8
天禧,5,57,3,5.3,0.0,고려사,18.8,조선왕조실록,18.8
委曲,5,1942,151,7.8,0.0,고려사,18.8,고순종실록,18.8
承暉殿,2,20,17,85.0,81.2,승정원일기,100.0,조선왕조실록,18.8
下四道,2,26,3,11.5,0.0,조선왕조실록,18.8,승정원일기,18.8
豐恩府院君內外祠版,2,20,3,15.0,0.0,고순종실록,18.8,승정원일기,18.8
泮庭,2,22,3,13.6,0.0,조선왕조실록,18.8,승정원일기,18.8
西北沿邊,3,24,3,12.5,0.0,조선왕조실록,18.8,승정원일기,18.8
後晉,4,62,3,4.8,0.0,고려사,18.8,한국사료총서,18.8
德神,5,228,7,3.1,0.0,고려사,18.8,한국사료총서,18.8
日田,3,64,4,6.2,0.0,승정원일기,18.8,조선왕조실록,18.8
安元,6,123,3,2.4,0.0,고려사,18.8,조선왕조실록,18.8
良州,5,52,48,92.3,81.2,한국사료총서,100.0,조선왕조실록,18.8
燕雲,2,39,8,20.5,6.2,한국사료총서,25.0,승정원일기,18.8
畿府,2,20,3,15.0,0.0,조선왕조실록,18.8,승정원일기,18.8
石淵,3,23,3,13.0,0.0,승정원일기,18.8,한국사료총서,18.8
厚地,4,233,6,2.6,0.0,고순종실록,18.8,조선왕조실록,18.8
令山,3,101,4,4.0,0.0,승정원일기,18.8,한국사료총서,18.8
反上,3,45,3,6.7,0.0,승정원일기,18.8,조선왕조실록,18.8
回泰,4,867,144,16.6,0.0,고순종실록,18.8,승정원일기,18.8
安國,7,2980,193,6.5,0.0,고려사,18.8,고순종실록,18.8
江之南,3,36,3,8.3,0.0,조선왕조실록,18.8,승정원일기,18.8
南陽牧,2,20,3,15.0,0.0,조선왕조실록,18.8,승정원일기,18.8
典司,3,35,3,8.6,0.0,조선왕조실록,18.8,승정원일기,18.8
淸通,4,72,7,9.7,0.0,고순종실록,18.8,조선왕조실록,18.8
昌城地,2,24,3,12.5,0.0,조선왕조실록,18.8,승정원일기,18.8
芳林,4,36,33,91.7,81.2,한국사료총서,100.0,조선왕조실록,18.8
陸島,2,28,10,35.7,31.2,한국사료총서,50.0,승정원일기,18.8
橋山,3,43,13,30.2,18.8,조선왕조실록,37.5,한국사료총서,18.8
懿仁王后,4,478,56,11.7,0.0,고순종실록,18.7,승정원일기,18.7
臨,8,98896,3212,3.2,1.6,고순종실록,20.3,고려사,18.7
靑龍,5,1064,131,12.3,0.0,고려사,18.7,한국사료총서,18.7
隋城,3,111,65,58.6,42.9,조선왕조실록,61.5,한국사료총서,18.7
集瑞,2,70,61,87.1,72.7,조선왕조실록,91.4,승정원일기,18.7
集春門外,2,139,25,18.0,0.0,조선왕조실록,18.7,승정원일기,18.7
常山,3,231,24,10.4,5.5,조선왕조실록,24.2,승정원일기,18.7
蘆田,3,235,23,9.8,4.2,승정원일기,22.9,한국사료총서,18.7
東西道,3,104,14,13.5,0.0,고려사,18.7,승정원일기,18.7
於赤,3,314,23,7.3,1.7,승정원일기,20.4,조선왕조실록,18.7
慶尙一道,3,171,12,7.0,0.9,조선왕조실록,19.6,승정원일기,18.7
汝南,3,96,18,18.8,10.0,한국사료총서,28.6,조선왕조실록,18.6
國稷,3,99,13,13.1,0.0,조선왕조실록,18.6,승정원일기,18.6
忽面,2,23,17,73.9,71.4,한국사료총서,90.0,고려사,18.6
宋室,3,130,8,6.2,0.0,승정원일기,18.6,조선왕조실록,18.6
積善,6,213,24,11.3,0.0,고려사절요,18.6,한국사료총서,18.6
都西,4,38,11,28.9,16.7,조선왕조실록,35.3,승정원일기,18.6
端川府,4,907,432,47.6,46.2,한국사료총서,64.7,고순종실록,18.6
德山地,2,117,21,17.9,0.0,조선왕조실록,18.6,승정원일기,18.6
樹,8,15998,539,3.4,1.9,삼국유사,20.5,삼국사기,18.6
盛龍亭,2,53,8,15.1,0.0,한국사료총서,18.6,승정원일기,18.6
虜,8,9300,1062,11.4,0.0,고순종실록,18.6,조선왕조실록,18.6
東耤田,2,37,25,67.6,55.6,고순종실록,74.1,승정원일기,18.5
郊壇,3,710,121,17.0,0.0,조선왕조실록,18.5,승정원일기,18.5
桂洞,3,236,196,83.1,81.5,한국사료총서,100.0,고순종실록,18.5
安興城,2,30,15,50.0,48.1,승정원일기,66.7,조선왕조실록,18.5
東間,3,47,5,10.6,0.0,조선왕조실록,18.5,승정원일기,18.5
碧蹄,3,775,728,93.9,80.4,한국사료총서,98.9,조선왕조실록,18.5
泮中,4,677,94,13.9,0.0,고순종실록,18.5,승정원일기,18.5
靈巖郡,4,1361,551,40.5,38.7,승정원일기,57.1,고순종실록,18.5
夕陽,3,550,14,2.5,0.0,조선왕조실록,18.5,승정원일기,18.5
北鄙,7,286,9,3.1,0.0,고순종실록,18.5,고려사,18.5
金馬門,2,38,32,84.2,75.0,조선왕조실록,93.5,승정원일기,18.5
全州地,3,261,45,17.2,0.0,조선왕조실록,18.5,승정원일기,18.5
越津,3,74,6,8.1,0.0,조선왕조실록,18.5,한국사료총서,18.5
井泉,4,294,13,4.4,1.6,조선왕조실록,20.0,고려사,18.4
任實,5,1584,1216,76.8,73.9,한국사료총서,92.3,조선왕조실록,18.4
西籍,3,169,19,11.2,0.0,조선왕조실록,18.4,승정원일기,18.4
淸原,4,218,17,7.8,0.0,고려사,18.4,승정원일기,18.4
廣州山城,2,27,17,63.0,50.0,조선왕조실록,68.4,승정원일기,18.4
仁同縣,3,73,33,45.2,31.6,승정원일기,50.0,한국사료총서,18.4
河陵,2,49,7,14.3,0.0,승정원일기,18.4,조선왕조실록,18.4
扶桑,4,370,84,22.7,10.9,승정원일기,29.3,한국사료총서,18.4
憶昔窩,2,196,155,79.1,77.0,승정원일기,95.5,조선왕조실록,18.4
龍虎營,4,1421,249,17.5,0.0,고순종실록,18.4,승정원일기,18.4
七寶,5,113,9,8.0,0.0,고려사,18.4,조선왕조실록,18.4
宋,8,171683,5161,3.0,0.0,고려사,18.3,조선왕조실록,18.3
香港,3,124,104,83.9,81.7,한국사료총서,100.0,승정원일기,18.3
慈,8,89212,3487,3.9,2.5,삼국유사,20.7,고려사절요,18.3
鎭山城,2,20,3,15.0,6.7,승정원일기,25.0,조선왕조실록,18.3
宋朝,7,1607,118,7.3,0.0,고려사,18.3,조선왕조실록,18.3
海南縣,5,2664,1805,67.8,50.9,조선왕조실록,69.2,고순종실록,18.3
南原郡,3,55,21,38.2,31.7,승정원일기,50.0,고순종실록,18.3
近江,3,117,6,5.1,0.0,승정원일기,18.2,조선왕조실록,18.2
鎭平,3,33,3,9.1,0.0,한국사료총서,18.2,조선왕조실록,18.2
永柔郡,2,29,11,37.9,31.8,승정원일기,50.0,한국사료총서,18.2
池,8,13677,1305,9.5,6.1,고순종실록,24.3,삼국사기,18.2
紫陽,4,497,38,7.6,0.0,고순종실록,18.2,조선왕조실록,18.2
河東地,3,22,2,9.1,0.0,조선왕조실록,18.2,승정원일기,18.2
府南山,3,21,4,19.0,0.0,승정원일기,18.2,한국사료총서,18.2
靈興,5,83,78,94.0,81.8,조선왕조실록,100.0,고순종실록,18.2
泉臺,3,157,2,1.3,0.0,승정원일기,18.2,조선왕조실록,18.2
富平地,2,230,68,29.6,12.5,조선왕조실록,30.7,승정원일기,18.2
宜興,3,43,2,4.7,0.0,승정원일기,18.2,한국사료총서,18.2
興樂,3,39,2,5.1,0.0,조선왕조실록,18.2,승정원일기,18.2
昌德宮門,2,25,2,8.0,0.0,조선왕조실록,18.2,승정원일기,18.2
翰林院,6,312,2,0.6,0.0,고려사,18.2,승정원일기,18.2
平波,2,15,2,13.3,0.0,한국사료총서,18.2,조선왕조실록,18.2
放光,4,43,5,11.6,0.0,삼국유사,18.2,조선왕조실록,18.2
昌海,2,63,2,3.2,1.8,승정원일기,20.0,한국사료총서,18.2
善山府,4,808,120,14.9,0.0,고순종실록,18.2,한국사료총서,18.2
豆加,2,15,2,13.3,0.0,승정원일기,18.2,조선왕조실록,18.2
漢沛,2,17,2,11.8,0.0,한국사료총서,18.2,승정원일기,18.2
龍宮地,2,25,4,16.0,0.0,조선왕조실록,18.2,승정원일기,18.2
孝明殿,2,766,637,83.2,81.8,승정원일기,100.0,조선왕조실록,18.2
星,8,85115,3679,4.3,0.6,고려사,18.8,삼국유사,18.2
延昌,5,182,4,2.2,0.0,고순종실록,18.2,한국사료총서,18.2
踐土,2,15,2,13.3,0.0,한국사료총서,18.2,승정원일기,18.2
財,8,30751,8,0.0,0.0,고려사,18.2,삼국유사,18.2
瑯瑘,2,15,2,13.3,0.0,한국사료총서,18.2,승정원일기,18.2
臺灣,4,133,114,85.7,81.8,한국사료총서,100.0,조선왕조실록,18.2
駞駱山,2,36,33,91.7,81.8,승정원일기,100.0,조선왕조실록,18.2
仁回,2,29,2,6.9,0.0,조선왕조실록,18.2,한국사료총서,18.2
龍出,3,73,2,2.7,0.0,승정원일기,18.2,조선왕조실록,18.2
大千,3,44,2,4.5,0.0,승정원일기,18.2,한국사료총서,18.2
玉池,2,17,5,29.4,0.0,한국사료총서,18.2,조선왕조실록,18.2
奉門,3,17,2,11.8,0.0,조선왕조실록,18.2,승정원일기,18.2
絡山,3,29,2,6.9,0.0,승정원일기,18.2,조선왕조실록,18.2
奉壽堂,2,17,14,82.4,81.8,승정원일기,100.0,조선왕조실록,18.2
外黃,3,72,8,11.1,0.0,조선왕조실록,18.2,한국사료총서,18.2
鷄林府,4,41,4,9.8,0.0,승정원일기,18.2,한국사료총서,18.2
平近,2,30,2,6.7,0.0,한국사료총서,18.2,승정원일기,18.2
大東門,2,17,14,82.4,81.8,승정원일기,100.0,조선왕조실록,18.2
驪州人,3,23,2,8.7,0.0,승정원일기,18.2,조선왕조실록,18.2
昌原·,2,55,2,3.6,0.0,승정원일기,18.2,한국사료총서,18.2
觀城,3,100,2,2.0,0.0,승정원일기,18.2,한국사료총서,18.2
書香閣,3,743,712,95.8,81.8,조선왕조실록,100.0,고순종실록,18.2
靑平尉家,2,18,2,11.1,0.0,조선왕조실록,18.2,승정원일기,18.2
元主,3,91,2,2.2,0.0,승정원일기,18.2,조선왕조실록,18.2
晉陵,3,42,2,4.8,0.0,조선왕조실록,18.2,승정원일기,18.2
近西,4,303,7,2.3,0.0,고려사,18.2,한국사료총서,18.2
嵯峨,3,55,5,9.1,0.0,조선왕조실록,18.2,승정원일기,18.2
月光,4,635,19,3.0,0.0,고순종실록,18.2,조선왕조실록,18.2
慕華館池邊,2,36,4,11.1,0.0,조선왕조실록,18.2,승정원일기,18.2
慶與,5,99,2,2.0,0.0,고려사,18.2,한국사료총서,18.2
豐州,4,140,134,95.7,81.8,고려사절요,100.0,한국사료총서,18.2
開州,4,80,77,96.2,81.8,한국사료총서,100.0,고려사절요,18.2
雲吉,3,56,6,10.7,0.0,조선왕조실록,18.2,승정원일기,18.2
寧固塔,3,86,79,91.9,81.8,한국사료총서,100.0,조선왕조실록,18.2
大朔州,3,26,23,88.5,81.8,조선왕조실록,100.0,한국사료총서,18.2
海右,2,16,2,12.5,0.0,조선왕조실록,18.2,승정원일기,18.2
海州地,4,187,29,15.5,0.0,고순종실록,18.2,승정원일기,18.2
新溪等邑,2,20,2,10.0,0.0,조선왕조실록,18.2,승정원일기,18.2
鳴旨島,3,49,46,93.9,81.8,한국사료총서,100.0,조선왕조실록,18.2
宮南門,4,79,8,10.1,0.0,고려사,18.2,승정원일기,18.2
建業,3,19,3,15.8,0.0,조선왕조실록,18.2,승정원일기,18.2
夏門,3,27,2,7.4,0.0,조선왕조실록,18.2,승정원일기,18.2
三浪,3,53,47,88.7,77.8,한국사료총서,96.0,승정원일기,18.2
宣仁門外,4,160,25,15.6,0.0,고순종실록,18.2,승정원일기,18.2
李提督家,2,15,2,13.3,0.0,조선왕조실록,18.2,승정원일기,18.2
折衝,5,4655,2,0.0,0.0,고순종실록,18.2,고려사,18.2
長虹,3,41,2,4.9,0.0,승정원일기,18.2,조선왕조실록,18.2
中前所,2,23,2,8.7,0.0,한국사료총서,18.2,승정원일기,18.2
北靑門,2,14,12,85.7,81.8,승정원일기,100.0,조선왕조실록,18.2
曉義,3,36,2,5.6,0.0,승정원일기,18.2,조선왕조실록,18.2
圓明苑,2,18,9,50.0,44.4,한국사료총서,62.5,승정원일기,18.1
淸洪道,2,218,213,97.7,80.0,한국사료총서,98.1,조선왕조실록,18.1
樊,5,1045,97,9.3,0.0,고려사,18.1,한국사료총서,18.1
林新,3,63,3,4.8,1.9,승정원일기,20.0,조선왕조실록,18.1
檢山,3,71,10,14.1,8.6,조선왕조실록,26.7,승정원일기,18.1
集瑞門,2,63,60,95.2,80.0,조선왕조실록,98.1,승정원일기,18.1
壯洞,3,234,196,83.8,81.9,한국사료총서,100.0,조선왕조실록,18.1
徽,8,44473,6185,13.9,0.0,고려사,18.1,고순종실록,18.1
江原道春川府,2,111,108,97.3,80.0,조선왕조실록,98.1,승정원일기,18.1
保,8,94683,2037,2.2,1.9,승정원일기,20.0,삼국유사,18.1
通津府,4,979,128,13.1,11.6,승정원일기,29.6,고순종실록,18.0
頭,8,69073,1634,2.4,1.7,승정원일기,19.7,삼국사기,18.0
新坪,3,108,98,90.7,82.0,한국사료총서,100.0,승정원일기,18.0
中日廳,2,356,97,27.2,26.0,승정원일기,44.0,조선왕조실록,18.0
石隅,3,175,75,42.9,30.0,조선왕조실록,48.0,한국사료총서,18.0
朱陳,2,19,3,15.8,7.1,한국사료총서,25.0,승정원일기,17.9
通化縣,3,43,38,88.4,82.1,한국사료총서,100.0,승정원일기,17.9
南倭,4,94,10,10.6,0.0,삼국유사,17.9,조선왕조실록,17.9
北市,2,35,6,17.1,15.4,승정원일기,33.3,조선왕조실록,17.9
坡州防營,2,35,5,14.3,0.0,고순종실록,17.9,승정원일기,17.9
養性軒,2,48,40,83.3,82.1,승정원일기,100.0,조선왕조실록,17.9
北淸,2,69,41,59.4,52.5,한국사료총서,70.4,승정원일기,17.9
開府,7,495,25,5.1,0.0,고려사,17.9,승정원일기,17.9
舒川地,3,88,14,15.9,0.0,조선왕조실록,17.9,승정원일기,17.9
韓帝,2,51,22,43.1,30.8,고순종실록,48.6,한국사료총서,17.9
遠南,2,23,3,13.0,7.1,승정원일기,25.0,한국사료총서,17.9
迎華,2,223,182,81.6,82.1,승정원일기,100.0,조선왕조실록,17.9
居,8,162570,2650,1.6,0.0,삼국유사,17.9,삼국사기,17.9
肅寧殿,2,217,165,76.0,73.7,승정원일기,91.7,조선왕조실록,17.9
松坡津,3,57,48,84.2,82.1,승정원일기,100.0,조선왕조실록,17.9
畿境,2,74,12,16.2,0.0,조선왕조실록,17.9,승정원일기,17.9
大旌,2,11,7,63.6,57.1,승정원일기,75.0,조선왕조실록,17.9
郞古,2,47,22,46.8,33.3,한국사료총서,51.3,조선왕조실록,17.9
紫宸,4,91,8,8.8,0.0,고려사,17.9,조선왕조실록,17.9
宋山,2,59,7,11.9,7.1,승정원일기,25.0,한국사료총서,17.9
長亭,3,23,3,13.0,7.1,한국사료총서,25.0,조선왕조실록,17.9
啓運宮,3,156,25,16.0,0.0,한국사료총서,17.9,조선왕조실록,17.9
古浪,2,11,7,63.6,57.1,한국사료총서,75.0,승정원일기,17.9
梁,8,35032,6230,17.8,14.2,한국사료총서,32.1,삼국유사,17.9
北麓,3,137,7,5.1,0.0,조선왕조실록,17.9,승정원일기,17.9
鎭海郡,2,30,6,20.0,15.4,승정원일기,33.3,고순종실록,17.9
淸衍郡主,3,57,9,15.8,0.0,고순종실록,17.8,승정원일기,17.8
神門外,2,941,160,17.0,0.0,조선왕조실록,17.8,승정원일기,17.8
景和,2,134,16,11.9,0.0,한국사료총서,17.8,승정원일기,17.8
雲臺,3,380,95,25.0,18.4,한국사료총서,36.1,조선왕조실록,17.7
弘德,5,655,6,0.9,0.0,고려사,17.6,조선왕조실록,17.6
江鏡浦,2,22,19,86.4,82.4,한국사료총서,100.0,승정원일기,17.6
阿魯,5,68,3,4.4,0.0,고려사,17.6,조선왕조실록,17.6
時興,4,370,24,6.5,0.0,고순종실록,17.6,조선왕조실록,17.6
原通,3,32,4,12.5,0.0,승정원일기,17.6,조선왕조실록,17.6
西藏,3,47,41,87.2,82.4,한국사료총서,100.0,조선왕조실록,17.6
太廟門,2,87,13,14.9,0.0,조선왕조실록,17.6,승정원일기,17.6
露積,3,207,27,13.0,1.6,조선왕조실록,19.2,승정원일기,17.6
浦里,3,239,212,88.7,82.4,승정원일기,100.0,조선왕조실록,17.6
任南,4,344,7,2.0,0.0,고순종실록,17.6,한국사료총서,17.6
金堤地,2,20,3,15.0,0.0,조선왕조실록,17.6,승정원일기,17.6
加,8,334515,3462,1.0,0.6,승정원일기,18.2,삼국사기,17.6
方下,3,579,22,3.8,0.0,조선왕조실록,17.6,한국사료총서,17.6
田平,4,101,13,12.9,0.0,고순종실록,17.6,조선왕조실록,17.6
外四面,3,57,6,10.5,0.0,조선왕조실록,17.6,승정원일기,17.6
薪洞,2,21,18,85.7,82.4,한국사료총서,100.0,조선왕조실록,17.6
天市東垣,2,64,6,9.4,0.0,조선왕조실록,17.6,승정원일기,17.6
樓洞,2,39,32,82.1,82.4,한국사료총서,100.0,승정원일기,17.6
陰城郡,2,39,14,35.9,32.4,승정원일기,50.0,한국사료총서,17.6
好地,3,47,5,10.6,0.0,한국사료총서,17.6,조선왕조실록,17.6
島村,4,49,7,14.3,0.0,고순종실록,17.6,승정원일기,17.6
知鎭,3,75,12,16.0,0.0,한국사료총서,17.6,조선왕조실록,17.6
驪陽,4,509,30,5.9,0.0,고순종실록,17.6,한국사료총서,17.6
檜原,3,291,5,1.7,0.0,조선왕조실록,17.6,한국사료총서,17.6
東大門內,3,45,3,6.7,0.0,조선왕조실록,17.6,승정원일기,17.6
河城,3,278,8,2.9,0.0,한국사료총서,17.6,승정원일기,17.6
福城,4,235,14,6.0,0.0,고순종실록,17.6,한국사료총서,17.6
吳中,5,52,4,7.7,0.0,고려사,17.6,승정원일기,17.6
東南門,3,37,3,8.1,0.0,조선왕조실록,17.6,승정원일기,17.6
三昧,4,86,4,4.7,0.0,삼국유사,17.6,조선왕조실록,17.6
春塘臺池邊,2,20,3,15.0,0.0,조선왕조실록,17.6,승정원일기,17.6
風雲,5,1440,124,8.6,0.0,고려사,17.5,승정원일기,17.5
漢洞,3,17,12,70.6,62.5,한국사료총서,80.0,조선왕조실록,17.5
尼山縣,3,280,60,21.4,18.2,승정원일기,35.7,한국사료총서,17.5
弱水,3,89,19,21.3,11.1,한국사료총서,28.6,조선왕조실록,17.5
小島,4,335,20,6.0,0.0,고순종실록,17.5,한국사료총서,17.5
箭串場,2,34,5,14.7,11.1,승정원일기,28.6,조선왕조실록,17.5
墨寺洞,3,37,33,89.2,77.8,한국사료총서,95.2,승정원일기,17.5
勝母,2,37,12,32.4,28.0,승정원일기,45.5,조선왕조실록,17.5
戾園,2,13,9,69.2,62.5,조선왕조실록,80.0,승정원일기,17.5
感古,4,92,13,14.1,0.0,한국사료총서,17.5,승정원일기,17.5
沂水,2,20,5,25.0,12.5,한국사료총서,30.0,승정원일기,17.5
昭儀,4,171,16,9.4,0.0,고순종실록,17.5,승정원일기,17.5
陽府,7,5985,1078,18.0,15.9,조선왕조실록,33.3,삼국유사,17.5
宣大,4,277,11,4.0,0.0,고순종실록,17.5,조선왕조실록,17.5
近東,5,599,9,1.5,0.0,고려사,17.5,한국사료총서,17.5
大隱巖,2,22,18,81.8,66.7,조선왕조실록,84.2,승정원일기,17.5
善洞,2,23,18,78.3,71.4,한국사료총서,88.9,승정원일기,17.5
葛麻,2,26,19,73.1,64.3,한국사료총서,81.8,승정원일기,17.5
六驛,2,113,4,3.5,0.0,승정원일기,17.4,조선왕조실록,17.4
玄冥,3,73,5,6.8,0.0,한국사료총서,17.4,조선왕조실록,17.4
八州,3,52,4,7.7,0.0,조선왕조실록,17.4,승정원일기,17.4
樂,8,112663,2840,2.5,1.2,고려사,18.6,삼국사기,17.4
太吉,2,31,4,12.9,0.0,승정원일기,17.4,조선왕조실록,17.4
柳下,3,244,8,3.3,0.0,승정원일기,17.4,한국사료총서,17.4
北江,3,60,5,8.3,0.0,조선왕조실록,17.4,승정원일기,17.4
龍眼,3,123,6,4.9,0.0,승정원일기,17.4,한국사료총서,17.4
拱辰,5,624,59,9.5,0.0,고려사,17.4,승정원일기,17.4
大鼓,3,45,4,8.9,0.0,조선왕조실록,17.4,승정원일기,17.4
丹月,3,52,47,90.4,82.6,한국사료총서,100.0,승정원일기,17.4
營庫,4,400,47,11.8,0.0,고순종실록,17.4,승정원일기,17.4
把子前橋,2,17,2,11.8,7.7,승정원일기,25.0,조선왕조실록,17.3
小山,4,153,19,12.4,0.0,고순종실록,17.3,승정원일기,17.3
退溪院,2,35,31,88.6,75.0,한국사료총서,92.3,승정원일기,17.3
武知浦,2,21,18,85.7,75.0,한국사료총서,92.3,승정원일기,17.3
書齋,5,220,24,10.9,0.0,고려사,17.3,승정원일기,17.3
紬廛,4,178,17,9.6,0.0,고순종실록,17.3,승정원일기,17.3
西門,7,1900,192,10.1,0.0,고려사,17.3,승정원일기,17.3
立石,6,660,59,8.9,0.0,고려사절요,17.3,한국사료총서,17.3
咸鏡一道,3,125,9,7.2,0.0,조선왕조실록,17.3,승정원일기,17.3
甲兩邑,2,73,10,13.7,0.0,조선왕조실록,17.2,승정원일기,17.2
全羅道錦山郡,2,70,64,91.4,75.0,조선왕조실록,92.2,승정원일기,17.2
觀德,3,435,15,3.4,0.4,승정원일기,17.6,조선왕조실록,17.2
中和郡,2,67,31,46.3,35.7,승정원일기,52.9,조선왕조실록,17.2
淳昌地,2,35,5,14.3,0.0,한국사료총서,17.2,승정원일기,17.2
瑞蔥臺,2,824,765,92.8,76.7,조선왕조실록,94.0,승정원일기,17.2
間道,4,288,12,4.2,0.0,고려사절요,17.2,한국사료총서,17.2
常鎭,2,76,3,3.9,2.9,승정원일기,20.0,조선왕조실록,17.1
葛田,2,73,61,83.6,82.9,한국사료총서,100.0,승정원일기,17.1
陽河,2,41,7,17.1,0.0,승정원일기,17.1,한국사료총서,17.1
景德宮,2,44,36,81.8,82.9,승정원일기,100.0,조선왕조실록,17.1
靑安,2,15,8,53.3,40.0,한국사료총서,57.1,조선왕조실록,17.1
鷗浦,2,42,38,90.5,80.0,조선왕조실록,97.1,승정원일기,17.1
武甲,3,108,15,13.9,0.0,한국사료총서,17.1,승정원일기,17.1
亞,6,15723,180,1.1,0.0,고려사,17.1,한국사료총서,17.1
風月亭,2,26,12,46.2,40.0,조선왕조실록,57.1,승정원일기,17.1
順天郡,3,115,31,27.0,25.7,승정원일기,42.9,한국사료총서,17.1
龜州,5,118,106,89.8,82.9,고려사,100.0,승정원일기,17.1
玉山府,2,45,6,13.3,0.0,조선왕조실록,17.1,승정원일기,17.1
遲遲,5,656,83,12.7,0.0,고려사,17.1,승정원일기,17.1
泥峴,6,194,168,86.6,82.9,한국사료총서,100.0,고순종실록,17.1
社門,2,54,7,13.0,0.0,한국사료총서,17.1,승정원일기,17.1
忠淸一道,2,86,7,8.1,0.0,조선왕조실록,17.1,승정원일기,17.1
栽松,3,76,10,13.2,0.0,승정원일기,17.0,조선왕조실록,17.0
彭城,3,52,28,53.8,45.5,조선왕조실록,62.5,한국사료총서,17.0
京闕,5,372,55,14.8,0.0,고려사,17.0,승정원일기,17.0
德通,3,56,16,28.6,14.3,승정원일기,31.2,조선왕조실록,17.0
山內,4,326,44,13.5,8.0,승정원일기,25.0,고순종실록,17.0
陵山,4,283,20,7.1,0.0,고순종실록,17.0,조선왕조실록,17.0
京營,4,852,102,12.0,0.0,고순종실록,17.0,승정원일기,17.0
東神門,2,466,211,45.3,28.6,조선왕조실록,45.5,승정원일기,17.0
國社,5,189,18,9.5,0.0,고려사,17.0,승정원일기,17.0
黃水,3,220,17,7.7,1.9,한국사료총서,18.9,조선왕조실록,17.0
曲水,3,63,5,7.9,3.0,승정원일기,20.0,조선왕조실록,17.0
上林苑,2,60,45,75.0,62.5,조선왕조실록,79.5,승정원일기,17.0
閩越,2,29,10,34.5,12.5,한국사료총서,29.4,승정원일기,16.9
天安府,4,45,36,80.0,70.6,고려사,87.5,조선왕조실록,16.9
府東,5,1830,42,2.3,0.0,고려사,16.9,승정원일기,16.9
奴,8,76393,1318,1.7,0.0,고려사절요,16.9,삼국사기,16.9
漢朝,4,1109,11,1.0,0.0,고순종실록,16.9,조선왕조실록,16.9
開封府,2,19,14,73.7,60.0,조선왕조실록,76.9,승정원일기,16.9
加麻,4,132,16,12.1,0.0,고순종실록,16.9,한국사료총서,16.9
屯山,2,45,7,15.6,10.3,한국사료총서,27.3,조선왕조실록,16.9
於義洞,3,330,297,90.0,75.6,한국사료총서,92.3,승정원일기,16.8
西夾門,3,139,21,15.1,0.0,조선왕조실록,16.8,승정원일기,16.8
天池,2,25,4,16.0,11.8,한국사료총서,28.6,조선왕조실록,16.8
咸鏡道甲山府,2,107,102,95.3,80.0,조선왕조실록,96.8,승정원일기,16.8
正堂,4,1301,180,13.8,0.0,고순종실록,16.8,승정원일기,16.8
昭寧墓,2,36,34,94.4,80.0,조선왕조실록,96.8,승정원일기,16.8
新島,3,183,14,7.7,3.2,한국사료총서,20.0,승정원일기,16.8
伐州,3,22,20,90.9,83.3,조선왕조실록,100.0,한국사료총서,16.7
作洞,2,14,7,50.0,33.3,승정원일기,50.0,한국사료총서,16.7
待聘,4,26,2,7.7,0.0,고려사,16.7,조선왕조실록,16.7
大項,2,11,2,18.2,0.0,승정원일기,16.7,한국사료총서,16.7
大眞,3,45,3,6.7,0.0,조선왕조실록,16.7,한국사료총서,16.7
咸鏡四道,3,15,1,6.7,0.0,고순종실록,16.7,승정원일기,16.7
"昌樂,",2,20,2,10.0,0.0,승정원일기,16.7,한국사료총서,16.7
保寧府,2,35,6,17.1,16.7,승정원일기,33.3,고순종실록,16.7
內林,2,12,1,8.3,0.0,승정원일기,16.7,한국사료총서,16.7
關門,4,175,9,5.1,0.0,승정원일기,16.7,고려사,16.7
說命三篇,2,12,1,8.3,0.0,한국사료총서,16.7,승정원일기,16.7
缶溪,2,26,24,92.3,83.3,한국사료총서,100.0,조선왕조실록,16.7
古堡,2,12,6,50.0,50.0,한국사료총서,66.7,조선왕조실록,16.7
慕宮樂,2,31,4,12.9,0.0,조선왕조실록,16.7,승정원일기,16.7
城陽,3,16,8,50.0,50.0,고려사,66.7,한국사료총서,16.7
柳河,3,1005,5,0.5,0.0,승정원일기,16.7,한국사료총서,16.7
硫黃島,2,7,3,42.9,33.3,한국사료총서,50.0,조선왕조실록,16.7
位羅鎭,2,29,22,75.9,66.7,조선왕조실록,83.3,승정원일기,16.7
南海子,2,9,5,55.6,50.0,한국사료총서,66.7,조선왕조실록,16.7
九夷,5,86,6,7.0,0.0,삼국사기,16.7,승정원일기,16.7
洋,7,12851,300,2.3,0.0,삼국유사,16.7,고려사절요,16.7
鳳巖,3,62,35,56.5,50.0,승정원일기,66.7,조선왕조실록,16.7
街口,2,11,1,9.1,0.0,승정원일기,16.7,한국사료총서,16.7
淸渠,2,8,5,62.5,50.0,조선왕조실록,66.7,한국사료총서,16.7
黃潤,3,190,3,1.6,0.0,조선왕조실록,16.7,한국사료총서,16.7
淸侍郞,3,16,1,6.2,0.0,승정원일기,16.7,조선왕조실록,16.7
豆峙,2,20,18,90.0,83.3,한국사료총서,100.0,승정원일기,16.7
中底,2,19,1,5.3,0.0,승정원일기,16.7,한국사료총서,16.7
忠翼公鄭崑壽,2,12,1,8.3,0.0,조선왕조실록,16.7,승정원일기,16.7
文臨,2,17,1,5.9,0.0,승정원일기,16.7,조선왕조실록,16.7
壯巖,2,7,4,57.1,50.0,한국사료총서,66.7,조선왕조실록,16.7
忽軍,2,9,1,11.1,0.0,승정원일기,16.7,조선왕조실록,16.7
回浦,2,17,15,88.2,83.3,승정원일기,100.0,한국사료총서,16.7
辰山,3,16,1,6.2,0.0,승정원일기,16.7,한국사료총서,16.7
日本軍,4,97,1,1.0,0.0,고순종실록,16.7,조선왕조실록,16.7
春陽面,2,17,16,94.1,83.3,한국사료총서,100.0,승정원일기,16.7
顯隆園局內,2,15,2,13.3,0.0,조선왕조실록,16.7,승정원일기,16.7
海岱,2,30,4,13.3,0.0,한국사료총서,16.7,승정원일기,16.7
紀忠,2,16,6,37.5,33.3,승정원일기,50.0,조선왕조실록,16.7
阿蘭陁,2,11,10,90.9,83.3,한국사료총서,100.0,조선왕조실록,16.7
慈仁等邑,2,9,1,11.1,0.0,조선왕조실록,16.7,승정원일기,16.7
陵漢,2,8,4,50.0,33.3,조선왕조실록,50.0,승정원일기,16.7
延日郡,2,36,9,25.0,23.3,승정원일기,40.0,한국사료총서,16.7
維世,2,24,1,4.2,0.0,승정원일기,16.7,한국사료총서,16.7
置山,3,107,2,1.9,0.0,승정원일기,16.7,한국사료총서,16.7
蓮洞,3,80,72,90.0,83.3,한국사료총서,100.0,승정원일기,16.7
伯彦,2,15,1,6.7,0.0,승정원일기,16.7,조선왕조실록,16.7
白石里,2,10,9,90.0,83.3,한국사료총서,100.0,승정원일기,16.7
雷澤,3,14,1,7.1,0.0,조선왕조실록,16.7,승정원일기,16.7
喬桐水營,2,22,2,9.1,0.0,한국사료총서,16.7,승정원일기,16.7
摠理大臣,3,412,1,0.2,0.0,승정원일기,16.7,한국사료총서,16.7
助村,2,11,7,63.6,50.0,승정원일기,66.7,한국사료총서,16.7
吉源,3,1236,1,0.1,0.0,승정원일기,16.7,한국사료총서,16.7
岳陽縣,3,16,15,93.8,83.3,고려사,100.0,한국사료총서,16.7
棘門,3,31,2,6.5,0.0,한국사료총서,16.7,조선왕조실록,16.7
開元路,2,11,9,81.8,83.3,조선왕조실록,100.0,고려사,16.7
新堡,2,16,2,12.5,0.0,승정원일기,16.7,조선왕조실록,16.7
校詗,2,13,1,7.7,0.0,승정원일기,16.7,한국사료총서,16.7
歃良,3,28,27,96.4,83.3,한국사료총서,100.0,삼국유사,16.7
瑞州,4,37,34,91.9,83.3,한국사료총서,100.0,조선왕조실록,16.7
沈三,3,27,1,3.7,0.0,승정원일기,16.7,조선왕조실록,16.7
梓亦,2,18,1,5.6,0.0,승정원일기,16.7,조선왕조실록,16.7
南隱,2,14,1,7.1,0.0,승정원일기,16.7,한국사료총서,16.7
鹿屯島,3,39,38,97.4,83.3,한국사료총서,100.0,조선왕조실록,16.7
玆城,3,27,2,7.4,0.0,승정원일기,16.7,조선왕조실록,16.7
齊政閣,2,17,9,52.9,50.0,승정원일기,66.7,조선왕조실록,16.7
魚皮㺚,2,9,1,11.1,0.0,한국사료총서,16.7,조선왕조실록,16.7
月谷,3,197,170,86.3,83.3,한국사료총서,100.0,승정원일기,16.7
全羅道南平地,2,9,1,11.1,0.0,조선왕조실록,16.7,승정원일기,16.7
圻輔,2,22,1,4.5,0.0,조선왕조실록,16.7,한국사료총서,16.7
尹光國,2,201,1,0.5,0.0,승정원일기,16.7,한국사료총서,16.7
縣南面,3,22,13,59.1,50.0,한국사료총서,66.7,승정원일기,16.7
地谷,2,12,11,91.7,83.3,한국사료총서,100.0,조선왕조실록,16.7
淸江鎭,2,10,9,90.0,83.3,승정원일기,100.0,조선왕조실록,16.7
烏竹軒,2,10,8,80.0,83.3,승정원일기,100.0,조선왕조실록,16.7
山原,3,44,6,13.6,0.0,승정원일기,16.7,한국사료총서,16.7
隱屛,3,27,3,11.1,0.0,한국사료총서,16.7,승정원일기,16.7
雝,4,262,7,2.7,0.0,조선왕조실록,16.7,고순종실록,16.7
嶺越,2,10,1,10.0,0.0,조선왕조실록,16.7,승정원일기,16.7
鍾城地,3,45,5,11.1,0.0,조선왕조실록,16.7,승정원일기,16.7
浦頭,3,21,5,23.8,16.7,조선왕조실록,33.3,한국사료총서,16.7
車牛島,3,14,13,92.9,83.3,승정원일기,100.0,한국사료총서,16.7
普,8,28694,456,1.6,0.0,삼국유사,16.7,삼국사기,16.7
靑石鎭,2,26,21,80.8,83.3,승정원일기,100.0,조선왕조실록,16.7
順正,5,139,3,2.2,0.0,고려사절요,16.7,고려사,16.7
王逢,2,17,9,52.9,50.0,삼국사기,66.7,한국사료총서,16.7
在德鎭,2,11,10,90.9,83.3,승정원일기,100.0,조선왕조실록,16.7
從繩,4,146,2,1.4,0.0,승정원일기,16.7,고려사,16.7
流球,2,10,9,90.0,83.3,한국사료총서,100.0,조선왕조실록,16.7
樂康,3,22,1,4.5,0.0,조선왕조실록,16.7,승정원일기,16.7
外東邊,2,51,8,15.7,0.0,조선왕조실록,16.7,승정원일기,16.7
盛宋,2,12,1,8.3,0.0,승정원일기,16.7,조선왕조실록,16.7
武宮,3,26,1,3.8,0.0,고려사,16.7,조선왕조실록,16.7
椒泉,2,11,2,18.2,16.7,한국사료총서,33.3,조선왕조실록,16.7
南山烽臺,3,13,1,7.7,0.0,조선왕조실록,16.7,승정원일기,16.7
延優,2,27,2,7.4,0.0,삼국사기,16.7,한국사료총서,16.7
獨逸國,2,11,5,45.5,50.0,한국사료총서,66.7,고순종실록,16.7
咸池,3,29,1,3.4,0.0,승정원일기,16.7,조선왕조실록,16.7
延曙館,2,9,1,11.1,0.0,조선왕조실록,16.7,승정원일기,16.7
永□,2,12,1,8.3,0.0,한국사료총서,16.7,승정원일기,16.7
眞寶等邑,2,11,1,9.1,0.0,조선왕조실록,16.7,승정원일기,16.7
浙江人,2,40,3,7.5,0.0,한국사료총서,16.7,조선왕조실록,16.7
晉營,2,7,3,42.9,33.3,한국사료총서,50.0,승정원일기,16.7
東西南郊,2,17,2,11.8,0.0,조선왕조실록,16.7,승정원일기,16.7
長足,3,36,22,61.1,50.0,한국사료총서,66.7,승정원일기,16.7
泰兩,3,66,2,3.0,0.0,한국사료총서,16.7,조선왕조실록,16.7
福洞,3,61,47,77.0,66.7,승정원일기,83.3,조선왕조실록,16.7
道泉,3,28,10,35.7,33.3,조선왕조실록,50.0,승정원일기,16.7
南漢江都,2,13,7,53.8,33.3,조선왕조실록,50.0,한국사료총서,16.7
新安縣,2,9,5,55.6,50.0,조선왕조실록,66.7,한국사료총서,16.7
河水,4,136,13,9.6,0.0,삼국사기,16.7,조선왕조실록,16.7
宣威,4,104,4,3.8,0.0,승정원일기,16.7,고려사,16.7
長西面,2,9,8,88.9,83.3,승정원일기,100.0,한국사료총서,16.7
伽倻國,2,37,29,78.4,83.3,한국사료총서,100.0,조선왕조실록,16.7
元親,3,38,1,2.6,0.0,승정원일기,16.7,조선왕조실록,16.7
伊作,2,13,8,61.5,50.0,승정원일기,66.7,조선왕조실록,16.7
邵城,2,19,6,31.6,0.0,고려사절요,16.7,고려사,16.7
少陵,3,44,3,6.8,0.0,승정원일기,16.7,조선왕조실록,16.7
洛城,3,51,5,9.8,0.0,조선왕조실록,16.7,한국사료총서,16.7
貞心,3,34,1,2.9,0.0,승정원일기,16.7,조선왕조실록,16.7
減平,3,40,2,5.0,0.0,조선왕조실록,16.7,한국사료총서,16.7
靑城,4,544,53,9.7,8.3,승정원일기,25.0,고려사,16.7
大門外里,2,7,3,42.9,33.3,한국사료총서,50.0,승정원일기,16.7
忠正公閔升鎬祠版,2,10,1,10.0,0.0,고순종실록,16.7,승정원일기,16.7
景宗大王胎室,2,9,1,11.1,0.0,조선왕조실록,16.7,승정원일기,16.7
加火,3,90,7,7.8,0.0,승정원일기,16.7,조선왕조실록,16.7
自馬島,3,80,2,2.5,0.0,승정원일기,16.7,조선왕조실록,16.7
鹽海,3,37,6,16.2,0.0,승정원일기,16.7,조선왕조실록,16.7
三封山,2,16,2,12.5,0.0,조선왕조실록,16.7,승정원일기,16.7
長城人,3,18,1,5.6,0.0,승정원일기,16.7,조선왕조실록,16.7
邱山,2,296,72,24.3,9.7,한국사료총서,26.3,승정원일기,16.7
會西,2,16,1,6.2,0.0,한국사료총서,16.7,승정원일기,16.7
承化,5,67,7,10.4,0.0,고려사절요,16.7,조선왕조실록,16.7
新民,4,792,5,0.6,0.0,승정원일기,16.7,고순종실록,16.7
夫如,6,928,6,0.6,0.0,고려사절요,16.7,고려사,16.7
潮陽,2,8,4,50.0,33.3,승정원일기,50.0,조선왕조실록,16.7
千丁,4,56,1,1.8,0.0,고려사,16.7,한국사료총서,16.7
星北,4,55,3,5.5,0.0,한국사료총서,16.7,고려사,16.7
奉輦,2,10,1,10.0,0.0,고려사,16.7,승정원일기,16.7
慶尙道順興,3,68,67,98.5,83.3,한국사료총서,100.0,조선왕조실록,16.7
燉煌,2,12,8,66.7,66.7,조선왕조실록,83.3,승정원일기,16.7
兀朮,2,16,1,6.2,0.0,승정원일기,16.7,조선왕조실록,16.7
星峰,2,9,1,11.1,0.0,승정원일기,16.7,조선왕조실록,16.7
蘇判,4,34,1,2.9,0.0,고려사,16.7,한국사료총서,16.7
川邊里,2,11,10,90.9,83.3,한국사료총서,100.0,승정원일기,16.7
江寧府,2,12,1,8.3,0.0,고려사,16.7,조선왕조실록,16.7
昇平,6,3097,39,1.3,0.0,고순종실록,16.7,고려사절요,16.7
廷默,2,87,1,1.1,0.0,승정원일기,16.7,조선왕조실록,16.7
蓮下,2,9,4,44.4,33.3,승정원일기,50.0,한국사료총서,16.7
新知,3,98,5,5.1,0.0,승정원일기,16.7,조선왕조실록,16.7
羽溪縣,2,20,19,95.0,83.3,한국사료총서,100.0,조선왕조실록,16.7
後倉,2,49,7,14.3,0.0,조선왕조실록,16.7,승정원일기,16.7
孫夫,4,47,2,4.3,0.0,고순종실록,16.7,한국사료총서,16.7
方澤,4,44,4,9.1,0.0,고려사,16.7,조선왕조실록,16.7
倭俗,3,22,1,4.5,0.0,승정원일기,16.7,조선왕조실록,16.7
夏原,3,101,1,1.0,0.0,승정원일기,16.7,조선왕조실록,16.7
高密,4,25,2,8.0,0.0,고려사,16.7,승정원일기,16.7
蘭島,2,14,12,85.7,83.3,조선왕조실록,100.0,한국사료총서,16.7
曜金門內,2,46,7,15.2,0.0,조선왕조실록,16.7,승정원일기,16.7
四府,3,18,1,5.6,0.0,조선왕조실록,16.7,승정원일기,16.7
開市大廳,2,40,3,7.5,0.0,한국사료총서,16.7,승정원일기,16.7
元寶,3,26,1,3.8,0.0,승정원일기,16.7,조선왕조실록,16.7
慶尙道河東縣,2,10,9,90.0,83.3,조선왕조실록,100.0,승정원일기,16.7
狼子山,2,19,10,52.6,50.0,한국사료총서,66.7,승정원일기,16.7
殘山,3,25,1,4.0,0.0,승정원일기,16.7,한국사료총서,16.7
湖南界,2,19,1,5.3,0.0,한국사료총서,16.7,승정원일기,16.7
城機,3,122,3,2.5,0.0,승정원일기,16.7,조선왕조실록,16.7
和義,5,188,15,8.0,0.0,고려사절요,16.7,한국사료총서,16.7
單于,4,266,10,3.8,0.0,고순종실록,16.7,조선왕조실록,16.7
嶺南尙州,2,9,4,44.4,50.0,한국사료총서,66.7,승정원일기,16.7
德近,2,22,6,27.3,0.0,승정원일기,16.7,조선왕조실록,16.7
畿鎭,2,25,3,12.0,0.0,조선왕조실록,16.7,승정원일기,16.7
鈴平,4,119,3,2.5,0.0,승정원일기,16.7,고려사,16.7
曲木,3,188,1,0.5,0.0,승정원일기,16.7,한국사료총서,16.7
樹林,3,103,8,7.8,0.0,조선왕조실록,16.7,한국사료총서,16.7
玉溝,2,7,4,57.1,50.0,승정원일기,66.7,한국사료총서,16.7
廣寗,2,9,2,22.2,16.7,한국사료총서,33.3,승정원일기,16.7
花梁鎭,3,38,34,89.5,83.3,한국사료총서,100.0,조선왕조실록,16.7
永倫,3,32,1,3.1,0.0,승정원일기,16.7,한국사료총서,16.7
理山地,2,10,1,10.0,0.0,승정원일기,16.7,조선왕조실록,16.7
甑南浦,3,27,25,92.6,83.3,한국사료총서,100.0,승정원일기,16.7
坡平館,2,9,8,88.9,83.3,승정원일기,100.0,조선왕조실록,16.7
殷豐縣,2,18,17,94.4,83.3,조선왕조실록,100.0,한국사료총서,16.7
造江,3,20,2,10.0,0.0,한국사료총서,16.7,조선왕조실록,16.7
箕邦,3,33,2,6.1,0.0,조선왕조실록,16.7,승정원일기,16.7
睦,8,20775,40,0.2,0.0,고려사,16.7,삼국사기,16.7
松和,2,7,3,42.9,33.3,승정원일기,50.0,한국사료총서,16.7
天天,3,36,3,8.3,0.0,승정원일기,16.7,조선왕조실록,16.7
雲從島,2,11,10,90.9,83.3,조선왕조실록,100.0,승정원일기,16.7
斂埋,3,15,1,6.7,0.0,승정원일기,16.7,한국사료총서,16.7
夫瑞,2,12,1,8.3,0.0,승정원일기,16.7,조선왕조실록,16.7
角巾,3,66,3,4.5,0.0,한국사료총서,16.7,조선왕조실록,16.7
驪州牧,4,1539,114,7.4,1.5,조선왕조실록,18.2,한국사료총서,16.7
武知,2,41,21,51.2,50.0,승정원일기,66.7,한국사료총서,16.7
南薰殿,2,9,8,88.9,83.3,승정원일기,100.0,조선왕조실록,16.7
漢魏,4,61,3,4.9,0.0,고려사,16.7,조선왕조실록,16.7
坡州等地,2,10,1,10.0,0.0,조선왕조실록,16.7,승정원일기,16.7
江道,3,18,6,33.3,33.3,한국사료총서,50.0,조선왕조실록,16.7
凡木,2,19,1,5.3,0.0,승정원일기,16.7,한국사료총서,16.7
汝溟,2,9,1,11.1,0.0,승정원일기,16.7,조선왕조실록,16.7
高成,3,204,3,1.5,0.0,승정원일기,16.7,한국사료총서,16.7
自作堡,2,12,3,25.0,0.0,한국사료총서,16.7,승정원일기,16.7
道武,4,360,11,3.1,0.0,고순종실록,16.7,한국사료총서,16.7
大廟洞,2,34,30,88.2,83.3,한국사료총서,100.0,승정원일기,16.7
松柏,5,273,2,0.7,0.0,고려사절요,16.7,조선왕조실록,16.7
靑林,3,31,3,9.7,0.0,조선왕조실록,16.7,한국사료총서,16.7
如魏,3,98,1,1.0,0.0,승정원일기,16.7,한국사료총서,16.7
廣城津,3,20,19,95.0,83.3,한국사료총서,100.0,승정원일기,16.7
倭官,3,27,1,3.7,0.0,승정원일기,16.7,조선왕조실록,16.7
退城,3,22,1,4.5,0.0,승정원일기,16.7,조선왕조실록,16.7
全羅道昌平縣,2,14,13,92.9,83.3,조선왕조실록,100.0,승정원일기,16.7
挈壺正,2,9,1,11.1,0.0,조선왕조실록,16.7,고려사,16.7
環山,3,46,1,2.2,0.0,승정원일기,16.7,조선왕조실록,16.7
水周,3,39,3,7.7,0.0,조선왕조실록,16.7,한국사료총서,16.7
江灘,3,127,13,10.2,0.0,한국사료총서,16.7,승정원일기,16.7
陜川金,2,12,2,16.7,0.0,승정원일기,16.7,한국사료총서,16.7
五相,3,111,2,1.8,0.0,승정원일기,16.7,한국사료총서,16.7
鍾懸,3,22,14,63.6,58.3,한국사료총서,75.0,승정원일기,16.7
陽安,3,62,14,22.6,8.3,조선왕조실록,25.0,승정원일기,16.7
木岳,2,11,10,90.9,83.3,한국사료총서,100.0,조선왕조실록,16.7
車洞,3,45,43,95.6,83.3,조선왕조실록,100.0,승정원일기,16.7
月出,4,644,19,3.0,0.0,한국사료총서,16.7,고려사,16.7
淸營,3,52,1,1.9,0.0,조선왕조실록,16.7,승정원일기,16.7
大報之壇,2,10,1,10.0,0.0,한국사료총서,16.7,승정원일기,16.7
忠淸道舒川,3,111,110,99.1,83.3,한국사료총서,100.0,조선왕조실록,16.7
未北,3,15,1,6.7,0.0,고려사,16.7,조선왕조실록,16.7
儲承殿,2,163,143,87.7,83.3,승정원일기,100.0,조선왕조실록,16.7
玄風人,2,25,1,4.0,0.0,한국사료총서,16.7,조선왕조실록,16.7
北西,4,172,10,5.8,0.0,고려사,16.7,한국사료총서,16.7
木城,3,25,2,8.0,0.0,한국사료총서,16.7,조선왕조실록,16.7
崇烈殿,2,11,10,90.9,83.3,승정원일기,100.0,조선왕조실록,16.7
胎峰,3,81,7,8.6,5.6,조선왕조실록,22.2,한국사료총서,16.7
順義軍,2,10,1,10.0,0.0,고려사절요,16.7,고려사,16.7
居院,2,18,1,5.6,0.0,승정원일기,16.7,한국사료총서,16.7
湖四,2,15,1,6.7,0.0,한국사료총서,16.7,승정원일기,16.7
聞富,3,29,1,3.4,0.0,승정원일기,16.7,한국사료총서,16.7
平元,7,356,2,0.6,0.0,고려사절요,16.7,고려사,16.7
鄭惟吉,3,271,3,1.1,0.0,조선왕조실록,16.7,승정원일기,16.7
淸州鎭,4,77,34,44.2,33.3,고순종실록,50.0,조선왕조실록,16.7
辛裔,3,21,1,4.8,0.0,고려사,16.7,한국사료총서,16.7
提督祠堂,2,11,1,9.1,0.0,승정원일기,16.7,조선왕조실록,16.7
蒙元,3,17,1,5.9,0.0,승정원일기,16.7,조선왕조실록,16.7
谷山人,3,18,1,5.6,0.0,승정원일기,16.7,조선왕조실록,16.7
嘉州,5,46,45,97.8,83.3,한국사료총서,100.0,조선왕조실록,16.7
草梁客舍,2,33,1,3.0,0.0,한국사료총서,16.7,승정원일기,16.7
宗廟近處,2,15,1,6.7,0.0,조선왕조실록,16.7,승정원일기,16.7
大台,2,7,4,57.1,50.0,한국사료총서,66.7,조선왕조실록,16.7
大明官,2,14,1,7.1,0.0,조선왕조실록,16.7,승정원일기,16.7
冠嶽,2,15,14,93.3,83.3,승정원일기,100.0,조선왕조실록,16.7
平安道寧遠,3,63,62,98.4,83.3,한국사료총서,100.0,조선왕조실록,16.7
春興,3,205,1,0.5,0.0,승정원일기,16.7,조선왕조실록,16.7
三峽,2,15,8,53.3,50.0,승정원일기,66.7,조선왕조실록,16.7
連安,3,63,2,3.2,0.0,승정원일기,16.7,한국사료총서,16.7
崑山,2,15,6,40.0,33.3,한국사료총서,50.0,승정원일기,16.7
自梁山,3,17,1,5.9,0.0,승정원일기,16.7,한국사료총서,16.7
押良,2,17,1,5.9,0.0,승정원일기,16.7,조선왕조실록,16.7
江原道春川,3,344,340,98.8,83.3,한국사료총서,100.0,조선왕조실록,16.7
文慶殿,2,45,42,93.3,83.3,고순종실록,100.0,승정원일기,16.7
海洋,5,279,26,9.3,0.0,고순종실록,16.7,고려사,16.7
無豆,2,18,2,11.1,0.0,한국사료총서,16.7,조선왕조실록,16.7
貴人房,2,88,13,14.8,0.0,조선왕조실록,16.7,승정원일기,16.7
新樂,5,49,2,4.1,0.0,고려사,16.7,한국사료총서,16.7
蠻荊,2,35,7,20.0,0.0,한국사료총서,16.7,승정원일기,16.7
全羅道臨陂縣,2,64,62,96.9,83.3,조선왕조실록,100.0,승정원일기,16.7
嘗宰,2,14,1,7.1,0.0,조선왕조실록,16.7,한국사료총서,16.7
會元,5,1163,1,0.1,0.0,고려사절요,16.7,고려사,16.7
鳳岡,2,16,3,18.8,0.0,한국사료총서,16.7,승정원일기,16.7
豆滿江邊,3,32,2,6.2,0.0,조선왕조실록,16.7,승정원일기,16.7
水鄕,2,14,2,14.3,0.0,한국사료총서,16.7,승정원일기,16.7
安陸,2,14,7,50.0,33.3,한국사료총서,50.0,조선왕조실록,16.7
坡原,3,89,1,1.1,0.0,승정원일기,16.7,한국사료총서,16.7
堂子,3,41,3,7.3,0.0,조선왕조실록,16.7,승정원일기,16.7
善京,2,22,1,4.5,0.0,조선왕조실록,16.7,승정원일기,16.7
子涵,2,11,1,9.1,0.0,조선왕조실록,16.7,한국사료총서,16.7
童,8,17017,160,0.9,0.0,고순종실록,16.7,삼국사기,16.7
達美,2,12,6,50.0,50.0,한국사료총서,66.7,조선왕조실록,16.7
城父,3,20,1,5.0,0.0,조선왕조실록,16.7,승정원일기,16.7
首此,2,14,1,7.1,0.0,승정원일기,16.7,한국사료총서,16.7
慶尙道聞慶縣,3,56,53,94.6,83.3,조선왕조실록,100.0,한국사료총서,16.7
康居,2,28,2,7.1,0.0,승정원일기,16.7,조선왕조실록,16.7
齊南,3,16,1,6.2,0.0,조선왕조실록,16.7,승정원일기,16.7
金齋,2,10,1,10.0,0.0,승정원일기,16.7,한국사료총서,16.7
京南,4,26,1,3.8,0.0,고려사,16.7,한국사료총서,16.7
歃良州,3,25,24,96.0,83.3,한국사료총서,100.0,삼국유사,16.7
詩洞,2,7,4,57.1,50.0,한국사료총서,66.7,승정원일기,16.7
毓慶園,2,42,31,73.8,73.3,승정원일기,90.0,조선왕조실록,16.7
雉嶽,2,15,13,86.7,83.3,조선왕조실록,100.0,승정원일기,16.7
靈幄廳,2,12,1,8.3,0.0,승정원일기,16.7,조선왕조실록,16.7
舜和,2,20,1,5.0,0.0,승정원일기,16.7,한국사료총서,16.7
葛串,2,8,5,62.5,50.0,한국사료총서,66.7,조선왕조실록,16.7
洛原,3,34,9,26.5,16.7,승정원일기,33.3,한국사료총서,16.7
古群山鎭,2,22,16,72.7,66.7,승정원일기,83.3,한국사료총서,16.7
對峯,3,34,4,11.8,0.0,한국사료총서,16.7,조선왕조실록,16.7
宛丘,3,29,2,6.9,0.0,한국사료총서,16.7,조선왕조실록,16.7
嶺府,2,36,2,5.6,0.0,한국사료총서,16.7,승정원일기,16.7
晉康,4,33,4,12.1,0.0,승정원일기,16.7,고려사,16.7
隋唐,2,51,5,9.8,0.0,승정원일기,16.7,한국사료총서,16.7
橫江,3,20,2,10.0,0.0,승정원일기,16.7,조선왕조실록,16.7
處州,3,31,4,12.9,0.0,한국사료총서,16.7,승정원일기,16.7
桂山洞,2,11,10,90.9,83.3,한국사료총서,100.0,승정원일기,16.7
益山·,2,48,1,2.1,0.0,승정원일기,16.7,한국사료총서,16.7
"麗,麗",2,11,1,9.1,0.0,삼국사기,16.7,한국사료총서,16.7
全羅右水營,3,61,8,13.1,0.0,조선왕조실록,16.7,승정원일기,16.7
·迎日,3,37,1,2.7,0.0,고려사,16.7,한국사료총서,16.7
潭陽人,3,19,1,5.3,0.0,승정원일기,16.7,한국사료총서,16.7
通道,5,179,10,5.6,0.0,고려사절요,16.7,고려사,16.7
松耳,2,22,2,9.1,0.0,승정원일기,16.7,한국사료총서,16.7
圮橋,2,25,20,80.0,66.7,승정원일기,83.3,한국사료총서,16.7
光棍,3,31,1,3.2,0.0,조선왕조실록,16.7,승정원일기,16.7
河洲,4,29,1,3.4,0.0,고순종실록,16.7,조선왕조실록,16.7
一寧,3,104,2,1.9,0.0,승정원일기,16.7,한국사료총서,16.7
安加,3,24,3,12.5,0.0,한국사료총서,16.7,조선왕조실록,16.7
鳳城將處,3,804,133,16.5,0.0,고순종실록,16.7,승정원일기,16.7
天馬,3,29,4,13.8,0.0,조선왕조실록,16.7,승정원일기,16.7
淸何,3,17,1,5.9,0.0,조선왕조실록,16.7,승정원일기,16.7
鏡城兩邑,2,10,1,10.0,0.0,조선왕조실록,16.7,승정원일기,16.7
上總,4,35,2,5.7,0.0,고순종실록,16.7,조선왕조실록,16.7
龍天,3,86,2,2.3,0.0,승정원일기,16.7,한국사료총서,16.7
平居,6,1623,12,0.7,0.0,고려사절요,16.7,고려사,16.7
仁壽,7,1050,117,11.1,0.0,고려사,16.6,조선왕조실록,16.6
開川,3,139,25,18.0,7.7,승정원일기,24.3,조선왕조실록,16.6
社倉,4,671,61,9.1,0.0,고순종실록,16.6,조선왕조실록,16.6
正門,6,2144,282,13.2,0.0,고려사,16.6,승정원일기,16.6
湖營,4,180,26,14.4,0.0,고순종실록,16.6,승정원일기,16.6
燕市,3,170,22,12.9,2.6,조선왕조실록,19.2,승정원일기,16.6
南神門,2,196,116,59.2,42.9,조선왕조실록,59.4,승정원일기,16.5
牙山縣,4,832,183,22.0,19.8,승정원일기,36.4,조선왕조실록,16.5
安,8,720959,77322,10.7,7.4,승정원일기,23.9,한국사료총서,16.5
黃海水營,3,97,14,14.4,0.0,고순종실록,16.5,승정원일기,16.5
東幕,2,69,31,44.9,36.0,승정원일기,52.4,한국사료총서,16.4
懷遠,5,178,11,6.2,0.0,고려사,16.4,조선왕조실록,16.4
東西廡,3,265,29,10.9,0.0,조선왕조실록,16.4,승정원일기,16.4
慕華館幕次,2,60,9,15.0,0.0,조선왕조실록,16.4,승정원일기,16.4
新里,3,87,74,85.1,83.6,한국사료총서,100.0,조선왕조실록,16.4
貞洞,4,280,255,91.1,83.6,한국사료총서,100.0,조선왕조실록,16.4
林川地,2,66,10,15.2,0.0,한국사료총서,16.4,승정원일기,16.4
德林,4,161,8,5.0,0.9,승정원일기,17.4,한국사료총서,16.4
花,8,27077,3364,12.4,1.4,고려사절요,17.8,고순종실록,16.4
東西郊,3,199,26,13.1,0.0,조선왕조실록,16.4,승정원일기,16.4
出身廳,3,64,9,14.1,0.0,조선왕조실록,16.4,승정원일기,16.4
原襄道,2,192,171,89.1,82.3,승정원일기,98.7,조선왕조실록,16.4
泰西,3,204,14,6.9,2.9,한국사료총서,19.2,고순종실록,16.4
會津,4,90,80,88.9,83.6,한국사료총서,100.0,조선왕조실록,16.4
嶺底,3,497,61,12.3,0.0,조선왕조실록,16.3,승정원일기,16.3
·康津,2,132,7,5.3,0.0,승정원일기,16.3,한국사료총서,16.3
六道,6,656,72,11.0,0.0,고려사,16.3,승정원일기,16.3
廣西,3,137,113,82.5,77.8,한국사료총서,94.1,조선왕조실록,16.3
東,8,322117,46248,14.4,12.3,승정원일기,28.6,고순종실록,16.3
東崗,3,70,9,12.9,0.0,조선왕조실록,16.3,승정원일기,16.3
洪陽縣,2,168,35,20.8,19.5,승정원일기,35.7,조선왕조실록,16.2
江華牧場,2,51,6,11.8,0.0,조선왕조실록,16.2,승정원일기,16.2
勸武廳,2,37,3,8.1,3.8,승정원일기,20.0,조선왕조실록,16.2
日新驛,2,33,30,90.9,80.0,조선왕조실록,96.2,승정원일기,16.2
朱子書院,3,58,7,12.1,0.0,한국사료총서,16.2,승정원일기,16.2
小朔州,3,47,41,87.2,83.8,조선왕조실록,100.0,한국사료총서,16.2
廣州境,2,43,6,14.0,0.0,조선왕조실록,16.2,승정원일기,16.2
山城倉,3,52,5,9.6,0.0,조선왕조실록,16.1,승정원일기,16.1
濃,4,1369,38,2.8,0.0,고순종실록,16.1,조선왕조실록,16.1
太師祠,2,17,3,17.6,12.5,승정원일기,28.6,조선왕조실록,16.1
漢中,4,233,29,12.4,0.0,고순종실록,16.1,한국사료총서,16.1
連山地,3,179,27,15.1,0.0,조선왕조실록,16.1,승정원일기,16.1
二京,4,50,5,10.0,0.0,고려사,16.1,승정원일기,16.1
京畿開城,2,68,57,83.8,83.9,승정원일기,100.0,조선왕조실록,16.1
鳴,8,27146,341,1.3,0.0,삼국유사,16.1,삼국사기,16.1
春,8,202301,15887,7.9,0.3,삼국사기,16.5,고순종실록,16.1
三屯,2,57,4,7.0,3.9,조선왕조실록,20.0,승정원일기,16.1
敦義門外,3,165,22,13.3,0.0,조선왕조실록,16.1,승정원일기,16.1
別館,3,120,5,4.2,0.0,승정원일기,16.1,조선왕조실록,16.1
箕營,4,534,64,12.0,0.0,고순종실록,16.1,승정원일기,16.1
松面,3,60,48,80.0,66.7,조선왕조실록,82.8,한국사료총서,16.1
山海關,3,601,533,88.7,79.3,한국사료총서,95.4,조선왕조실록,16.1
西班,6,2396,13,0.5,0.0,고려사,16.0,한국사료총서,16.0
蓋州,3,61,43,70.5,64.0,한국사료총서,80.0,조선왕조실록,16.0
兎山縣,3,147,23,15.6,0.0,한국사료총서,16.0,승정원일기,16.0
椵島,4,768,725,94.4,84.0,한국사료총서,100.0,고려사,16.0
時介,2,30,4,13.3,0.0,승정원일기,16.0,조선왕조실록,16.0
明山,3,125,11,8.8,2.8,한국사료총서,18.8,조선왕조실록,16.0
崇孝,3,101,13,12.9,0.0,승정원일기,16.0,조선왕조실록,16.0
學洞,3,112,97,86.6,84.0,승정원일기,100.0,한국사료총서,16.0
江邊,6,4064,373,9.2,0.0,고려사,16.0,승정원일기,16.0
龜淵,3,74,4,5.4,0.0,승정원일기,16.0,한국사료총서,16.0
景明,5,425,13,3.1,0.0,삼국사기,16.0,승정원일기,16.0
晋室,2,29,4,13.8,0.0,고려사,16.0,조선왕조실록,16.0
後金,5,539,46,8.5,0.0,고려사,15.9,조선왕조실록,15.9
咸城,3,26,4,15.4,9.1,조선왕조실록,25.0,한국사료총서,15.9
江界滿浦,2,15,13,86.7,75.0,승정원일기,90.9,조선왕조실록,15.9
灤水,2,25,4,16.0,9.1,승정원일기,25.0,조선왕조실록,15.9
畿藩,2,167,26,15.6,0.0,조선왕조실록,15.9,승정원일기,15.9
南門內,4,113,8,7.1,0.0,고순종실록,15.9,승정원일기,15.9
江陵地,3,92,11,12.0,0.0,조선왕조실록,15.9,승정원일기,15.9
鄴下,2,16,13,81.2,75.0,한국사료총서,90.9,승정원일기,15.9
九峯,2,65,9,13.8,9.1,한국사료총서,25.0,승정원일기,15.9
維與宅,2,39,21,53.8,40.0,조선왕조실록,55.9,승정원일기,15.9
貞善,3,134,54,40.3,34.1,조선왕조실록,50.0,한국사료총서,15.9
明間,3,496,10,2.0,0.0,승정원일기,15.9,조선왕조실록,15.9
廟宮,4,753,103,13.7,0.0,조선왕조실록,15.9,승정원일기,15.9
鑄字所,2,414,43,10.4,0.0,조선왕조실록,15.9,승정원일기,15.9
交濟,4,1509,87,5.8,0.0,고순종실록,15.9,조선왕조실록,15.9
忠淸道泰安郡,2,55,52,94.5,81.8,조선왕조실록,97.7,승정원일기,15.9
朴可,5,53,3,5.7,0.0,고려사,15.8,조선왕조실록,15.8
齋,8,91966,3171,3.4,0.0,고려사,15.8,고순종실록,15.8
撫安,5,284,27,9.5,0.0,고려사,15.8,조선왕조실록,15.8
金溝地,2,27,3,11.1,0.0,조선왕조실록,15.8,승정원일기,15.8
馬,8,176746,9672,5.5,3.2,승정원일기,19.0,삼국사기,15.8
楸下,2,129,3,2.3,0.0,승정원일기,15.8,한국사료총서,15.8
白頭山下,3,48,3,6.2,0.0,조선왕조실록,15.8,승정원일기,15.8
遮日,3,1161,66,5.7,0.0,한국사료총서,15.8,조선왕조실록,15.8
使洞,4,65,3,4.6,0.0,고순종실록,15.8,한국사료총서,15.8
大夏,4,182,3,1.6,0.0,고순종실록,15.8,조선왕조실록,15.8
楸洞里,2,27,24,88.9,84.2,한국사료총서,100.0,승정원일기,15.8
待漏院,3,156,19,12.2,0.0,조선왕조실록,15.8,승정원일기,15.8
南寧,4,402,7,1.7,0.0,고순종실록,15.8,한국사료총서,15.8
下沙,3,61,7,11.5,5.0,조선왕조실록,20.8,한국사료총서,15.8
後苑,6,1422,67,4.7,0.0,고려사,15.8,승정원일기,15.8
金海地,3,42,3,7.1,0.0,조선왕조실록,15.8,승정원일기,15.8
瀋幸,2,25,3,12.0,0.0,승정원일기,15.8,한국사료총서,15.8
通義,6,419,8,1.9,0.0,고려사절요,15.8,고려사,15.8
嶺之南,3,47,3,6.4,0.0,조선왕조실록,15.8,승정원일기,15.8
紅馬木,3,137,20,14.6,0.0,한국사료총서,15.8,승정원일기,15.8
光城,4,501,20,4.0,0.0,고순종실록,15.8,한국사료총서,15.8
德眞,3,41,7,17.1,0.0,조선왕조실록,15.8,승정원일기,15.8
西嶺,4,67,7,10.4,0.0,삼국유사,15.8,승정원일기,15.8
孝昭殿齋室,2,22,3,13.6,0.0,조선왕조실록,15.8,승정원일기,15.8
秦越,3,90,3,3.3,0.0,승정원일기,15.8,조선왕조실록,15.8
祥,8,53594,6431,12.0,0.0,삼국사기,15.8,고순종실록,15.8
黃海道白川地,2,25,3,12.0,0.0,조선왕조실록,15.8,승정원일기,15.8
旅順口,3,90,28,31.1,21.4,승정원일기,37.2,한국사료총서,15.8
南德,3,902,5,0.6,0.0,조선왕조실록,15.8,한국사료총서,15.8
林里,3,100,86,86.0,84.3,한국사료총서,100.0,승정원일기,15.7
東林城,3,79,57,72.2,65.8,한국사료총서,81.5,승정원일기,15.7
江陵鎭,3,24,18,75.0,70.0,한국사료총서,85.7,승정원일기,15.7
溫陽地,3,280,43,15.4,0.0,조선왕조실록,15.7,승정원일기,15.7
安北都護府,2,17,13,76.5,70.0,고려사,85.7,고려사절요,15.7
鳴旨,3,65,61,93.8,81.8,한국사료총서,97.6,승정원일기,15.7
天市,6,306,23,7.5,0.0,고려사,15.7,승정원일기,15.7
咸原,4,422,17,4.0,0.0,고순종실록,15.7,조선왕조실록,15.7
二南,4,806,100,12.4,0.0,고순종실록,15.7,승정원일기,15.7
嶺南地,3,55,5,9.1,0.0,조선왕조실록,15.6,승정원일기,15.6
興寅君夫人,2,39,5,12.8,0.0,고순종실록,15.6,승정원일기,15.6
明政殿內,2,38,5,13.2,0.0,조선왕조실록,15.6,승정원일기,15.6
馬園,2,65,22,33.8,20.0,조선왕조실록,35.6,승정원일기,15.6
胡家,2,47,5,10.6,0.0,한국사료총서,15.6,조선왕조실록,15.6
分守道,2,36,5,13.9,0.0,한국사료총서,15.6,조선왕조실록,15.6
漏院,3,188,23,12.2,0.0,조선왕조실록,15.6,승정원일기,15.6
灜,2,25,3,12.0,9.5,승정원일기,25.0,한국사료총서,15.5
靈嚴,2,34,24,70.6,67.9,승정원일기,83.3,조선왕조실록,15.5
順天縣,2,100,15,15.0,13.0,승정원일기,28.6,조선왕조실록,15.5
渭陽,3,71,22,31.0,20.0,조선왕조실록,35.5,한국사료총서,15.5
小二殿,2,233,35,15.0,0.0,한국사료총서,15.5,조선왕조실록,15.5
分行,4,206,19,9.2,0.0,고순종실록,15.5,조선왕조실록,15.5
建,8,62415,6707,10.7,0.0,삼국유사,15.5,조선왕조실록,15.5
慶安,4,730,283,38.8,28.5,한국사료총서,44.0,승정원일기,15.5
公主房,3,393,52,13.2,0.0,조선왕조실록,15.5,승정원일기,15.5
太學,6,5494,578,10.5,0.0,고려사,15.5,승정원일기,15.5
道明,3,745,131,17.6,4.0,한국사료총서,19.5,승정원일기,15.5
西園,4,43,3,7.0,0.0,고려사,15.4,승정원일기,15.4
居昌地,2,18,2,11.1,0.0,조선왕조실록,15.4,승정원일기,15.4
野次,3,151,2,1.3,0.0,승정원일기,15.4,한국사료총서,15.4
上守,4,556,2,0.4,0.0,삼국유사,15.4,한국사료총서,15.4
龍官,3,21,2,9.5,0.0,고려사,15.4,한국사료총서,15.4
廟東門外,3,35,2,5.7,0.0,고려사,15.4,승정원일기,15.4
萬東祠,2,62,59,95.2,84.6,조선왕조실록,100.0,승정원일기,15.4
北朝,5,161,3,1.9,0.0,고려사,15.4,조선왕조실록,15.4
鶴鳴,3,117,2,1.7,0.0,승정원일기,15.4,조선왕조실록,15.4
自作里,2,19,17,89.5,84.6,한국사료총서,100.0,조선왕조실록,15.4
峽江,2,19,2,10.5,0.0,조선왕조실록,15.4,승정원일기,15.4
紫燕,5,188,175,93.1,84.6,한국사료총서,100.0,고려사절요,15.4
右部,3,907,16,1.8,0.0,조선왕조실록,15.4,한국사료총서,15.4
關王廟前,2,33,5,15.2,0.0,조선왕조실록,15.4,승정원일기,15.4
王田,4,54,3,5.6,0.0,삼국사기,15.4,조선왕조실록,15.4
各寺,4,331,4,1.2,0.0,고려사,15.4,한국사료총서,15.4
紅,8,19817,1083,5.5,0.0,고려사,15.4,삼국사기,15.4
湍川,2,17,15,88.2,84.6,승정원일기,100.0,조선왕조실록,15.4
齊齊,3,35,2,5.7,0.0,승정원일기,15.4,한국사료총서,15.4
蓮花峯,2,18,16,88.9,84.6,한국사료총서,100.0,승정원일기,15.4
靈遠,3,58,2,3.4,0.0,조선왕조실록,15.4,승정원일기,15.4
黃海道瑞興地,2,16,2,12.5,0.0,조선왕조실록,15.4,승정원일기,15.4
遼界,3,23,2,8.7,0.0,승정원일기,15.4,조선왕조실록,15.4
鳳閣,3,20,2,10.0,0.0,조선왕조실록,15.4,승정원일기,15.4
石浦,5,146,128,87.7,84.6,승정원일기,100.0,고려사절요,15.4
馬良,3,33,3,9.1,0.0,승정원일기,15.4,조선왕조실록,15.4
要知,3,40,2,5.0,0.0,승정원일기,15.4,조선왕조실록,15.4
良田,6,358,7,2.0,0.0,고려사,15.4,한국사료총서,15.4
孟串,3,28,25,89.3,84.6,조선왕조실록,100.0,한국사료총서,15.4
咸鏡道茂山,2,90,86,95.6,83.3,조선왕조실록,98.8,승정원일기,15.4
厚兩陵,2,18,2,11.1,0.0,조선왕조실록,15.4,승정원일기,15.4
亞聖公神位前,2,27,2,7.4,0.0,조선왕조실록,15.4,승정원일기,15.4
西屯,2,37,4,10.8,0.0,조선왕조실록,15.4,승정원일기,15.4
六矣廛,2,55,8,14.5,0.0,한국사료총서,15.4,승정원일기,15.4
陰,7,62868,3603,5.7,0.0,삼국사기,15.4,고려사,15.4
滿人,3,290,12,4.1,0.0,승정원일기,15.4,조선왕조실록,15.4
心都,2,18,2,11.1,0.0,조선왕조실록,15.4,승정원일기,15.4
農所里,2,17,15,88.2,84.6,한국사료총서,100.0,조선왕조실록,15.4
東西偏門,3,67,2,3.0,0.0,조선왕조실록,15.4,승정원일기,15.4
太乙,4,161,10,6.2,0.0,고순종실록,15.4,조선왕조실록,15.4
遼路,2,54,2,3.7,0.0,조선왕조실록,15.4,승정원일기,15.4
慶尙道義興縣,2,16,14,87.5,84.6,승정원일기,100.0,조선왕조실록,15.4
盧,8,20396,192,0.9,0.0,삼국사기,15.4,삼국유사,15.4
海通,4,61,4,6.6,0.0,고려사,15.4,조선왕조실록,15.4
瑞巖,2,26,12,46.2,37.5,조선왕조실록,52.9,승정원일기,15.4
江郊,4,1446,204,14.1,0.0,고순종실록,15.3,승정원일기,15.3
鎭山,4,361,20,5.5,0.0,고려사,15.3,승정원일기,15.3
淵洞,2,29,20,69.0,64.7,한국사료총서,80.0,승정원일기,15.3
威,8,42871,2786,6.5,0.0,삼국유사,15.3,한국사료총서,15.3
馬廛,2,33,9,27.3,16.7,한국사료총서,32.0,승정원일기,15.3
甕津縣,3,90,6,6.7,2.9,승정원일기,18.2,조선왕조실록,15.3
嶺藩,2,296,42,14.2,0.0,조선왕조실록,15.3,승정원일기,15.3
城一,6,919,80,8.7,0.0,고려사,15.2,승정원일기,15.2
半,8,65319,483,0.7,0.0,고순종실록,15.2,삼국사기,15.2
象山府,2,62,9,14.5,4.8,조선왕조실록,20.0,승정원일기,15.2
典祀廳,3,628,60,9.6,0.0,한국사료총서,15.2,조선왕조실록,15.2
堂村,2,40,21,52.5,51.4,한국사료총서,66.7,승정원일기,15.2
沙器,4,602,64,10.6,0.0,고려사,15.2,한국사료총서,15.2
湖鄕,4,120,15,12.5,0.0,고순종실록,15.2,승정원일기,15.2
彦陽郡,2,27,6,22.2,18.2,승정원일기,33.3,한국사료총서,15.2
秦國,2,70,6,8.6,4.8,승정원일기,20.0,조선왕조실록,15.2
吉州以北,2,85,5,5.9,0.0,조선왕조실록,15.2,승정원일기,15.2
北靑地,4,52,5,9.6,0.0,고순종실록,15.2,승정원일기,15.2
州國,3,33,7,21.2,18.2,승정원일기,33.3,한국사료총서,15.2
果川,4,5090,4362,85.7,84.1,승정원일기,99.2,조선왕조실록,15.1
支,8,50181,429,0.9,0.1,승정원일기,15.1,삼국사기,15.1
山戎,3,115,11,9.6,0.0,승정원일기,15.1,조선왕조실록,15.1
釜洞,2,60,52,86.7,84.9,한국사료총서,100.0,승정원일기,15.1
草落,2,14,2,14.3,10.0,승정원일기,25.0,한국사료총서,15.0
鄕賢祠,4,181,10,5.5,0.0,고순종실록,15.0,조선왕조실록,15.0
慶尙道左,2,117,35,29.9,23.4,조선왕조실록,38.5,승정원일기,15.0
廣程,3,37,33,89.2,85.0,한국사료총서,100.0,승정원일기,15.0
鄧林,3,31,3,9.7,0.0,승정원일기,15.0,한국사료총서,15.0
鎭西,5,147,12,8.2,0.0,고려사,15.0,승정원일기,15.0
泰孫,3,50,3,6.0,0.0,조선왕조실록,15.0,승정원일기,15.0
延福亭,3,39,3,7.7,0.0,고려사절요,15.0,고려사,15.0
牛峴鎭,2,11,5,45.5,25.0,한국사료총서,40.0,승정원일기,15.0
麥丘,2,29,8,27.6,25.0,승정원일기,40.0,조선왕조실록,15.0
後浦,3,26,15,57.7,60.0,조선왕조실록,75.0,승정원일기,15.0
昌德宮城,2,10,3,30.0,25.0,조선왕조실록,40.0,승정원일기,15.0
黃驪縣,2,15,10,66.7,60.0,고려사절요,75.0,고려사,15.0
龍德,5,160,9,5.6,0.0,고려사절요,15.0,고려사,15.0
內草,3,193,5,2.6,1.7,승정원일기,16.7,한국사료총서,15.0
雲籠,2,27,5,18.5,0.0,한국사료총서,15.0,승정원일기,15.0
府西面,3,16,11,68.8,60.0,한국사료총서,75.0,조선왕조실록,15.0
西峯,3,68,18,26.5,25.0,조선왕조실록,40.0,승정원일기,15.0
開河,2,11,4,36.4,25.0,조선왕조실록,40.0,한국사료총서,15.0
金化地,2,25,3,12.0,0.0,조선왕조실록,15.0,승정원일기,15.0
平安道江界府,3,56,51,91.1,85.0,조선왕조실록,100.0,한국사료총서,15.0
檜山,4,59,12,20.3,10.0,승정원일기,25.0,한국사료총서,15.0
月岳,3,136,118,86.8,85.0,한국사료총서,100.0,조선왕조실록,15.0
齊安大君,5,192,3,1.6,0.0,고려사,15.0,승정원일기,15.0
高阜,3,45,3,6.7,0.0,승정원일기,15.0,한국사료총서,15.0
西南海,3,39,3,7.7,0.0,조선왕조실록,15.0,승정원일기,15.0
濟南,3,98,45,45.9,42.9,한국사료총서,57.9,조선왕조실록,15.0
石淺,2,15,10,66.7,60.0,한국사료총서,75.0,조선왕조실록,15.0
義日,3,89,6,6.7,0.0,한국사료총서,15.0,조선왕조실록,15.0
甫靑,2,34,29,85.3,75.0,한국사료총서,90.0,조선왕조실록,15.0
太廟永寧殿,2,10,6,60.0,60.0,조선왕조실록,75.0,승정원일기,15.0
延安南大池,2,34,28,82.4,75.0,조선왕조실록,90.0,승정원일기,15.0
燕谷,3,43,36,83.7,75.0,조선왕조실록,90.0,승정원일기,15.0
新,8,209474,9345,4.5,0.8,삼국유사,15.8,한국사료총서,15.0
西氷庫津,2,14,5,35.7,25.0,조선왕조실록,40.0,승정원일기,15.0
承洞,2,29,9,31.0,26.7,한국사료총서,41.7,승정원일기,15.0
晝停,4,3794,484,12.8,0.0,고순종실록,15.0,승정원일기,15.0
瑤臺,3,68,5,7.4,0.0,한국사료총서,15.0,조선왕조실록,15.0
河吾,2,9,6,66.7,60.0,조선왕조실록,75.0,한국사료총서,15.0
馬池,2,11,8,72.7,60.0,한국사료총서,75.0,조선왕조실록,15.0
桂,8,9934,394,4.0,0.0,고려사절요,15.0,한국사료총서,15.0
荒村,4,228,3,1.3,0.0,고순종실록,15.0,한국사료총서,15.0
柏洞,2,14,9,64.3,60.0,승정원일기,75.0,한국사료총서,15.0
常平,6,2269,105,4.6,0.0,고려사절요,14.9,조선왕조실록,14.9
外面,4,3366,178,5.3,0.0,고순종실록,14.9,한국사료총서,14.9
魯城,4,669,613,91.6,85.1,한국사료총서,100.0,고순종실록,14.9
朔,8,76792,2931,3.8,2.9,승정원일기,17.7,삼국사기,14.9
瑞蔥,2,824,766,93.0,79.1,조선왕조실록,94.0,승정원일기,14.9
松隅,2,33,25,75.8,70.8,한국사료총서,85.7,승정원일기,14.9
冀州,3,127,109,85.8,85.2,승정원일기,100.0,한국사료총서,14.8
載寧地,2,35,4,11.4,0.0,조선왕조실록,14.8,승정원일기,14.8
雷雨,7,1995,128,6.4,0.0,고려사,14.8,승정원일기,14.8
畿甸之內,3,66,4,6.1,0.0,조선왕조실록,14.8,승정원일기,14.8
楊州,8,11223,9789,87.2,85.2,승정원일기,100.0,삼국유사,14.8
補蔘,2,129,4,3.1,0.0,승정원일기,14.8,조선왕조실록,14.8
姑母,3,432,36,8.3,0.0,한국사료총서,14.8,조선왕조실록,14.8
周,8,144401,2461,1.7,0.0,고려사,14.8,고순종실록,14.8
義州地,3,99,9,9.1,0.0,조선왕조실록,14.8,승정원일기,14.8
府內,4,1035,78,7.5,0.0,고순종실록,14.8,한국사료총서,14.8
渭源郡,2,89,14,15.7,0.0,조선왕조실록,14.8,승정원일기,14.8
木亭,3,54,30,55.6,51.9,한국사료총서,66.7,조선왕조실록,14.8
烏梅,4,248,27,10.9,0.0,고려사,14.8,조선왕조실록,14.8
興安,7,222,16,7.2,0.0,고려사절요,14.8,한국사료총서,14.8
古山,3,85,20,23.5,16.0,승정원일기,30.8,조선왕조실록,14.8
近畿之地,2,31,4,12.9,0.0,조선왕조실록,14.8,승정원일기,14.8
備中,3,506,4,0.8,0.0,승정원일기,14.8,조선왕조실록,14.8
武,8,169360,5335,3.2,0.5,고려사절요,15.3,삼국사기,14.8
纛所,3,99,12,12.1,0.0,한국사료총서,14.8,승정원일기,14.8
越前,4,233,6,2.6,0.0,고순종실록,14.8,한국사료총서,14.8
嶺土,4,50,4,8.0,0.0,고순종실록,14.8,승정원일기,14.8
東郭,3,61,5,8.2,0.0,승정원일기,14.7,한국사료총서,14.7
沙只,2,28,16,57.1,50.0,한국사료총서,64.7,조선왕조실록,14.7
德溫,4,301,12,4.0,0.0,고순종실록,14.7,승정원일기,14.7
安香廳,2,138,26,18.8,18.7,승정원일기,33.3,조선왕조실록,14.7
伊彦,2,25,9,36.0,30.8,조선왕조실록,45.5,한국사료총서,14.7
珠,8,4518,173,3.8,0.0,고려사절요,14.7,고순종실록,14.7
寧兩殿,2,64,4,6.2,5.3,승정원일기,20.0,조선왕조실록,14.7
群,8,55413,1311,2.4,0.0,삼국사기,14.7,고순종실록,14.7
萬八,6,1675,136,8.1,0.0,고려사,14.7,승정원일기,14.7
遠德,3,43,4,9.3,5.3,승정원일기,20.0,조선왕조실록,14.7
園洞,2,61,22,36.1,35.3,승정원일기,50.0,한국사료총서,14.7
松洞,3,63,58,92.1,85.3,한국사료총서,100.0,조선왕조실록,14.7
紅箭門外,3,1023,147,14.4,0.0,조선왕조실록,14.7,승정원일기,14.7
兩關,2,83,5,6.0,5.3,승정원일기,20.0,조선왕조실록,14.7
岐陽,2,25,9,36.0,30.8,승정원일기,45.5,한국사료총서,14.7
源山,2,37,9,24.3,18.8,한국사료총서,33.3,승정원일기,14.6
花開,4,227,67,29.5,18.8,승정원일기,33.3,한국사료총서,14.6
延福殿,2,269,232,86.2,85.4,승정원일기,100.0,조선왕조실록,14.6
永安南道,2,100,48,48.0,33.3,한국사료총서,47.9,조선왕조실록,14.6
서울,2,494,28,5.7,2.6,삼국유사,17.1,한국사료총서,14.6
漢京,3,223,66,29.6,18.8,한국사료총서,33.3,승정원일기,14.6
孝寧大君,4,579,15,2.6,0.0,고순종실록,14.6,승정원일기,14.6
寒水,3,110,10,9.1,2.1,한국사료총서,16.7,조선왕조실록,14.6
嶺營,4,557,71,12.7,0.0,고순종실록,14.6,승정원일기,14.6
上洛,5,339,25,7.4,0.0,고려사절요,14.6,한국사료총서,14.6
泗泚,2,25,22,88.0,77.8,한국사료총서,92.3,삼국유사,14.5
西泊,2,27,14,51.9,52.2,한국사료총서,66.7,조선왕조실록,14.5
維楊,2,38,13,34.2,35.5,승정원일기,50.0,조선왕조실록,14.5
灤,4,282,24,8.5,3.4,승정원일기,17.9,조선왕조실록,14.5
檀君,6,553,31,5.6,0.0,고려사,14.5,승정원일기,14.5
平泉,2,23,4,17.4,7.7,한국사료총서,22.2,승정원일기,14.5
廣平大君,4,173,10,5.8,0.0,고순종실록,14.5,승정원일기,14.5
梁山地,2,24,3,12.5,7.7,조선왕조실록,22.2,승정원일기,14.5
院平,3,57,15,26.3,12.5,승정원일기,27.0,조선왕조실록,14.5
差備門,3,3187,115,3.6,0.0,한국사료총서,14.5,조선왕조실록,14.5
昌原府,4,1009,262,26.0,24.9,승정원일기,39.3,고순종실록,14.4
鳳城將,4,1034,140,13.5,0.0,고순종실록,14.4,승정원일기,14.4
黃海道平山府,2,105,97,92.4,80.0,조선왕조실록,94.4,승정원일기,14.4
州倉,5,319,29,9.1,0.0,고려사절요,14.4,승정원일기,14.4
永豊,3,70,7,10.0,2.3,승정원일기,16.7,조선왕조실록,14.4
京輔,3,125,15,12.0,0.0,조선왕조실록,14.4,승정원일기,14.4
鄧,4,778,88,11.3,0.0,고순종실록,14.4,승정원일기,14.4
明政殿庭,3,188,16,8.5,0.0,조선왕조실록,14.4,승정원일기,14.4
宣禧墓,2,96,90,93.8,80.0,조선왕조실록,94.4,승정원일기,14.4
全光道,2,130,114,87.7,85.6,승정원일기,100.0,조선왕조실록,14.4
安仁,5,863,50,5.8,3.2,고려사절요,17.6,한국사료총서,14.4
安風,2,16,2,12.5,0.0,승정원일기,14.3,한국사료총서,14.3
餘山,3,35,2,5.7,0.0,승정원일기,14.3,조선왕조실록,14.3
對馬新島,2,11,1,9.1,0.0,조선왕조실록,14.3,승정원일기,14.3
慶尙道三嘉縣,2,26,25,96.2,85.7,조선왕조실록,100.0,승정원일기,14.3
乫軒洞,2,153,82,53.6,52.4,승정원일기,66.7,한국사료총서,14.3
西兩郊,2,11,1,9.1,0.0,조선왕조실록,14.3,승정원일기,14.3
敬學,3,31,2,6.5,0.0,조선왕조실록,14.3,승정원일기,14.3
長城門,2,18,2,11.1,0.0,한국사료총서,14.3,조선왕조실록,14.3
香川,2,16,4,25.0,0.0,승정원일기,14.3,고순종실록,14.3
京畿竹山,3,140,138,98.6,85.7,한국사료총서,100.0,조선왕조실록,14.3
運昇,2,10,1,10.0,0.0,조선왕조실록,14.3,승정원일기,14.3
龍臺,2,20,8,40.0,35.7,한국사료총서,50.0,승정원일기,14.3
長湍松西面,2,34,33,97.1,85.7,조선왕조실록,100.0,승정원일기,14.3
玉京,3,93,1,1.1,0.0,조선왕조실록,14.3,승정원일기,14.3
文殊城,2,24,21,87.5,85.7,조선왕조실록,100.0,승정원일기,14.3
永興鎭,2,17,15,88.2,85.7,조선왕조실록,100.0,고려사,14.3
樓巖書院,2,14,12,85.7,85.7,승정원일기,100.0,조선왕조실록,14.3
政院門,2,31,1,3.2,0.0,조선왕조실록,14.3,승정원일기,14.3
枉尋里,2,17,16,94.1,85.7,한국사료총서,100.0,승정원일기,14.3
虎牢,2,12,2,16.7,0.0,한국사료총서,14.3,승정원일기,14.3
壇直,5,204,1,0.5,0.0,고려사,14.3,한국사료총서,14.3
秋山,4,89,6,6.7,0.0,고순종실록,14.3,승정원일기,14.3
楚民,2,12,1,8.3,0.0,조선왕조실록,14.3,승정원일기,14.3
順興人,3,24,1,4.2,0.0,승정원일기,14.3,조선왕조실록,14.3
依恭,2,14,1,7.1,0.0,조선왕조실록,14.3,승정원일기,14.3
東海面,2,13,12,92.3,85.7,한국사료총서,100.0,승정원일기,14.3
監察房,2,23,1,4.3,0.0,조선왕조실록,14.3,승정원일기,14.3
惠廳別倉,2,13,1,7.7,0.0,고순종실록,14.3,승정원일기,14.3
牟平,3,56,48,85.7,85.7,조선왕조실록,100.0,고려사,14.3
退水,3,15,1,6.7,0.0,조선왕조실록,14.3,승정원일기,14.3
武剛,2,13,1,7.7,0.0,승정원일기,14.3,조선왕조실록,14.3
日泉,3,26,1,3.8,0.0,승정원일기,14.3,한국사료총서,14.3
水多,4,123,9,7.3,0.0,삼국유사,14.3,조선왕조실록,14.3
羊腸,3,96,6,6.2,0.0,한국사료총서,14.3,조선왕조실록,14.3
地沙,2,34,2,5.9,0.0,승정원일기,14.3,한국사료총서,14.3
愼,7,72648,79,0.1,0.0,고려사,14.3,삼국사기,14.3
祖召,5,33,1,3.0,0.0,고려사절요,14.3,고려사,14.3
中茶,2,11,1,9.1,0.0,조선왕조실록,14.3,승정원일기,14.3
坡州人,2,16,1,6.2,0.0,승정원일기,14.3,조선왕조실록,14.3
花萼,2,14,1,7.1,0.0,승정원일기,14.3,조선왕조실록,14.3
原州軍,2,12,1,8.3,0.0,조선왕조실록,14.3,승정원일기,14.3
文廟東西廡,2,16,1,6.2,0.0,조선왕조실록,14.3,승정원일기,14.3
丹月驛,3,25,23,92.0,85.7,한국사료총서,100.0,승정원일기,14.3
佛恩面,2,10,9,90.0,85.7,한국사료총서,100.0,승정원일기,14.3
滄海,7,451,13,2.9,0.0,고려사,14.3,삼국사기,14.3
上里,3,512,448,87.5,85.7,승정원일기,100.0,조선왕조실록,14.3
黃州棘城,2,19,15,78.9,85.7,조선왕조실록,100.0,승정원일기,14.3
陽平,5,251,8,3.2,0.0,고려사,14.3,한국사료총서,14.3
關西江邊,2,41,4,9.8,0.0,조선왕조실록,14.3,승정원일기,14.3
太常寺,4,66,3,4.5,0.0,고려사,14.3,승정원일기,14.3
京畿陰,3,48,46,95.8,85.7,한국사료총서,100.0,승정원일기,14.3
水里,3,89,79,88.8,85.7,조선왕조실록,100.0,승정원일기,14.3
永柔臥龍祠,2,20,16,80.0,85.7,승정원일기,100.0,조선왕조실록,14.3
中村里,2,13,12,92.3,85.7,승정원일기,100.0,한국사료총서,14.3
忠淸道報恩縣,2,36,33,91.7,85.7,조선왕조실록,100.0,승정원일기,14.3
三州,6,326,12,3.7,0.0,고려사절요,14.3,고려사,14.3
草溪人,2,21,1,4.8,0.0,한국사료총서,14.3,조선왕조실록,14.3
太白星,2,14,1,7.1,0.0,승정원일기,14.3,조선왕조실록,14.3
中神,3,70,2,2.9,0.0,승정원일기,14.3,조선왕조실록,14.3
崔瑞,4,115,1,0.9,0.0,고려사,14.3,조선왕조실록,14.3
通□,2,10,1,10.0,0.0,한국사료총서,14.3,승정원일기,14.3
畿內之地,2,11,1,9.1,0.0,조선왕조실록,14.3,승정원일기,14.3
殷盤,2,25,1,4.0,0.0,승정원일기,14.3,조선왕조실록,14.3
德水縣,4,31,30,96.8,85.7,조선왕조실록,100.0,한국사료총서,14.3
宋事,3,35,1,2.9,0.0,승정원일기,14.3,조선왕조실록,14.3
古楊州,2,26,17,65.4,71.4,한국사료총서,85.7,승정원일기,14.3
儀封,4,36,1,2.8,0.0,고순종실록,14.3,조선왕조실록,14.3
益和,2,97,6,6.2,0.0,승정원일기,14.3,조선왕조실록,14.3
晉卿,2,25,1,4.0,0.0,승정원일기,14.3,한국사료총서,14.3
館院,2,14,1,7.1,0.0,승정원일기,14.3,한국사료총서,14.3
東南海,5,49,2,4.1,0.0,고려사절요,14.3,고려사,14.3
崇善君房,2,20,2,10.0,0.0,조선왕조실록,14.3,승정원일기,14.3
苗,8,3034,88,2.9,0.0,고려사,14.3,고순종실록,14.3
大樹,6,194,8,4.1,0.0,고려사,14.3,삼국사기,14.3
懿寧園,2,497,496,99.8,85.7,고순종실록,100.0,승정원일기,14.3
濟生洞,2,10,9,90.0,85.7,승정원일기,100.0,조선왕조실록,14.3
九萬浦,2,14,13,92.9,85.7,한국사료총서,100.0,고순종실록,14.3
東西面,2,42,2,4.8,0.0,조선왕조실록,14.3,한국사료총서,14.3
端興,2,19,2,10.5,0.0,승정원일기,14.3,조선왕조실록,14.3
秦庭,3,24,1,4.2,0.0,승정원일기,14.3,조선왕조실록,14.3
鑿山通道,3,16,1,6.2,0.0,조선왕조실록,14.3,승정원일기,14.3
女眞人,4,41,4,9.8,0.0,고려사,14.3,조선왕조실록,14.3
涉川,3,75,4,5.3,0.0,승정원일기,14.3,한국사료총서,14.3
藿巖,2,11,1,9.1,0.0,고순종실록,14.3,승정원일기,14.3
章閣,4,15319,1075,7.0,0.0,한국사료총서,14.3,조선왕조실록,14.3
春塘臺帳殿,2,11,1,9.1,0.0,조선왕조실록,14.3,승정원일기,14.3
秀津,2,14,1,7.1,0.0,조선왕조실록,14.3,승정원일기,14.3
沙川縣,2,12,11,91.7,85.7,조선왕조실록,100.0,승정원일기,14.3
浴沂,3,86,1,1.2,0.0,승정원일기,14.3,조선왕조실록,14.3
二哥,3,48,1,2.1,0.0,승정원일기,14.3,조선왕조실록,14.3
福溫公主,3,81,9,11.1,0.0,고순종실록,14.3,승정원일기,14.3
崑崗,2,13,1,7.7,0.0,한국사료총서,14.3,조선왕조실록,14.3
邊匪,3,19,1,5.3,0.0,고순종실록,14.3,승정원일기,14.3
鵬壽,3,40,1,2.5,0.0,승정원일기,14.3,한국사료총서,14.3
浦監,3,35,1,2.9,0.0,조선왕조실록,14.3,승정원일기,14.3
汰諸牧,3,28,1,3.6,0.0,고려사,14.3,한국사료총서,14.3
咸慶,3,68,3,4.4,0.0,한국사료총서,14.3,조선왕조실록,14.3
官津,3,19,1,5.3,0.0,고순종실록,14.3,한국사료총서,14.3
江原道通川郡,2,39,37,94.9,85.7,조선왕조실록,100.0,승정원일기,14.3
大城門,2,28,17,60.7,57.1,승정원일기,71.4,조선왕조실록,14.3
濟州一島,2,23,2,8.7,0.0,조선왕조실록,14.3,승정원일기,14.3
蒼峯,3,29,28,96.6,85.7,한국사료총서,100.0,조선왕조실록,14.3
古昌郡,6,26,25,96.2,85.7,고려사,100.0,한국사료총서,14.3
河外,2,14,1,7.1,0.0,한국사료총서,14.3,승정원일기,14.3
咸通,4,34,1,2.9,0.0,삼국유사,14.3,조선왕조실록,14.3
幽谷道,2,27,23,85.2,85.7,승정원일기,100.0,조선왕조실록,14.3
無極,6,2181,19,0.9,0.0,고려사절요,14.3,고려사,14.3
薪谷,3,47,42,89.4,85.7,한국사료총서,100.0,조선왕조실록,14.3
九道,4,48,1,2.1,0.0,고려사,14.3,승정원일기,14.3
夕洞,2,11,1,9.1,0.0,승정원일기,14.3,한국사료총서,14.3
柰城,2,21,19,90.5,85.7,한국사료총서,100.0,조선왕조실록,14.3
海田,2,31,2,6.5,0.0,조선왕조실록,14.3,승정원일기,14.3
月華門,2,15,14,93.3,85.7,조선왕조실록,100.0,승정원일기,14.3
城隍,6,1248,79,6.3,0.0,고려사,14.3,고순종실록,14.3
□寧,2,10,1,10.0,0.0,한국사료총서,14.3,승정원일기,14.3
胡安國,3,128,1,0.8,0.0,승정원일기,14.3,한국사료총서,14.3
酒泉,4,171,153,89.5,85.7,조선왕조실록,100.0,삼국사기,14.3
道山城,3,57,4,7.0,0.0,고려사,14.3,조선왕조실록,14.3
吉州邑,2,11,1,9.1,0.0,승정원일기,14.3,조선왕조실록,14.3
行島,3,27,2,7.4,0.0,승정원일기,14.3,조선왕조실록,14.3
秉憲,4,1293,1,0.1,0.0,승정원일기,14.3,고순종실록,14.3
神同,2,12,1,8.3,0.0,승정원일기,14.3,조선왕조실록,14.3
純宗室,3,18,1,5.6,0.0,조선왕조실록,14.3,승정원일기,14.3
秘書省,3,63,1,1.6,0.0,고려사,14.3,조선왕조실록,14.3
吉長,2,16,1,6.2,0.0,한국사료총서,14.3,승정원일기,14.3
五龍洞,3,39,37,94.9,85.7,한국사료총서,100.0,조선왕조실록,14.3
甫所,3,46,1,2.2,0.0,승정원일기,14.3,조선왕조실록,14.3
重光院,2,17,15,88.2,85.7,승정원일기,100.0,조선왕조실록,14.3
金貴山,3,30,2,6.7,0.0,승정원일기,14.3,조선왕조실록,14.3
彰義洞,2,26,23,88.5,85.7,조선왕조실록,100.0,승정원일기,14.3
代島,3,35,22,62.9,50.0,한국사료총서,64.3,조선왕조실록,14.3
東麓,4,119,7,5.9,0.0,삼국유사,14.3,승정원일기,14.3
中庠,3,16,1,6.2,0.0,조선왕조실록,14.3,승정원일기,14.3
長源,5,689,9,1.3,0.0,고려사,14.3,조선왕조실록,14.3
滕王閣,2,12,1,8.3,0.0,승정원일기,14.3,조선왕조실록,14.3
銀溪驛,2,59,50,84.7,71.4,조선왕조실록,85.7,승정원일기,14.3
牧吏,3,47,1,2.1,0.0,승정원일기,14.3,한국사료총서,14.3
肅章門內,2,35,4,11.4,0.0,조선왕조실록,14.3,승정원일기,14.3
仁東,3,47,6,12.8,0.0,조선왕조실록,14.3,승정원일기,14.3
大板城,3,21,20,95.2,85.7,한국사료총서,100.0,조선왕조실록,14.3
靑布廛,2,56,7,12.5,0.0,조선왕조실록,14.3,승정원일기,14.3
幕華館,2,13,11,84.6,85.7,승정원일기,100.0,조선왕조실록,14.3
賊述,2,45,2,4.4,0.0,승정원일기,14.3,조선왕조실록,14.3
善府,2,18,2,11.1,0.0,조선왕조실록,14.3,한국사료총서,14.3
在谷山,2,17,1,5.9,0.0,승정원일기,14.3,조선왕조실록,14.3
종가,2,10,1,10.0,0.0,고려사절요,14.3,한국사료총서,14.3
昌慶兩,3,67,2,3.0,0.0,고순종실록,14.3,조선왕조실록,14.3
載松,3,14,1,7.1,0.0,승정원일기,14.3,조선왕조실록,14.3
草庵,2,15,3,20.0,14.3,한국사료총서,28.6,조선왕조실록,14.3
明吉,5,55,2,3.6,0.0,고려사,14.3,조선왕조실록,14.3
三尊,4,31,2,6.5,0.0,삼국유사,14.3,조선왕조실록,14.3
中朝,8,5268,391,7.4,0.0,고려사,14.3,고순종실록,14.3
金鑾,3,40,1,2.5,0.0,승정원일기,14.3,조선왕조실록,14.3
三津,2,39,2,5.1,0.0,승정원일기,14.3,조선왕조실록,14.3
水旨,3,25,2,8.0,0.0,조선왕조실록,14.3,승정원일기,14.3
文瓘,3,39,1,2.6,0.0,조선왕조실록,14.3,승정원일기,14.3
社稷墻,2,22,1,4.5,0.0,조선왕조실록,14.3,승정원일기,14.3
政丞,7,4251,59,1.4,0.0,고려사,14.3,승정원일기,14.3
三道沿海,2,18,1,5.6,0.0,조선왕조실록,14.3,승정원일기,14.3
苧布廛,2,35,4,11.4,0.0,고순종실록,14.3,승정원일기,14.3
榮慶,3,137,1,0.7,0.0,승정원일기,14.3,한국사료총서,14.3
丹門,3,185,13,7.0,0.0,한국사료총서,14.3,조선왕조실록,14.3
黃海三道,2,51,5,9.8,0.0,조선왕조실록,14.3,승정원일기,14.3
付,8,277792,23,0.0,0.0,고순종실록,14.3,삼국사기,14.3
東西門,3,90,8,8.9,0.0,조선왕조실록,14.3,한국사료총서,14.3
二極,3,25,1,4.0,0.0,조선왕조실록,14.3,승정원일기,14.3
安石,5,1623,2,0.1,0.0,고려사절요,14.3,고려사,14.3
慶指,2,12,1,8.3,0.0,승정원일기,14.3,조선왕조실록,14.3
忠州楊津,2,17,16,94.1,85.7,조선왕조실록,100.0,승정원일기,14.3
北城內,2,23,1,4.3,0.0,한국사료총서,14.3,승정원일기,14.3
后土氏尊所,2,14,1,7.1,0.0,조선왕조실록,14.3,승정원일기,14.3
楡皮,3,19,1,5.3,0.0,승정원일기,14.3,조선왕조실록,14.3
拔奇,2,12,1,8.3,0.0,승정원일기,14.3,한국사료총서,14.3
慶尙道安陰縣,2,13,12,92.3,85.7,조선왕조실록,100.0,승정원일기,14.3
沈鳳,3,461,1,0.2,0.0,승정원일기,14.3,한국사료총서,14.3
西南面,3,45,2,4.4,0.0,조선왕조실록,14.3,승정원일기,14.3
嶺表,3,87,11,12.6,0.0,조선왕조실록,14.3,승정원일기,14.3
倭上,3,31,1,3.2,0.0,승정원일기,14.3,조선왕조실록,14.3
西鄙,5,262,2,0.8,0.0,고려사,14.3,한국사료총서,14.3
石陵,2,18,3,16.7,0.0,승정원일기,14.3,조선왕조실록,14.3
栗津,3,16,15,93.8,85.7,한국사료총서,100.0,조선왕조실록,14.3
保令,3,29,1,3.4,0.0,승정원일기,14.3,한국사료총서,14.3
漆紙,2,10,1,10.0,0.0,승정원일기,14.3,조선왕조실록,14.3
龜山縣,3,24,22,91.7,85.7,조선왕조실록,100.0,고려사,14.3
醴泉人,2,15,1,6.7,0.0,한국사료총서,14.3,조선왕조실록,14.3
北門樓,2,25,2,8.0,0.0,한국사료총서,14.3,승정원일기,14.3
咸平人,3,25,1,4.0,0.0,승정원일기,14.3,조선왕조실록,14.3
恒山,3,27,2,7.4,0.0,한국사료총서,14.3,조선왕조실록,14.3
英倫,2,12,1,8.3,0.0,승정원일기,14.3,한국사료총서,14.3
勿居,2,28,6,21.4,0.0,승정원일기,14.3,조선왕조실록,14.3
羅信洞,3,16,15,93.8,85.7,승정원일기,100.0,한국사료총서,14.3
忠淸道連山縣,2,40,37,92.5,80.0,조선왕조실록,94.3,승정원일기,14.3
道州,5,180,11,6.1,0.0,고려사절요,14.3,한국사료총서,14.3
潛,8,26793,39,0.1,0.0,고순종실록,14.3,삼국유사,14.3
翼安,2,60,3,5.0,0.0,승정원일기,14.3,조선왕조실록,14.3
義州通,3,33,1,3.0,0.0,승정원일기,14.3,한국사료총서,14.3
三廟,3,29,2,6.9,0.0,조선왕조실록,14.3,승정원일기,14.3
西奴,3,36,1,2.8,0.0,승정원일기,14.3,조선왕조실록,14.3
闕支,2,15,5,33.3,0.0,승정원일기,14.3,조선왕조실록,14.3
嘉一,2,22,1,4.5,0.0,승정원일기,14.3,조선왕조실록,14.3
下葛,2,18,11,61.1,50.0,승정원일기,64.3,한국사료총서,14.3
介山,3,50,13,26.0,14.3,한국사료총서,28.6,승정원일기,14.3
只島,4,50,46,92.0,85.7,한국사료총서,100.0,고려사,14.3
楚漢,2,56,3,5.4,0.0,승정원일기,14.3,한국사료총서,14.3
慶尙南北道,3,17,16,94.1,85.7,한국사료총서,100.0,승정원일기,14.3
羅季,5,38,1,2.6,0.0,고려사,14.3,승정원일기,14.3
會子,3,44,1,2.3,0.0,승정원일기,14.3,조선왕조실록,14.3
猪廛,2,17,2,11.8,0.0,조선왕조실록,14.3,승정원일기,14.3
籍田,5,898,48,5.3,0.0,조선왕조실록,14.3,고려사절요,14.3
永遠,4,318,16,5.0,0.0,고순종실록,14.2,승정원일기,14.2
上米,3,339,31,9.1,0.0,조선왕조실록,14.2,승정원일기,14.2
立廛,4,278,36,12.9,0.0,고순종실록,14.2,승정원일기,14.2
通化門外,2,117,16,13.7,0.0,조선왕조실록,14.2,승정원일기,14.2
洪,8,409768,10957,2.7,0.0,삼국유사,14.2,고순종실록,14.2
始興縣,3,456,215,47.1,33.3,한국사료총서,47.5,승정원일기,14.2
預原,2,74,69,93.2,80.0,한국사료총서,94.2,조선왕조실록,14.2
魚藻,2,76,18,23.7,21.1,승정원일기,35.3,조선왕조실록,14.2
德里,4,272,249,91.5,85.9,한국사료총서,100.0,조선왕조실록,14.1
萬頃郡,2,31,8,25.8,19.2,승정원일기,33.3,고순종실록,14.1
九里,3,842,29,3.4,0.7,조선왕조실록,14.9,승정원일기,14.1
泉流,3,187,22,11.8,0.0,한국사료총서,14.1,승정원일기,14.1
兩浦,3,95,10,10.5,2.6,조선왕조실록,16.7,한국사료총서,14.1
明州,5,87,66,75.9,69.2,한국사료총서,83.3,승정원일기,14.1
達川,3,87,58,66.7,60.9,한국사료총서,75.0,조선왕조실록,14.1
德寧,5,187,16,8.6,2.2,승정원일기,16.3,조선왕조실록,14.1
天朝,7,6253,698,11.2,0.0,고려사,14.0,조선왕조실록,14.0
和,8,124929,8240,6.6,2.9,삼국유사,16.9,고순종실록,14.0
店幕,3,107,10,9.3,0.0,조선왕조실록,14.0,승정원일기,14.0
齊安,6,324,13,4.0,0.0,고려사절요,14.0,승정원일기,14.0
三鄕,3,94,12,12.8,9.5,승정원일기,23.5,한국사료총서,14.0
丹楓亭,2,235,202,86.0,86.0,승정원일기,100.0,조선왕조실록,14.0
嶺內,3,77,6,7.8,0.0,조선왕조실록,14.0,승정원일기,14.0
西小門外,4,419,32,7.6,0.0,고순종실록,14.0,한국사료총서,14.0
福利,6,123,7,5.7,0.0,고려사,14.0,조선왕조실록,14.0
東門外,4,941,81,8.6,0.0,고려사,14.0,승정원일기,14.0
曲江,3,76,13,17.1,9.1,한국사료총서,23.1,승정원일기,14.0
全羅左右,2,100,15,15.0,3.8,조선왕조실록,17.8,승정원일기,14.0
谷山郡,3,176,28,15.9,11.0,승정원일기,25.0,한국사료총서,14.0
作乃,2,27,8,29.6,23.5,한국사료총서,37.5,조선왕조실록,14.0
鎭岑郡,2,35,8,22.9,19.4,승정원일기,33.3,고순종실록,14.0
鎭川地,2,150,70,46.7,33.3,조선왕조실록,47.3,승정원일기,13.9
淸寧,5,262,20,7.6,0.0,고려사,13.9,승정원일기,13.9
露臺,4,243,40,16.5,11.1,한국사료총서,25.0,조선왕조실록,13.9
文城郡,2,15,4,26.7,11.1,승정원일기,25.0,조선왕조실록,13.9
大理,5,149,10,6.7,0.0,고려사,13.9,한국사료총서,13.9
京國,3,163,16,9.8,0.0,조선왕조실록,13.9,승정원일기,13.9
大韓帝國,2,48,21,43.8,33.3,고순종실록,47.2,한국사료총서,13.9
白,8,202623,6258,3.1,2.4,한국사료총서,16.3,삼국유사,13.9
奉山,3,89,14,15.7,11.1,승정원일기,25.0,한국사료총서,13.9
陽竹,2,14,2,14.3,11.1,승정원일기,25.0,한국사료총서,13.9
老,8,117977,1322,1.1,0.0,삼국유사,13.9,삼국사기,13.9
左兵營,4,237,25,10.5,0.0,고순종실록,13.9,승정원일기,13.9
郡南面,3,37,18,48.6,41.7,한국사료총서,55.6,승정원일기,13.9
野山,3,41,8,19.5,11.1,승정원일기,25.0,조선왕조실록,13.9
塔洞,3,89,69,77.5,75.0,한국사료총서,88.9,조선왕조실록,13.9
昭敬,3,336,39,11.6,0.0,한국사료총서,13.9,조선왕조실록,13.9
琴召,2,39,34,87.2,86.1,한국사료총서,100.0,조선왕조실록,13.9
撫院,3,222,28,12.6,0.0,승정원일기,13.8,조선왕조실록,13.8
春暉,4,142,7,4.9,0.0,고순종실록,13.8,조선왕조실록,13.8
撫安大君,3,40,4,10.0,0.0,고순종실록,13.8,승정원일기,13.8
天章閣,2,64,51,79.7,80.0,승정원일기,93.8,조선왕조실록,13.8
全羅道羅州地,2,62,8,12.9,0.0,조선왕조실록,13.8,승정원일기,13.8
轅門外,3,36,4,11.1,0.0,조선왕조실록,13.8,승정원일기,13.8
陽三,4,189,26,13.8,11.2,승정원일기,25.0,고순종실록,13.8
袈裟,6,81,4,4.9,0.0,고려사,13.8,조선왕조실록,13.8
白原,2,24,5,20.8,6.2,승정원일기,20.0,한국사료총서,13.8
日域,4,93,4,4.3,0.0,고려사,13.8,조선왕조실록,13.8
西北邊,3,354,40,11.3,0.0,한국사료총서,13.8,승정원일기,13.8
北窓,3,43,4,9.3,0.0,승정원일기,13.8,한국사료총서,13.8
巨川,4,171,6,3.5,0.0,고순종실록,13.8,조선왕조실록,13.8
平安一道,3,258,8,3.1,0.0,조선왕조실록,13.8,승정원일기,13.8
仁和門外,2,37,4,10.8,0.0,조선왕조실록,13.8,승정원일기,13.8
歐羅巴,2,35,15,42.9,28.6,승정원일기,42.3,한국사료총서,13.7
黃腸山,2,22,9,40.9,33.3,조선왕조실록,47.1,승정원일기,13.7
影島,4,230,222,96.5,86.3,한국사료총서,100.0,조선왕조실록,13.7
洪州牧,4,1229,218,17.7,9.8,조선왕조실록,23.5,고순종실록,13.7
內谷,2,32,14,43.8,43.5,한국사료총서,57.1,승정원일기,13.7
厚州鎭,2,39,28,71.8,62.5,조선왕조실록,76.2,승정원일기,13.7
莽,7,6528,51,0.8,0.0,고순종실록,13.7,한국사료총서,13.7
驪興府,4,237,14,5.9,0.0,고순종실록,13.7,조선왕조실록,13.7
自如,4,4258,153,3.6,1.1,한국사료총서,14.8,고순종실록,13.7
聖代,4,551,10,1.8,0.0,고순종실록,13.7,한국사료총서,13.7
仁皇,3,220,3,1.4,0.0,조선왕조실록,13.6,승정원일기,13.6
廟南門外,2,34,3,8.8,0.0,조선왕조실록,13.6,승정원일기,13.6
陽城縣,3,700,79,11.3,9.2,승정원일기,22.7,한국사료총서,13.6
明朝,6,10094,56,0.6,0.0,고려사,13.6,조선왕조실록,13.6
文宣王神位,2,39,3,7.7,0.0,조선왕조실록,13.6,승정원일기,13.6
安北都護,2,28,15,53.6,50.0,고려사,63.6,고려사절요,13.6
江陵人,3,47,3,6.4,0.0,승정원일기,13.6,조선왕조실록,13.6
唐本,4,107,3,2.8,0.0,고려사,13.6,조선왕조실록,13.6
關海,3,56,6,10.7,0.0,조선왕조실록,13.6,승정원일기,13.6
北間,3,531,55,10.4,0.0,조선왕조실록,13.6,한국사료총서,13.6
唐虞,4,684,6,0.9,0.0,고려사,13.6,조선왕조실록,13.6
瓊林大盈,2,17,7,41.2,36.4,승정원일기,50.0,조선왕조실록,13.6
多岐,4,594,8,1.3,0.0,고순종실록,13.5,한국사료총서,13.5
順天地,3,60,5,8.3,0.0,조선왕조실록,13.5,승정원일기,13.5
懿昭宮,2,137,28,20.4,19.8,승정원일기,33.3,조선왕조실록,13.5
定止,3,54,5,9.3,0.0,승정원일기,13.5,한국사료총서,13.5
讓寧大君,4,662,18,2.7,0.0,고순종실록,13.5,승정원일기,13.5
豐鎬,2,19,6,31.6,25.0,조선왕조실록,38.5,승정원일기,13.5
密,8,45632,2438,5.3,0.0,삼국유사,13.5,삼국사기,13.5
檢詳,3,958,5,0.5,0.0,승정원일기,13.5,한국사료총서,13.5
大小山,2,30,14,46.7,42.1,승정원일기,55.6,조선왕조실록,13.5
莊,8,10563,1123,10.6,0.0,삼국사기,13.5,승정원일기,13.5
順,8,108423,11093,10.2,1.5,삼국유사,15.0,고순종실록,13.5
川上,6,298,26,8.7,0.0,고려사,13.4,승정원일기,13.4
浮石,5,1010,22,2.2,0.0,고순종실록,13.4,한국사료총서,13.4
栅,3,96,11,11.5,0.0,고려사절요,13.4,승정원일기,13.4
金川郡大,2,19,17,89.5,86.7,승정원일기,100.0,조선왕조실록,13.3
江華鎭江,2,39,35,89.7,86.7,승정원일기,100.0,조선왕조실록,13.3
金養誠,2,50,2,4.0,0.0,승정원일기,13.3,한국사료총서,13.3
周廟,3,75,6,8.0,0.0,조선왕조실록,13.3,승정원일기,13.3
義通,3,67,5,7.5,0.0,한국사료총서,13.3,조선왕조실록,13.3
星命,3,35,2,5.7,0.0,승정원일기,13.3,한국사료총서,13.3
食地,3,27,2,7.4,0.0,조선왕조실록,13.3,승정원일기,13.3
熊谷,2,25,18,72.0,86.7,한국사료총서,100.0,삼국사기,13.3
周家,5,1075,20,1.9,0.0,고려사,13.3,조선왕조실록,13.3
良文,3,106,2,1.9,0.0,승정원일기,13.3,한국사료총서,13.3
安嬪,2,94,8,8.5,0.0,조선왕조실록,13.3,승정원일기,13.3
平草,2,12,4,33.3,20.0,한국사료총서,33.3,승정원일기,13.3
江原道原州,3,668,665,99.6,86.7,한국사료총서,100.0,조선왕조실록,13.3
沙伐,3,38,33,86.8,86.7,삼국사기,100.0,조선왕조실록,13.3
勃,8,1552,30,1.9,0.0,고순종실록,13.3,고려사절요,13.3
仁政殿前,2,36,2,5.6,0.0,조선왕조실록,13.3,승정원일기,13.3
碧城,2,26,8,30.8,20.0,승정원일기,33.3,한국사료총서,13.3
進奉,7,340,3,0.9,0.0,고순종실록,13.3,고려사절요,13.3
道逢,3,67,2,3.0,0.0,승정원일기,13.3,한국사료총서,13.3
蜀地,2,14,3,21.4,20.0,승정원일기,33.3,조선왕조실록,13.3
忠淸道結城縣,2,36,32,88.9,80.0,조선왕조실록,93.3,승정원일기,13.3
全羅道龍安縣,2,21,19,90.5,86.7,승정원일기,100.0,조선왕조실록,13.3
啓運別宮,2,14,4,28.6,20.0,조선왕조실록,33.3,승정원일기,13.3
津北,3,39,9,23.1,20.0,조선왕조실록,33.3,승정원일기,13.3
獨井,2,10,6,60.0,66.7,승정원일기,80.0,한국사료총서,13.3
新良,2,53,6,11.3,6.7,조선왕조실록,20.0,한국사료총서,13.3
萊邑,2,19,5,26.3,20.0,한국사료총서,33.3,승정원일기,13.3
衛益,2,21,2,9.5,0.0,한국사료총서,13.3,승정원일기,13.3
沙亭,2,19,14,73.7,66.7,한국사료총서,80.0,조선왕조실록,13.3
沙弗,2,10,3,30.0,20.0,고려사,33.3,고려사절요,13.3
稷山人,2,27,2,7.4,0.0,승정원일기,13.3,조선왕조실록,13.3
忠淸水營,2,116,13,11.2,0.0,조선왕조실록,13.3,승정원일기,13.3
崇義堡,2,19,2,10.5,0.0,조선왕조실록,13.3,승정원일기,13.3
佛藏,2,9,3,33.3,20.0,한국사료총서,33.3,조선왕조실록,13.3
伐登鎭,2,14,10,71.4,66.7,한국사료총서,80.0,승정원일기,13.3
㫌義縣,2,18,4,22.2,16.7,조선왕조실록,30.0,한국사료총서,13.3
時丁,3,80,2,2.5,0.0,승정원일기,13.3,조선왕조실록,13.3
江華史庫,2,42,24,57.1,50.0,조선왕조실록,63.3,승정원일기,13.3
養魚,3,43,2,4.7,0.0,조선왕조실록,13.3,승정원일기,13.3
棘,7,10856,331,3.0,0.0,고려사절요,13.3,조선왕조실록,13.3
正邊,4,67,2,3.0,0.0,고려사,13.3,조선왕조실록,13.3
長院,2,8,2,25.0,20.0,승정원일기,33.3,한국사료총서,13.3
爐縣,2,39,37,94.9,83.3,조선왕조실록,96.7,한국사료총서,13.3
上黨城,2,17,12,70.6,66.7,조선왕조실록,80.0,승정원일기,13.3
自隱,3,643,9,1.4,0.2,승정원일기,13.5,한국사료총서,13.3
瓊宮,3,61,4,6.6,0.0,한국사료총서,13.3,조선왕조실록,13.3
洲島,2,8,2,25.0,20.0,한국사료총서,33.3,승정원일기,13.3
靈巖所安島,2,11,9,81.8,66.7,한국사료총서,80.0,승정원일기,13.3
連興,3,59,2,3.4,0.0,승정원일기,13.3,한국사료총서,13.3
朔州郡,3,36,8,22.2,20.0,고순종실록,33.3,조선왕조실록,13.3
西沿,4,262,20,7.6,0.0,조선왕조실록,13.3,고순종실록,13.3
驪州邑,2,33,15,45.5,33.3,조선왕조실록,46.7,승정원일기,13.3
大上,3,213,5,2.3,0.0,승정원일기,13.3,한국사료총서,13.3
畿營,4,3225,389,12.1,0.0,고순종실록,13.3,승정원일기,13.3
湖西地,2,22,2,9.1,0.0,조선왕조실록,13.3,승정원일기,13.3
京山府,4,119,101,84.9,76.7,한국사료총서,90.0,고려사절요,13.3
靑州,5,280,258,92.1,82.9,고려사,96.2,조선왕조실록,13.3
升州,2,10,2,20.0,20.0,승정원일기,33.3,한국사료총서,13.3
昭文,4,37,2,5.4,0.0,고려사,13.3,조선왕조실록,13.3
西南,8,3541,181,5.1,0.0,고순종실록,13.3,승정원일기,13.3
介浦,2,11,4,36.4,20.0,한국사료총서,33.3,조선왕조실록,13.3
木川郡,2,36,12,33.3,20.0,고순종실록,33.3,승정원일기,13.3
大陵,3,105,6,5.7,0.0,고려사,13.3,조선왕조실록,13.3
楊花鎭,2,51,45,88.2,86.7,승정원일기,100.0,고순종실록,13.3
桑,8,8472,282,3.3,0.0,고려사절요,13.3,삼국사기,13.3
夷陵,2,13,3,23.1,20.0,한국사료총서,33.3,승정원일기,13.3
草芝鎭,2,24,21,87.5,75.0,한국사료총서,88.2,승정원일기,13.2
白洞,3,254,5,2.0,0.5,승정원일기,13.6,한국사료총서,13.2
多福,4,500,43,8.6,0.0,고순종실록,13.2,조선왕조실록,13.2
烽臺,4,544,53,9.7,0.0,고순종실록,13.2,승정원일기,13.2
店里,2,70,66,94.3,83.3,승정원일기,96.6,한국사료총서,13.2
北東,4,145,7,4.8,0.0,고려사,13.2,승정원일기,13.2
悅,7,21769,942,4.3,1.1,고려사절요,14.3,삼국사기,13.2
義昌君,4,353,20,5.7,0.0,고순종실록,13.2,승정원일기,13.2
臨瀛,3,456,8,1.8,0.5,조선왕조실록,13.6,승정원일기,13.2
孝惠殿,2,305,252,82.6,81.5,승정원일기,94.7,고순종실록,13.2
永定,4,439,13,3.0,0.0,고순종실록,13.2,한국사료총서,13.2
敬思殿,2,198,176,88.9,86.8,승정원일기,100.0,조선왕조실록,13.2
下江,3,148,8,5.4,0.0,한국사료총서,13.2,조선왕조실록,13.2
嘉山縣,2,58,8,13.8,0.0,조선왕조실록,13.2,승정원일기,13.2
九峰,2,22,3,13.6,11.8,한국사료총서,25.0,승정원일기,13.2
曲阜,3,303,257,84.8,74.4,승정원일기,87.4,한국사료총서,13.1
隆,8,39063,3549,9.1,0.0,삼국유사,13.1,승정원일기,13.1
蒼龍,3,104,10,9.6,4.5,조선왕조실록,17.6,승정원일기,13.1
慶尙道昆陽郡,2,89,87,97.8,85.7,조선왕조실록,98.8,승정원일기,13.1
堂,8,388947,48175,12.4,0.0,삼국사기,13.1,승정원일기,13.1
禾北,2,31,21,67.7,61.9,한국사료총서,75.0,승정원일기,13.1
大鳥,4,152,14,9.2,0.0,고순종실록,13.1,한국사료총서,13.1
義村,2,28,25,89.3,87.0,승정원일기,100.0,한국사료총서,13.0
北道交濟,2,27,3,11.1,0.0,조선왕조실록,13.0,승정원일기,13.0
茂林,3,272,12,4.4,0.0,승정원일기,13.0,한국사료총서,13.0
郢,3,225,27,12.0,2.2,한국사료총서,15.2,승정원일기,13.0
丹密,3,37,34,91.9,87.0,한국사료총서,100.0,조선왕조실록,13.0
阜島,4,102,98,96.1,87.0,한국사료총서,100.0,조선왕조실록,13.0
生日,6,1284,6,0.5,0.0,고려사,13.0,고순종실록,13.0
夷,8,17243,566,3.3,0.0,삼국유사,13.0,삼국사기,13.0
明政殿階上,2,35,3,8.6,0.0,조선왕조실록,13.0,승정원일기,13.0
坡三,2,36,10,27.8,16.7,조선왕조실록,29.6,승정원일기,13.0
陽節,3,61,3,4.9,0.0,조선왕조실록,13.0,승정원일기,13.0
天樞,3,169,3,1.8,0.0,승정원일기,13.0,조선왕조실록,13.0
猶太,3,52,3,5.8,0.0,승정원일기,13.0,한국사료총서,13.0
眞面,3,99,7,7.1,0.0,조선왕조실록,13.0,한국사료총서,13.0
昌國,3,465,7,1.5,0.0,한국사료총서,13.0,조선왕조실록,13.0
建元陵,2,31,27,87.1,87.0,승정원일기,100.0,조선왕조실록,13.0
甘肅,3,78,71,91.0,87.0,한국사료총서,100.0,조선왕조실록,13.0
興文,3,590,14,2.4,0.7,승정원일기,13.6,한국사료총서,13.0
魚物廛,4,152,18,11.8,0.0,고순종실록,13.0,승정원일기,13.0
別倉,4,152,9,5.9,0.0,고순종실록,13.0,승정원일기,13.0
宣政門內,2,31,3,9.7,0.0,조선왕조실록,13.0,승정원일기,13.0
積石,3,81,7,8.6,0.0,한국사료총서,13.0,조선왕조실록,13.0
楊原,3,77,5,6.5,3.6,조선왕조실록,16.7,한국사료총서,13.0
太僕牧場,2,31,3,9.7,0.0,조선왕조실록,13.0,승정원일기,13.0
細川,3,88,13,14.8,7.1,승정원일기,20.0,한국사료총서,12.9
竹泉,2,19,2,10.5,7.1,승정원일기,20.0,한국사료총서,12.9
愍懷墓,2,249,155,62.2,50.0,조선왕조실록,62.9,승정원일기,12.9
長淵地,2,44,4,9.1,0.0,조선왕조실록,12.9,승정원일기,12.9
金郊道,2,18,12,66.7,57.1,승정원일기,70.0,조선왕조실록,12.9
越,8,63344,2153,3.4,2.5,승정원일기,15.4,삼국유사,12.9
馬山里,3,40,36,90.0,87.1,한국사료총서,100.0,조선왕조실록,12.9
廟殿,4,434,44,10.1,0.0,고순종실록,12.9,승정원일기,12.9
內外南山,2,34,4,11.8,0.0,조선왕조실록,12.9,승정원일기,12.9
鷺梁津,2,49,45,91.8,80.0,한국사료총서,92.9,승정원일기,12.9
大寺洞,3,220,207,94.1,85.7,조선왕조실록,98.6,승정원일기,12.9
洧,3,187,19,10.2,0.0,한국사료총서,12.8,승정원일기,12.8
牛莊,2,21,13,61.9,53.8,한국사료총서,66.7,승정원일기,12.8
茂村,2,29,9,31.0,23.5,한국사료총서,36.4,조선왕조실록,12.8
仁賢,4,279,26,9.3,0.0,고순종실록,12.8,승정원일기,12.8
隆文堂,2,55,47,85.5,87.2,승정원일기,100.0,고순종실록,12.8
綠楊驛,2,50,44,88.0,87.2,승정원일기,100.0,조선왕조실록,12.8
蛤,4,867,85,9.8,0.0,고려사,12.8,한국사료총서,12.8
礪石,3,405,17,4.2,0.0,한국사료총서,12.8,승정원일기,12.8
隆武堂,3,556,500,89.9,87.3,승정원일기,100.0,조선왕조실록,12.7
山平,3,60,10,16.7,11.1,한국사료총서,23.8,조선왕조실록,12.7
五德,4,144,8,5.6,0.0,고려사,12.7,승정원일기,12.7
山外面,2,24,17,70.8,70.6,한국사료총서,83.3,승정원일기,12.7
唐室,6,173,7,4.0,0.0,고려사,12.7,조선왕조실록,12.7
胎峯,4,281,30,10.7,0.0,고순종실록,12.7,승정원일기,12.7
瀍,2,64,7,10.9,0.0,한국사료총서,12.7,승정원일기,12.7
居平,4,207,12,5.8,0.0,고려사,12.7,한국사료총서,12.7
唐津縣,4,583,125,21.4,20.7,승정원일기,33.3,고순종실록,12.6
連,8,133321,3057,2.3,1.9,승정원일기,14.5,삼국사기,12.6
敬興,2,35,6,17.1,9.1,승정원일기,21.7,조선왕조실록,12.6
㓒,2,217,77,35.5,27.8,한국사료총서,40.4,승정원일기,12.6
滿,8,59300,2673,4.5,0.0,고려사,12.6,조선왕조실록,12.6
江華史閣,2,24,12,50.0,40.0,조선왕조실록,52.6,승정원일기,12.6
黃海道延安府,2,65,59,90.8,81.2,조선왕조실록,93.9,승정원일기,12.6
榮,8,133644,1819,1.4,0.0,삼국사기,12.6,한국사료총서,12.6
扶,8,30259,3070,10.1,8.0,승정원일기,20.6,고순종실록,12.6
進善門外,2,142,15,10.6,0.0,조선왕조실록,12.6,승정원일기,12.6
交,8,65899,2759,4.2,0.0,삼국유사,12.6,고려사절요,12.6
海龍,6,416,21,5.0,0.0,고려사,12.6,조선왕조실록,12.6
任北,3,217,2,0.9,0.0,조선왕조실록,12.5,한국사료총서,12.5
畿峽,2,30,3,10.0,0.0,조선왕조실록,12.5,승정원일기,12.5
虞,8,38976,398,1.0,0.0,고려사절요,12.5,삼국사기,12.5
吉同,3,93,5,5.4,0.0,승정원일기,12.5,한국사료총서,12.5
弘濟洞,3,109,108,99.1,87.5,한국사료총서,100.0,조선왕조실록,12.5
天泰,3,31,1,3.2,0.0,승정원일기,12.5,조선왕조실록,12.5
廣漢,3,63,1,1.6,0.0,승정원일기,12.5,조선왕조실록,12.5
與中國,6,363,1,0.3,0.0,고려사,12.5,고순종실록,12.5
昌道,3,897,36,4.0,2.6,승정원일기,15.2,한국사료총서,12.5
納山,3,125,1,0.8,0.0,승정원일기,12.5,조선왕조실록,12.5
黃鶴,4,132,11,8.3,0.0,고순종실록,12.5,한국사료총서,12.5
維揚,3,19,1,5.3,0.0,조선왕조실록,12.5,승정원일기,12.5
牛從,2,14,1,7.1,0.0,한국사료총서,12.5,조선왕조실록,12.5
頭尾,4,163,6,3.7,0.0,고려사,12.5,한국사료총서,12.5
建陽門外,2,39,4,10.3,0.0,조선왕조실록,12.5,승정원일기,12.5
兩直,2,31,1,3.2,0.0,승정원일기,12.5,조선왕조실록,12.5
福酒村,2,18,1,5.6,0.0,한국사료총서,12.5,승정원일기,12.5
靈興島,5,56,55,98.2,87.5,조선왕조실록,100.0,승정원일기,12.5
夫餘,2,18,2,11.1,0.0,삼국사기,12.5,승정원일기,12.5
葛坪,3,120,110,91.7,87.5,승정원일기,100.0,조선왕조실록,12.5
乾川洞,3,20,19,95.0,87.5,한국사료총서,100.0,조선왕조실록,12.5
沿江七邑,2,13,1,7.7,0.0,조선왕조실록,12.5,승정원일기,12.5
洞山縣,3,19,18,94.7,87.5,조선왕조실록,100.0,한국사료총서,12.5
淸瑾縣,2,30,3,10.0,0.0,조선왕조실록,12.5,승정원일기,12.5
長湖院,3,32,30,93.8,87.5,한국사료총서,100.0,승정원일기,12.5
綠雲,3,77,4,5.2,0.0,조선왕조실록,12.5,한국사료총서,12.5
河東人,3,18,1,5.6,0.0,승정원일기,12.5,조선왕조실록,12.5
交河人,2,15,1,6.7,0.0,승정원일기,12.5,조선왕조실록,12.5
海嵩,3,166,1,0.6,0.0,승정원일기,12.5,한국사료총서,12.5
興村,2,14,12,85.7,75.0,승정원일기,87.5,한국사료총서,12.5
南格臺,2,27,26,96.3,87.5,조선왕조실록,100.0,승정원일기,12.5
懷道,3,93,3,3.2,0.0,승정원일기,12.5,조선왕조실록,12.5
馬山驛,2,32,29,90.6,87.5,승정원일기,100.0,조선왕조실록,12.5
鄭斗卿,3,246,1,0.4,0.0,승정원일기,12.5,한국사료총서,12.5
陳蔡,3,40,3,7.5,0.0,조선왕조실록,12.5,승정원일기,12.5
南幕,2,11,1,9.1,0.0,한국사료총서,12.5,승정원일기,12.5
灣人,4,90,1,1.1,0.0,고순종실록,12.5,조선왕조실록,12.5
北殿,3,27,2,7.4,0.0,고려사,12.5,승정원일기,12.5
錦川橋,2,13,12,92.3,87.5,승정원일기,100.0,조선왕조실록,12.5
金山人,3,29,1,3.4,0.0,승정원일기,12.5,조선왕조실록,12.5
安富驛,3,24,22,91.7,87.5,한국사료총서,100.0,승정원일기,12.5
嶺西十邑,2,14,1,7.1,0.0,조선왕조실록,12.5,승정원일기,12.5
昇平郡,3,21,18,85.7,87.5,고려사,100.0,한국사료총서,12.5
海平縣,2,15,14,93.3,87.5,한국사료총서,100.0,조선왕조실록,12.5
故國原,2,26,1,3.8,0.0,한국사료총서,12.5,삼국사기,12.5
日月山,3,35,3,8.6,0.0,조선왕조실록,12.5,승정원일기,12.5
比列忽,2,14,12,85.7,75.0,한국사료총서,87.5,삼국사기,12.5
緬,5,2144,81,3.8,0.0,고려사,12.5,조선왕조실록,12.5
卞,8,10090,48,0.5,0.0,고려사,12.5,삼국유사,12.5
東川,4,147,14,9.5,0.0,삼국사기,12.5,조선왕조실록,12.5
口外,3,525,49,9.3,0.0,조선왕조실록,12.5,승정원일기,12.5
先召,3,155,1,0.6,0.0,승정원일기,12.5,한국사료총서,12.5
主計,3,90,1,1.1,0.0,고순종실록,12.5,조선왕조실록,12.5
豐德人,2,17,1,5.9,0.0,승정원일기,12.5,조선왕조실록,12.5
南慶,3,85,7,8.2,0.0,조선왕조실록,12.5,승정원일기,12.5
寧越郡守,3,165,1,0.6,0.0,승정원일기,12.5,한국사료총서,12.5
黃壤,3,47,1,2.1,0.0,승정원일기,12.5,한국사료총서,12.5
白連,3,35,2,5.7,0.0,한국사료총서,12.5,조선왕조실록,12.5
三祥,2,12,1,8.3,0.0,한국사료총서,12.5,승정원일기,12.5
木防,3,54,2,3.7,0.0,승정원일기,12.5,조선왕조실록,12.5
銈,3,205,1,0.5,0.0,승정원일기,12.5,한국사료총서,12.5
上陵,4,295,3,1.0,0.0,고순종실록,12.5,한국사료총서,12.5
松泉,2,12,4,33.3,25.0,조선왕조실록,37.5,한국사료총서,12.5
長明臺,2,12,1,8.3,0.0,조선왕조실록,12.5,승정원일기,12.5
舊乫坡知,2,50,13,26.0,12.5,조선왕조실록,25.0,승정원일기,12.5
交井,2,15,14,93.3,87.5,승정원일기,100.0,조선왕조실록,12.5
大阪,4,67,62,92.5,87.5,승정원일기,100.0,조선왕조실록,12.5
大館,3,31,1,3.2,0.0,승정원일기,12.5,한국사료총서,12.5
落江,2,18,1,5.6,0.0,한국사료총서,12.5,승정원일기,12.5
星若,3,18,1,5.6,0.0,승정원일기,12.5,한국사료총서,12.5
長津江,2,18,15,83.3,87.5,조선왕조실록,100.0,승정원일기,12.5
漢倉,2,20,2,10.0,0.0,조선왕조실록,12.5,승정원일기,12.5
興安君,4,84,1,1.2,0.0,고순종실록,12.5,한국사료총서,12.5
蓋福,2,12,1,8.3,0.0,조선왕조실록,12.5,승정원일기,12.5
陽城·,2,74,1,1.4,0.0,승정원일기,12.5,한국사료총서,12.5
白虎,5,866,35,4.0,0.0,고려사,12.5,고순종실록,12.5
安州之城,2,11,1,9.1,0.0,조선왕조실록,12.5,승정원일기,12.5
對馬一島,3,30,1,3.3,0.0,조선왕조실록,12.5,승정원일기,12.5
喜山,4,19,1,5.3,0.0,고려사,12.5,한국사료총서,12.5
沙閑,2,13,11,84.6,75.0,승정원일기,87.5,조선왕조실록,12.5
四老,3,35,1,2.9,0.0,조선왕조실록,12.5,승정원일기,12.5
東門內,4,89,6,6.7,0.0,고순종실록,12.5,승정원일기,12.5
韓山。,2,11,1,9.1,0.0,조선왕조실록,12.5,한국사료총서,12.5
四州,5,111,4,3.6,0.0,고려사절요,12.5,고려사,12.5
倭營,3,159,18,11.3,0.0,승정원일기,12.5,조선왕조실록,12.5
道深,3,164,7,4.3,0.0,승정원일기,12.5,한국사료총서,12.5
白古,2,14,2,14.3,12.5,한국사료총서,25.0,조선왕조실록,12.5
會,8,181090,7253,4.0,0.0,삼국사기,12.5,조선왕조실록,12.5
慶尙南北,3,18,17,94.4,87.5,한국사료총서,100.0,승정원일기,12.5
鐵串鎭,2,14,13,92.9,87.5,승정원일기,100.0,조선왕조실록,12.5
萬安門外,2,84,10,11.9,0.0,조선왕조실록,12.5,승정원일기,12.5
兩面,4,339,7,2.1,0.0,고순종실록,12.5,한국사료총서,12.5
啓民,4,55,1,1.8,0.0,삼국사기,12.5,한국사료총서,12.5
市浦,2,17,7,41.2,37.5,승정원일기,50.0,한국사료총서,12.5
江山,4,419,12,2.9,0.0,고순종실록,12.5,조선왕조실록,12.5
水原一府,2,13,1,7.7,0.0,조선왕조실록,12.5,승정원일기,12.5
全羅道益山郡,2,56,50,89.3,87.5,승정원일기,100.0,조선왕조실록,12.5
千牛衛,4,36,1,2.8,0.0,고려사,12.5,조선왕조실록,12.5
鍾城行營,2,11,1,9.1,0.0,조선왕조실록,12.5,승정원일기,12.5
月宮,4,18,1,5.6,0.0,고려사,12.5,조선왕조실록,12.5
久視,3,64,1,1.6,0.0,승정원일기,12.5,조선왕조실록,12.5
七祀,4,396,26,6.6,0.0,고려사,12.5,승정원일기,12.5
長興洞,3,62,60,96.8,87.5,한국사료총서,100.0,조선왕조실록,12.5
密州,2,14,12,85.7,87.5,한국사료총서,100.0,승정원일기,12.5
八城,3,67,7,10.4,0.0,조선왕조실록,12.5,승정원일기,12.5
延德,5,1013,7,0.7,0.0,고려사절요,12.5,한국사료총서,12.5
□山,2,49,3,6.1,0.0,한국사료총서,12.5,승정원일기,12.5
宣太,3,31,1,3.2,0.0,승정원일기,12.5,조선왕조실록,12.5
東宮門外,2,26,1,3.8,0.0,조선왕조실록,12.5,승정원일기,12.5
朱悅,4,39,1,2.6,0.0,고려사,12.5,한국사료총서,12.5
麻田洞,3,22,21,95.5,87.5,승정원일기,100.0,한국사료총서,12.5
鳳闕,3,41,1,2.4,0.0,조선왕조실록,12.5,승정원일기,12.5
商州,2,15,13,86.7,87.5,한국사료총서,100.0,조선왕조실록,12.5
故淸人,3,25,1,4.0,0.0,승정원일기,12.5,조선왕조실록,12.5
秦州,2,19,14,73.7,87.5,승정원일기,100.0,한국사료총서,12.5
登來,2,25,1,4.0,0.0,승정원일기,12.5,한국사료총서,12.5
驪城府院君內外祠版,2,14,1,7.1,0.0,고순종실록,12.5,승정원일기,12.5
昔御堂,2,15,12,80.0,87.5,승정원일기,100.0,고순종실록,12.5
頭胡,3,31,1,3.2,0.0,승정원일기,12.5,조선왕조실록,12.5
珍島都,2,11,1,9.1,0.0,한국사료총서,12.5,승정원일기,12.5
全羅水營,2,26,2,7.7,0.0,조선왕조실록,12.5,승정원일기,12.5
春州道,2,14,8,57.1,50.0,한국사료총서,62.5,고려사,12.5
龍潭等邑,2,13,1,7.7,0.0,조선왕조실록,12.5,승정원일기,12.5
大部島,3,30,27,90.0,87.5,승정원일기,100.0,고려사,12.5
蔚珎,2,15,12,80.0,87.5,한국사료총서,100.0,조선왕조실록,12.5
直山,2,16,2,12.5,12.5,한국사료총서,25.0,승정원일기,12.5
奴車,3,28,1,3.6,0.0,조선왕조실록,12.5,승정원일기,12.5
宅東,2,197,1,0.5,0.0,승정원일기,12.5,한국사료총서,12.5
申山,3,50,2,4.0,0.0,승정원일기,12.5,조선왕조실록,12.5
夢村,3,91,86,94.5,87.5,승정원일기,100.0,조선왕조실록,12.5
尸山,4,20,19,95.0,87.5,삼국사기,100.0,한국사료총서,12.5
大成,6,3225,296,9.2,0.0,고려사,12.5,고순종실록,12.5
對馬島人,3,34,3,8.8,0.0,승정원일기,12.5,조선왕조실록,12.5
白永,3,141,1,0.7,0.0,고려사,12.5,한국사료총서,12.5
太白,7,10940,571,5.2,0.3,고려사,12.8,고순종실록,12.5
悼園,2,17,11,64.7,62.5,승정원일기,75.0,조선왕조실록,12.5
北一串,2,14,10,71.4,75.0,조선왕조실록,87.5,승정원일기,12.5
獨谷,3,17,1,5.9,0.0,승정원일기,12.5,한국사료총서,12.5
安州境,2,13,1,7.7,0.0,한국사료총서,12.5,승정원일기,12.5
逐北,3,55,1,1.8,0.0,조선왕조실록,12.5,승정원일기,12.5
左海,3,264,13,4.9,0.0,조선왕조실록,12.5,승정원일기,12.5
石城島,3,30,29,96.7,87.5,한국사료총서,100.0,조선왕조실록,12.5
東沿,4,79,7,8.9,0.0,고순종실록,12.5,조선왕조실록,12.5
睢,4,1298,69,5.3,0.0,고순종실록,12.5,조선왕조실록,12.5
三堡,2,28,1,3.6,0.0,조선왕조실록,12.5,승정원일기,12.5
水宗,3,64,7,10.9,0.0,조선왕조실록,12.5,승정원일기,12.5
檀,8,5407,50,0.9,0.0,고려사절요,12.5,삼국사기,12.5
瑤華堂,2,118,116,98.3,87.5,조선왕조실록,100.0,승정원일기,12.5
昌樂道,2,12,11,91.7,87.5,승정원일기,100.0,조선왕조실록,12.5
楚宮,2,19,1,5.3,0.0,조선왕조실록,12.5,승정원일기,12.5
達雲,2,20,2,10.0,0.0,한국사료총서,12.5,승정원일기,12.5
東臨,3,61,3,4.9,0.0,한국사료총서,12.5,조선왕조실록,12.5
秋溪,2,12,7,58.3,50.0,조선왕조실록,62.5,한국사료총서,12.5
武定,4,184,2,1.1,0.0,고순종실록,12.5,한국사료총서,12.5
信安,4,57,4,7.0,0.0,승정원일기,12.5,고려사,12.5
曺家,3,16,1,6.2,0.0,조선왕조실록,12.5,승정원일기,12.5
后土氏神位前,2,25,2,8.0,0.0,조선왕조실록,12.5,승정원일기,12.5
巳洞,2,14,5,35.7,25.0,조선왕조실록,37.5,한국사료총서,12.5
漢之沛,2,13,1,7.7,0.0,한국사료총서,12.5,승정원일기,12.5
四學,5,2536,37,1.5,0.0,고려사절요,12.5,고순종실록,12.5
倭口,3,21,1,4.8,0.0,승정원일기,12.5,조선왕조실록,12.5
雷夏,2,34,2,5.9,0.0,조선왕조실록,12.5,승정원일기,12.5
全羅道初面,2,11,1,9.1,0.0,조선왕조실록,12.5,승정원일기,12.5
西北門,3,34,2,5.9,0.0,한국사료총서,12.5,승정원일기,12.5
淡沙里,2,22,1,4.5,0.0,승정원일기,12.5,한국사료총서,12.5
朔漠,3,16,1,6.2,0.0,조선왕조실록,12.5,승정원일기,12.5
善積鎭,2,12,10,83.3,87.5,승정원일기,100.0,조선왕조실록,12.5
後春,3,225,50,22.2,16.7,한국사료총서,29.0,조선왕조실록,12.4
黃海兵營,3,155,17,11.0,0.0,고순종실록,12.4,승정원일기,12.4
北神門,2,152,93,61.2,60.3,승정원일기,72.7,조선왕조실록,12.4
嶺下,6,304,17,5.6,0.0,고려사,12.4,승정원일기,12.4
貞善坊,3,62,52,83.9,76.5,한국사료총서,88.9,승정원일기,12.4
助,8,28635,714,2.5,0.0,삼국유사,12.4,삼국사기,12.4
咸丘,2,22,5,22.7,21.1,승정원일기,33.3,조선왕조실록,12.3
都內,5,143,10,7.0,0.0,고려사,12.3,승정원일기,12.3
珍寶,5,183,8,4.4,0.0,고려사,12.3,조선왕조실록,12.3
香炭山,2,153,18,11.8,0.0,고순종실록,12.3,승정원일기,12.3
興化門外,3,314,35,11.1,0.0,조선왕조실록,12.3,승정원일기,12.3
孝思,6,3105,111,3.6,0.0,고려사절요,12.3,조선왕조실록,12.3
生祠堂,3,91,8,8.8,0.0,조선왕조실록,12.3,승정원일기,12.3
平安道龍崗,2,29,27,93.1,83.3,조선왕조실록,95.7,승정원일기,12.3
宴廳,4,951,108,11.4,0.0,고순종실록,12.2,승정원일기,12.2
鍾正,4,3010,5,0.2,0.0,고순종실록,12.2,한국사료총서,12.2
京邸,4,697,63,9.0,0.0,고순종실록,12.2,승정원일기,12.2
丁字閣,5,8590,1007,11.7,0.0,고려사,12.2,승정원일기,12.2
延陵,5,263,14,5.3,0.0,고려사,12.2,승정원일기,12.2
海谷,2,48,43,89.6,87.8,한국사료총서,100.0,삼국사기,12.2
勸業模範場,3,67,6,9.0,0.0,고순종실록,12.2,승정원일기,12.2
上土鎭,3,85,72,84.7,77.8,한국사료총서,90.0,조선왕조실록,12.2
安奉,4,382,5,1.3,0.0,고순종실록,12.2,한국사료총서,12.2
水原邑,2,65,14,21.5,10.0,조선왕조실록,22.2,승정원일기,12.2
渡津,3,119,19,16.0,8.8,한국사료총서,21.0,승정원일기,12.1
萬里,7,4323,150,3.5,0.0,고려사,12.1,고순종실록,12.1
馬島人,3,47,4,8.5,0.0,승정원일기,12.1,조선왕조실록,12.1
內農,3,689,66,9.6,0.0,조선왕조실록,12.1,승정원일기,12.1
崇政殿庭,3,221,14,6.3,0.0,조선왕조실록,12.1,승정원일기,12.1
小吉號里,2,162,87,53.7,41.7,한국사료총서,53.7,승정원일기,12.1
成,8,386005,5413,1.4,1.1,한국사료총서,13.2,삼국사기,12.1
溜,3,154,16,10.4,2.0,한국사료총서,14.1,승정원일기,12.1
營,8,266219,13847,5.2,0.0,삼국유사,12.0,삼국사기,12.0
同良,2,63,6,9.5,0.0,승정원일기,12.0,조선왕조실록,12.0
龍虎,6,2457,271,11.0,0.0,고려사,12.0,승정원일기,12.0
北門外,3,315,27,8.6,0.0,조선왕조실록,12.0,승정원일기,12.0
養性,5,529,44,8.3,0.0,고려사,12.0,조선왕조실록,12.0
東八站,3,186,47,25.3,14.3,한국사료총서,26.3,조선왕조실록,12.0
關睢,4,109,3,2.8,0.0,고순종실록,12.0,조선왕조실록,12.0
燕歧縣,3,81,11,13.6,8.0,승정원일기,20.0,한국사료총서,12.0
濟陽,3,41,3,7.3,0.0,고려사,12.0,승정원일기,12.0
所堂,4,878,3,0.3,0.0,고순종실록,12.0,한국사료총서,12.0
齋洞,3,346,328,94.8,88.0,승정원일기,100.0,조선왕조실록,12.0
光,8,227345,12601,5.5,1.7,삼국유사,13.8,고순종실록,12.0
兩都,4,1691,148,8.8,0.0,고순종실록,12.0,승정원일기,12.0
多,8,339478,1510,0.4,0.0,삼국유사,12.0,삼국사기,12.0
龍山里,2,30,27,90.0,88.0,한국사료총서,100.0,조선왕조실록,12.0
神州,3,200,12,6.0,1.0,한국사료총서,13.0,승정원일기,12.0
岷,3,91,13,14.3,11.5,승정원일기,23.5,한국사료총서,12.0
蕃,7,8398,143,1.7,0.0,고순종실록,12.0,고려사절요,12.0
光明,7,3997,393,9.8,0.0,고려사,11.9,승정원일기,11.9
仁達,3,536,28,5.2,4.1,승정원일기,16.0,한국사료총서,11.9
㱏,2,27,7,25.9,16.7,삼국유사,28.6,삼국사기,11.9
王后陵上,3,651,75,11.5,0.0,고순종실록,11.9,승정원일기,11.9
示山,2,15,3,20.0,16.7,한국사료총서,28.6,승정원일기,11.9
忠公,5,1654,73,4.4,0.0,고려사,11.9,조선왕조실록,11.9
太一,6,1315,26,2.0,0.0,고려사,11.9,조선왕조실록,11.9
車,8,23994,916,3.8,0.0,삼국유사,11.9,삼국사기,11.9
眞木,3,336,54,16.1,14.3,조선왕조실록,26.2,한국사료총서,11.9
十鎭,4,77,7,9.1,0.0,고순종실록,11.9,승정원일기,11.9
江門,2,18,4,22.2,21.4,한국사료총서,33.3,승정원일기,11.9
兩嶺,4,126,7,5.6,0.0,고순종실록,11.9,승정원일기,11.9
流芳,3,101,6,5.9,0.0,한국사료총서,11.8,승정원일기,11.8
海門,4,426,27,6.3,0.0,고순종실록,11.8,조선왕조실록,11.8
南門外,5,781,44,5.6,0.0,고려사,11.8,승정원일기,11.8
高令,3,29,2,6.9,0.0,고려사절요,11.8,고려사,11.8
江浦,2,65,17,26.2,18.2,승정원일기,30.0,한국사료총서,11.8
忠淸道永春縣,3,23,21,91.3,88.2,승정원일기,100.0,한국사료총서,11.8
皇帝塚,3,25,2,8.0,0.0,조선왕조실록,11.8,승정원일기,11.8
倉新,3,39,2,5.1,0.0,조선왕조실록,11.8,승정원일기,11.8
南藩,3,249,25,10.0,0.0,조선왕조실록,11.8,승정원일기,11.8
寧安,4,118,6,5.1,0.0,고려사,11.8,한국사료총서,11.8
宜松山,2,83,9,10.8,0.0,조선왕조실록,11.8,승정원일기,11.8
唐文,4,146,4,2.7,0.0,삼국사기,11.8,한국사료총서,11.8
路,8,164161,6814,4.2,0.0,삼국유사,11.8,고려사절요,11.8
東夷,7,132,4,3.0,0.0,고려사,11.8,삼국사기,11.8
追慕,5,4462,471,10.6,0.0,고려사,11.8,승정원일기,11.8
積,8,66110,1700,2.6,0.0,삼국유사,11.8,삼국사기,11.8
東軍,4,159,5,3.1,0.0,고려사,11.8,한국사료총서,11.8
內司僕寺,2,91,10,11.0,0.0,조선왕조실록,11.8,승정원일기,11.8
大街,3,41,2,4.9,0.0,조선왕조실록,11.8,승정원일기,11.8
龍穴,4,142,3,2.1,0.0,고순종실록,11.8,한국사료총서,11.8
泥洞,4,116,108,93.1,88.2,한국사료총서,100.0,고려사절요,11.8
松里,3,85,77,90.6,88.2,한국사료총서,100.0,조선왕조실록,11.8
忠淸道扶餘縣,2,24,22,91.7,88.2,승정원일기,100.0,조선왕조실록,11.8
東市,4,48,2,4.2,0.0,삼국사기,11.8,조선왕조실록,11.8
一社,3,51,2,3.9,0.0,조선왕조실록,11.8,승정원일기,11.8
興原,3,91,24,26.4,20.0,승정원일기,31.8,조선왕조실록,11.8
池上,3,81,5,6.2,0.0,조선왕조실록,11.8,승정원일기,11.8
戶籍庫,2,41,2,4.9,0.0,한국사료총서,11.8,승정원일기,11.8
四山,4,1246,118,9.5,0.0,고순종실록,11.7,승정원일기,11.7
昭格,3,882,216,24.5,13.6,한국사료총서,25.3,조선왕조실록,11.7
郭,8,14538,1323,9.1,0.0,삼국유사,11.7,고려사,11.7
可島,2,493,5,1.0,0.8,승정원일기,12.5,조선왕조실록,11.7
仁政殿內,2,72,7,9.7,0.0,조선왕조실록,11.7,승정원일기,11.7
孟,7,38646,956,2.5,0.0,삼국사기,11.7,고려사,11.7
同昌,2,20,4,20.0,8.3,승정원일기,20.0,조선왕조실록,11.7
湖西一道,2,101,9,8.9,0.0,조선왕조실록,11.7,승정원일기,11.7
淨,8,5288,515,9.7,0.0,고려사,11.7,승정원일기,11.7
卵島,2,19,17,89.5,80.0,한국사료총서,91.7,조선왕조실록,11.7
肅川郡,2,37,14,37.8,25.0,한국사료총서,36.7,승정원일기,11.7
德裕,3,922,49,5.3,0.6,한국사료총서,12.2,조선왕조실록,11.6
美洞,2,53,48,90.6,88.4,한국사료총서,100.0,승정원일기,11.6
龜城府,3,802,152,19.0,8.5,조선왕조실록,20.2,승정원일기,11.6
于山,8,594,26,4.4,0.0,고려사절요,11.6,고려사,11.6
龍崗縣,3,180,42,23.3,21.7,승정원일기,33.3,한국사료총서,11.6
北胡,3,70,5,7.1,0.0,승정원일기,11.6,조선왕조실록,11.6
宜春門,2,475,467,98.3,87.5,조선왕조실록,99.1,승정원일기,11.6
任,8,570327,1638,0.3,0.0,삼국유사,11.6,삼국사기,11.6
密雲,5,825,40,4.8,0.0,고려사절요,11.6,조선왕조실록,11.6
信城,3,107,6,5.6,1.8,조선왕조실록,13.3,승정원일기,11.6
雲貴,3,38,9,23.7,14.3,승정원일기,25.9,한국사료총서,11.6
河里,3,67,62,92.5,85.7,한국사료총서,97.3,승정원일기,11.6
端暉,2,81,72,88.9,88.5,승정원일기,100.0,조선왕조실록,11.5
梅月,3,86,3,3.5,0.0,조선왕조실록,11.5,승정원일기,11.5
庇,6,8715,861,9.9,1.6,고려사절요,13.0,고순종실록,11.5
紅衣,5,535,16,3.0,0.0,고려사,11.5,한국사료총서,11.5
分四里,2,43,3,7.0,0.0,승정원일기,11.5,한국사료총서,11.5
孝經,7,856,57,6.7,0.0,고려사,11.5,고순종실록,11.5
大學,7,7933,29,0.4,0.0,고려사,11.5,고순종실록,11.5
南行,7,2201,179,8.1,0.0,고려사절요,11.5,승정원일기,11.5
炭島,2,33,29,87.9,88.5,승정원일기,100.0,조선왕조실록,11.5
延齡君,4,369,33,8.9,0.0,고순종실록,11.5,승정원일기,11.5
山底,3,315,13,4.1,0.0,조선왕조실록,11.5,한국사료총서,11.5
齊東,3,50,3,6.0,0.0,조선왕조실록,11.5,승정원일기,11.5
定水,3,464,5,1.1,0.3,승정원일기,11.8,한국사료총서,11.5
一直縣,2,44,38,86.4,75.0,조선왕조실록,86.5,한국사료총서,11.5
松原,2,21,12,57.1,50.0,조선왕조실록,61.5,한국사료총서,11.5
洛陽宮,2,18,11,61.1,60.0,승정원일기,71.4,조선왕조실록,11.4
局廳,2,48,5,10.4,0.0,조선왕조실록,11.4,승정원일기,11.4
新也,4,186,5,2.7,0.0,고순종실록,11.4,한국사료총서,11.4
佐須奈浦,2,38,34,89.5,88.6,한국사료총서,100.0,조선왕조실록,11.4
北調,2,14,4,28.6,28.6,조선왕조실록,40.0,한국사료총서,11.4
顯廟,6,1181,86,7.3,0.0,고려사,11.4,승정원일기,11.4
羊角,3,157,7,4.5,0.0,조선왕조실록,11.4,한국사료총서,11.4
忠淸道永同縣,2,42,40,95.2,85.7,조선왕조실록,97.1,승정원일기,11.4
赤梁鎭,2,14,10,71.4,60.0,한국사료총서,71.4,승정원일기,11.4
新永,2,13,4,30.8,28.6,조선왕조실록,40.0,한국사료총서,11.4
臨淮,4,57,9,15.8,10.0,한국사료총서,21.4,조선왕조실록,11.4
池塘,3,88,8,9.1,0.0,조선왕조실록,11.4,한국사료총서,11.4
誠明,4,262,14,5.3,0.0,고려사,11.4,조선왕조실록,11.4
黃海道殷栗縣,2,42,40,95.2,85.7,조선왕조실록,97.1,승정원일기,11.4
莞島,4,200,191,95.5,88.6,한국사료총서,100.0,조선왕조실록,11.4
燈燭房,2,120,12,10.0,0.0,조선왕조실록,11.4,승정원일기,11.4
全羅道寶城郡,2,42,40,95.2,85.7,조선왕조실록,97.1,승정원일기,11.4
南鄭,3,37,3,8.1,5.3,한국사료총서,16.7,조선왕조실록,11.4
校洞,3,449,403,89.8,83.3,조선왕조실록,94.8,승정원일기,11.4
寇,7,9337,463,5.0,0.0,고려사,11.4,조선왕조실록,11.4
開,8,184316,10590,5.7,2.9,삼국유사,14.2,조선왕조실록,11.3
豐德地,2,155,17,11.0,0.0,조선왕조실록,11.3,승정원일기,11.3
朝天,4,610,39,6.4,2.3,승정원일기,13.6,조선왕조실록,11.3
墨洞,2,30,24,80.0,73.3,한국사료총서,84.6,승정원일기,11.3
開城府地,2,60,6,10.0,0.0,조선왕조실록,11.3,승정원일기,11.3
大元,6,460,10,2.2,0.0,고려사,11.3,한국사료총서,11.3
會同,6,3076,78,2.5,0.0,고려사절요,11.3,조선왕조실록,11.3
窺峯,3,59,6,10.2,0.0,조선왕조실록,11.3,승정원일기,11.3
宣,8,143739,13995,9.7,0.0,삼국유사,11.3,조선왕조실록,11.3
東西氷庫,2,326,36,11.0,0.0,조선왕조실록,11.3,승정원일기,11.3
右文,6,1126,90,8.0,0.0,고려사,11.3,승정원일기,11.3
呂,7,27961,1027,3.7,0.0,고려사절요,11.3,고순종실록,11.3
三木,3,132,19,14.4,4.0,한국사료총서,15.3,승정원일기,11.3
全羅道全州府,2,44,41,93.2,83.3,조선왕조실록,94.6,승정원일기,11.3
外閣,2,395,41,10.4,0.0,조선왕조실록,11.2,승정원일기,11.2
孝純,4,1592,95,6.0,0.0,고순종실록,11.2,승정원일기,11.2
洪淸道,2,205,186,90.7,88.8,승정원일기,100.0,조선왕조실록,11.2
甲,8,103160,7842,7.6,0.0,삼국유사,11.2,승정원일기,11.2
泰兩邑,2,13,1,7.7,0.0,한국사료총서,11.1,승정원일기,11.1
楡關,2,14,1,7.1,0.0,승정원일기,11.1,한국사료총서,11.1
成川人,2,21,1,4.8,0.0,승정원일기,11.1,조선왕조실록,11.1
石白,3,50,1,2.0,0.0,승정원일기,11.1,조선왕조실록,11.1
純祖室,3,37,2,5.4,0.0,조선왕조실록,11.1,승정원일기,11.1
阿骨打,5,29,1,3.4,0.0,고려사,11.1,조선왕조실록,11.1
湖兩道,4,114,11,9.6,0.0,고순종실록,11.1,승정원일기,11.1
眞智,2,20,2,10.0,0.0,한국사료총서,11.1,삼국사기,11.1
孤島,4,126,8,6.3,0.0,고순종실록,11.1,한국사료총서,11.1
宜都,3,23,1,4.3,0.0,승정원일기,11.1,조선왕조실록,11.1
貪泉,3,22,1,4.5,0.0,조선왕조실록,11.1,승정원일기,11.1
和順翁主房,2,40,4,10.0,0.0,조선왕조실록,11.1,승정원일기,11.1
何遷,2,23,1,4.3,0.0,승정원일기,11.1,조선왕조실록,11.1
元港,2,32,27,84.4,88.9,한국사료총서,100.0,승정원일기,11.1
奉龍亭,2,21,2,9.5,0.0,조선왕조실록,11.1,승정원일기,11.1
長津堡,2,12,11,91.7,88.9,승정원일기,100.0,조선왕조실록,11.1
百州縣,2,15,1,6.7,0.0,조선왕조실록,11.1,승정원일기,11.1
祥覇坪,2,19,18,94.7,88.9,승정원일기,100.0,조선왕조실록,11.1
觀光,6,2771,109,3.9,0.0,고려사,11.1,고순종실록,11.1
義安君,3,43,2,4.7,0.0,조선왕조실록,11.1,승정원일기,11.1
薄,8,41269,26,0.1,0.0,고려사,11.1,삼국사기,11.1
琉球人,3,33,2,6.1,0.0,승정원일기,11.1,조선왕조실록,11.1
山梨,2,15,7,46.7,33.3,승정원일기,44.4,한국사료총서,11.1
哥舒,3,41,1,2.4,0.0,고려사,11.1,승정원일기,11.1
都連浦牧場,2,12,1,8.3,0.0,조선왕조실록,11.1,승정원일기,11.1
代登,2,41,10,24.4,22.2,승정원일기,33.3,조선왕조실록,11.1
穆,8,41352,3000,7.3,0.0,고려사,11.1,고순종실록,11.1
巨濟地,3,22,1,4.5,0.0,조선왕조실록,11.1,승정원일기,11.1
象,8,57292,142,0.2,0.0,고순종실록,11.1,삼국유사,11.1
三鎭,5,584,19,3.3,0.0,고순종실록,11.1,고려사,11.1
三叉河,2,17,15,88.2,88.9,승정원일기,100.0,조선왕조실록,11.1
京部,3,64,1,1.6,0.0,고순종실록,11.1,승정원일기,11.1
件通,2,13,1,7.7,0.0,조선왕조실록,11.1,승정원일기,11.1
南部面,2,15,14,93.3,88.9,한국사료총서,100.0,승정원일기,11.1
旅軒,3,203,1,0.5,0.0,조선왕조실록,11.1,승정원일기,11.1
御正堂,2,14,1,7.1,0.0,조선왕조실록,11.1,승정원일기,11.1
栗寺,2,18,4,22.2,0.0,삼국유사,11.1,한국사료총서,11.1
望子,3,45,1,2.2,0.0,승정원일기,11.1,조선왕조실록,11.1
同崗,2,26,2,7.7,0.0,조선왕조실록,11.1,승정원일기,11.1
海林,2,27,1,3.7,0.0,승정원일기,11.1,한국사료총서,11.1
懿寧,2,507,505,99.6,88.9,고순종실록,100.0,승정원일기,11.1
石藏,2,18,1,5.6,0.0,승정원일기,11.1,조선왕조실록,11.1
邑內里,2,42,40,95.2,88.9,한국사료총서,100.0,승정원일기,11.1
忠淸道成歡,2,13,12,92.3,88.9,승정원일기,100.0,조선왕조실록,11.1
四里,3,1282,64,5.0,0.0,조선왕조실록,11.1,승정원일기,11.1
虞庠,3,27,1,3.7,0.0,조선왕조실록,11.1,승정원일기,11.1
吾妻,3,61,1,1.6,0.0,조선왕조실록,11.1,승정원일기,11.1
樓內,3,20,1,5.0,0.0,조선왕조실록,11.1,승정원일기,11.1
慶都,2,21,1,4.8,0.0,승정원일기,11.1,한국사료총서,11.1
江華府鼎足山城,2,21,19,90.5,88.9,승정원일기,100.0,고순종실록,11.1
牙山漕倉,2,13,5,38.5,33.3,조선왕조실록,44.4,승정원일기,11.1
南紀,3,176,2,1.1,0.0,승정원일기,11.1,한국사료총서,11.1
安申,2,28,2,7.1,0.0,승정원일기,11.1,한국사료총서,11.1
帝京,4,62,2,3.2,0.0,고려사,11.1,승정원일기,11.1
永和,6,153,6,3.9,0.0,고려사,11.1,조선왕조실록,11.1
思觀,5,5028,8,0.2,0.0,고려사절요,11.1,고려사,11.1
拱極,3,74,1,1.4,0.0,승정원일기,11.1,조선왕조실록,11.1
宗正寺,3,29,1,3.4,0.0,고려사,11.1,승정원일기,11.1
故國壤,2,17,1,5.9,0.0,한국사료총서,11.1,삼국사기,11.1
兩道,6,6240,307,4.9,0.0,고려사절요,11.1,고려사,11.1
琴儀,3,28,1,3.6,0.0,고려사,11.1,한국사료총서,11.1
徐,8,243959,221,0.1,0.0,고려사절요,11.1,삼국사기,11.1
左道諸邑,2,13,1,7.7,0.0,한국사료총서,11.1,승정원일기,11.1
雍丘,2,13,12,92.3,88.9,조선왕조실록,100.0,승정원일기,11.1
鐵馬,3,51,1,2.0,0.0,조선왕조실록,11.1,승정원일기,11.1
河興,2,26,4,15.4,0.0,조선왕조실록,11.1,승정원일기,11.1
五正,3,36,2,5.6,0.0,승정원일기,11.1,고려사,11.1
防長,2,14,1,7.1,0.0,승정원일기,11.1,조선왕조실록,11.1
寬政,3,267,3,1.1,0.0,승정원일기,11.1,조선왕조실록,11.1
請城,3,26,1,3.8,0.0,조선왕조실록,11.1,승정원일기,11.1
社稷後,2,61,6,9.8,0.0,조선왕조실록,11.1,승정원일기,11.1
樂聖,3,33,1,3.0,0.0,조선왕조실록,11.1,승정원일기,11.1
四岐,3,40,3,7.5,0.0,승정원일기,11.1,한국사료총서,11.1
張曲江,2,12,1,8.3,0.0,조선왕조실록,11.1,승정원일기,11.1
金江,3,52,2,3.8,0.0,조선왕조실록,11.1,승정원일기,11.1
大市,3,31,2,6.5,0.0,승정원일기,11.1,한국사료총서,11.1
全集,3,49,1,2.0,0.0,승정원일기,11.1,조선왕조실록,11.1
代地,3,18,1,5.6,0.0,조선왕조실록,11.1,승정원일기,11.1
平壤。,4,171,1,0.6,0.0,고순종실록,11.1,한국사료총서,11.1
普化門,2,12,11,91.7,88.9,승정원일기,100.0,조선왕조실록,11.1
沂國,2,23,2,8.7,0.0,승정원일기,11.1,조선왕조실록,11.1
洞州,4,33,32,97.0,88.9,한국사료총서,100.0,조선왕조실록,11.1
唐洞,2,15,14,93.3,88.9,한국사료총서,100.0,승정원일기,11.1
西閤,2,21,2,9.5,0.0,승정원일기,11.1,조선왕조실록,11.1
倭楮,3,18,1,5.6,0.0,승정원일기,11.1,조선왕조실록,11.1
大吉,4,793,116,14.6,6.2,고순종실록,17.4,한국사료총서,11.1
省峴道,2,17,16,94.1,88.9,승정원일기,100.0,조선왕조실록,11.1
松峴舊宮,2,13,1,7.7,0.0,조선왕조실록,11.1,승정원일기,11.1
甄萱,7,283,5,1.8,0.0,고려사,11.1,승정원일기,11.1
司謁房,2,44,4,9.1,0.0,조선왕조실록,11.1,승정원일기,11.1
慶州·,3,110,2,1.8,0.0,고려사,11.1,한국사료총서,11.1
西上房,3,37,3,8.1,0.0,한국사료총서,11.1,승정원일기,11.1
洪川郡,2,31,7,22.6,22.2,승정원일기,33.3,고순종실록,11.1
湖陽,3,28,1,3.6,0.0,승정원일기,11.1,조선왕조실록,11.1
井甃,2,14,1,7.1,0.0,한국사료총서,11.1,승정원일기,11.1
三印,3,36,1,2.8,0.0,승정원일기,11.1,조선왕조실록,11.1
京畿陰竹,3,48,45,93.8,85.7,한국사료총서,96.8,승정원일기,11.1
新浦,2,17,6,35.3,22.2,승정원일기,33.3,한국사료총서,11.1
淸安君,4,58,1,1.7,0.0,고순종실록,11.1,한국사료총서,11.1
畿防,3,55,1,1.8,0.0,조선왕조실록,11.1,승정원일기,11.1
喚醒,3,101,6,5.9,0.0,한국사료총서,11.1,조선왕조실록,11.1
東業,2,16,2,12.5,0.0,한국사료총서,11.1,승정원일기,11.1
升天,3,95,11,11.6,5.0,한국사료총서,16.1,조선왕조실록,11.1
全羅道高敞縣,2,13,11,84.6,88.9,승정원일기,100.0,조선왕조실록,11.1
□陽,2,18,1,5.6,0.0,한국사료총서,11.1,승정원일기,11.1
館後山,2,31,3,9.7,0.0,승정원일기,11.1,한국사료총서,11.1
西學洞,2,55,51,92.7,88.9,승정원일기,100.0,조선왕조실록,11.1
瀋獄,3,20,1,5.0,0.0,조선왕조실록,11.1,승정원일기,11.1
帶洞,2,14,6,42.9,33.3,조선왕조실록,44.4,승정원일기,11.1
獻陵洞口,2,12,1,8.3,0.0,조선왕조실록,11.1,승정원일기,11.1
陜川人,3,36,1,2.8,0.0,승정원일기,11.1,조선왕조실록,11.1
月登,3,55,2,3.6,0.0,승정원일기,11.1,한국사료총서,11.1
延光門外,2,14,1,7.1,0.0,조선왕조실록,11.1,승정원일기,11.1
述聖公,2,43,2,4.7,0.0,조선왕조실록,11.1,승정원일기,11.1
經邑,3,373,1,0.3,0.0,승정원일기,11.1,한국사료총서,11.1
濡首,2,13,1,7.7,0.0,조선왕조실록,11.1,승정원일기,11.1
平郊,3,30,2,6.7,0.0,조선왕조실록,11.1,승정원일기,11.1
"金浦,",3,116,1,0.9,0.0,승정원일기,11.1,한국사료총서,11.1
開城一府,2,16,1,6.2,0.0,조선왕조실록,11.1,승정원일기,11.1
關北兩道,2,12,1,8.3,0.0,조선왕조실록,11.1,승정원일기,11.1
獻陵山,2,12,1,8.3,0.0,승정원일기,11.1,조선왕조실록,11.1
沿邊七邑,2,13,1,7.7,0.0,조선왕조실록,11.1,승정원일기,11.1
忠淸道黃澗縣,3,46,43,93.5,88.9,조선왕조실록,100.0,한국사료총서,11.1
光恩,4,463,5,1.1,0.0,고순종실록,11.1,조선왕조실록,11.1
加峴,2,12,9,75.0,66.7,승정원일기,77.8,한국사료총서,11.1
華柱,2,94,1,1.1,0.0,승정원일기,11.1,한국사료총서,11.1
永康縣,2,17,16,94.1,88.9,조선왕조실록,100.0,고려사,11.1
壬海鎭,2,12,1,8.3,0.0,한국사료총서,11.1,승정원일기,11.1
丹地,2,16,1,6.2,0.0,승정원일기,11.1,한국사료총서,11.1
江原道楊口,2,69,68,98.6,88.9,조선왕조실록,100.0,승정원일기,11.1
世洵,3,71,1,1.4,0.0,고순종실록,11.1,한국사료총서,11.1
寶丹,3,83,1,1.2,0.0,조선왕조실록,11.1,승정원일기,11.1
靑龍洞,2,13,12,92.3,88.9,승정원일기,100.0,한국사료총서,11.1
皮,8,26480,147,0.6,0.0,고려사절요,11.1,삼국유사,11.1
備國,3,94,1,1.1,0.0,승정원일기,11.1,한국사료총서,11.1
健元陵參,4,460,1,0.2,0.0,고순종실록,11.1,조선왕조실록,11.1
合肥,2,13,5,38.5,33.3,승정원일기,44.4,한국사료총서,11.1
外三里,2,13,1,7.7,0.0,승정원일기,11.1,한국사료총서,11.1
慶川,3,82,2,2.4,0.0,한국사료총서,11.1,조선왕조실록,11.1
滿浦人,2,13,1,7.7,0.0,한국사료총서,11.1,조선왕조실록,11.1
白川地,2,49,4,8.2,0.0,조선왕조실록,11.1,승정원일기,11.1
眞宗室,2,15,1,6.7,0.0,조선왕조실록,11.1,승정원일기,11.1
奉謨堂,3,1066,998,93.6,88.9,조선왕조실록,100.0,고순종실록,11.1
旋義,2,12,5,41.7,33.3,한국사료총서,44.4,승정원일기,11.1
太宗之廟,2,13,1,7.7,0.0,승정원일기,11.1,조선왕조실록,11.1
渭原人,2,17,1,5.9,0.0,승정원일기,11.1,조선왕조실록,11.1
宋江,3,28,2,7.1,0.0,조선왕조실록,11.1,승정원일기,11.1
蓮池洞,3,152,149,98.0,88.9,한국사료총서,100.0,조선왕조실록,11.1
李珥書院,2,14,1,7.1,0.0,조선왕조실록,11.1,승정원일기,11.1
蘆谷,3,34,31,91.2,88.9,한국사료총서,100.0,조선왕조실록,11.1
保江,3,36,2,5.6,0.0,고려사,11.1,승정원일기,11.1
從化,3,109,2,1.8,0.0,승정원일기,11.1,한국사료총서,11.1
慶尙道開寧縣,2,40,39,97.5,88.9,조선왕조실록,100.0,승정원일기,11.1
榮安,5,41,1,2.4,0.0,고려사,11.1,한국사료총서,11.1
左倉,4,52,3,5.8,0.0,고려사절요,11.1,승정원일기,11.1
兵備道,2,22,1,4.5,0.0,한국사료총서,11.1,조선왕조실록,11.1
畿島,2,33,3,9.1,0.0,조선왕조실록,11.1,승정원일기,11.1
安道碧潼郡,2,117,115,98.3,88.9,조선왕조실록,100.0,승정원일기,11.1
鶴南,3,44,2,4.5,0.0,승정원일기,11.1,한국사료총서,11.1
保寧地,2,115,12,10.4,0.0,조선왕조실록,11.1,승정원일기,11.1
嶺東諸郡,2,12,1,8.3,0.0,조선왕조실록,11.1,승정원일기,11.1
長水山,2,12,11,91.7,88.9,승정원일기,100.0,조선왕조실록,11.1
全羅道龍安,3,37,35,94.6,88.9,승정원일기,100.0,한국사료총서,11.1
城北洞,2,36,35,97.2,88.9,한국사료총서,100.0,승정원일기,11.1
寧南,3,57,2,3.5,0.0,승정원일기,11.1,조선왕조실록,11.1
南市,2,14,3,21.4,22.2,승정원일기,33.3,조선왕조실록,11.1
寧遠郡守,3,444,1,0.2,0.0,승정원일기,11.1,한국사료총서,11.1
宗聖公,2,51,2,3.9,0.0,조선왕조실록,11.1,승정원일기,11.1
郭州,4,40,38,95.0,88.9,고려사,100.0,한국사료총서,11.1
硏經,3,42,2,4.8,0.0,승정원일기,11.1,조선왕조실록,11.1
固成,3,17,1,5.9,0.0,조선왕조실록,11.1,승정원일기,11.1
淸漢,3,153,2,1.3,0.0,한국사료총서,11.1,조선왕조실록,11.1
壤地,5,556,37,6.7,0.0,고려사,11.0,승정원일기,11.0
壺山,3,59,4,6.8,3.3,조선왕조실록,14.3,한국사료총서,11.0
宣川郡,3,120,23,19.2,15.6,조선왕조실록,26.7,한국사료총서,11.0
大王陵上,2,539,58,10.8,0.0,조선왕조실록,11.0,승정원일기,11.0
靑陽縣,3,536,84,15.7,14.0,승정원일기,25.0,조선왕조실록,11.0
輦下,6,1259,113,9.0,0.0,고려사,11.0,승정원일기,11.0
露,8,40560,1261,3.1,0.0,고려사절요,11.0,고순종실록,11.0
西門外,6,452,25,5.5,0.0,고려사,11.0,승정원일기,11.0
遼東人,3,159,16,10.1,0.0,승정원일기,11.0,조선왕조실록,11.0
明人,3,474,17,3.6,0.0,승정원일기,11.0,조선왕조실록,11.0
布,8,99685,248,0.2,0.1,조선왕조실록,11.1,삼국유사,11.0
維新,5,2614,57,2.2,0.0,고려사,11.0,조선왕조실록,11.0
建極堂,2,79,71,89.9,89.0,승정원일기,100.0,조선왕조실록,11.0
靖,8,21544,1801,8.4,0.0,삼국사기,11.0,승정원일기,11.0
九萬,5,6831,40,0.6,0.0,고려사,10.9,고순종실록,10.9
九水,2,40,19,47.5,37.5,승정원일기,48.4,한국사료총서,10.9
吴,2,16,2,12.5,9.1,삼국사기,20.0,한국사료총서,10.9
蘭香,3,109,6,5.5,0.0,조선왕조실록,10.9,승정원일기,10.9
明惠,4,220,16,7.3,0.0,고려사,10.9,승정원일기,10.9
三都,6,1320,99,7.5,0.0,고려사,10.9,승정원일기,10.9
金復,4,1740,11,0.6,0.0,고순종실록,10.9,조선왕조실록,10.9
石,8,164351,4761,2.9,1.3,삼국유사,12.1,삼국사기,10.8
游,7,21862,858,3.9,0.0,고려사,10.8,고순종실록,10.8
待漏,3,442,41,9.3,0.0,한국사료총서,10.8,조선왕조실록,10.8
烟臺,3,580,36,6.2,3.8,조선왕조실록,14.6,승정원일기,10.8
典牲署,4,1228,120,9.8,0.0,고순종실록,10.8,승정원일기,10.8
宣頭,4,180,8,4.4,0.0,고려사,10.8,승정원일기,10.8
淸川以北,3,78,4,5.1,0.0,조선왕조실록,10.8,승정원일기,10.8
德沼,2,18,5,27.8,20.0,승정원일기,30.8,한국사료총서,10.8
海都,5,828,7,0.8,0.0,고려사,10.8,한국사료총서,10.8
大板,3,56,30,53.6,47.1,조선왕조실록,57.9,한국사료총서,10.8
草長,3,104,3,2.9,1.7,조선왕조실록,12.5,한국사료총서,10.8
烟,6,4591,143,3.1,0.0,고려사,10.8,고순종실록,10.8
本浦,4,151,8,5.3,0.0,고순종실록,10.8,한국사료총서,10.8
婁,7,1065,41,3.8,0.0,고려사,10.7,한국사료총서,10.7
踏十里,2,33,30,90.9,89.3,승정원일기,100.0,조선왕조실록,10.7
濮,5,332,25,7.5,0.0,고려사,10.7,승정원일기,10.7
東廡,3,175,9,5.1,0.0,조선왕조실록,10.7,승정원일기,10.7
鬼山,2,13,4,30.8,14.3,한국사료총서,25.0,조선왕조실록,10.7
新屯,2,16,3,18.8,14.3,승정원일기,25.0,한국사료총서,10.7
登,8,73644,2322,3.2,2.0,삼국유사,12.7,고려사절요,10.7
川南面,2,20,16,80.0,75.0,한국사료총서,85.7,승정원일기,10.7
瀋州,2,13,11,84.6,75.0,고려사절요,85.7,고려사,10.7
七里,5,1992,24,1.2,0.0,고려사,10.7,승정원일기,10.7
釜浦,2,21,14,66.7,64.3,한국사료총서,75.0,조선왕조실록,10.7
越坪,2,11,2,18.2,14.3,한국사료총서,25.0,승정원일기,10.7
別庫,6,418,8,1.9,0.0,고려사,10.7,조선왕조실록,10.7
嘉山多,2,11,9,81.8,75.0,조선왕조실록,85.7,한국사료총서,10.7
德萬,3,440,4,0.9,0.0,한국사료총서,10.7,조선왕조실록,10.7
暗門,3,118,7,5.9,0.0,한국사료총서,10.7,조선왕조실록,10.7
遵海,3,58,3,5.2,0.0,조선왕조실록,10.7,승정원일기,10.7
許下,3,229,3,1.3,0.0,승정원일기,10.7,조선왕조실록,10.7
王興,7,125,3,2.4,0.0,고려사,10.7,조선왕조실록,10.7
全羅道珍島郡,2,258,256,99.2,88.9,조선왕조실록,99.6,승정원일기,10.7
軍令浦,2,32,29,90.6,89.3,승정원일기,100.0,조선왕조실록,10.7
海營,4,323,30,9.3,0.0,고순종실록,10.7,승정원일기,10.7
鎭溟縣,2,13,11,84.6,75.0,조선왕조실록,85.7,고려사,10.7
晦菴,3,95,5,5.3,0.0,조선왕조실록,10.6,승정원일기,10.6
開花,3,176,12,6.8,1.7,한국사료총서,12.3,승정원일기,10.6
白木廛,4,144,12,8.3,0.0,고순종실록,10.6,승정원일기,10.6
須,8,65130,192,0.3,0.0,고려사절요,10.6,고순종실록,10.6
奉謨,3,1104,1010,91.5,89.4,조선왕조실록,100.0,고순종실록,10.6
終生,3,161,10,6.2,0.0,조선왕조실록,10.6,승정원일기,10.6
開城縣,3,34,27,79.4,72.7,고려사,83.3,한국사료총서,10.6
關西一路,4,184,15,8.2,0.0,고순종실록,10.6,승정원일기,10.6
漢家,6,701,13,1.9,0.0,고려사,10.6,조선왕조실록,10.6
河口,3,53,18,34.0,29.4,한국사료총서,40.0,조선왕조실록,10.6
平安道价川郡,2,47,42,89.4,80.0,조선왕조실록,90.5,승정원일기,10.5
一東,4,107,6,5.6,0.0,삼국유사,10.5,한국사료총서,10.5
東山里,3,26,24,92.3,89.5,한국사료총서,100.0,조선왕조실록,10.5
復聖公,3,47,2,4.3,0.0,조선왕조실록,10.5,승정원일기,10.5
苧洞,3,104,95,91.3,89.5,한국사료총서,100.0,조선왕조실록,10.5
八旗,3,133,4,3.0,0.0,조선왕조실록,10.5,승정원일기,10.5
興雲,4,120,11,9.2,0.0,고려사,10.5,승정원일기,10.5
與州,5,72,2,2.8,0.0,고려사,10.5,조선왕조실록,10.5
東梁,2,24,4,16.7,0.0,한국사료총서,10.5,승정원일기,10.5
川中,3,93,5,5.4,0.0,조선왕조실록,10.5,한국사료총서,10.5
柘,5,94,6,6.4,0.0,고려사,10.5,승정원일기,10.5
魯泮,3,35,3,8.6,0.0,조선왕조실록,10.5,승정원일기,10.5
北兩邊,2,37,2,5.4,0.0,조선왕조실록,10.5,승정원일기,10.5
深源,4,773,16,2.1,0.0,고순종실록,10.5,승정원일기,10.5
統制營,4,37,2,5.4,0.0,고순종실록,10.5,승정원일기,10.5
幾邑,4,373,5,1.3,0.0,조선왕조실록,10.5,한국사료총서,10.5
江外,5,1004,11,1.1,0.0,고려사,10.5,한국사료총서,10.5
下守,4,664,2,0.3,0.0,고순종실록,10.5,한국사료총서,10.5
皆品,2,32,2,6.2,0.0,승정원일기,10.5,조선왕조실록,10.5
德積島,3,37,35,94.6,89.5,승정원일기,100.0,조선왕조실록,10.5
慕華館前,2,40,2,5.0,0.0,조선왕조실록,10.5,승정원일기,10.5
松人,3,107,2,1.9,0.0,승정원일기,10.5,조선왕조실록,10.5
長興郡,2,43,16,37.2,32.4,승정원일기,42.9,한국사료총서,10.5
栱,4,35,2,5.7,0.0,삼국사기,10.5,승정원일기,10.5
國子監,5,230,2,0.9,0.0,고려사,10.5,승정원일기,10.5
端暉門,2,79,71,89.9,89.5,승정원일기,100.0,조선왕조실록,10.5
上門,3,41,3,7.3,0.0,한국사료총서,10.5,승정원일기,10.5
玉華堂,2,27,24,88.9,89.5,승정원일기,100.0,조선왕조실록,10.5
小殯殿,2,41,4,9.8,0.0,조선왕조실록,10.5,승정원일기,10.5
所火,3,96,2,2.1,0.0,승정원일기,10.5,조선왕조실록,10.5
世淸,3,145,6,4.1,0.0,조선왕조실록,10.5,한국사료총서,10.5
四道,6,1058,64,6.0,0.0,고려사,10.5,승정원일기,10.5
邊浦,3,97,10,10.3,0.0,조선왕조실록,10.5,한국사료총서,10.5
塗,8,14932,25,0.2,0.0,고순종실록,10.5,고려사절요,10.5
朱,8,32581,1368,4.2,0.0,삼국유사,10.4,고순종실록,10.4
全嶺,3,79,5,6.3,0.0,조선왕조실록,10.4,승정원일기,10.4
三洞,3,132,27,20.5,12.8,승정원일기,23.2,한국사료총서,10.4
道同,4,628,56,8.9,0.0,고순종실록,10.4,조선왕조실록,10.4
表節祠,2,26,15,57.7,56.2,승정원일기,66.7,조선왕조실록,10.4
望雲,4,1569,15,1.0,0.0,고려사,10.4,조선왕조실록,10.4
三溪洞,2,25,19,76.0,71.4,한국사료총서,81.8,승정원일기,10.4
東鎭,4,1876,21,1.1,0.5,승정원일기,11.0,조선왕조실록,10.4
彭澤,2,20,6,30.0,18.2,한국사료총서,28.6,승정원일기,10.4
多里,2,30,17,56.7,56.2,조선왕조실록,66.7,한국사료총서,10.4
花石,3,101,8,7.9,3.8,조선왕조실록,14.3,승정원일기,10.4
淑,8,16074,722,4.5,0.0,고려사,10.4,승정원일기,10.4
濬慶,2,66,60,90.9,89.6,승정원일기,100.0,고순종실록,10.4
郡西面,2,20,14,70.0,71.4,한국사료총서,81.8,승정원일기,10.4
豐慶,2,18,14,77.8,71.4,승정원일기,81.8,고순종실록,10.4
滬,2,102,11,10.8,0.0,승정원일기,10.4,한국사료총서,10.4
三邊,4,122,7,5.7,0.0,고려사,10.4,승정원일기,10.4
滙,3,91,5,5.5,2.1,승정원일기,12.5,조선왕조실록,10.4
靑蒲,2,33,2,6.1,4.0,승정원일기,14.3,조선왕조실록,10.3
館,7,152795,9972,6.5,0.0,삼국사기,10.3,조선왕조실록,10.3
安榮,3,177,5,2.8,0.0,승정원일기,10.3,한국사료총서,10.3
洌泉門,2,39,36,92.3,89.7,승정원일기,100.0,조선왕조실록,10.3
文長,3,76,3,3.9,0.0,승정원일기,10.3,한국사료총서,10.3
安州郡,2,53,14,26.4,23.1,승정원일기,33.3,한국사료총서,10.3
大堤,3,91,4,4.4,0.0,승정원일기,10.3,조선왕조실록,10.3
金陽,6,8160,30,0.4,0.0,고려사,10.3,한국사료총서,10.3
魯鄕,2,37,3,8.1,0.0,한국사료총서,10.3,승정원일기,10.3
者古,4,81,5,6.2,0.0,삼국유사,10.3,조선왕조실록,10.3
高城地,2,33,3,9.1,0.0,조선왕조실록,10.3,승정원일기,10.3
金華,6,5200,95,1.8,0.0,고려사,10.3,한국사료총서,10.3
遠惡島,4,984,43,4.4,0.0,고순종실록,10.3,한국사료총서,10.3
南外,3,91,6,6.6,0.0,조선왕조실록,10.3,승정원일기,10.3
金吾門外,4,1566,153,9.8,0.0,고순종실록,10.3,승정원일기,10.3
興化門內,2,84,8,9.5,0.0,한국사료총서,10.3,승정원일기,10.3
北坊,2,21,15,71.4,66.7,승정원일기,76.9,한국사료총서,10.3
休,8,52221,56,0.1,0.0,고려사절요,10.3,삼국사기,10.3
應古,3,66,3,4.5,0.0,승정원일기,10.3,조선왕조실록,10.3
東小門外,3,77,5,6.5,0.0,조선왕조실록,10.3,승정원일기,10.3
湖南一道,3,162,13,8.0,0.0,조선왕조실록,10.3,승정원일기,10.3
大丘府,3,315,115,36.5,30.6,조선왕조실록,40.8,승정원일기,10.2
高廟,3,111,10,9.0,0.0,한국사료총서,10.2,승정원일기,10.2
平安道碧潼郡,2,117,114,97.4,88.9,조선왕조실록,99.1,승정원일기,10.2
正法,5,7913,25,0.3,0.0,고려사,10.2,한국사료총서,10.2
玉成,3,711,6,0.8,0.0,승정원일기,10.2,한국사료총서,10.2
沙里,3,406,201,49.5,45.7,승정원일기,55.9,조선왕조실록,10.2
三釜,2,56,5,8.9,0.0,한국사료총서,10.2,승정원일기,10.2
修文,6,421,11,2.6,0.0,고려사,10.1,조선왕조실록,10.1
端門,5,317,15,4.7,0.0,고려사,10.1,조선왕조실록,10.1
嶺海,4,1366,120,8.8,0.0,고순종실록,10.1,승정원일기,10.1
定遠,5,398,17,4.3,1.9,조선왕조실록,12.0,고려사,10.1
英親王,3,494,38,7.7,0.0,고순종실록,10.1,승정원일기,10.1
本里,4,248,17,6.9,0.0,고순종실록,10.1,한국사료총서,10.1
瀟,3,99,2,2.0,0.0,조선왕조실록,10.0,승정원일기,10.0
文陽,3,99,1,1.0,0.0,승정원일기,10.0,한국사료총서,10.0
加祚縣,2,15,14,93.3,90.0,한국사료총서,100.0,조선왕조실록,10.0
梁鴻,3,33,1,3.0,0.0,승정원일기,10.0,한국사료총서,10.0
泰嶽,2,18,3,16.7,0.0,한국사료총서,10.0,승정원일기,10.0
胡子,5,39,1,2.6,0.0,삼국사기,10.0,조선왕조실록,10.0
舟橋,4,1284,94,7.3,0.0,고순종실록,10.0,한국사료총서,10.0
後寺,2,17,1,5.9,0.0,한국사료총서,10.0,승정원일기,10.0
三衛,4,399,39,9.8,0.0,고려사,10.0,한국사료총서,10.0
三協,2,13,1,7.7,0.0,한국사료총서,10.0,조선왕조실록,10.0
光白,3,221,2,0.9,0.0,조선왕조실록,10.0,한국사료총서,10.0
赤村,2,20,19,95.0,90.0,한국사료총서,100.0,승정원일기,10.0
東西南三郊,2,25,2,8.0,0.0,조선왕조실록,10.0,승정원일기,10.0
露梁津,3,84,77,91.7,90.0,조선왕조실록,100.0,한국사료총서,10.0
仁王洞,2,25,24,96.0,90.0,조선왕조실록,100.0,한국사료총서,10.0
北關諸邑,2,39,3,7.7,0.0,조선왕조실록,10.0,승정원일기,10.0
雲高,2,15,2,13.3,0.0,승정원일기,10.0,한국사료총서,10.0
恒,8,78738,67,0.1,0.0,고순종실록,10.0,삼국유사,10.0
機長縣,2,29,12,41.4,40.0,승정원일기,50.0,조선왕조실록,10.0
濟洞,3,120,119,99.2,90.0,한국사료총서,100.0,조선왕조실록,10.0
連倉,2,11,6,54.5,40.0,한국사료총서,50.0,승정원일기,10.0
普賢峰,2,19,18,94.7,90.0,승정원일기,100.0,조선왕조실록,10.0
懷來,3,46,1,2.2,0.0,승정원일기,10.0,한국사료총서,10.0
珍島·,3,139,1,0.7,0.0,고려사,10.0,한국사료총서,10.0
亭子船,2,29,1,3.4,0.0,승정원일기,10.0,조선왕조실록,10.0
瑞興山城,2,22,20,90.9,90.0,승정원일기,100.0,조선왕조실록,10.0
安興倉,2,26,18,69.2,70.0,승정원일기,80.0,조선왕조실록,10.0
安岳等邑,2,17,1,5.9,0.0,조선왕조실록,10.0,승정원일기,10.0
二道,7,3273,21,0.6,0.0,고려사,10.0,고순종실록,10.0
京畿一道,3,58,4,6.9,0.0,조선왕조실록,10.0,승정원일기,10.0
麗水縣,2,17,16,94.1,90.0,승정원일기,100.0,조선왕조실록,10.0
雲天,4,1014,4,0.4,0.0,고려사,10.0,조선왕조실록,10.0
社稷洞,3,108,104,96.3,90.0,조선왕조실록,100.0,한국사료총서,10.0
敦寧府前路,2,14,1,7.1,0.0,조선왕조실록,10.0,승정원일기,10.0
慶尙道靈山縣,2,16,15,93.8,90.0,승정원일기,100.0,조선왕조실록,10.0
兒玉,3,41,1,2.4,0.0,고순종실록,10.0,승정원일기,10.0
安戎,3,30,27,90.0,90.0,고려사,100.0,승정원일기,10.0
蘭山,2,17,15,88.2,90.0,한국사료총서,100.0,삼국사기,10.0
鳴陽,3,97,1,1.0,0.0,승정원일기,10.0,한국사료총서,10.0
開城人,3,30,1,3.3,0.0,승정원일기,10.0,조선왕조실록,10.0
京江近處,2,16,1,6.2,0.0,조선왕조실록,10.0,승정원일기,10.0
堂古介,3,188,182,96.8,87.5,한국사료총서,97.5,승정원일기,10.0
大鼻㺚,3,29,2,6.9,0.0,승정원일기,10.0,조선왕조실록,10.0
羅軍,5,37,1,2.7,0.0,고려사,10.0,한국사료총서,10.0
大差倭,3,449,3,0.7,0.0,승정원일기,10.0,조선왕조실록,10.0
劉墉,3,24,1,4.2,0.0,승정원일기,10.0,한국사료총서,10.0
濟州直赴,2,13,1,7.7,0.0,조선왕조실록,10.0,승정원일기,10.0
孝廟廟庭,2,15,1,6.7,0.0,조선왕조실록,10.0,승정원일기,10.0
忠洪右道,2,24,13,54.2,50.0,승정원일기,60.0,조선왕조실록,10.0
山劍,2,17,1,5.9,0.0,한국사료총서,10.0,승정원일기,10.0
玄武,5,194,12,6.2,0.0,고려사,10.0,승정원일기,10.0
箕子井,3,22,1,4.5,0.0,조선왕조실록,10.0,승정원일기,10.0
杜芝洞,3,24,23,95.8,90.0,한국사료총서,100.0,승정원일기,10.0
堂里,3,223,212,95.1,90.0,조선왕조실록,100.0,승정원일기,10.0
孝家,3,82,4,4.9,0.0,승정원일기,10.0,한국사료총서,10.0
山陽縣,3,22,20,90.9,90.0,한국사료총서,100.0,조선왕조실록,10.0
鎭南浦,3,47,46,97.9,90.0,한국사료총서,100.0,승정원일기,10.0
汲泉,2,14,6,42.9,40.0,조선왕조실록,50.0,승정원일기,10.0
御倉,2,35,26,74.3,66.7,조선왕조실록,76.7,승정원일기,10.0
道峰院,2,10,5,50.0,50.0,승정원일기,60.0,조선왕조실록,10.0
建一門,2,15,1,6.7,0.0,고순종실록,10.0,승정원일기,10.0
義新,3,99,4,4.0,0.0,승정원일기,10.0,조선왕조실록,10.0
皇宮,4,59,1,1.7,0.0,승정원일기,10.0,고순종실록,10.0
益泰,3,350,1,0.3,0.0,승정원일기,10.0,한국사료총서,10.0
如熊,3,24,1,4.2,0.0,승정원일기,10.0,조선왕조실록,10.0
豊府,3,89,3,3.4,0.0,조선왕조실록,10.0,한국사료총서,10.0
到臨,3,46,1,2.2,0.0,조선왕조실록,10.0,승정원일기,10.0
四堡,4,61,3,4.9,0.0,고순종실록,10.0,한국사료총서,10.0
金以石,2,15,1,6.7,0.0,조선왕조실록,10.0,한국사료총서,10.0
洛南,2,35,30,85.7,83.3,승정원일기,93.3,조선왕조실록,10.0
是川,2,22,1,4.5,0.0,승정원일기,10.0,한국사료총서,10.0
安壽,4,273,1,0.4,0.0,승정원일기,10.0,고려사,10.0
西之,6,3926,53,1.3,0.0,고려사절요,10.0,고려사,10.0
雨日,3,59,4,6.8,0.0,승정원일기,10.0,한국사료총서,10.0
琉求,2,9,5,55.6,50.0,승정원일기,60.0,한국사료총서,10.0
茂城,3,30,2,6.7,0.0,승정원일기,10.0,한국사료총서,10.0
福成,3,100,3,3.0,0.0,승정원일기,10.0,한국사료총서,10.0
忠淸道報恩,3,116,114,98.3,90.0,한국사료총서,100.0,조선왕조실록,10.0
溟渤,4,61,2,3.3,0.0,고순종실록,10.0,조선왕조실록,10.0
東科,2,21,1,4.8,0.0,승정원일기,10.0,한국사료총서,10.0
國都,6,594,3,0.5,0.0,고려사,10.0,고려사절요,10.0
菁好,2,25,22,88.0,90.0,조선왕조실록,100.0,승정원일기,10.0
宜昌,4,501,2,0.4,0.0,고순종실록,10.0,한국사료총서,10.0
乃興,3,109,3,2.8,0.0,승정원일기,10.0,한국사료총서,10.0
牛首州,3,19,18,94.7,90.0,삼국사기,100.0,한국사료총서,10.0
周誥,2,36,1,2.8,0.0,승정원일기,10.0,조선왕조실록,10.0
將官廳,2,78,1,1.3,0.0,한국사료총서,10.0,승정원일기,10.0
阿伊,2,49,8,16.3,15.0,조선왕조실록,25.0,고려사,10.0
金州府,2,13,12,92.3,90.0,한국사료총서,100.0,승정원일기,10.0
廣營,3,39,1,2.6,0.0,조선왕조실록,10.0,승정원일기,10.0
沿湖,2,15,2,13.3,0.0,한국사료총서,10.0,승정원일기,10.0
押督,2,15,8,53.3,50.0,삼국사기,60.0,한국사료총서,10.0
海漂,3,168,1,0.6,0.0,조선왕조실록,10.0,승정원일기,10.0
御將臺,2,13,1,7.7,0.0,조선왕조실록,10.0,승정원일기,10.0
仁政殿門,2,25,1,4.0,0.0,승정원일기,10.0,조선왕조실록,10.0
草梁村,2,11,4,36.4,40.0,조선왕조실록,50.0,한국사료총서,10.0
黎,8,3147,59,1.9,0.0,고려사,10.0,삼국사기,10.0
景熙,2,220,21,9.5,0.0,한국사료총서,10.0,승정원일기,10.0
新田,3,43,3,7.0,0.0,조선왕조실록,10.0,한국사료총서,10.0
端府,2,15,5,33.3,30.0,승정원일기,40.0,한국사료총서,10.0
八埏,4,68,2,2.9,0.0,고순종실록,10.0,승정원일기,10.0
湖南營,2,34,3,8.8,0.0,조선왕조실록,10.0,승정원일기,10.0
隍,6,1561,89,5.7,0.0,고려사,10.0,고순종실록,10.0
佛蘭西國,2,15,2,13.3,0.0,승정원일기,10.0,한국사료총서,10.0
炭谷,2,14,13,92.9,90.0,한국사료총서,100.0,승정원일기,10.0
梯山,3,47,1,2.1,0.0,승정원일기,10.0,조선왕조실록,10.0
鷄子,4,58,1,1.7,0.0,고순종실록,10.0,한국사료총서,10.0
能城,2,15,2,13.3,0.0,승정원일기,10.0,한국사료총서,10.0
鄒魯鄕,2,28,2,7.1,0.0,한국사료총서,10.0,승정원일기,10.0
牙善,2,12,6,50.0,40.0,조선왕조실록,50.0,한국사료총서,10.0
潙汭,2,15,6,40.0,40.0,승정원일기,50.0,조선왕조실록,10.0
小黃門,3,42,1,2.4,0.0,승정원일기,10.0,조선왕조실록,10.0
郊廟,5,162,2,1.2,0.0,고려사,10.0,고순종실록,10.0
昌陵陵上,2,28,2,7.1,0.0,고순종실록,10.0,승정원일기,10.0
院東,3,36,2,5.6,0.0,조선왕조실록,10.0,승정원일기,10.0
小獸林,3,29,1,3.4,0.0,삼국유사,10.0,삼국사기,10.0
鄭人,3,77,1,1.3,0.0,승정원일기,10.0,조선왕조실록,10.0
漢興,3,300,4,1.3,0.0,한국사료총서,10.0,조선왕조실록,10.0
忠清道,2,17,16,94.1,90.0,한국사료총서,100.0,승정원일기,10.0
朔寧縣,2,39,9,23.1,13.0,승정원일기,23.1,조선왕조실록,10.0
鶴巢,2,28,2,7.1,0.0,승정원일기,10.0,한국사료총서,10.0
江原道平康縣,2,37,36,97.3,90.0,조선왕조실록,100.0,승정원일기,10.0
忠州鎭,3,38,18,47.4,40.0,조선왕조실록,50.0,승정원일기,10.0
景福宮勤政殿,2,24,23,95.8,90.0,승정원일기,100.0,조선왕조실록,10.0
廉山,2,15,14,93.3,90.0,승정원일기,100.0,조선왕조실록,10.0
昭格署洞,2,16,15,93.8,90.0,조선왕조실록,100.0,승정원일기,10.0
泰華,3,106,3,2.8,0.0,한국사료총서,10.0,조선왕조실록,10.0
臨陂縣令,4,386,1,0.3,0.0,고순종실록,10.0,한국사료총서,10.0
羊場,2,17,5,29.4,30.0,한국사료총서,40.0,조선왕조실록,10.0
翳桑,2,46,1,2.2,0.0,승정원일기,10.0,조선왕조실록,10.0
梅月堂,3,35,1,2.9,0.0,조선왕조실록,10.0,승정원일기,10.0
果川宿所,2,45,4,8.9,0.0,조선왕조실록,10.0,승정원일기,10.0
馬突,3,59,5,8.5,0.0,승정원일기,10.0,한국사료총서,10.0
射壇,3,84,4,4.8,0.0,조선왕조실록,10.0,승정원일기,10.0
岳鍾琪,2,16,1,6.2,0.0,한국사료총서,10.0,승정원일기,10.0
隣洞,3,48,3,6.2,0.0,조선왕조실록,10.0,한국사료총서,10.0
六臣書院,2,26,2,7.7,0.0,조선왕조실록,10.0,승정원일기,10.0
陸通,4,30,1,3.3,0.0,고순종실록,10.0,승정원일기,10.0
方台,2,35,1,2.9,0.0,한국사료총서,10.0,승정원일기,10.0
耽津,3,65,62,95.4,90.0,한국사료총서,100.0,조선왕조실록,10.0
水凍,3,27,1,3.7,0.0,승정원일기,10.0,한국사료총서,10.0
金通,5,110,2,1.8,0.0,고려사,10.0,조선왕조실록,10.0
貝,6,1408,21,1.5,0.0,고순종실록,10.0,고려사,10.0
靑坡,3,502,465,92.6,87.7,한국사료총서,97.8,조선왕조실록,10.0
·金海,2,272,2,0.7,0.0,승정원일기,10.0,한국사료총서,10.0
門新,3,79,5,6.3,0.0,한국사료총서,10.0,조선왕조실록,10.0
鴨江一帶,2,18,1,5.6,0.0,조선왕조실록,10.0,승정원일기,10.0
鏌鎁,2,19,1,5.3,0.0,승정원일기,10.0,조선왕조실록,10.0
廣州城,2,16,6,37.5,30.0,승정원일기,40.0,조선왕조실록,10.0
西安府,2,16,14,87.5,90.0,한국사료총서,100.0,승정원일기,10.0
硏成學校,3,202,1,0.5,0.0,승정원일기,10.0,고순종실록,10.0
梁榞,3,89,1,1.1,0.0,조선왕조실록,10.0,승정원일기,10.0
定,8,404560,7437,1.8,0.0,삼국유사,10.0,고려사절요,10.0
碧蹄驛,3,126,120,95.2,90.0,한국사료총서,100.0,승정원일기,10.0
蔚山兵營,2,15,1,6.7,0.0,조선왕조실록,10.0,승정원일기,10.0
摹瑟鎭,2,9,5,55.6,50.0,한국사료총서,60.0,승정원일기,10.0
湍府民,2,13,1,7.7,0.0,조선왕조실록,10.0,승정원일기,10.0
山一面,2,16,1,6.2,0.0,승정원일기,10.0,한국사료총서,10.0
五部內,2,28,2,7.1,0.0,조선왕조실록,10.0,승정원일기,10.0
代邸,3,41,3,7.3,0.0,고순종실록,10.0,승정원일기,10.0
南坪,2,9,4,44.4,40.0,한국사료총서,50.0,조선왕조실록,10.0
別餉庫,3,113,5,4.4,0.0,한국사료총서,10.0,조선왕조실록,10.0
松嶽山,3,28,25,89.3,90.0,승정원일기,100.0,조선왕조실록,10.0
函,6,4801,55,1.1,0.0,한국사료총서,10.0,고려사절요,10.0
朴世勳,3,17,1,5.9,0.0,조선왕조실록,10.0,승정원일기,10.0
莘,8,2250,83,3.7,0.0,고려사,10.0,한국사료총서,10.0
魯山,3,928,21,2.3,0.7,조선왕조실록,10.5,승정원일기,9.9
鴻慶,2,1364,3,0.2,0.1,승정원일기,10.0,조선왕조실록,9.9
四鎭,4,455,21,4.6,0.0,고순종실록,9.9,승정원일기,9.9
漢新,2,32,2,6.2,4.3,승정원일기,14.3,조선왕조실록,9.9
葛山,2,166,122,73.5,71.5,한국사료총서,81.5,승정원일기,9.9
東湖,3,135,52,38.5,33.3,승정원일기,43.2,한국사료총서,9.9
奎章閣,4,15221,1012,6.6,0.0,한국사료총서,9.9,조선왕조실록,9.9
香大廳,2,299,29,9.7,0.0,조선왕조실록,9.9,승정원일기,9.9
秦漢,3,163,6,3.7,0.0,고려사,9.8,한국사료총서,9.8
東峽,3,162,12,7.4,0.0,조선왕조실록,9.8,승정원일기,9.8
全羅左水營,3,71,6,8.5,0.0,조선왕조실록,9.8,승정원일기,9.8
華蓋,3,133,11,8.3,0.0,한국사료총서,9.8,승정원일기,9.8
岐周,3,95,8,8.4,0.0,고순종실록,9.8,승정원일기,9.8
慶尙左兵營,2,66,6,9.1,0.0,조선왕조실록,9.8,승정원일기,9.8
挹和,2,45,41,91.1,90.2,승정원일기,100.0,조선왕조실록,9.8
沱,4,490,40,8.2,0.0,고순종실록,9.8,조선왕조실록,9.8
辟雍,4,196,13,6.6,0.0,고순종실록,9.8,승정원일기,9.8
畿地,3,67,4,6.0,0.0,조선왕조실록,9.8,승정원일기,9.8
義洞,3,490,467,95.3,88.4,한국사료총서,98.1,조선왕조실록,9.8
下幕,3,288,24,8.3,0.0,고려사,9.8,승정원일기,9.8
文谷,3,58,4,6.9,0.0,승정원일기,9.8,한국사료총서,9.8
芹宮,2,74,5,6.8,0.0,조선왕조실록,9.8,승정원일기,9.8
嶺路,4,284,14,4.9,0.0,고려사,9.8,승정원일기,9.8
把子橋,2,142,127,89.4,90.2,승정원일기,100.0,조선왕조실록,9.8
齋宮,4,315,11,3.5,0.0,고려사,9.8,한국사료총서,9.8
仙源,3,166,49,29.5,25.8,승정원일기,35.6,한국사료총서,9.8
全南左,2,97,15,15.5,7.1,조선왕조실록,16.9,승정원일기,9.7
石堡,2,156,15,9.6,0.0,한국사료총서,9.7,조선왕조실록,9.7
萬慶殿,2,319,315,98.7,90.0,고순종실록,99.7,승정원일기,9.7
無妄閣,2,78,72,92.3,83.3,조선왕조실록,93.1,승정원일기,9.7
靑石洞,3,152,149,98.0,90.3,한국사료총서,100.0,조선왕조실록,9.7
大所,3,211,7,3.3,1.9,승정원일기,11.5,조선왕조실록,9.7
鎭南營,3,71,3,4.2,0.0,고순종실록,9.7,승정원일기,9.7
貞陵洞,3,313,300,95.8,87.5,승정원일기,97.2,조선왕조실록,9.7
肅,8,131434,5382,4.1,0.0,삼국유사,9.7,조선왕조실록,9.7
蓋,8,103721,146,0.1,0.0,고려사,9.7,삼국사기,9.7
蒜山倉,2,65,39,60.0,60.4,승정원일기,70.0,조선왕조실록,9.6
仁壽宮,2,80,69,86.2,81.1,승정원일기,90.7,조선왕조실록,9.6
奎章,4,16289,1026,6.3,0.0,한국사료총서,9.6,조선왕조실록,9.6
鰲興,4,114,9,7.9,0.0,고순종실록,9.6,승정원일기,9.6
七鎭,3,97,7,7.2,0.0,조선왕조실록,9.6,승정원일기,9.6
南小館,2,60,55,91.7,90.4,승정원일기,100.0,조선왕조실록,9.6
永保,5,366,32,8.7,2.4,한국사료총서,12.0,승정원일기,9.6
南閫,3,172,9,5.2,0.0,한국사료총서,9.5,조선왕조실록,9.5
公洪左道,2,62,41,66.1,65.5,승정원일기,75.0,조선왕조실록,9.5
大華,5,145,4,2.8,0.0,고려사절요,9.5,조선왕조실록,9.5
上蔡,3,191,3,1.6,0.0,한국사료총서,9.5,조선왕조실록,9.5
大順,6,250,4,1.6,0.0,고려사,9.5,조선왕조실록,9.5
北方面,2,10,6,60.0,57.1,승정원일기,66.7,한국사료총서,9.5
居平洞,2,13,5,38.5,33.3,승정원일기,42.9,한국사료총서,9.5
外庫,2,76,2,2.6,1.6,승정원일기,11.1,조선왕조실록,9.5
豊德郡,2,33,15,45.5,33.3,조선왕조실록,42.9,승정원일기,9.5
關以東,3,32,2,6.2,0.0,조선왕조실록,9.5,승정원일기,9.5
忠臣義士壇,2,10,6,60.0,57.1,조선왕조실록,66.7,승정원일기,9.5
車輦站,2,13,5,38.5,33.3,한국사료총서,42.9,승정원일기,9.5
正始閤,2,26,23,88.5,90.5,승정원일기,100.0,조선왕조실록,9.5
坡州山城,2,28,26,92.9,90.5,조선왕조실록,100.0,승정원일기,9.5
離宮,6,489,6,1.2,0.0,고려사,9.5,고순종실록,9.5
定和陵,2,20,18,90.0,83.3,조선왕조실록,92.9,승정원일기,9.5
于次,3,68,4,5.9,0.0,승정원일기,9.5,한국사료총서,9.5
雲海,5,187,8,4.3,0.0,고려사,9.5,한국사료총서,9.5
越浦,2,25,6,24.0,23.8,한국사료총서,33.3,조선왕조실록,9.5
延曙碑閣,2,32,13,40.6,33.3,조선왕조실록,42.9,승정원일기,9.5
顯烈,3,36,2,5.6,0.0,조선왕조실록,9.5,승정원일기,9.5
文宣王神位前,2,35,2,5.7,0.0,조선왕조실록,9.5,승정원일기,9.5
關北一路,2,69,6,8.7,0.0,조선왕조실록,9.5,승정원일기,9.5
集賢門,2,591,562,95.1,85.7,조선왕조실록,95.2,승정원일기,9.5
成州,4,62,57,91.9,90.5,조선왕조실록,100.0,한국사료총서,9.5
上部,3,60,2,3.3,0.0,고순종실록,9.5,한국사료총서,9.5
啓運,4,446,35,7.8,0.0,고려사,9.5,조선왕조실록,9.5
溱洧,2,26,2,7.7,0.0,조선왕조실록,9.5,승정원일기,9.5
左面,2,25,9,36.0,33.3,한국사료총서,42.9,승정원일기,9.5
大阜島,4,99,96,97.0,90.5,한국사료총서,100.0,조선왕조실록,9.5
內弓房,3,314,25,8.0,0.0,조선왕조실록,9.5,승정원일기,9.5
鐵山地,3,29,2,6.9,0.0,조선왕조실록,9.5,승정원일기,9.5
鑿山,3,47,2,4.3,0.0,조선왕조실록,9.5,승정원일기,9.5
馳馬臺,2,37,22,59.5,57.1,승정원일기,66.7,조선왕조실록,9.5
湖南沿海邑,2,26,2,7.7,0.0,조선왕조실록,9.5,승정원일기,9.5
建陽峴,2,27,23,85.2,90.5,승정원일기,100.0,조선왕조실록,9.5
鑄字洞,3,73,68,93.2,90.6,승정원일기,100.0,한국사료총서,9.4
紙廛,4,149,12,8.1,0.0,고순종실록,9.4,승정원일기,9.4
大唐,6,103,3,2.9,0.0,고려사,9.4,조선왕조실록,9.4
五驛,3,79,5,6.3,0.0,조선왕조실록,9.4,승정원일기,9.4
新作路,2,134,12,9.0,0.0,한국사료총서,9.4,승정원일기,9.4
都,8,543012,16177,3.0,2.2,조선왕조실록,11.6,고려사절요,9.4
儲,7,32602,1925,5.9,0.0,고려사절요,9.4,고순종실록,9.4
文東堂,2,41,3,7.3,0.0,한국사료총서,9.4,승정원일기,9.4
去思,3,140,8,5.7,0.0,조선왕조실록,9.4,승정원일기,9.4
熙寧,4,110,6,5.5,0.0,고려사,9.4,승정원일기,9.4
八路,4,4538,323,7.1,0.0,고순종실록,9.4,승정원일기,9.4
元廟,2,77,5,6.5,0.0,조선왕조실록,9.4,승정원일기,9.4
禁苑,4,343,19,5.5,0.0,고려사,9.4,승정원일기,9.4
翼成公黃喜,3,54,3,5.6,0.0,고순종실록,9.4,승정원일기,9.4
寬毅閤,2,45,42,93.3,90.6,승정원일기,100.0,조선왕조실록,9.4
兩觀,3,186,6,3.2,0.0,한국사료총서,9.4,조선왕조실록,9.4
若山,3,193,5,2.6,0.0,승정원일기,9.4,조선왕조실록,9.4
葡萄,4,219,16,7.3,0.0,고순종실록,9.4,한국사료총서,9.4
仁宗室,2,52,3,5.8,0.0,조선왕조실록,9.4,승정원일기,9.4
北關一路,2,39,3,7.7,0.0,조선왕조실록,9.4,승정원일기,9.4
月丁,6,1182,5,0.4,0.0,고려사,9.3,한국사료총서,9.3
八莒,4,247,226,91.5,90.7,한국사료총서,100.0,고려사,9.3
可申,4,145,5,3.4,0.0,고려사,9.3,조선왕조실록,9.3
安逸,5,463,11,2.4,0.0,고려사,9.3,조선왕조실록,9.3
一面,7,3132,117,3.7,0.0,고려사절요,9.3,한국사료총서,9.3
果川邑,2,52,37,71.2,70.7,승정원일기,80.0,한국사료총서,9.3
陵陵,4,3028,266,8.8,0.0,고순종실록,9.3,승정원일기,9.3
平壤人,3,131,4,3.1,0.0,승정원일기,9.3,조선왕조실록,9.3
通,8,241873,7131,2.9,0.0,삼국유사,9.3,삼국사기,9.3
祿山,4,157,5,3.2,0.0,고려사,9.3,조선왕조실록,9.3
寬仁,6,814,45,5.5,0.0,고려사,9.3,승정원일기,9.3
玉井,3,100,6,6.0,0.0,조선왕조실록,9.3,승정원일기,9.3
明堂,6,634,34,5.4,0.0,고려사절요,9.3,승정원일기,9.3
忠淸監營,3,311,24,7.7,0.0,조선왕조실록,9.3,승정원일기,9.3
魚皮,3,99,6,6.1,0.0,승정원일기,9.3,조선왕조실록,9.3
西陵,4,264,49,18.6,12.5,한국사료총서,21.8,승정원일기,9.3
內班院,2,290,10,3.4,1.7,승정원일기,10.9,조선왕조실록,9.2
棧,4,544,28,5.1,3.8,고순종실록,13.0,조선왕조실록,9.2
白兩邑,2,81,7,8.6,0.0,조선왕조실록,9.2,승정원일기,9.2
固,8,169131,2749,1.6,1.3,조선왕조실록,10.5,삼국유사,9.2
全羅監營,4,462,39,8.4,0.0,고순종실록,9.2,승정원일기,9.2
綾州郡,2,36,10,27.8,24.1,승정원일기,33.3,한국사료총서,9.2
唐家,6,381,9,2.4,0.0,고려사,9.2,조선왕조실록,9.2
鼎津,2,28,23,82.1,75.0,승정원일기,84.2,조선왕조실록,9.2
木洞,3,163,149,91.4,87.5,조선왕조실록,96.7,승정원일기,9.2
孤雲,2,144,2,1.4,0.8,한국사료총서,10.0,승정원일기,9.2
香廳,2,182,29,15.9,15.8,승정원일기,25.0,조선왕조실록,9.2
棲雲,2,20,7,35.0,30.8,한국사료총서,40.0,승정원일기,9.2
土宇,5,176,6,3.4,0.0,고려사,9.2,승정원일기,9.2
高山里鎭,3,63,19,30.2,26.5,한국사료총서,35.7,조선왕조실록,9.2
草,8,138109,2331,1.7,0.8,승정원일기,10.0,삼국사기,9.2
享官廳,3,94,7,7.4,0.0,조선왕조실록,9.2,승정원일기,9.2
林上,3,210,2,1.0,0.0,조선왕조실록,9.1,한국사료총서,9.1
緣江,3,46,4,8.7,0.0,한국사료총서,9.1,조선왕조실록,9.1
龍墀,3,41,1,2.4,0.0,조선왕조실록,9.1,승정원일기,9.1
歷下,2,18,1,5.6,0.0,한국사료총서,9.1,승정원일기,9.1
沙場,4,590,47,8.0,0.0,고순종실록,9.1,승정원일기,9.1
宛,6,4213,31,0.7,0.0,고순종실록,9.1,고려사,9.1
儲胥,4,213,1,0.5,0.0,승정원일기,9.1,고순종실록,9.1
羑里之,2,15,1,6.7,0.0,조선왕조실록,9.1,승정원일기,9.1
振伯,2,21,1,4.8,0.0,승정원일기,9.1,한국사료총서,9.1
聞開城,3,25,1,4.0,0.0,조선왕조실록,9.1,승정원일기,9.1
五道,7,719,38,5.3,0.0,고려사,9.1,승정원일기,9.1
林泉,4,228,14,6.1,0.0,삼국유사,9.1,조선왕조실록,9.1
紫門,5,2099,43,2.0,0.0,고려사,9.1,조선왕조실록,9.1
三包,2,25,1,4.0,0.0,승정원일기,9.1,한국사료총서,9.1
馬場里,2,50,49,98.0,90.9,한국사료총서,100.0,승정원일기,9.1
宗廟兩殿,2,14,1,7.1,0.0,조선왕조실록,9.1,승정원일기,9.1
雍正皇帝,3,25,1,4.0,0.0,조선왕조실록,9.1,승정원일기,9.1
京兆五部,4,91,6,6.6,0.0,고순종실록,9.1,승정원일기,9.1
慶尙道大丘地,2,27,2,7.4,0.0,조선왕조실록,9.1,승정원일기,9.1
防墓,2,17,2,11.8,0.0,한국사료총서,9.1,승정원일기,9.1
康純,5,389,1,0.3,0.0,고려사,9.1,한국사료총서,9.1
輿地,4,645,2,0.3,0.0,조선왕조실록,9.1,삼국유사,9.1
漢業,4,156,2,1.3,0.0,고순종실록,9.1,조선왕조실록,9.1
承文院前,2,14,1,7.1,0.0,조선왕조실록,9.1,승정원일기,9.1
密城郡,4,39,37,94.9,90.9,한국사료총서,100.0,조선왕조실록,9.1
慶尙道河陽縣,2,17,16,94.1,90.9,승정원일기,100.0,조선왕조실록,9.1
頭留,3,19,1,5.3,0.0,조선왕조실록,9.1,승정원일기,9.1
元貞,6,51,1,2.0,0.0,고려사절요,9.1,고려사,9.1
"楊口,",3,34,1,2.9,0.0,승정원일기,9.1,한국사료총서,9.1
國川,2,26,2,7.7,0.0,한국사료총서,9.1,삼국사기,9.1
三淵,3,49,3,6.1,0.0,조선왕조실록,9.1,승정원일기,9.1
關兩道,2,26,2,7.7,0.0,조선왕조실록,9.1,승정원일기,9.1
睡鴨,3,23,22,95.7,90.9,한국사료총서,100.0,조선왕조실록,9.1
慶尙道義城縣,2,41,39,95.1,90.9,조선왕조실록,100.0,승정원일기,9.1
慶尙道軍威縣,2,21,20,95.2,90.9,조선왕조실록,100.0,승정원일기,9.1
唐主,2,84,1,1.2,0.0,승정원일기,9.1,조선왕조실록,9.1
吉明,2,20,1,5.0,0.0,승정원일기,9.1,한국사료총서,9.1
楊州上道面,2,17,16,94.1,90.9,한국사료총서,100.0,승정원일기,9.1
龍流島,2,19,18,94.7,90.9,조선왕조실록,100.0,한국사료총서,9.1
宗廟外墻,2,15,1,6.7,0.0,조선왕조실록,9.1,승정원일기,9.1
一新,7,1582,124,7.8,0.0,고려사절요,9.1,고려사,9.1
慶興殿,2,19,16,84.2,90.9,승정원일기,100.0,조선왕조실록,9.1
海島,7,3184,99,3.1,0.0,삼국사기,9.1,한국사료총서,9.1
安集使,5,246,1,0.4,0.0,고려사,9.1,한국사료총서,9.1
大山串,2,31,29,93.5,90.9,조선왕조실록,100.0,승정원일기,9.1
吉城尉,3,24,1,4.2,0.0,조선왕조실록,9.1,승정원일기,9.1
會通,4,451,27,6.0,0.0,고순종실록,9.1,조선왕조실록,9.1
德慶堂,2,15,14,93.3,90.9,승정원일기,100.0,고순종실록,9.1
輦轂下,2,33,2,6.1,0.0,조선왕조실록,9.1,승정원일기,9.1
營建廳,3,471,3,0.6,0.0,조선왕조실록,9.1,고순종실록,9.1
鐵山人,3,31,1,3.2,0.0,승정원일기,9.1,조선왕조실록,9.1
奉和,3,27,2,7.4,0.0,조선왕조실록,9.1,승정원일기,9.1
"金陵,",4,39,1,2.6,0.0,고려사,9.1,한국사료총서,9.1
蘇民,3,112,2,1.8,0.0,승정원일기,9.1,한국사료총서,9.1
千五門,2,27,25,92.6,90.9,승정원일기,100.0,조선왕조실록,9.1
六鎭諸邑,2,42,3,7.1,0.0,고순종실록,9.1,승정원일기,9.1
國壤,5,102,2,2.0,0.0,고순종실록,9.1,삼국사기,9.1
倉前里,2,34,32,94.1,90.9,승정원일기,100.0,한국사료총서,9.1
烏梅江,2,19,18,94.7,90.9,승정원일기,100.0,조선왕조실록,9.1
酒庫,4,48,2,4.2,0.0,고려사,9.1,조선왕조실록,9.1
秦時,3,58,1,1.7,0.0,승정원일기,9.1,조선왕조실록,9.1
西北江邊,3,17,1,5.9,0.0,조선왕조실록,9.1,승정원일기,9.1
小南門,2,27,24,88.9,90.9,승정원일기,100.0,조선왕조실록,9.1
獨豐,2,22,1,4.5,0.0,조선왕조실록,9.1,승정원일기,9.1
吉帷宮前,2,21,1,4.8,0.0,조선왕조실록,9.1,승정원일기,9.1
溪邊,3,142,9,6.3,0.0,조선왕조실록,9.1,승정원일기,9.1
譙樓,3,95,4,4.2,0.0,한국사료총서,9.1,조선왕조실록,9.1
明閣,3,26,1,3.8,0.0,승정원일기,9.1,한국사료총서,9.1
守延,3,30,1,3.3,0.0,승정원일기,9.1,조선왕조실록,9.1
餘許,3,106,2,1.9,0.0,승정원일기,9.1,조선왕조실록,9.1
折爾,3,35,32,91.4,90.9,승정원일기,100.0,조선왕조실록,9.1
東內,2,36,7,19.4,18.2,승정원일기,27.3,한국사료총서,9.1
興福殿,2,176,173,98.3,90.9,고순종실록,100.0,승정원일기,9.1
郡內面,2,60,57,95.0,90.9,한국사료총서,100.0,승정원일기,9.1
慶尙道密陽府,2,49,48,98.0,90.9,조선왕조실록,100.0,승정원일기,9.1
安康縣,2,44,41,93.2,90.9,한국사료총서,100.0,조선왕조실록,9.1
全羅道井邑縣,2,14,13,92.9,90.9,승정원일기,100.0,조선왕조실록,9.1
忠州可興倉,2,35,30,85.7,81.8,조선왕조실록,90.9,승정원일기,9.1
先瑩,2,20,1,5.0,0.0,한국사료총서,9.1,승정원일기,9.1
御珍,2,18,2,11.1,0.0,조선왕조실록,9.1,한국사료총서,9.1
"錦州,",4,40,1,2.5,0.0,고려사,9.1,한국사료총서,9.1
金澤遠,2,15,1,6.7,0.0,승정원일기,9.1,한국사료총서,9.1
金錢,4,127,2,1.6,0.0,고순종실록,9.1,조선왕조실록,9.1
王主,2,26,1,3.8,0.0,승정원일기,9.1,조선왕조실록,9.1
孔州,3,74,73,98.6,90.9,한국사료총서,100.0,조선왕조실록,9.1
乾,8,41682,1112,2.7,0.0,고려사절요,9.1,고순종실록,9.1
一洞,4,479,22,4.6,0.0,고순종실록,9.1,한국사료총서,9.1
何亂,3,29,1,3.4,0.0,승정원일기,9.1,조선왕조실록,9.1
思,8,168296,5551,3.3,0.0,삼국유사,9.1,삼국사기,9.1
別星,3,323,1,0.3,0.0,승정원일기,9.1,한국사료총서,9.1
上關,4,197,3,1.5,0.0,고순종실록,9.1,한국사료총서,9.1
大縣,2,20,6,30.0,0.0,조선왕조실록,9.1,승정원일기,9.1
龜城都護府,2,14,1,7.1,0.0,조선왕조실록,9.1,승정원일기,9.1
忠淸道延豐縣,2,19,18,94.7,90.9,승정원일기,100.0,조선왕조실록,9.1
江地,3,55,2,3.6,0.0,조선왕조실록,9.1,승정원일기,9.1
湖洲,2,28,2,7.1,0.0,한국사료총서,9.1,승정원일기,9.1
夕都,2,16,1,6.2,0.0,승정원일기,9.1,한국사료총서,9.1
沼吳,3,34,1,2.9,0.0,조선왕조실록,9.1,승정원일기,9.1
上直房,3,46,3,6.5,0.0,한국사료총서,9.1,조선왕조실록,9.1
興泰門外,2,15,1,6.7,0.0,조선왕조실록,9.1,승정원일기,9.1
京畿地方,2,19,1,5.3,0.0,조선왕조실록,9.1,승정원일기,9.1
白川縣,2,28,2,7.1,0.0,조선왕조실록,9.1,승정원일기,9.1
南未,3,87,1,1.1,0.0,승정원일기,9.1,조선왕조실록,9.1
筦千庫,2,38,15,39.5,33.3,조선왕조실록,42.4,승정원일기,9.1
通津境,4,25,1,4.0,0.0,고순종실록,9.1,승정원일기,9.1
關北道,2,51,3,5.9,0.0,조선왕조실록,9.1,승정원일기,9.1
韓震鉉,2,15,1,6.7,0.0,고순종실록,9.1,승정원일기,9.1
鏡城以北,2,49,2,4.1,0.0,조선왕조실록,9.1,승정원일기,9.1
長律,3,41,2,4.9,0.0,한국사료총서,9.1,승정원일기,9.1
江原四道,3,23,1,4.3,0.0,조선왕조실록,9.1,승정원일기,9.1
喬桐防,2,15,1,6.7,0.0,고순종실록,9.1,승정원일기,9.1
京近,3,44,2,4.5,0.0,조선왕조실록,9.1,승정원일기,9.1
召募鎭,2,17,2,11.8,0.0,한국사료총서,9.1,승정원일기,9.1
仁慶宮舊基,2,32,2,6.2,0.0,조선왕조실록,9.1,승정원일기,9.1
社長,4,228,3,1.3,0.0,한국사료총서,9.1,승정원일기,9.1
晩由,3,210,1,0.5,0.0,고순종실록,9.1,한국사료총서,9.1
廣居,2,42,1,2.4,0.0,승정원일기,9.1,한국사료총서,9.1
黃海道長淵,3,182,177,97.3,90.9,한국사료총서,100.0,조선왕조실록,9.1
慶尙道玄風縣,2,21,20,95.2,90.9,승정원일기,100.0,조선왕조실록,9.1
名州,3,22,1,4.5,0.0,조선왕조실록,9.1,승정원일기,9.1
炎海,2,17,1,5.9,0.0,한국사료총서,9.1,승정원일기,9.1
湖路,2,16,1,6.2,0.0,조선왕조실록,9.1,승정원일기,9.1
天柱,5,2982,29,1.0,0.0,고려사,9.0,조선왕조실록,9.0
獨,8,88989,221,0.2,0.0,삼국유사,9.0,삼국사기,9.0
院里,3,106,98,92.5,91.0,한국사료총서,100.0,조선왕조실록,9.0
五鎭,4,694,21,3.0,0.0,고순종실록,9.0,승정원일기,9.0
銀,8,35909,537,1.5,1.0,조선왕조실록,10.0,삼국유사,9.0
金溝郡,2,36,12,33.3,31.0,승정원일기,40.0,한국사료총서,9.0
栢洞,2,36,26,72.2,71.0,한국사료총서,80.0,승정원일기,9.0
周室,6,671,6,0.9,0.0,고려사,9.0,조선왕조실록,9.0
柳,7,187043,468,0.3,0.1,승정원일기,9.1,삼국사기,9.0
果川縣,3,1318,391,29.7,28.9,승정원일기,37.8,한국사료총서,9.0
掘浦,3,267,36,13.5,9.1,한국사료총서,18.1,조선왕조실록,9.0
月山大君,3,436,7,1.6,0.0,조선왕조실록,9.0,승정원일기,9.0
恭讓,5,767,5,0.7,0.0,고려사,8.9,승정원일기,8.9
日影臺,2,28,18,64.3,61.1,승정원일기,70.0,조선왕조실록,8.9
靑寶,2,15,12,80.0,80.0,한국사료총서,88.9,조선왕조실록,8.9
三嶺,3,55,7,12.7,4.8,조선왕조실록,13.6,승정원일기,8.9
清道,4,38,32,84.2,80.0,삼국사기,88.9,승정원일기,8.9
七邑,4,2231,165,7.4,0.0,고순종실록,8.9,승정원일기,8.9
善山郡,2,51,14,27.5,24.4,승정원일기,33.3,한국사료총서,8.9
兩江,5,130,4,3.1,0.0,고려사,8.9,승정원일기,8.9
敦,7,77564,6321,8.1,0.0,고려사,8.9,승정원일기,8.9
恩,8,189996,4327,2.3,1.5,고려사절요,10.4,삼국사기,8.9
牧場,4,3851,231,6.0,0.7,조선왕조실록,9.6,승정원일기,8.9
泮庠,2,70,5,7.1,0.0,조선왕조실록,8.9,승정원일기,8.9
西下,3,578,22,3.8,2.7,조선왕조실록,11.6,한국사료총서,8.9
西上,4,913,25,2.7,0.0,고려사,8.9,승정원일기,8.9
小公洞,2,37,34,91.9,87.5,한국사료총서,96.4,승정원일기,8.9
虜人,5,529,31,5.9,0.0,고려사,8.9,조선왕조실록,8.9
固城地,3,59,4,6.8,0.0,조선왕조실록,8.9,승정원일기,8.9
洪忠道,2,846,766,90.5,89.8,승정원일기,98.8,조선왕조실록,8.9
義州牧,2,457,2,0.4,0.2,조선왕조실록,9.1,한국사료총서,8.9
虞朝,2,100,4,4.0,0.0,승정원일기,8.9,조선왕조실록,8.9
甲兩,3,150,11,7.3,0.0,조선왕조실록,8.9,승정원일기,8.9
魯聖,3,58,4,6.9,0.0,조선왕조실록,8.9,승정원일기,8.9
寧山,3,293,22,7.5,6.9,조선왕조실록,15.8,한국사료총서,8.9
馳馬,5,697,33,4.7,0.0,고려사,8.8,승정원일기,8.8
咸鏡道安邊,3,196,192,98.0,90.5,한국사료총서,99.3,승정원일기,8.8
秋月,3,272,3,1.1,0.0,승정원일기,8.8,조선왕조실록,8.8
銅龍門,2,1719,1677,97.6,88.9,조선왕조실록,97.7,승정원일기,8.8
忠淸道天安郡,2,43,40,93.0,91.2,승정원일기,100.0,조선왕조실록,8.8
平邱,2,237,224,94.5,88.6,한국사료총서,97.4,승정원일기,8.8
夜晝峴,2,42,24,57.1,57.9,승정원일기,66.7,조선왕조실록,8.8
湖西兩道,2,42,3,7.1,0.0,조선왕조실록,8.8,승정원일기,8.8
西樓,6,176,9,5.1,0.0,고려사,8.8,조선왕조실록,8.8
國內,6,1102,25,2.3,0.0,고순종실록,8.8,고려사,8.8
安北縣,2,60,15,25.0,24.5,승정원일기,33.3,조선왕조실록,8.8
政,8,712655,47060,6.6,0.0,고려사절요,8.8,조선왕조실록,8.8
華封,5,381,16,4.2,0.0,고려사,8.8,조선왕조실록,8.8
義龍,3,88,5,5.7,0.0,조선왕조실록,8.8,승정원일기,8.8
東寧府,4,94,84,89.4,83.3,한국사료총서,92.2,고려사,8.8
社稷署,4,2016,167,8.3,0.0,고순종실록,8.8,승정원일기,8.8
碧珍,3,67,48,71.6,66.7,고려사절요,75.5,한국사료총서,8.8
齊,8,82312,2276,2.8,0.0,삼국유사,8.8,조선왕조실록,8.8
下津,2,22,6,27.3,14.3,승정원일기,23.1,한국사료총서,8.8
蓋井,2,25,10,40.0,41.2,승정원일기,50.0,한국사료총서,8.8
津里,3,75,69,92.0,91.2,한국사료총서,100.0,조선왕조실록,8.8
澤宮,2,30,3,10.0,6.7,조선왕조실록,15.4,승정원일기,8.7
謂原,3,77,3,3.9,0.0,한국사료총서,8.7,조선왕조실록,8.7
其火,3,148,4,2.7,0.0,승정원일기,8.7,한국사료총서,8.7
主山,5,818,41,5.0,0.0,고려사,8.7,승정원일기,8.7
城都,4,610,12,2.0,0.0,고순종실록,8.7,한국사료총서,8.7
興德洞,3,72,70,97.2,91.3,조선왕조실록,100.0,한국사료총서,8.7
朴鐵,3,40,2,5.0,0.0,승정원일기,8.7,조선왕조실록,8.7
龍洲,2,32,2,6.2,0.0,승정원일기,8.7,한국사료총서,8.7
戎狄,5,312,8,2.6,0.0,고려사,8.7,조선왕조실록,8.7
運,8,114186,4795,4.2,0.3,한국사료총서,9.1,삼국유사,8.7
一先,4,291,2,0.7,0.0,고순종실록,8.7,한국사료총서,8.7
佐明,3,3884,2,0.1,0.0,승정원일기,8.7,한국사료총서,8.7
濟生院,2,133,12,9.0,0.0,승정원일기,8.7,조선왕조실록,8.7
案山,4,836,72,8.6,1.2,한국사료총서,9.9,승정원일기,8.7
明哲,4,414,21,5.1,0.0,고려사,8.7,한국사료총서,8.7
臨水,4,123,2,1.6,0.0,삼국사기,8.7,조선왕조실록,8.7
相地,6,1763,6,0.3,0.0,고려사,8.7,한국사료총서,8.7
平安兵營,4,336,24,7.1,0.0,고순종실록,8.7,승정원일기,8.7
長湍之,2,85,6,7.1,0.0,조선왕조실록,8.7,승정원일기,8.7
惠廳庫,2,29,2,6.9,0.0,한국사료총서,8.7,승정원일기,8.7
東藩,5,613,22,3.6,0.0,고려사,8.7,승정원일기,8.7
養蒙,3,69,2,2.9,0.0,승정원일기,8.7,조선왕조실록,8.7
調陽,3,33,2,6.1,0.0,승정원일기,8.7,조선왕조실록,8.7
關河,3,137,7,5.1,0.0,한국사료총서,8.7,승정원일기,8.7
日國,4,4277,13,0.3,0.0,승정원일기,8.7,고순종실록,8.7
大峴,3,507,369,72.8,72.0,승정원일기,80.8,조선왕조실록,8.7
外南面,2,34,32,94.1,87.5,한국사료총서,96.2,승정원일기,8.7
溫湯,3,39,2,5.1,0.0,조선왕조실록,8.7,승정원일기,8.7
文會,3,9410,38,0.4,0.0,한국사료총서,8.7,조선왕조실록,8.7
衿州,4,37,35,94.6,91.3,조선왕조실록,100.0,한국사료총서,8.7
西歸,3,155,34,21.9,19.0,조선왕조실록,27.7,한국사료총서,8.7
雉城,3,155,10,6.5,0.0,조선왕조실록,8.6,승정원일기,8.6
正守,3,69,3,4.3,0.0,승정원일기,8.6,조선왕조실록,8.6
長,8,236103,23400,9.9,5.3,삼국유사,14.0,삼국사기,8.6
澄心,3,76,3,3.9,0.0,승정원일기,8.6,조선왕조실록,8.6
興成,3,162,10,6.2,0.0,조선왕조실록,8.6,한국사료총서,8.6
禮,8,554271,8956,1.6,0.7,고순종실록,9.3,삼국사기,8.6
江島,2,14,4,28.6,20.0,조선왕조실록,28.6,승정원일기,8.6
一南,4,106,5,4.7,0.0,고려사,8.6,한국사료총서,8.6
舊弘文館,2,72,5,6.9,0.0,조선왕조실록,8.6,승정원일기,8.6
理,8,349862,1130,0.3,0.1,고순종실록,8.7,삼국사기,8.6
練戎,3,45,3,6.7,0.0,조선왕조실록,8.6,승정원일기,8.6
左,8,509912,5919,1.2,0.0,삼국유사,8.6,고순종실록,8.6
大丘地,3,51,3,5.9,0.0,조선왕조실록,8.6,승정원일기,8.6
汝漢,2,80,6,7.5,0.0,한국사료총서,8.6,승정원일기,8.6
惠,8,79287,3600,4.5,0.0,고려사절요,8.5,고순종실록,8.5
全羅道古阜郡,2,34,31,91.2,87.5,조선왕조실록,96.0,승정원일기,8.5
弁,6,7103,65,0.9,0.0,고려사,8.5,한국사료총서,8.5
後面,4,1645,125,7.6,0.0,고순종실록,8.5,승정원일기,8.5
廟門外,3,317,23,7.3,0.0,조선왕조실록,8.5,승정원일기,8.5
伐院,2,134,123,91.8,91.5,승정원일기,100.0,조선왕조실록,8.5
外大門,3,72,5,6.9,0.0,고순종실록,8.5,승정원일기,8.5
內山,6,335,8,2.4,0.0,고려사,8.5,한국사료총서,8.5
康津地,2,78,6,7.7,0.0,조선왕조실록,8.5,승정원일기,8.5
黃海道長淵府,3,53,49,92.5,91.5,승정원일기,100.0,한국사료총서,8.5
銀溪道,2,41,34,82.9,81.0,승정원일기,89.5,조선왕조실록,8.5
鶴駕,4,222,13,5.9,0.0,고순종실록,8.5,승정원일기,8.5
平安監營,3,665,53,8.0,0.0,조선왕조실록,8.5,승정원일기,8.5
忠淸道庇仁縣,2,25,23,92.0,85.7,조선왕조실록,94.1,승정원일기,8.4
兩路,5,323,15,4.6,0.0,고려사,8.4,승정원일기,8.4
水源,3,266,15,5.6,0.0,조선왕조실록,8.4,승정원일기,8.4
金吾,6,17775,1352,7.6,0.0,고려사,8.4,승정원일기,8.4
江原監營,2,304,25,8.2,0.0,조선왕조실록,8.4,승정원일기,8.4
田,8,104494,4185,4.0,1.7,고려사절요,10.1,한국사료총서,8.4
張,8,143757,1541,1.1,0.7,고려사,9.1,삼국유사,8.4
方,8,357524,1274,0.4,0.2,고순종실록,8.6,삼국사기,8.4
義,8,530892,26422,5.0,2.0,삼국유사,10.4,고순종실록,8.4
衛國,6,449,16,3.6,0.0,고려사,8.4,조선왕조실록,8.4
珍島牧,2,49,8,16.3,10.0,조선왕조실록,18.4,승정원일기,8.4
江三,3,114,10,8.8,3.1,승정원일기,11.5,한국사료총서,8.4
林鄕,2,8,2,25.0,25.0,승정원일기,33.3,한국사료총서,8.3
卜同,3,62,1,1.6,0.0,승정원일기,8.3,조선왕조실록,8.3
九鎭,3,37,2,5.4,0.0,조선왕조실록,8.3,승정원일기,8.3
北關十邑,2,15,1,6.7,0.0,조선왕조실록,8.3,승정원일기,8.3
全一島,2,15,1,6.7,0.0,조선왕조실록,8.3,승정원일기,8.3
浴川,2,9,3,33.3,25.0,한국사료총서,33.3,조선왕조실록,8.3
白虎觀,2,7,5,71.4,66.7,조선왕조실록,75.0,승정원일기,8.3
從浦鎭,2,12,9,75.0,66.7,조선왕조실록,75.0,승정원일기,8.3
炎漢,2,12,2,16.7,16.7,승정원일기,25.0,조선왕조실록,8.3
·靈岩,3,26,1,3.8,0.0,고려사,8.3,한국사료총서,8.3
近浦,3,47,1,2.1,0.0,승정원일기,8.3,한국사료총서,8.3
加川驛,2,28,20,71.4,66.7,조선왕조실록,75.0,승정원일기,8.3
爲瑞興,2,174,1,0.6,0.0,승정원일기,8.3,조선왕조실록,8.3
日本長崎島,2,8,3,37.5,25.0,한국사료총서,33.3,승정원일기,8.3
南土,5,436,27,6.2,0.0,고려사,8.3,승정원일기,8.3
巖築,3,19,1,5.3,0.0,조선왕조실록,8.3,승정원일기,8.3
古沙里,2,7,5,71.4,66.7,승정원일기,75.0,한국사료총서,8.3
沂,6,2237,56,2.5,0.0,고려사절요,8.3,고순종실록,8.3
饒,6,6040,32,0.5,0.0,고순종실록,8.3,고려사절요,8.3
古沙夫,2,9,7,77.8,66.7,한국사료총서,75.0,삼국사기,8.3
時蕩,2,49,1,2.0,0.0,승정원일기,8.3,조선왕조실록,8.3
李薰,3,199,1,0.5,0.0,승정원일기,8.3,한국사료총서,8.3
右北平,2,8,3,37.5,25.0,승정원일기,33.3,한국사료총서,8.3
續,8,24159,8,0.0,0.0,고려사,8.3,삼국유사,8.3
陳國,3,106,1,0.9,0.0,승정원일기,8.3,한국사료총서,8.3
豈可踰,2,108,1,0.9,0.0,승정원일기,8.3,조선왕조실록,8.3
善通,3,49,1,2.0,0.0,승정원일기,8.3,조선왕조실록,8.3
齊州,2,15,11,73.3,66.7,승정원일기,75.0,고려사,8.3
海濱,6,377,4,1.1,0.0,고려사절요,8.3,고려사,8.3
月利,3,70,1,1.4,0.0,승정원일기,8.3,한국사료총서,8.3
魯邦,3,35,2,5.7,0.0,한국사료총서,8.3,승정원일기,8.3
臨魂宮,2,27,2,7.4,0.0,조선왕조실록,8.3,승정원일기,8.3
奸城,2,10,2,20.0,16.7,승정원일기,25.0,조선왕조실록,8.3
慶尙道奉化縣,2,18,17,94.4,91.7,승정원일기,100.0,조선왕조실록,8.3
十堡,2,17,1,5.9,0.0,조선왕조실록,8.3,승정원일기,8.3
愍節祠,2,14,10,71.4,66.7,승정원일기,75.0,조선왕조실록,8.3
新文,3,102,1,1.0,0.0,조선왕조실록,8.3,승정원일기,8.3
平山南面,2,7,2,28.6,25.0,조선왕조실록,33.3,승정원일기,8.3
汶上,2,12,4,33.3,25.0,한국사료총서,33.3,승정원일기,8.3
坤義,2,8,2,25.0,25.0,조선왕조실록,33.3,한국사료총서,8.3
周漢,4,78,1,1.3,0.0,고려사,8.3,조선왕조실록,8.3
朔南,3,25,1,4.0,0.0,고려사,8.3,승정원일기,8.3
胡中,3,167,5,3.0,0.0,조선왕조실록,8.3,승정원일기,8.3
新査,3,65,2,3.1,0.0,승정원일기,8.3,한국사료총서,8.3
忠淸道沃川郡,2,32,29,90.6,83.3,조선왕조실록,91.7,승정원일기,8.3
三陵,6,357,22,6.2,0.0,고려사,8.3,승정원일기,8.3
沈竈,2,17,1,5.9,0.0,조선왕조실록,8.3,승정원일기,8.3
義洞別宮,2,17,1,5.9,0.0,승정원일기,8.3,조선왕조실록,8.3
三大嶺,2,17,1,5.9,0.0,조선왕조실록,8.3,승정원일기,8.3
慶尙道宜寧縣,2,15,14,93.3,91.7,승정원일기,100.0,조선왕조실록,8.3
楡站,2,7,5,71.4,66.7,조선왕조실록,75.0,승정원일기,8.3
元興鎭,2,18,16,88.9,91.7,고려사,100.0,고려사절요,8.3
靑田,3,13,4,30.8,25.0,한국사료총서,33.3,조선왕조실록,8.3
男武,2,17,1,5.9,0.0,삼국사기,8.3,한국사료총서,8.3
北道慶源,2,12,8,66.7,75.0,한국사료총서,83.3,승정원일기,8.3
長峰島,2,17,16,94.1,91.7,승정원일기,100.0,조선왕조실록,8.3
北部嘉會坊,2,28,26,92.9,91.7,승정원일기,100.0,한국사료총서,8.3
新材,3,72,2,2.8,0.0,승정원일기,8.3,조선왕조실록,8.3
珎島,2,22,21,95.5,91.7,한국사료총서,100.0,조선왕조실록,8.3
上壯,3,23,1,4.3,0.0,승정원일기,8.3,한국사료총서,8.3
馬遷,3,132,3,2.3,0.0,승정원일기,8.3,조선왕조실록,8.3
汗,8,15298,123,0.8,0.0,삼국사기,8.3,고려사절요,8.3
轅門,4,316,17,5.4,0.0,고순종실록,8.3,승정원일기,8.3
海嶺,2,14,4,28.6,25.0,승정원일기,33.3,조선왕조실록,8.3
定川,2,32,9,28.1,16.7,한국사료총서,25.0,승정원일기,8.3
箭,8,36340,1753,4.8,0.0,고려사,8.3,조선왕조실록,8.3
尹調元,2,87,1,1.1,0.0,조선왕조실록,8.3,한국사료총서,8.3
於紫燕,2,22,1,4.5,0.0,조선왕조실록,8.3,승정원일기,8.3
昌獜,2,15,4,26.7,25.0,승정원일기,33.3,한국사료총서,8.3
席,8,59450,60,0.1,0.0,삼국사기,8.3,고려사절요,8.3
慶尙道嶺,2,17,1,5.9,0.0,조선왕조실록,8.3,승정원일기,8.3
仇耳洞,2,8,6,75.0,66.7,한국사료총서,75.0,조선왕조실록,8.3
五季,4,159,2,1.3,0.0,고려사,8.3,조선왕조실록,8.3
沙硯,2,10,3,30.0,25.0,승정원일기,33.3,한국사료총서,8.3
關西別餉庫,2,17,1,5.9,0.0,조선왕조실록,8.3,승정원일기,8.3
水原山城,2,18,16,88.9,83.3,조선왕조실록,91.7,승정원일기,8.3
超乘,3,21,1,4.8,0.0,승정원일기,8.3,조선왕조실록,8.3
鍾城邑,2,7,2,28.6,25.0,조선왕조실록,33.3,승정원일기,8.3
蘭臺,3,104,1,1.0,0.0,승정원일기,8.3,조선왕조실록,8.3
夫江,3,70,1,1.4,0.0,승정원일기,8.3,조선왕조실록,8.3
誕報廟,2,17,16,94.1,91.7,승정원일기,100.0,조선왕조실록,8.3
羅安,3,19,1,5.3,0.0,고려사,8.3,한국사료총서,8.3
慶尙道固城縣,2,80,78,97.5,91.7,조선왕조실록,100.0,승정원일기,8.3
丹誠,3,31,1,3.2,0.0,승정원일기,8.3,한국사료총서,8.3
咸從陣,3,59,1,1.7,0.0,승정원일기,8.3,조선왕조실록,8.3
□□義,2,16,1,6.2,0.0,한국사료총서,8.3,승정원일기,8.3
江西人,2,16,1,6.2,0.0,한국사료총서,8.3,조선왕조실록,8.3
張機,2,29,6,20.7,16.7,조선왕조실록,25.0,승정원일기,8.3
負兒峴,2,15,14,93.3,91.7,승정원일기,100.0,조선왕조실록,8.3
靑以北,2,56,1,1.8,0.0,조선왕조실록,8.3,승정원일기,8.3
花山府,3,42,1,2.4,0.0,승정원일기,8.3,한국사료총서,8.3
豐沛樓,2,17,14,82.4,91.7,승정원일기,100.0,조선왕조실록,8.3
洛口倉,2,15,6,40.0,33.3,조선왕조실록,41.7,승정원일기,8.3
聖廟神門,2,15,1,6.7,0.0,조선왕조실록,8.3,승정원일기,8.3
神井,3,32,1,3.1,0.0,승정원일기,8.3,조선왕조실록,8.3
龍岡郡,2,21,7,33.3,25.0,승정원일기,33.3,고순종실록,8.3
咸悅郡,2,45,13,28.9,25.0,승정원일기,33.3,고순종실록,8.3
張英,3,80,1,1.2,0.0,승정원일기,8.3,한국사료총서,8.3
連根,3,68,1,1.5,0.0,승정원일기,8.3,조선왕조실록,8.3
追風,3,20,2,10.0,0.0,조선왕조실록,8.3,승정원일기,8.3
江原道旌善,2,41,40,97.6,91.7,조선왕조실록,100.0,승정원일기,8.3
背陰,3,59,2,3.4,0.0,한국사료총서,8.3,조선왕조실록,8.3
石場,2,20,4,20.0,16.7,한국사료총서,25.0,승정원일기,8.3
吏任,4,250,1,0.4,0.0,고순종실록,8.3,한국사료총서,8.3
居開,3,34,1,2.9,0.0,승정원일기,8.3,조선왕조실록,8.3
夔州,2,7,5,71.4,66.7,한국사료총서,75.0,승정원일기,8.3
月辰,2,30,2,6.7,0.0,한국사료총서,8.3,승정원일기,8.3
羽山,2,19,16,84.2,83.3,승정원일기,91.7,조선왕조실록,8.3
固城·,3,90,1,1.1,0.0,고려사,8.3,한국사료총서,8.3
山馬,3,282,14,5.0,4.2,승정원일기,12.5,조선왕조실록,8.3
平川,3,305,44,14.4,11.7,승정원일기,20.0,한국사료총서,8.3
三知,3,29,1,3.4,0.0,조선왕조실록,8.3,승정원일기,8.3
"連天,",2,20,1,5.0,0.0,조선왕조실록,8.3,한국사료총서,8.3
開寶,5,65,2,3.1,0.0,고려사,8.3,승정원일기,8.3
水厚,2,7,5,71.4,66.7,승정원일기,75.0,한국사료총서,8.3
兎院,2,18,17,94.4,91.7,조선왕조실록,100.0,승정원일기,8.3
海南兩邑,2,17,1,5.9,0.0,조선왕조실록,8.3,승정원일기,8.3
泮堂,4,276,20,7.2,0.0,고순종실록,8.3,승정원일기,8.3
休兩,2,16,1,6.2,0.0,조선왕조실록,8.3,승정원일기,8.3
州志,2,24,1,4.2,0.0,조선왕조실록,8.3,한국사료총서,8.3
延府,2,17,16,94.1,91.7,조선왕조실록,100.0,승정원일기,8.3
東房,3,39,1,2.6,0.0,조선왕조실록,8.3,승정원일기,8.3
水東,3,74,3,4.1,0.0,조선왕조실록,8.3,승정원일기,8.3
加次里,2,24,23,95.8,91.7,조선왕조실록,100.0,승정원일기,8.3
太都,2,7,2,28.6,25.0,승정원일기,33.3,한국사료총서,8.3
昇州,4,27,26,96.3,91.7,고려사,100.0,한국사료총서,8.3
慶陵,4,26,1,3.8,0.0,고려사절요,8.3,고려사,8.3
于巡軍,4,153,1,0.7,0.0,고려사,8.3,한국사료총서,8.3
碧珍郡,2,16,12,75.0,66.7,고려사절요,75.0,고려사,8.3
唐陽城,2,42,3,7.1,0.0,조선왕조실록,8.3,승정원일기,8.3
文宗朝實錄,2,20,1,5.0,0.0,조선왕조실록,8.3,승정원일기,8.3
德川郡守,3,483,1,0.2,0.0,승정원일기,8.3,한국사료총서,8.3
成洞,2,8,6,75.0,66.7,승정원일기,75.0,한국사료총서,8.3
懷州,2,10,8,80.0,66.7,고려사,75.0,승정원일기,8.3
黃海道載寧郡,2,81,75,92.6,91.7,승정원일기,100.0,조선왕조실록,8.3
會府,3,23,1,4.3,0.0,조선왕조실록,8.3,승정원일기,8.3
關聖廟,2,16,1,6.2,0.0,조선왕조실록,8.3,승정원일기,8.3
深林,3,40,1,2.5,0.0,승정원일기,8.3,조선왕조실록,8.3
寶城郡守,4,741,1,0.1,0.0,고순종실록,8.3,한국사료총서,8.3
顯宗大王廟庭,2,18,1,5.6,0.0,고순종실록,8.3,승정원일기,8.3
紫燕島,5,100,97,97.0,91.7,조선왕조실록,100.0,한국사료총서,8.3
安國坊,2,26,25,96.2,91.7,조선왕조실록,100.0,승정원일기,8.3
端,8,113533,2805,2.5,0.0,삼국유사,8.3,삼국사기,8.3
上庸,2,7,2,28.6,25.0,조선왕조실록,33.3,승정원일기,8.3
七重城,2,26,11,42.3,33.3,한국사료총서,41.7,삼국사기,8.3
安龍亭,2,26,1,3.8,0.0,조선왕조실록,8.3,승정원일기,8.3
結己,2,11,3,27.3,25.0,조선왕조실록,33.3,한국사료총서,8.3
隆政殿,2,38,36,94.7,91.7,승정원일기,100.0,조선왕조실록,8.3
麻田崇義殿,2,18,16,88.9,91.7,승정원일기,100.0,고순종실록,8.3
月支,3,56,2,3.6,0.0,승정원일기,8.3,한국사료총서,8.3
新幕,2,18,2,11.1,8.3,승정원일기,16.7,한국사료총서,8.3
大俄羅斯國,2,16,15,93.8,91.7,한국사료총서,100.0,고순종실록,8.3
"鏡城,",3,267,1,0.4,0.0,승정원일기,8.3,한국사료총서,8.3
端川則,2,17,1,5.9,0.0,조선왕조실록,8.3,승정원일기,8.3
蕩山,2,8,2,25.0,25.0,한국사료총서,33.3,조선왕조실록,8.3
從胡,3,220,1,0.5,0.0,승정원일기,8.3,한국사료총서,8.3
虞廷,3,232,1,0.4,0.0,승정원일기,8.3,조선왕조실록,8.3
州內面,2,21,20,95.2,91.7,승정원일기,100.0,한국사료총서,8.3
栢谷,2,25,8,32.0,25.0,한국사료총서,33.3,승정원일기,8.3
靑鳧,2,43,35,81.4,79.2,한국사료총서,87.5,조선왕조실록,8.3
運庫,2,8,2,25.0,25.0,승정원일기,33.3,조선왕조실록,8.3
乳,8,4001,31,0.8,0.0,고려사,8.3,삼국유사,8.3
鷄山,2,16,3,18.8,16.7,한국사료총서,25.0,승정원일기,8.3
一用,5,376,24,6.4,0.0,고려사,8.2,승정원일기,8.2
天生,7,1378,48,3.5,0.0,고려사,8.2,조선왕조실록,8.2
見山,4,321,12,3.7,0.0,고순종실록,8.2,조선왕조실록,8.2
賓陽門,2,906,900,99.3,91.4,조선왕조실록,99.7,승정원일기,8.2
皇極,5,1054,38,3.6,0.0,고려사,8.2,조선왕조실록,8.2
寶,8,43009,2880,6.7,0.0,삼국사기,8.2,한국사료총서,8.2
穆差,2,142,4,2.8,0.0,승정원일기,8.2,조선왕조실록,8.2
京畿龍仁縣,2,31,29,93.5,87.5,조선왕조실록,95.7,승정원일기,8.2
銀山,3,187,21,11.2,4.8,승정원일기,12.9,한국사료총서,8.2
宗,8,367758,22471,6.1,0.1,고려사,8.3,승정원일기,8.2
分二里,2,32,5,15.6,10.0,승정원일기,18.2,한국사료총서,8.2
慶尙監營,3,467,37,7.9,0.0,조선왕조실록,8.2,승정원일기,8.2
黃海監營,2,319,25,7.8,0.0,조선왕조실록,8.2,승정원일기,8.2
昌原縣,2,23,3,13.0,11.8,승정원일기,20.0,조선왕조실록,8.2
倭酋,3,146,5,3.4,0.0,승정원일기,8.2,조선왕조실록,8.2
西廳,2,309,13,4.2,0.6,조선왕조실록,8.8,승정원일기,8.2
宗廟署,4,2586,198,7.7,0.0,고순종실록,8.2,승정원일기,8.2
桐溪,3,83,6,7.2,0.0,승정원일기,8.2,한국사료총서,8.2
成均,6,18964,618,3.3,0.0,고려사,8.2,조선왕조실록,8.2
龍飛樓,2,42,37,88.1,91.9,승정원일기,100.0,조선왕조실록,8.1
陽鄕,3,39,5,12.8,7.7,조선왕조실록,15.8,승정원일기,8.1
淸陰亭,2,45,41,91.1,91.9,승정원일기,100.0,조선왕조실록,8.1
知,8,1068256,2038,0.2,0.1,승정원일기,8.3,삼국사기,8.1
壇門,2,84,6,7.1,0.0,조선왕조실록,8.1,승정원일기,8.1
右,8,505101,5011,1.0,0.0,삼국유사,8.1,고순종실록,8.1
幸州,5,273,263,96.3,91.9,한국사료총서,100.0,승정원일기,8.1
公安,4,149,5,3.4,0.0,고순종실록,8.1,승정원일기,8.1
平安道昌城府,2,67,62,92.5,91.9,승정원일기,100.0,조선왕조실록,8.1
日閑齋,2,44,40,90.9,91.9,승정원일기,100.0,조선왕조실록,8.1
忠清,2,38,22,57.9,55.6,한국사료총서,63.6,승정원일기,8.1
敎坊,6,341,19,5.6,0.0,고려사,8.1,승정원일기,8.1
鳳鳴,4,888,12,1.4,0.0,고순종실록,8.1,한국사료총서,8.1
致空,2,83,2,2.4,0.0,승정원일기,8.0,조선왕조실록,8.0
麥洞,2,33,31,93.9,92.0,한국사료총서,100.0,승정원일기,8.0
仙陵,2,29,2,6.9,0.0,조선왕조실록,8.0,승정원일기,8.0
漢字,3,97,2,2.1,0.0,승정원일기,8.0,조선왕조실록,8.0
夢金,4,70,5,7.1,0.0,고순종실록,8.0,승정원일기,8.0
水心,2,36,2,5.6,0.0,한국사료총서,8.0,승정원일기,8.0
金虎門外,2,144,10,6.9,0.0,조선왕조실록,8.0,승정원일기,8.0
東庭,3,330,20,6.1,0.0,조선왕조실록,8.0,승정원일기,8.0
南大門內,3,44,2,4.5,0.0,조선왕조실록,8.0,승정원일기,8.0
倭形,2,33,2,6.1,0.0,한국사료총서,8.0,조선왕조실록,8.0
錦溪,3,136,7,5.1,2.8,조선왕조실록,10.8,승정원일기,8.0
左水營,4,597,31,5.2,0.0,고순종실록,8.0,승정원일기,8.0
四把,4,102,2,2.0,0.0,고순종실록,8.0,조선왕조실록,8.0
祭基里,2,28,26,92.9,92.0,승정원일기,100.0,조선왕조실록,8.0
甫兒,3,131,5,3.8,0.0,한국사료총서,8.0,조선왕조실록,8.0
花園縣,2,41,37,90.2,85.7,한국사료총서,93.8,조선왕조실록,8.0
湖南一路,3,115,8,7.0,0.0,조선왕조실록,8.0,승정원일기,8.0
黃海道康翎縣,2,40,38,95.0,92.0,승정원일기,100.0,조선왕조실록,8.0
慶尙道高靈縣,2,23,21,91.3,85.7,조선왕조실록,93.8,승정원일기,8.0
小黃,3,72,4,5.6,2.6,승정원일기,10.5,한국사료총서,8.0
江廣,2,24,3,12.5,6.2,한국사료총서,14.3,승정원일기,8.0
川內,3,52,15,28.8,23.1,승정원일기,31.0,한국사료총서,8.0
鐵原鎭,2,36,30,83.3,80.0,한국사료총서,88.0,승정원일기,8.0
參禮,3,770,239,31.0,27.8,승정원일기,35.8,한국사료총서,8.0
龍頭里,2,38,36,94.7,92.0,한국사료총서,100.0,승정원일기,8.0
十字閣,2,99,57,57.6,58.7,승정원일기,66.7,조선왕조실록,8.0
黃金,7,787,28,3.6,0.0,고려사,8.0,고순종실록,8.0
客,8,30115,60,0.2,0.0,고려사,8.0,삼국사기,8.0
鎭撫營,4,311,19,6.1,0.0,고순종실록,8.0,승정원일기,8.0
中野,4,78,2,2.6,0.0,고순종실록,8.0,한국사료총서,8.0
興化鎭,3,51,49,96.1,92.0,고려사,100.0,한국사료총서,8.0
南陸,3,62,2,3.2,0.0,조선왕조실록,8.0,승정원일기,8.0
典醫監,4,1289,82,6.4,0.0,고순종실록,7.9,승정원일기,7.9
愼妃祠,2,25,5,20.0,14.3,조선왕조실록,22.2,승정원일기,7.9
臣濟,3,98,7,7.1,0.0,한국사료총서,7.9,승정원일기,7.9
太,8,188309,11436,6.1,0.2,고려사절요,8.1,승정원일기,7.9
小,8,197524,3280,1.7,0.6,고려사절요,8.5,삼국사기,7.9
陽和,6,465,12,2.6,0.0,고려사,7.9,조선왕조실록,7.9
明安,4,358,22,6.1,0.0,고려사,7.9,승정원일기,7.9
馮,7,1399,61,4.4,0.0,고려사,7.9,승정원일기,7.9
濟生,4,332,22,6.6,0.0,고순종실록,7.9,조선왕조실록,7.9
鄕校洞,3,219,203,92.7,86.2,조선왕조실록,94.2,승정원일기,7.9
紹,7,12233,109,0.9,0.0,삼국사기,7.9,고순종실록,7.9
封山,4,973,59,6.1,0.0,고순종실록,7.9,조선왕조실록,7.9
筦,4,225,16,7.1,0.0,고순종실록,7.9,승정원일기,7.9
賓陽,2,925,916,99.0,91.7,조선왕조실록,99.5,승정원일기,7.9
昌陵陵,3,48,3,6.2,0.0,고순종실록,7.9,승정원일기,7.9
小學,5,8607,12,0.1,0.0,고려사,7.9,고순종실록,7.9
永思殿,2,198,185,93.4,89.9,승정원일기,97.8,조선왕조실록,7.8
慶尙右兵營,2,64,4,6.2,0.0,조선왕조실록,7.8,승정원일기,7.8
北虜,4,237,12,5.1,0.0,고려사,7.8,조선왕조실록,7.8
養生,6,585,32,5.5,0.0,고려사,7.8,승정원일기,7.8
宮基,5,132,4,3.0,0.0,고려사,7.8,승정원일기,7.8
南伐院,2,132,122,92.4,92.2,승정원일기,100.0,조선왕조실록,7.8
永惠翁主,3,83,4,4.8,0.0,고순종실록,7.8,승정원일기,7.8
拜峯,2,106,85,80.2,78.9,승정원일기,86.7,조선왕조실록,7.8
大江,5,404,14,3.5,0.0,고려사,7.8,조선왕조실록,7.8
西庭,4,381,21,5.5,0.0,고순종실록,7.8,승정원일기,7.8
衍慶寺,2,50,45,90.0,88.0,승정원일기,95.8,조선왕조실록,7.8
海昌,4,2255,16,0.7,0.0,고순종실록,7.8,한국사료총서,7.8
西淸,3,341,24,7.0,0.0,조선왕조실록,7.8,승정원일기,7.8
勿禁,4,1320,6,0.5,0.0,고순종실록,7.8,한국사료총서,7.8
京畿監營,3,528,40,7.6,0.0,조선왕조실록,7.8,승정원일기,7.8
濟州地,3,121,8,6.6,0.0,조선왕조실록,7.8,승정원일기,7.8
下東面,2,25,18,72.0,72.2,한국사료총서,80.0,승정원일기,7.8
黑石里,3,191,183,95.8,88.9,조선왕조실록,96.7,승정원일기,7.8
祗迎所,3,201,15,7.5,0.0,조선왕조실록,7.8,승정원일기,7.8
九門,4,139,1,0.7,0.0,고순종실록,7.7,조선왕조실록,7.7
敏著,3,176,1,0.6,0.0,승정원일기,7.7,한국사료총서,7.7
激,8,47555,3,0.0,0.0,고려사,7.7,삼국사기,7.7
奉慈宮,2,20,1,5.0,0.0,조선왕조실록,7.7,승정원일기,7.7
禿魯兀,3,24,22,91.7,92.3,조선왕조실록,100.0,한국사료총서,7.7
居利,3,38,1,2.6,0.0,승정원일기,7.7,조선왕조실록,7.7
庫舍,4,687,21,3.1,0.0,고순종실록,7.7,조선왕조실록,7.7
亭亭,3,153,1,0.7,0.0,승정원일기,7.7,조선왕조실록,7.7
京肆,2,33,2,6.1,0.0,조선왕조실록,7.7,승정원일기,7.7
新元,3,202,1,0.5,0.0,승정원일기,7.7,한국사료총서,7.7
魯廟,3,28,1,3.6,0.0,조선왕조실록,7.7,승정원일기,7.7
宋健,2,18,1,5.6,0.0,조선왕조실록,7.7,승정원일기,7.7
海南人,3,25,1,4.0,0.0,승정원일기,7.7,조선왕조실록,7.7
王姓人,3,35,1,2.9,0.0,승정원일기,7.7,조선왕조실록,7.7
涑水,3,29,1,3.4,0.0,조선왕조실록,7.7,승정원일기,7.7
黃海道安岳郡,3,71,69,97.2,92.3,조선왕조실록,100.0,한국사료총서,7.7
兩胡,3,76,2,2.6,0.0,조선왕조실록,7.7,승정원일기,7.7
三秦,2,18,1,5.6,0.0,한국사료총서,7.7,승정원일기,7.7
王臧,3,33,2,6.1,0.0,삼국사기,7.7,한국사료총서,7.7
地育,3,92,3,3.3,0.0,승정원일기,7.7,조선왕조실록,7.7
楊下鎭,2,21,19,90.5,92.3,승정원일기,100.0,조선왕조실록,7.7
台灣,2,23,22,95.7,92.3,한국사료총서,100.0,조선왕조실록,7.7
正楊,2,22,1,4.5,0.0,조선왕조실록,7.7,승정원일기,7.7
通廣,3,62,4,6.5,0.0,조선왕조실록,7.7,승정원일기,7.7
春東,3,597,2,0.3,0.0,승정원일기,7.7,조선왕조실록,7.7
移城,2,25,1,4.0,0.0,승정원일기,7.7,조선왕조실록,7.7
南原都護府,2,17,1,5.9,0.0,조선왕조실록,7.7,승정원일기,7.7
權山,4,47,2,4.3,0.0,고순종실록,7.7,한국사료총서,7.7
焚山,3,22,1,4.5,0.0,고려사,7.7,조선왕조실록,7.7
全羅道雲峯,3,23,22,95.7,92.3,승정원일기,100.0,한국사료총서,7.7
軍知,5,74,1,1.4,0.0,고려사절요,7.7,고려사,7.7
蒼姬,2,20,1,5.0,0.0,승정원일기,7.7,조선왕조실록,7.7
中德,4,127,4,3.1,0.0,고순종실록,7.7,조선왕조실록,7.7
疊山,2,41,1,2.4,0.0,한국사료총서,7.7,승정원일기,7.7
朱三,3,35,1,2.9,0.0,승정원일기,7.7,조선왕조실록,7.7
薄城,3,85,2,2.4,0.0,조선왕조실록,7.7,승정원일기,7.7
冒頓,3,73,1,1.4,0.0,승정원일기,7.7,조선왕조실록,7.7
天信,2,19,1,5.3,0.0,한국사료총서,7.7,승정원일기,7.7
吉帷宮門外,2,17,1,5.9,0.0,조선왕조실록,7.7,승정원일기,7.7
關東地,2,20,1,5.0,0.0,한국사료총서,7.7,승정원일기,7.7
慶尙左水營,2,62,4,6.5,0.0,조선왕조실록,7.7,승정원일기,7.7
羅牧,4,120,4,3.3,0.0,고려사,7.7,조선왕조실록,7.7
國社尊所,2,17,1,5.9,0.0,조선왕조실록,7.7,승정원일기,7.7
石長,3,103,3,2.9,0.0,승정원일기,7.7,한국사료총서,7.7
"熊峙,",2,18,1,5.6,0.0,조선왕조실록,7.7,한국사료총서,7.7
鮑作,2,134,5,3.7,0.0,조선왕조실록,7.7,승정원일기,7.7
忠愍,4,534,38,7.1,1.7,한국사료총서,9.4,승정원일기,7.7
全羅道高山縣,3,47,44,93.6,92.3,승정원일기,100.0,한국사료총서,7.7
成陽,2,33,1,3.0,0.0,조선왕조실록,7.7,승정원일기,7.7
廟社宮,2,29,1,3.4,0.0,승정원일기,7.7,조선왕조실록,7.7
麻四,2,31,2,6.5,4.8,한국사료총서,12.5,조선왕조실록,7.7
所草,4,894,11,1.2,0.0,고순종실록,7.7,조선왕조실록,7.7
儀鸞,3,23,1,4.3,0.0,고순종실록,7.7,승정원일기,7.7
庾黔,5,56,1,1.8,0.0,고려사,7.7,한국사료총서,7.7
南山村,2,18,16,88.9,92.3,승정원일기,100.0,한국사료총서,7.7
多令,3,47,1,2.1,0.0,승정원일기,7.7,조선왕조실록,7.7
延城,4,275,8,2.9,0.0,고려사,7.7,한국사료총서,7.7
建影堂,2,17,1,5.9,0.0,한국사료총서,7.7,승정원일기,7.7
湖閫,2,85,2,2.4,1.4,승정원일기,9.1,조선왕조실록,7.7
基谷,2,21,20,95.2,92.3,한국사료총서,100.0,승정원일기,7.7
滿州,3,59,41,69.5,64.7,조선왕조실록,72.4,한국사료총서,7.7
由敦化,3,468,1,0.2,0.0,승정원일기,7.7,조선왕조실록,7.7
畿甸沿海,2,19,1,5.3,0.0,조선왕조실록,7.7,승정원일기,7.7
連山縣監,3,556,1,0.2,0.0,승정원일기,7.7,한국사료총서,7.7
淸遠,2,42,2,4.8,3.4,한국사료총서,11.1,승정원일기,7.7
楮島,3,32,29,90.6,92.3,승정원일기,100.0,고려사,7.7
明問,3,140,1,0.7,0.0,승정원일기,7.7,한국사료총서,7.7
邊城,5,386,22,5.7,0.0,고려사절요,7.7,고려사,7.7
嶺之東西,2,16,1,6.2,0.0,조선왕조실록,7.7,승정원일기,7.7
宅里,4,57,2,3.5,0.0,고순종실록,7.7,한국사료총서,7.7
尙權,3,749,1,0.1,0.0,승정원일기,7.7,한국사료총서,7.7
履洞,2,28,27,96.4,92.3,한국사료총서,100.0,승정원일기,7.7
延原府,2,39,1,2.6,0.0,조선왕조실록,7.7,승정원일기,7.7
至韓,4,102,1,1.0,0.0,고순종실록,7.7,조선왕조실록,7.7
米庫,3,33,2,6.1,0.0,조선왕조실록,7.7,한국사료총서,7.7
鄭吉,3,53,1,1.9,0.0,승정원일기,7.7,조선왕조실록,7.7
沙鐵,3,40,2,5.0,0.0,승정원일기,7.7,조선왕조실록,7.7
繡關,2,33,1,3.0,0.0,승정원일기,7.7,한국사료총서,7.7
成安義,3,35,1,2.9,0.0,조선왕조실록,7.7,승정원일기,7.7
永綏,6,135,4,3.0,0.0,고려사,7.7,한국사료총서,7.7
楊津倉,2,94,67,71.3,66.7,조선왕조실록,74.3,승정원일기,7.7
翊,7,56515,233,0.4,0.0,고려사절요,7.7,삼국사기,7.7
廟門,5,923,59,6.4,0.0,고려사,7.7,승정원일기,7.7
坡陽,2,33,2,6.1,0.0,승정원일기,7.7,한국사료총서,7.7
海昌尉,3,194,12,6.2,0.0,조선왕조실록,7.7,승정원일기,7.7
豐昵,2,21,1,4.8,0.0,승정원일기,7.7,조선왕조실록,7.7
坡平人,2,22,1,4.5,0.0,한국사료총서,7.7,조선왕조실록,7.7
修城庫,3,20,1,5.0,0.0,조선왕조실록,7.7,승정원일기,7.7
西夷,3,37,2,5.4,0.0,한국사료총서,7.7,조선왕조실록,7.7
比仁,2,32,3,9.4,0.0,조선왕조실록,7.7,승정원일기,7.7
蔚山牧場,2,16,1,6.2,0.0,한국사료총서,7.7,승정원일기,7.7
登聞皷,2,16,1,6.2,0.0,승정원일기,7.7,조선왕조실록,7.7
文林,4,54,2,3.7,0.0,삼국사기,7.7,한국사료총서,7.7
大鼻㺚子,3,25,1,4.0,0.0,승정원일기,7.7,한국사료총서,7.7
慶尙道漆原,2,21,20,95.2,92.3,승정원일기,100.0,조선왕조실록,7.7
元陵親,2,210,1,0.5,0.0,승정원일기,7.7,조선왕조실록,7.7
上頂,3,49,1,2.0,0.0,승정원일기,7.7,조선왕조실록,7.7
義烈宮,2,219,199,90.9,85.0,조선왕조실록,92.7,승정원일기,7.7
董狐,4,57,2,3.5,0.0,고려사,7.7,승정원일기,7.7
黃海道兔山縣,3,36,34,94.4,92.3,승정원일기,100.0,한국사료총서,7.7
崇政門外,3,225,16,7.1,0.0,조선왕조실록,7.6,승정원일기,7.6
仁陵幸行,2,125,9,7.2,0.0,고순종실록,7.6,승정원일기,7.6
回國,4,920,6,0.7,0.0,고순종실록,7.6,조선왕조실록,7.6
原陵,2,46,22,47.8,48.0,승정원일기,55.6,조선왕조실록,7.6
關東一路,2,73,5,6.8,0.0,조선왕조실록,7.6,승정원일기,7.6
三川坊,2,28,25,89.3,83.3,조선왕조실록,90.9,승정원일기,7.6
屯島,3,46,41,89.1,83.3,한국사료총서,90.9,조선왕조실록,7.6
何,8,1350000,103,0.0,0.0,고려사절요,7.6,삼국사기,7.6
永昭廟,2,68,63,92.6,88.9,고순종실록,96.5,승정원일기,7.6
南一道,3,407,23,5.7,0.0,조선왕조실록,7.6,승정원일기,7.6
瑞泰,2,76,6,7.9,0.0,한국사료총서,7.6,승정원일기,7.6
耆英館,2,29,24,82.8,75.0,조선왕조실록,82.6,승정원일기,7.6
大內殿,2,415,90,21.7,14.3,승정원일기,21.9,조선왕조실록,7.6
咸鏡監營,3,395,29,7.3,0.0,고순종실록,7.6,승정원일기,7.6
守道,5,334,11,3.3,0.0,고려사,7.6,조선왕조실록,7.6
皇朝,5,3949,97,2.5,0.0,고려사,7.6,조선왕조실록,7.6
嶺東九郡,2,61,3,4.9,0.0,조선왕조실록,7.5,승정원일기,7.5
德平,3,72,15,20.8,15.4,승정원일기,22.9,한국사료총서,7.5
部,8,167372,9085,5.4,0.0,고순종실록,7.5,승정원일기,7.5
珍海,2,15,3,20.0,12.5,승정원일기,20.0,한국사료총서,7.5
峽中,3,484,7,1.4,0.0,조선왕조실록,7.5,한국사료총서,7.5
上平,4,908,6,0.7,0.0,고순종실록,7.5,한국사료총서,7.5
河淸,6,346,8,2.3,0.0,고려사,7.5,한국사료총서,7.5
潁,3,251,24,9.6,5.4,조선왕조실록,12.8,한국사료총서,7.5
阻水,3,283,3,1.1,0.0,승정원일기,7.5,한국사료총서,7.5
揚州,2,40,27,67.5,62.5,한국사료총서,70.0,승정원일기,7.5
燕中,3,76,3,3.9,0.0,조선왕조실록,7.5,승정원일기,7.5
周南,3,353,22,6.2,0.0,조선왕조실록,7.5,승정원일기,7.5
三洲,2,13,2,15.4,12.5,한국사료총서,20.0,승정원일기,7.5
潁川,2,20,14,70.0,62.5,한국사료총서,70.0,승정원일기,7.5
銀海,2,26,5,19.2,12.5,한국사료총서,20.0,조선왕조실록,7.5
同州,3,79,11,13.9,7.7,승정원일기,15.2,한국사료총서,7.5
馬軍營,2,60,4,6.7,0.0,조선왕조실록,7.5,승정원일기,7.5
西三,3,1139,50,4.4,1.0,조선왕조실록,8.5,승정원일기,7.5
忠公道,2,39,32,82.1,79.2,승정원일기,86.7,조선왕조실록,7.5
新都,4,263,14,5.3,0.0,고려사,7.5,한국사료총서,7.5
彰德,3,63,3,4.8,0.0,한국사료총서,7.4,승정원일기,7.4
慶尙道奉化,2,39,37,94.9,92.6,승정원일기,100.0,조선왕조실록,7.4
錦山地,2,39,7,17.9,17.6,승정원일기,25.0,조선왕조실록,7.4
果川境,2,33,2,6.1,0.0,조선왕조실록,7.4,승정원일기,7.4
天保章,2,31,2,6.5,0.0,조선왕조실록,7.4,승정원일기,7.4
益安,4,195,7,3.6,0.0,고순종실록,7.4,승정원일기,7.4
上江,3,91,5,5.5,2.1,승정원일기,9.5,조선왕조실록,7.4
蠻夷,5,304,8,2.6,0.0,고려사,7.4,조선왕조실록,7.4
濟民,6,1527,35,2.3,0.0,고려사,7.4,조선왕조실록,7.4
南臺,4,213,4,1.9,0.0,고순종실록,7.4,한국사료총서,7.4
慶幸,5,1922,39,2.0,0.0,고려사,7.4,조선왕조실록,7.4
豐陽,2,104,10,9.6,0.0,조선왕조실록,7.4,승정원일기,7.4
宮城門,2,74,2,2.7,0.0,조선왕조실록,7.4,승정원일기,7.4
嶺南沿海,2,66,4,6.1,0.0,조선왕조실록,7.4,승정원일기,7.4
三路,4,653,29,4.4,0.0,고순종실록,7.4,승정원일기,7.4
惜陰閣,2,33,31,93.9,92.6,승정원일기,100.0,조선왕조실록,7.4
遠島,5,278,13,4.7,0.0,조선왕조실록,7.4,고려사절요,7.4
香炭,4,420,29,6.9,0.0,고순종실록,7.4,승정원일기,7.4
多義,3,52,2,3.8,0.0,조선왕조실록,7.4,승정원일기,7.4
八道三都,2,31,2,6.5,0.0,조선왕조실록,7.4,승정원일기,7.4
殯宮門,2,39,2,5.1,0.0,조선왕조실록,7.4,승정원일기,7.4
開泰,6,374,19,5.1,0.0,고려사,7.4,승정원일기,7.4
家伻,2,86,2,2.3,0.0,승정원일기,7.4,한국사료총서,7.4
聖啓,2,318,2,0.6,0.0,승정원일기,7.4,조선왕조실록,7.4
安寶,4,2431,4,0.2,0.0,고순종실록,7.3,한국사료총서,7.3
四路,3,134,5,3.7,0.0,한국사료총서,7.3,승정원일기,7.3
雲暗,3,281,34,12.1,6.8,한국사료총서,14.0,조선왕조실록,7.3
忠淸道文義,2,71,67,94.4,92.7,승정원일기,100.0,조선왕조실록,7.3
皇壇奉室,2,71,4,5.6,0.0,조선왕조실록,7.3,승정원일기,7.3
遠,7,195847,2173,1.1,0.8,고순종실록,8.1,삼국사기,7.3
原昌,3,147,7,4.8,2.2,승정원일기,9.5,한국사료총서,7.3
龜洛,2,60,5,8.3,0.0,고순종실록,7.3,승정원일기,7.3
本洞,4,982,14,1.4,0.0,고순종실록,7.3,한국사료총서,7.3
忠淸道石城,2,58,54,93.1,92.7,승정원일기,100.0,조선왕조실록,7.3
泰和,6,2086,11,0.5,0.0,고려사,7.3,조선왕조실록,7.3
豐昌府,2,63,4,6.3,0.0,조선왕조실록,7.3,승정원일기,7.3
留,8,176421,219,0.1,0.0,삼국유사,7.3,삼국사기,7.3
河堡,2,45,40,88.9,83.3,한국사료총서,90.6,조선왕조실록,7.3
恩城,2,27,2,7.4,5.3,승정원일기,12.5,조선왕조실록,7.2
七站,2,131,5,3.8,0.0,승정원일기,7.2,조선왕조실록,7.2
校村,2,101,79,78.2,78.5,한국사료총서,85.7,승정원일기,7.2
遠西,2,31,22,71.0,69.2,한국사료총서,76.5,승정원일기,7.2
驪川,3,543,23,4.2,0.0,한국사료총서,7.2,조선왕조실록,7.2
弓房,3,562,31,5.5,0.0,조선왕조실록,7.1,승정원일기,7.1
鹽州,4,59,58,98.3,92.9,한국사료총서,100.0,조선왕조실록,7.1
箭串田,2,21,2,9.5,7.1,승정원일기,14.3,조선왕조실록,7.1
第十一室,2,354,24,6.8,0.0,조선왕조실록,7.1,승정원일기,7.1
等保,3,81,1,1.2,0.0,승정원일기,7.1,조선왕조실록,7.1
全一面,2,17,1,5.9,0.0,조선왕조실록,7.1,승정원일기,7.1
嶺徼,3,21,1,4.8,0.0,조선왕조실록,7.1,승정원일기,7.1
沙頭,2,20,1,5.0,0.0,조선왕조실록,7.1,한국사료총서,7.1
大姆山,2,17,16,94.1,92.9,승정원일기,100.0,조선왕조실록,7.1
南山洞,2,21,20,95.2,92.9,한국사료총서,100.0,승정원일기,7.1
蔚山人,2,25,1,4.0,0.0,한국사료총서,7.1,조선왕조실록,7.1
伊川屯,3,33,1,3.0,0.0,승정원일기,7.1,조선왕조실록,7.1
內願堂,2,109,8,7.3,0.0,고려사,7.1,조선왕조실록,7.1
日瞻門,2,258,240,93.0,92.9,승정원일기,100.0,조선왕조실록,7.1
古通,3,169,1,0.6,0.0,승정원일기,7.1,한국사료총서,7.1
土城,4,490,18,3.7,0.0,고순종실록,7.1,한국사료총서,7.1
義尙,4,92,1,1.1,0.0,고순종실록,7.1,조선왕조실록,7.1
正首,4,47,1,2.1,0.0,고려사,7.1,조선왕조실록,7.1
雲漢,4,962,12,1.2,0.0,한국사료총서,7.1,고순종실록,7.1
茶亭,2,22,1,4.5,0.0,한국사료총서,7.1,조선왕조실록,7.1
胡元,3,160,6,3.8,1.2,승정원일기,8.3,조선왕조실록,7.1
虹蜺,3,60,2,3.3,0.0,조선왕조실록,7.1,승정원일기,7.1
沙漠,5,96,3,3.1,0.0,고려사,7.1,조선왕조실록,7.1
從南,4,150,4,2.7,0.0,고려사,7.1,조선왕조실록,7.1
兩廡,4,262,9,3.4,0.0,고려사,7.1,승정원일기,7.1
官渡,3,44,2,4.5,0.0,조선왕조실록,7.1,승정원일기,7.1
慶尙道河陽,2,27,26,96.3,92.9,승정원일기,100.0,조선왕조실록,7.1
奉長,5,94,1,1.1,0.0,고려사,7.1,한국사료총서,7.1
永膺,5,523,2,0.4,0.0,고려사,7.1,한국사료총서,7.1
玉城,3,110,3,2.7,0.0,조선왕조실록,7.1,한국사료총서,7.1
忠淸兵營,4,129,7,5.4,0.0,고순종실록,7.1,승정원일기,7.1
宋東,2,115,3,2.6,1.9,승정원일기,9.1,한국사료총서,7.1
彼北,3,86,1,1.2,0.0,승정원일기,7.1,조선왕조실록,7.1
苧,6,5669,178,3.1,0.0,고려사,7.1,승정원일기,7.1
德惠,5,172,1,0.6,0.0,고려사,7.1,한국사료총서,7.1
果州,2,20,19,95.0,92.9,조선왕조실록,100.0,고려사,7.1
南原人,3,63,2,3.2,0.0,승정원일기,7.1,조선왕조실록,7.1
慈城江,2,17,10,58.8,50.0,한국사료총서,57.1,승정원일기,7.1
去風,3,27,1,3.7,0.0,조선왕조실록,7.1,승정원일기,7.1
可山,2,13,6,46.2,42.9,한국사료총서,50.0,승정원일기,7.1
太寢,4,24,1,4.2,0.0,고순종실록,7.1,승정원일기,7.1
兩春,2,48,1,2.1,0.0,한국사료총서,7.1,승정원일기,7.1
千萬里,4,68,1,1.5,0.0,고순종실록,7.1,한국사료총서,7.1
連一,3,91,1,1.1,0.0,승정원일기,7.1,조선왕조실록,7.1
興水,3,131,6,4.6,0.0,조선왕조실록,7.1,한국사료총서,7.1
所方,3,62,1,1.6,0.0,승정원일기,7.1,조선왕조실록,7.1
古塚,3,182,1,0.5,0.0,승정원일기,7.1,한국사료총서,7.1
湖南邑,2,18,1,5.6,0.0,조선왕조실록,7.1,승정원일기,7.1
寧保,3,68,2,2.9,0.0,승정원일기,7.1,조선왕조실록,7.1
玉年,3,61,1,1.6,0.0,승정원일기,7.1,한국사료총서,7.1
司宰監,3,1436,73,5.1,0.0,한국사료총서,7.1,승정원일기,7.1
慶尙道淸道郡,2,35,33,94.3,92.9,승정원일기,100.0,조선왕조실록,7.1
驪陽府院君內外祠版,2,23,1,4.3,0.0,고순종실록,7.1,승정원일기,7.1
豐溪,3,21,9,42.9,42.9,승정원일기,50.0,한국사료총서,7.1
松都地,2,20,1,5.0,0.0,조선왕조실록,7.1,승정원일기,7.1
池內,2,43,21,48.8,42.9,승정원일기,50.0,한국사료총서,7.1
禾山,2,15,8,53.3,50.0,조선왕조실록,57.1,한국사료총서,7.1
太極殿,3,56,53,94.6,92.9,고순종실록,100.0,조선왕조실록,7.1
靑陽君,3,40,1,2.5,0.0,조선왕조실록,7.1,승정원일기,7.1
昭儀房,2,25,11,44.0,42.9,승정원일기,50.0,조선왕조실록,7.1
軍官廳,3,255,6,2.4,0.0,조선왕조실록,7.1,승정원일기,7.1
上梁,3,177,1,0.6,0.0,승정원일기,7.1,조선왕조실록,7.1
佛骨表,2,40,1,2.5,0.0,승정원일기,7.1,조선왕조실록,7.1
白石面,2,26,25,96.2,92.9,한국사료총서,100.0,승정원일기,7.1
江原都事,3,692,1,0.1,0.0,승정원일기,7.1,한국사료총서,7.1
達誠,3,1161,1,0.1,0.0,승정원일기,7.1,한국사료총서,7.1
孝浦,3,91,85,93.4,92.9,한국사료총서,100.0,조선왕조실록,7.1
朝鮮請,2,18,1,5.6,0.0,조선왕조실록,7.1,한국사료총서,7.1
中平,4,205,2,1.0,0.0,고순종실록,7.1,조선왕조실록,7.1
驪上,2,18,1,5.6,0.0,조선왕조실록,7.1,승정원일기,7.1
南大門外,3,217,8,3.7,0.0,조선왕조실록,7.1,승정원일기,7.1
黃靑,2,23,12,52.2,50.0,한국사료총서,57.1,조선왕조실록,7.1
落,8,77515,446,0.6,0.0,고순종실록,7.1,삼국사기,7.1
羅京,2,23,1,4.3,0.0,한국사료총서,7.1,승정원일기,7.1
河邊,3,28,1,3.6,0.0,승정원일기,7.1,한국사료총서,7.1
古阜兩邑,2,17,1,5.9,0.0,조선왕조실록,7.1,승정원일기,7.1
泉府,5,66,3,4.5,0.0,고려사,7.1,한국사료총서,7.1
蚯蚓,4,60,2,3.3,0.0,고려사,7.1,승정원일기,7.1
第十二室,2,316,22,7.0,0.0,조선왕조실록,7.1,승정원일기,7.1
望京,3,149,6,4.0,0.0,한국사료총서,7.1,조선왕조실록,7.1
園陵,4,1426,40,2.8,0.0,고려사,7.1,조선왕조실록,7.1
守灘,2,19,1,5.3,0.0,한국사료총서,7.1,조선왕조실록,7.1
河洛,4,96,4,4.2,0.0,고순종실록,7.1,조선왕조실록,7.1
仁明園,2,61,26,42.6,42.9,승정원일기,50.0,조선왕조실록,7.1
陳浦,2,20,9,45.0,42.9,승정원일기,50.0,한국사료총서,7.1
五岳,4,35,1,2.9,0.0,삼국유사,7.1,승정원일기,7.1
復於酒亭,2,80,1,1.2,0.0,승정원일기,7.1,조선왕조실록,7.1
조선,3,165,3,1.8,0.0,삼국유사,7.1,삼국사기,7.1
六陵,3,118,7,5.9,0.0,조선왕조실록,7.0,승정원일기,7.0
平章,7,1890,34,1.8,0.0,고려사절요,7.0,승정원일기,7.0
西齋,3,335,17,5.1,0.0,조선왕조실록,7.0,승정원일기,7.0
預原郡,2,22,16,72.7,66.7,한국사료총서,73.7,조선왕조실록,7.0
松楸,4,1241,43,3.5,0.0,고순종실록,7.0,조선왕조실록,7.0
南學,4,1930,92,4.8,0.0,고순종실록,7.0,한국사료총서,7.0
垈里,2,90,84,93.3,93.0,한국사료총서,100.0,승정원일기,7.0
伏見,6,27412,24,0.1,0.0,고려사,7.0,고순종실록,7.0
淵上,5,231,6,2.6,0.0,고려사,7.0,한국사료총서,7.0
無逸,6,2940,30,1.0,0.0,고려사,7.0,조선왕조실록,7.0
定山郡,2,30,5,16.7,13.0,승정원일기,20.0,한국사료총서,7.0
許昌,2,69,4,5.8,0.0,조선왕조실록,7.0,승정원일기,7.0
成村,3,77,3,3.9,0.0,조선왕조실록,7.0,승정원일기,7.0
千秋,6,1983,28,1.4,0.0,고려사,7.0,고순종실록,7.0
乃文,5,432,6,1.4,0.0,고려사,7.0,한국사료총서,7.0
廡,7,2437,104,4.3,0.0,고려사,7.0,승정원일기,7.0
倭將,3,294,16,5.4,0.0,승정원일기,6.9,조선왕조실록,6.9
四面,8,2879,132,4.6,0.0,고려사,6.9,승정원일기,6.9
津邊,3,98,4,4.1,0.0,조선왕조실록,6.9,한국사료총서,6.9
流沙,3,61,4,6.6,0.0,조선왕조실록,6.9,승정원일기,6.9
順天·,3,145,2,1.4,0.0,고려사,6.9,한국사료총서,6.9
連珠,3,87,7,8.0,6.5,조선왕조실록,13.3,한국사료총서,6.9
全羅道金堤郡,2,47,42,89.4,83.3,조선왕조실록,90.2,승정원일기,6.9
基里,3,87,84,96.6,93.1,승정원일기,100.0,조선왕조실록,6.9
中黃,4,213,2,0.9,0.0,고려사,6.9,조선왕조실록,6.9
日,8,1834213,12368,0.7,0.1,승정원일기,7.0,고순종실록,6.9
聞邑,3,75,2,2.7,0.0,승정원일기,6.9,한국사료총서,6.9
元,8,310516,9882,3.2,0.0,삼국유사,6.9,고순종실록,6.9
麿,4,660,42,6.4,0.0,고순종실록,6.9,조선왕조실록,6.9
上亭,3,37,2,5.4,0.0,승정원일기,6.9,한국사료총서,6.9
上道面,2,33,31,93.9,88.9,승정원일기,95.8,한국사료총서,6.9
下都監,4,395,23,5.8,0.0,고순종실록,6.9,승정원일기,6.9
京畿·,3,1435,2,0.1,0.0,고려사,6.9,한국사료총서,6.9
東亭子,2,41,20,48.8,53.1,한국사료총서,60.0,조선왕조실록,6.9
三年,8,33537,34,0.1,0.0,고순종실록,6.8,삼국사기,6.8
二陽,3,98,3,3.1,0.0,승정원일기,6.8,한국사료총서,6.8
江原一道,2,110,4,3.6,0.0,조선왕조실록,6.8,승정원일기,6.8
兩漢,5,1269,13,1.0,0.0,고려사,6.8,조선왕조실록,6.8
西內,3,158,18,11.4,6.2,조선왕조실록,13.0,승정원일기,6.8
潢池,4,214,12,5.6,0.0,고순종실록,6.8,조선왕조실록,6.8
田頭,4,105,4,3.8,0.0,고려사,6.8,한국사료총서,6.8
承皇,4,187,5,2.7,0.0,고려사,6.8,승정원일기,6.8
原泉,2,44,6,13.6,13.2,한국사료총서,20.0,승정원일기,6.8
水原邑內,2,47,3,6.4,0.0,조선왕조실록,6.8,승정원일기,6.8
元植,4,1603,7,0.4,0.0,고순종실록,6.8,한국사료총서,6.8
溫泉行宮,2,268,12,4.5,1.4,조선왕조실록,8.2,승정원일기,6.8
東大門外,3,305,10,3.3,0.0,조선왕조실록,6.8,승정원일기,6.8
同德,7,1018,4,0.4,0.0,고려사절요,6.8,고려사,6.8
黃海道文化縣,2,48,43,89.6,85.7,조선왕조실록,92.5,승정원일기,6.8
麟坪大君,4,625,26,4.2,0.0,고순종실록,6.8,승정원일기,6.8
社稷山,2,24,4,16.7,18.2,조선왕조실록,25.0,승정원일기,6.8
河山,3,106,17,16.0,11.1,한국사료총서,17.9,승정원일기,6.8
四宮,4,193,9,4.7,0.0,고려사,6.8,승정원일기,6.8
良家,6,360,4,1.1,0.0,고려사,6.8,한국사료총서,6.8
建福門,2,47,44,93.6,93.2,승정원일기,100.0,조선왕조실록,6.8
棠,4,1014,29,2.9,0.0,고순종실록,6.8,조선왕조실록,6.8
慶尙道蔚山府,2,77,72,93.5,93.2,승정원일기,100.0,조선왕조실록,6.8
金,8,1188363,26764,2.3,1.9,승정원일기,8.7,삼국유사,6.8
慶尙兩道,3,160,6,3.8,0.0,조선왕조실록,6.8,승정원일기,6.8
隅,8,14357,319,2.2,0.0,고려사,6.8,한국사료총서,6.8
嘉禮廳,2,409,3,0.7,0.0,승정원일기,6.8,조선왕조실록,6.8
衛,8,156100,2040,1.3,0.0,삼국사기,6.8,조선왕조실록,6.8
水鐵里,2,73,70,95.9,90.0,한국사료총서,96.8,승정원일기,6.8
阿富汗,2,18,17,94.4,93.3,한국사료총서,100.0,고순종실록,6.7
淸主,3,117,6,5.1,0.0,승정원일기,6.7,조선왕조실록,6.7
應台,3,129,6,4.7,0.0,한국사료총서,6.7,승정원일기,6.7
開成,3,31,1,3.2,0.0,삼국사기,6.7,한국사료총서,6.7
虞史,3,34,1,2.9,0.0,조선왕조실록,6.7,승정원일기,6.7
嶺上,4,232,6,2.6,0.0,삼국유사,6.7,승정원일기,6.7
乃伯,2,24,1,4.2,0.0,승정원일기,6.7,한국사료총서,6.7
入域,2,19,1,5.3,0.0,한국사료총서,6.7,승정원일기,6.7
吳相良,2,21,1,4.8,0.0,한국사료총서,6.7,승정원일기,6.7
越川,3,81,3,3.7,0.0,조선왕조실록,6.7,한국사료총서,6.7
桑木,4,219,7,3.2,0.0,고순종실록,6.7,조선왕조실록,6.7
古牧場,2,52,2,3.8,0.0,조선왕조실록,6.7,승정원일기,6.7
京畿列邑,2,25,1,4.0,0.0,조선왕조실록,6.7,승정원일기,6.7
全羅道務安地,2,18,1,5.6,0.0,조선왕조실록,6.7,승정원일기,6.7
成昌,3,171,2,1.2,0.0,한국사료총서,6.7,조선왕조실록,6.7
京畿水營,2,52,3,5.8,0.0,조선왕조실록,6.7,승정원일기,6.7
壇上,5,2742,162,5.9,0.0,고려사,6.7,승정원일기,6.7
關防,6,3869,11,0.3,0.0,고려사절요,6.7,고려사,6.7
第三室,5,801,51,6.4,0.0,고려사,6.7,승정원일기,6.7
道賢,2,108,1,0.9,0.0,승정원일기,6.7,한국사료총서,6.7
分六里,3,50,1,2.0,0.0,고순종실록,6.7,한국사료총서,6.7
眞西山,3,162,2,1.2,0.0,조선왕조실록,6.7,한국사료총서,6.7
陽川地,2,110,7,6.4,0.0,조선왕조실록,6.7,승정원일기,6.7
定陵碑,3,23,1,4.3,0.0,승정원일기,6.7,조선왕조실록,6.7
集福外軒,2,8,3,37.5,33.3,승정원일기,40.0,조선왕조실록,6.7
申堂,2,18,1,5.6,0.0,승정원일기,6.7,한국사료총서,6.7
淸界,3,25,1,4.0,0.0,승정원일기,6.7,한국사료총서,6.7
汾西,2,27,2,7.4,0.0,삼국사기,6.7,한국사료총서,6.7
大姆,2,18,17,94.4,93.3,승정원일기,100.0,조선왕조실록,6.7
環島,3,38,2,5.3,0.0,한국사료총서,6.7,조선왕조실록,6.7
安眠一島,2,19,1,5.3,0.0,조선왕조실록,6.7,승정원일기,6.7
蔡振後,3,62,1,1.6,0.0,승정원일기,6.7,한국사료총서,6.7
仇道,2,24,2,8.3,0.0,승정원일기,6.7,삼국사기,6.7
城堞,4,1337,69,5.2,0.0,고순종실록,6.7,승정원일기,6.7
春國,3,46,1,2.2,0.0,승정원일기,6.7,조선왕조실록,6.7
厚,8,83749,2833,3.4,0.0,삼국사기,6.7,고순종실록,6.7
春塘臺行,2,18,1,5.6,0.0,승정원일기,6.7,조선왕조실록,6.7
載陽,3,166,3,1.8,0.0,승정원일기,6.7,조선왕조실록,6.7
跟尋,3,286,1,0.3,0.0,승정원일기,6.7,한국사료총서,6.7
太廟各室,3,42,2,4.8,0.0,고순종실록,6.7,승정원일기,6.7
三鳳,3,37,3,8.1,0.0,승정원일기,6.7,조선왕조실록,6.7
玄風郡,2,28,9,32.1,33.3,승정원일기,40.0,고순종실록,6.7
七原,2,19,1,5.3,0.0,승정원일기,6.7,한국사료총서,6.7
窵遠,4,40,1,2.5,0.0,고려사,6.7,한국사료총서,6.7
新延,2,107,4,3.7,2.4,승정원일기,9.1,한국사료총서,6.7
小室,3,73,1,1.4,0.0,승정원일기,6.7,조선왕조실록,6.7
奎章院,3,118,1,0.8,0.0,승정원일기,6.7,고순종실록,6.7
恭宣,3,83,1,1.2,0.0,승정원일기,6.7,조선왕조실록,6.7
羌戎,2,23,1,4.3,0.0,한국사료총서,6.7,승정원일기,6.7
朝元,6,229,7,3.1,0.0,고려사,6.7,승정원일기,6.7
顯,8,133557,6077,4.6,0.0,삼국사기,6.7,고순종실록,6.7
中安,3,262,4,1.5,0.0,조선왕조실록,6.7,한국사료총서,6.7
重林驛,2,20,18,90.0,93.3,승정원일기,100.0,조선왕조실록,6.7
京畿外,2,40,2,5.0,0.0,조선왕조실록,6.7,승정원일기,6.7
安成,4,189,4,2.1,0.0,고순종실록,6.7,한국사료총서,6.7
海豐府夫人,2,19,1,5.3,0.0,조선왕조실록,6.7,승정원일기,6.7
慶源人,3,53,2,3.8,0.0,승정원일기,6.7,조선왕조실록,6.7
忠淸道懷德縣,2,55,52,94.5,88.9,조선왕조실록,95.6,승정원일기,6.7
命百,6,195,1,0.5,0.0,고려사,6.7,한국사료총서,6.7
永巷,3,36,1,2.8,0.0,고순종실록,6.7,승정원일기,6.7
子岩,2,31,18,58.1,60.0,한국사료총서,66.7,고려사,6.7
北四里,2,50,3,6.0,0.0,조선왕조실록,6.7,한국사료총서,6.7
慶尙三道,5,65,1,1.5,0.0,고려사,6.7,승정원일기,6.7
外叱怪,2,28,5,17.9,10.0,승정원일기,16.7,한국사료총서,6.7
西洋國,3,64,1,1.6,0.0,승정원일기,6.7,조선왕조실록,6.7
南□□,2,52,1,1.9,0.0,승정원일기,6.7,한국사료총서,6.7
博山,2,112,96,85.7,80.0,승정원일기,86.7,한국사료총서,6.7
左衛,4,536,21,3.9,0.0,삼국사기,6.7,조선왕조실록,6.7
宴享廳,2,67,3,4.5,0.0,한국사료총서,6.7,승정원일기,6.7
彭,6,5371,72,1.3,0.0,고려사절요,6.7,고려사,6.7
鮮邊,4,38,1,2.6,0.0,고순종실록,6.7,조선왕조실록,6.7
臨淵,5,493,9,1.8,0.0,고려사,6.7,한국사료총서,6.7
江原道安峽縣,2,20,19,95.0,93.3,승정원일기,100.0,조선왕조실록,6.7
麻浦江,2,9,5,55.6,60.0,승정원일기,66.7,조선왕조실록,6.7
摩鎭,3,25,4,16.0,13.3,승정원일기,20.0,한국사료총서,6.7
伯邑考,3,78,1,1.3,0.0,조선왕조실록,6.7,승정원일기,6.7
豐川都,2,20,1,5.0,0.0,승정원일기,6.7,조선왕조실록,6.7
德南,3,158,5,3.2,0.0,조선왕조실록,6.7,한국사료총서,6.7
竹洞,3,191,168,88.0,83.3,조선왕조실록,90.0,승정원일기,6.7
國社神位前,2,33,2,6.1,0.0,조선왕조실록,6.7,승정원일기,6.7
京畿抱川縣,2,18,17,94.4,93.3,승정원일기,100.0,조선왕조실록,6.7
與面,3,155,1,0.6,0.0,승정원일기,6.7,한국사료총서,6.7
廣昌,2,61,1,1.6,0.0,조선왕조실록,6.7,한국사료총서,6.7
祥覇,2,32,31,96.9,93.3,승정원일기,100.0,조선왕조실록,6.7
博大,3,67,1,1.5,0.0,승정원일기,6.7,조선왕조실록,6.7
興陽三島,3,15,6,40.0,33.3,고순종실록,40.0,승정원일기,6.7
震,8,48114,19,0.0,0.0,고려사,6.7,삼국유사,6.7
明當,3,1357,12,0.9,0.0,승정원일기,6.7,한국사료총서,6.7
無雷,3,37,1,2.7,0.0,승정원일기,6.7,조선왕조실록,6.7
廈門,2,13,9,69.2,60.0,한국사료총서,66.7,승정원일기,6.7
薛,8,3363,93,2.8,0.0,고려사절요,6.6,조선왕조실록,6.6
重嶺,3,83,5,6.0,0.0,조선왕조실록,6.6,승정원일기,6.6
涇渭,3,347,6,1.7,0.0,한국사료총서,6.6,조선왕조실록,6.6
懷綏,5,673,10,1.5,0.0,고려사,6.6,조선왕조실록,6.6
五處史庫,2,122,14,11.5,5.9,조선왕조실록,12.5,승정원일기,6.6
興慶,5,10484,96,0.9,0.0,고려사,6.6,조선왕조실록,6.6
金國,6,1714,58,3.4,0.0,고려사,6.6,조선왕조실록,6.6
新疆,2,23,16,69.6,68.4,한국사료총서,75.0,승정원일기,6.6
南下,6,1107,30,2.7,0.0,고려사,6.6,승정원일기,6.6
樂善堂,3,123,114,92.7,93.4,승정원일기,100.0,조선왕조실록,6.6
臺庫,2,70,3,4.3,3.4,승정원일기,10.0,조선왕조실록,6.6
船廠,3,53,4,7.5,5.9,한국사료총서,12.5,조선왕조실록,6.6
山谷,7,1262,32,2.5,0.0,고려사,6.5,한국사료총서,6.5
壽寧,6,332,3,0.9,0.0,고려사,6.5,승정원일기,6.5
戎虜,3,78,2,2.6,0.0,승정원일기,6.5,조선왕조실록,6.5
來山,3,259,5,1.9,0.0,승정원일기,6.5,조선왕조실록,6.5
敎匪,3,79,2,2.5,0.0,승정원일기,6.5,조선왕조실록,6.5
義州城,3,128,43,33.6,31.0,조선왕조실록,37.5,승정원일기,6.5
南山里,2,48,46,95.8,93.5,한국사료총서,100.0,승정원일기,6.5
金鍾正,3,2186,2,0.1,0.0,승정원일기,6.5,한국사료총서,6.5
細布,5,356,2,0.6,0.0,고려사,6.5,한국사료총서,6.5
寧城君,2,185,4,2.2,0.0,조선왕조실록,6.5,승정원일기,6.5
鄭山,3,98,2,2.0,0.0,조선왕조실록,6.5,승정원일기,6.5
懷義,4,61,2,3.3,0.0,고려사,6.5,조선왕조실록,6.5
淸道驛,2,51,4,7.8,0.0,조선왕조실록,6.5,승정원일기,6.5
立進,3,113,2,1.8,0.0,조선왕조실록,6.5,승정원일기,6.5
漢成,4,326,4,1.2,0.0,고려사,6.5,한국사료총서,6.5
冽泉門,2,174,163,93.7,93.5,승정원일기,100.0,조선왕조실록,6.5
文僖,3,78,2,2.6,0.0,조선왕조실록,6.5,승정원일기,6.5
拜位廳,2,50,3,6.0,0.0,고순종실록,6.5,승정원일기,6.5
畿外,3,103,3,2.9,0.0,조선왕조실록,6.5,승정원일기,6.5
永懷園,2,477,475,99.6,93.3,고순종실록,99.8,승정원일기,6.5
西幕,3,54,3,5.6,0.0,조선왕조실록,6.5,승정원일기,6.5
南陔,3,37,2,5.4,0.0,조선왕조실록,6.5,승정원일기,6.5
望,8,298009,3263,1.1,0.0,삼국사기,6.5,삼국유사,6.5
春秋館,6,5891,84,1.4,0.0,고려사,6.5,고순종실록,6.5
武德門內,2,54,3,5.6,0.0,조선왕조실록,6.5,승정원일기,6.5
渡頭,3,49,3,6.1,0.0,승정원일기,6.5,한국사료총서,6.5
滄波,3,88,2,2.3,0.0,조선왕조실록,6.5,승정원일기,6.5
胡皇,3,86,2,2.3,0.0,승정원일기,6.5,조선왕조실록,6.5
重峯,2,96,2,2.1,0.0,한국사료총서,6.5,승정원일기,6.5
緝熙堂,2,38,36,94.7,93.5,승정원일기,100.0,조선왕조실록,6.5
萬歲,6,1542,55,3.6,0.0,고려사절요,6.5,조선왕조실록,6.5
廟下,4,256,11,4.3,0.0,고순종실록,6.5,승정원일기,6.5
毛老,3,143,49,34.3,29.4,승정원일기,35.9,한국사료총서,6.5
德宗室,2,49,2,4.1,0.0,조선왕조실록,6.5,승정원일기,6.5
丘墟,5,201,3,1.5,0.0,고려사,6.5,한국사료총서,6.5
駐驆,3,57,5,8.8,0.0,조선왕조실록,6.5,승정원일기,6.5
麟坪,4,725,30,4.1,0.0,고순종실록,6.5,승정원일기,6.5
胡地,5,225,10,4.4,0.0,고려사,6.5,조선왕조실록,6.5
乃山,3,107,16,15.0,6.8,승정원일기,13.3,한국사료총서,6.5
中,8,815042,16581,2.0,0.7,삼국유사,7.1,고순종실록,6.4
慶尙道醴泉郡,2,56,53,94.6,93.6,승정원일기,100.0,조선왕조실록,6.4
秋嶺,2,20,4,20.0,16.7,한국사료총서,23.1,승정원일기,6.4
虞人,6,474,3,0.6,0.0,고려사,6.4,조선왕조실록,6.4
大內,6,4335,96,2.2,0.0,고려사,6.4,조선왕조실록,6.4
哈剌,2,94,6,6.4,4.2,조선왕조실록,10.5,고려사절요,6.4
栗谷,3,727,70,9.6,5.0,승정원일기,11.4,한국사료총서,6.4
貴島,3,218,3,1.4,0.0,승정원일기,6.4,한국사료총서,6.4
上島,2,21,5,23.8,16.7,승정원일기,23.1,한국사료총서,6.4
第十五室,2,144,9,6.2,0.0,조선왕조실록,6.4,승정원일기,6.4
典設司,4,1289,69,5.4,0.0,고순종실록,6.4,승정원일기,6.4
橘倭,2,157,9,5.7,0.0,한국사료총서,6.4,조선왕조실록,6.4
頭無,3,232,9,3.9,0.0,한국사료총서,6.4,조선왕조실록,6.4
關四,2,111,3,2.7,2.0,승정원일기,8.3,조선왕조실록,6.3
兩,8,275426,8430,3.1,0.0,삼국유사,6.3,고려사절요,6.3
北地,5,313,9,2.9,0.0,고순종실록,6.3,승정원일기,6.3
擺撥,3,389,14,3.6,0.0,조선왕조실록,6.3,승정원일기,6.3
古道,4,497,13,2.6,0.0,고순종실록,6.3,조선왕조실록,6.3
安海,3,64,7,10.9,4.8,승정원일기,11.1,한국사료총서,6.3
成安,4,186,5,2.7,1.4,조선왕조실록,7.7,고려사,6.3
德明,6,493,12,2.4,0.0,고려사,6.3,조선왕조실록,6.3
園山,2,18,5,27.8,22.2,한국사료총서,28.6,조선왕조실록,6.3
涼臺,2,104,6,5.8,0.0,조선왕조실록,6.3,승정원일기,6.3
潘陽,2,25,14,56.0,56.2,승정원일기,62.5,한국사료총서,6.2
沙門,7,200,4,2.0,0.0,고려사,6.2,한국사료총서,6.2
豫,7,14551,83,0.6,0.0,고순종실록,6.2,고려사절요,6.2
永貞,5,475,11,2.3,0.0,고려사,6.2,한국사료총서,6.2
松本,3,46,1,2.2,0.0,고순종실록,6.2,한국사료총서,6.2
眞,8,77314,3496,4.5,0.0,삼국유사,6.2,조선왕조실록,6.2
重譯,3,56,1,1.8,0.0,승정원일기,6.2,조선왕조실록,6.2
委用,3,28,1,3.6,0.0,조선왕조실록,6.2,승정원일기,6.2
畿內列邑,2,21,1,4.8,0.0,조선왕조실록,6.2,승정원일기,6.2
曾開,4,40,1,2.5,0.0,고순종실록,6.2,조선왕조실록,6.2
五峰山,2,21,2,9.5,0.0,한국사료총서,6.2,승정원일기,6.2
南諸道,3,64,3,4.7,0.0,조선왕조실록,6.2,승정원일기,6.2
猛,8,7019,10,0.1,0.0,고순종실록,6.2,고려사,6.2
豐茂,2,35,1,2.9,0.0,승정원일기,6.2,조선왕조실록,6.2
念佛,6,95,3,3.2,0.0,고려사,6.2,승정원일기,6.2
貴知,3,48,1,2.1,0.0,승정원일기,6.2,조선왕조실록,6.2
尼湯,3,26,1,3.8,0.0,승정원일기,6.2,조선왕조실록,6.2
大口,4,1147,23,2.0,0.0,삼국사기,6.2,조선왕조실록,6.2
濟州府,2,22,21,95.5,93.8,승정원일기,100.0,고순종실록,6.2
南田,3,169,4,2.4,0.9,승정원일기,7.1,한국사료총서,6.2
武珍,4,34,33,97.1,93.8,한국사료총서,100.0,조선왕조실록,6.2
石硯,3,55,2,3.6,0.0,승정원일기,6.2,한국사료총서,6.2
屈子,2,21,1,4.8,0.0,조선왕조실록,6.2,한국사료총서,6.2
懸鍾,3,58,1,1.7,0.0,승정원일기,6.2,조선왕조실록,6.2
一梁,3,47,1,2.1,0.0,조선왕조실록,6.2,승정원일기,6.2
斗魁,3,135,3,2.2,0.0,고려사,6.2,조선왕조실록,6.2
通北,3,52,2,3.8,0.0,조선왕조실록,6.2,승정원일기,6.2
內圃,2,26,1,3.8,0.0,조선왕조실록,6.2,승정원일기,6.2
山深,3,194,3,1.5,0.0,한국사료총서,6.2,조선왕조실록,6.2
金明秀,2,27,1,3.7,0.0,고순종실록,6.2,승정원일기,6.2
安邊等八邑,2,20,1,5.0,0.0,조선왕조실록,6.2,승정원일기,6.2
平營,2,24,1,4.2,0.0,조선왕조실록,6.2,승정원일기,6.2
彈丸一島,2,20,1,5.0,0.0,조선왕조실록,6.2,승정원일기,6.2
十里,7,28211,351,1.2,0.0,고려사,6.2,승정원일기,6.2
關東道,2,95,1,1.1,0.0,승정원일기,6.2,조선왕조실록,6.2
定州人,4,85,2,2.4,0.0,고려사,6.2,조선왕조실록,6.2
平壤中軍,3,77,1,1.3,0.0,승정원일기,6.2,한국사료총서,6.2
公瑞,2,24,1,4.2,0.0,승정원일기,6.2,한국사료총서,6.2
松西面,2,60,58,96.7,91.7,조선왕조실록,97.8,승정원일기,6.2
葛山里,2,21,20,95.2,93.8,한국사료총서,100.0,승정원일기,6.2
延豊縣,3,114,26,22.8,22.3,승정원일기,28.6,조선왕조실록,6.2
全遼,2,26,1,3.8,0.0,한국사료총서,6.2,조선왕조실록,6.2
松禾縣,3,671,138,20.6,20.1,승정원일기,26.3,한국사료총서,6.2
全羅道鎭安縣,2,22,21,95.5,93.8,승정원일기,100.0,조선왕조실록,6.2
外案,4,192,2,1.0,0.0,고순종실록,6.2,조선왕조실록,6.2
二山,3,58,4,6.9,4.3,한국사료총서,10.5,조선왕조실록,6.2
鄒魯,5,459,21,4.6,0.0,고려사,6.2,승정원일기,6.2
問安廳,3,93,5,5.4,0.0,조선왕조실록,6.2,승정원일기,6.2
粟田,3,58,2,3.4,0.0,조선왕조실록,6.2,한국사료총서,6.2
內殿,6,4205,94,2.2,0.0,고려사,6.2,조선왕조실록,6.2
倉基,3,64,3,4.7,0.0,조선왕조실록,6.2,승정원일기,6.2
靑黃,4,123,3,2.4,0.0,고려사,6.2,한국사료총서,6.2
沈江,3,31,1,3.2,0.0,조선왕조실록,6.2,승정원일기,6.2
本始,3,48,1,2.1,0.0,승정원일기,6.2,조선왕조실록,6.2
出浦,4,267,3,1.1,0.0,고순종실록,6.2,한국사료총서,6.2
奉國,6,318,10,3.1,0.0,고려사,6.2,승정원일기,6.2
爲熙川,2,155,1,0.6,0.0,승정원일기,6.2,조선왕조실록,6.2
洛社,2,23,1,4.3,0.0,한국사료총서,6.2,승정원일기,6.2
三國,8,968,3,0.3,0.0,고려사,6.2,고순종실록,6.2
咸鏡道吉州,3,98,96,98.0,93.8,조선왕조실록,100.0,한국사료총서,6.2
啓禧家,2,22,1,4.5,0.0,조선왕조실록,6.2,승정원일기,6.2
胡俗,3,44,1,2.3,0.0,승정원일기,6.2,조선왕조실록,6.2
養士洞,2,21,20,95.2,93.8,한국사료총서,100.0,승정원일기,6.2
德實,3,107,1,0.9,0.0,승정원일기,6.2,조선왕조실록,6.2
樂土,5,206,5,2.4,0.0,고려사,6.2,조선왕조실록,6.2
姚,7,545,8,1.5,0.0,고순종실록,6.2,고려사절요,6.2
招募,4,164,4,2.4,0.0,고순종실록,6.2,조선왕조실록,6.2
靑山鎭,2,28,27,96.4,93.8,승정원일기,100.0,고순종실록,6.2
南九里,2,20,1,5.0,0.0,조선왕조실록,6.2,한국사료총서,6.2
易,8,79537,201,0.3,0.0,고려사,6.2,삼국사기,6.2
鎭里,2,20,16,80.0,75.0,승정원일기,81.2,한국사료총서,6.2
海陬,3,88,1,1.1,0.0,승정원일기,6.2,조선왕조실록,6.2
龍圖閣,2,30,7,23.3,21.1,승정원일기,27.3,조선왕조실록,6.2
喜雨亭,2,75,72,96.0,93.8,승정원일기,100.0,조선왕조실록,6.2
眞樂,3,41,1,2.4,0.0,조선왕조실록,6.2,승정원일기,6.2
八良峙,2,49,46,93.9,93.8,조선왕조실록,100.0,승정원일기,6.2
玉下,2,19,1,5.3,0.0,한국사료총서,6.2,승정원일기,6.2
永城,4,230,5,2.2,0.0,고순종실록,6.2,조선왕조실록,6.2
蔚山等邑,3,24,1,4.2,0.0,고순종실록,6.2,승정원일기,6.2
牛溪,3,208,2,1.0,0.0,한국사료총서,6.2,조선왕조실록,6.2
滿月介,3,45,1,2.2,0.0,조선왕조실록,6.2,승정원일기,6.2
總戎廳,2,70,1,1.4,0.0,고순종실록,6.2,승정원일기,6.2
加守,4,2150,3,0.1,0.0,고려사,6.1,조선왕조실록,6.1
祭器庫,4,199,11,5.5,0.0,고순종실록,6.1,승정원일기,6.1
福平,4,251,5,2.0,0.0,고순종실록,6.1,조선왕조실록,6.1
靑藍,2,72,3,4.2,0.0,조선왕조실록,6.1,승정원일기,6.1
鳳翔,3,95,36,37.9,33.3,조선왕조실록,39.4,승정원일기,6.1
錦城縣,2,164,46,28.0,27.3,승정원일기,33.3,조선왕조실록,6.1
東學,4,3070,105,3.4,0.0,고순종실록,6.1,승정원일기,6.1
平安道楚山,2,57,54,94.7,93.9,승정원일기,100.0,한국사료총서,6.1
有明,6,2066,18,0.9,0.0,고려사,6.1,고순종실록,6.1
眞廟,3,57,2,3.5,0.0,조선왕조실록,6.1,승정원일기,6.1
兵營,4,6999,304,4.3,0.0,고순종실록,6.1,승정원일기,6.1
吳興,3,228,4,1.8,1.0,승정원일기,7.1,조선왕조실록,6.1
賈山,2,39,2,5.1,0.0,조선왕조실록,6.1,승정원일기,6.1
狎鷗亭,2,60,56,93.3,90.3,조선왕조실록,96.4,승정원일기,6.1
晝峴,2,42,25,59.5,60.5,승정원일기,66.7,조선왕조실록,6.1
硯,5,2185,88,4.0,0.0,고려사,6.1,한국사료총서,6.1
王妃陵,3,66,3,4.5,0.0,조선왕조실록,6.1,승정원일기,6.1
懿墓,2,33,22,66.7,66.7,조선왕조실록,72.7,승정원일기,6.1
夷虜,3,189,5,2.6,0.0,승정원일기,6.1,조선왕조실록,6.1
登城,6,284,8,2.8,0.0,고려사,6.1,한국사료총서,6.1
松皮,3,98,4,4.1,0.0,조선왕조실록,6.1,승정원일기,6.1
畿內諸邑,3,56,3,5.4,0.0,고순종실록,6.1,승정원일기,6.1
上南,5,491,17,3.5,0.0,고려사,6.1,한국사료총서,6.1
文方,3,160,4,2.5,0.0,조선왕조실록,6.0,한국사료총서,6.0
秋江,3,87,4,4.6,0.0,조선왕조실록,6.0,한국사료총서,6.0
嬴,5,678,18,2.7,0.0,고려사,6.0,조선왕조실록,6.0
甲士,6,2379,19,0.8,0.0,고려사,6.0,승정원일기,6.0
東西齋,3,137,5,3.6,0.0,조선왕조실록,6.0,승정원일기,6.0
甘泉,4,174,136,78.2,75.0,고려사,81.0,조선왕조실록,6.0
三門,5,765,36,4.7,0.0,고려사,6.0,승정원일기,6.0
養山,3,229,14,6.1,0.0,조선왕조실록,6.0,승정원일기,6.0
羅里浦,2,73,68,93.2,94.0,승정원일기,100.0,조선왕조실록,6.0
日洞,3,132,4,3.0,0.0,승정원일기,6.0,한국사료총서,6.0
非,8,534993,459,0.1,0.0,고려사절요,6.0,삼국사기,6.0
相國,7,463,5,1.1,0.0,고려사,6.0,조선왕조실록,6.0
海西道,2,180,5,2.8,2.4,승정원일기,8.3,조선왕조실록,5.9
振國,4,218,1,0.5,0.0,고순종실록,5.9,한국사료총서,5.9
樓街,2,58,23,39.7,36.4,조선왕조실록,42.2,승정원일기,5.9
全羅道泰仁縣,2,57,54,94.7,94.1,승정원일기,100.0,조선왕조실록,5.9
鏡湖,2,39,2,5.1,0.0,승정원일기,5.9,한국사료총서,5.9
靖陵改,2,27,1,3.7,0.0,승정원일기,5.9,조선왕조실록,5.9
西坰,2,24,1,4.2,0.0,한국사료총서,5.9,승정원일기,5.9
甄城,3,203,2,1.0,0.0,승정원일기,5.9,한국사료총서,5.9
蓮花坊,2,93,90,96.8,92.6,조선왕조실록,98.5,승정원일기,5.9
校書,6,5419,8,0.1,0.0,고려사,5.9,고순종실록,5.9
龍武,3,52,1,1.9,0.0,승정원일기,5.9,조선왕조실록,5.9
內藥房,2,80,1,1.2,0.0,조선왕조실록,5.9,승정원일기,5.9
伊訓,3,101,1,1.0,0.0,승정원일기,5.9,조선왕조실록,5.9
宜桑,2,29,4,13.8,0.0,승정원일기,5.9,조선왕조실록,5.9
分院,4,696,18,2.6,0.0,고순종실록,5.9,한국사료총서,5.9
秦王,3,224,3,1.3,0.0,한국사료총서,5.9,조선왕조실록,5.9
朱砂,3,233,7,3.0,0.0,한국사료총서,5.9,조선왕조실록,5.9
龍鳳,5,224,9,4.0,0.0,고려사,5.9,조선왕조실록,5.9
王康,5,57,1,1.8,0.0,고려사,5.9,한국사료총서,5.9
平安道理山,2,42,41,97.6,94.1,승정원일기,100.0,조선왕조실록,5.9
校宮,4,393,17,4.3,0.0,고순종실록,5.9,승정원일기,5.9
沿江,6,1962,70,3.6,0.0,고려사,5.9,한국사료총서,5.9
分三里,2,55,2,3.6,0.0,승정원일기,5.9,한국사료총서,5.9
義原,4,166,5,3.0,0.0,고순종실록,5.9,한국사료총서,5.9
遊山,3,265,8,3.0,0.8,승정원일기,6.7,한국사료총서,5.9
野隱,3,33,1,3.0,0.0,승정원일기,5.9,한국사료총서,5.9
迎和,4,255,3,1.2,0.0,조선왕조실록,5.9,고순종실록,5.9
龍學,3,38,1,2.6,0.0,승정원일기,5.9,한국사료총서,5.9
金學洙,3,1537,1,0.1,0.0,고순종실록,5.9,한국사료총서,5.9
於坡,4,294,4,1.4,0.0,고순종실록,5.9,조선왕조실록,5.9
鏡城人,3,61,2,3.3,0.0,승정원일기,5.9,조선왕조실록,5.9
飛來,3,85,2,2.4,0.0,조선왕조실록,5.9,승정원일기,5.9
文獻閣,2,21,20,95.2,94.1,승정원일기,100.0,조선왕조실록,5.9
生薑,3,147,1,0.7,0.0,승정원일기,5.9,조선왕조실록,5.9
下山,5,716,24,3.4,0.0,고순종실록,5.9,조선왕조실록,5.9
箕星,4,234,2,0.9,0.0,고려사,5.9,조선왕조실록,5.9
京畿安城,3,191,190,99.5,94.1,조선왕조실록,100.0,한국사료총서,5.9
瀛海,3,66,3,4.5,0.0,조선왕조실록,5.9,한국사료총서,5.9
敬徽殿,2,475,426,89.7,89.3,승정원일기,95.2,조선왕조실록,5.9
全陳,2,39,1,2.6,0.0,조선왕조실록,5.9,승정원일기,5.9
五行,6,1397,3,0.2,0.0,고순종실록,5.9,고려사,5.9
常令,5,199,4,2.0,0.0,고려사,5.9,한국사료총서,5.9
京漢,2,25,1,4.0,0.0,한국사료총서,5.9,승정원일기,5.9
屬慶州,4,46,1,2.2,0.0,삼국사기,5.9,한국사료총서,5.9
關東諸邑,2,23,1,4.3,0.0,조선왕조실록,5.9,승정원일기,5.9
廣州沙斤川,2,23,22,95.7,94.1,승정원일기,100.0,조선왕조실록,5.9
祠堂,4,845,20,2.4,0.0,고려사,5.9,승정원일기,5.9
點檢所,2,23,1,4.3,0.0,조선왕조실록,5.9,승정원일기,5.9
伊陟,3,27,1,3.7,0.0,조선왕조실록,5.9,승정원일기,5.9
魚水堂,2,194,183,94.3,94.1,승정원일기,100.0,조선왕조실록,5.9
德寧府,3,31,1,3.2,0.0,고려사,5.9,조선왕조실록,5.9
京畿朔寧郡,2,25,24,96.0,94.1,승정원일기,100.0,조선왕조실록,5.9
連同,3,49,2,4.1,0.0,승정원일기,5.9,조선왕조실록,5.9
銀河,3,55,1,1.8,0.0,승정원일기,5.9,조선왕조실록,5.9
吳統領,3,29,1,3.4,0.0,고순종실록,5.9,승정원일기,5.9
船盆,2,24,1,4.2,0.0,고순종실록,5.9,승정원일기,5.9
畿都,3,1231,11,0.9,0.0,조선왕조실록,5.9,한국사료총서,5.9
元世祖,5,115,1,0.9,0.0,고려사,5.9,한국사료총서,5.9
寶有,3,36,1,2.8,0.0,승정원일기,5.9,조선왕조실록,5.9
忠淸道槐山郡,2,39,36,92.3,94.1,승정원일기,100.0,조선왕조실록,5.9
順輿,3,43,1,2.3,0.0,승정원일기,5.9,한국사료총서,5.9
明田,2,19,5,26.3,25.0,한국사료총서,30.8,승정원일기,5.8
弘,8,143898,7170,5.0,0.0,고려사절요,5.8,승정원일기,5.8
雙樹城,2,27,16,59.3,60.9,승정원일기,66.7,조선왕조실록,5.8
仁州,4,102,93,91.2,88.9,고려사절요,94.7,조선왕조실록,5.8
德成閤,2,553,531,96.0,94.2,승정원일기,100.0,조선왕조실록,5.8
元朝,6,1879,24,1.3,0.0,고려사,5.8,조선왕조실록,5.8
公山縣,2,201,56,27.9,22.7,조선왕조실록,28.5,승정원일기,5.8
東萊·,3,313,10,3.2,0.0,고려사,5.8,한국사료총서,5.8
法,8,267239,1786,0.7,0.0,고려사절요,5.8,고순종실록,5.8
橫木,3,174,6,3.4,0.0,조선왕조실록,5.8,승정원일기,5.8
振,8,39648,1439,3.6,0.0,삼국유사,5.8,한국사료총서,5.8
澄淸,5,854,22,2.6,0.0,고려사,5.8,조선왕조실록,5.8
易東,2,159,87,54.7,50.0,승정원일기,55.7,한국사료총서,5.7
漢原廟,2,12,2,16.7,14.3,조선왕조실록,20.0,승정원일기,5.7
自作,7,3126,78,2.5,0.0,고려사,5.7,한국사료총서,5.7
楊州一,2,65,2,3.1,2.0,승정원일기,7.7,조선왕조실록,5.7
成均館,6,13824,428,3.1,0.0,고려사,5.7,조선왕조실록,5.7
濟州人,5,420,8,1.9,0.0,고려사,5.7,조선왕조실록,5.7
白鷄,2,13,2,15.4,14.3,한국사료총서,20.0,조선왕조실록,5.7
京畿江華府,2,20,17,85.0,81.8,승정원일기,87.5,조선왕조실록,5.7
明安公主房,2,77,4,5.2,0.0,조선왕조실록,5.7,승정원일기,5.7
防浦,2,14,2,14.3,14.3,조선왕조실록,20.0,한국사료총서,5.7
長墻,2,57,3,5.3,0.0,한국사료총서,5.7,조선왕조실록,5.7
鐵山邑,2,14,11,78.6,80.0,승정원일기,85.7,한국사료총서,5.7
嶺東九邑,2,85,4,4.7,0.0,조선왕조실록,5.7,승정원일기,5.7
省城,2,57,3,5.3,0.0,승정원일기,5.7,한국사료총서,5.7
大洞,3,100,61,61.0,61.0,한국사료총서,66.7,승정원일기,5.7
黃海道白川郡,2,89,86,96.6,91.7,조선왕조실록,97.3,승정원일기,5.7
富家,6,261,6,2.3,0.0,고려사,5.7,조선왕조실록,5.7
公忠右道,3,41,39,95.1,94.3,승정원일기,100.0,조선왕조실록,5.7
嶺南一路,3,72,3,4.2,0.0,조선왕조실록,5.7,승정원일기,5.7
新正,3,186,3,1.6,0.0,조선왕조실록,5.7,한국사료총서,5.7
大俄,2,25,20,80.0,80.0,고순종실록,85.7,한국사료총서,5.7
慶昌,6,1230,28,2.3,0.0,고려사,5.7,조선왕조실록,5.7
安川,4,276,3,1.1,0.0,고순종실록,5.7,조선왕조실록,5.7
景秋門,2,165,154,93.3,94.3,승정원일기,100.0,조선왕조실록,5.7
津頭,4,621,23,3.7,0.0,고순종실록,5.7,한국사료총서,5.7
珍富驛,2,14,12,85.7,80.0,조선왕조실록,85.7,한국사료총서,5.7
京商,4,199,2,1.0,0.0,고순종실록,5.6,한국사료총서,5.6
黃州人,3,39,1,2.6,0.0,승정원일기,5.6,조선왕조실록,5.6
兩南方,2,29,1,3.4,0.0,조선왕조실록,5.6,승정원일기,5.6
臯,4,2425,21,0.9,0.0,조선왕조실록,5.6,한국사료총서,5.6
兩慶,4,148,2,1.4,0.0,고순종실록,5.6,조선왕조실록,5.6
永與,3,71,2,2.8,0.0,조선왕조실록,5.6,한국사료총서,5.6
會安,3,35,7,20.0,16.7,한국사료총서,22.2,승정원일기,5.6
忠淸道驛,2,40,2,5.0,0.0,조선왕조실록,5.6,승정원일기,5.6
正吾,3,1065,1,0.1,0.0,승정원일기,5.6,한국사료총서,5.6
藤,6,5612,11,0.2,0.0,고려사절요,5.6,고려사,5.6
東上房,4,52,1,1.9,0.0,고려사,5.6,조선왕조실록,5.6
漢陵,2,15,3,20.0,16.7,승정원일기,22.2,조선왕조실록,5.6
沙水,3,31,1,3.2,0.0,조선왕조실록,5.6,승정원일기,5.6
陳島,2,26,3,11.5,11.1,승정원일기,16.7,조선왕조실록,5.6
龍山江楮子島,3,69,66,95.7,94.4,승정원일기,100.0,조선왕조실록,5.6
明興,3,33,1,3.0,0.0,조선왕조실록,5.6,승정원일기,5.6
忠淸三道,3,67,1,1.5,0.0,고려사,5.6,승정원일기,5.6
三祭,4,35,1,2.9,0.0,고려사,5.6,승정원일기,5.6
灔澦,2,30,1,3.3,0.0,한국사료총서,5.6,승정원일기,5.6
關外,6,665,22,3.3,0.0,고려사,5.6,승정원일기,5.6
板前,4,231,3,1.3,0.0,고순종실록,5.6,조선왕조실록,5.6
懷安,3,328,2,0.6,0.0,승정원일기,5.6,한국사료총서,5.6
甫下,3,113,4,3.5,0.0,한국사료총서,5.6,승정원일기,5.6
沁園,2,25,1,4.0,0.0,조선왕조실록,5.6,승정원일기,5.6
典獄署,5,1604,73,4.6,0.0,고려사,5.6,승정원일기,5.6
淑嬪祠宇,2,21,1,4.8,0.0,조선왕조실록,5.6,승정원일기,5.6
衛滿,4,85,3,3.5,0.0,고려사,5.6,한국사료총서,5.6
下間,3,102,1,1.0,0.0,승정원일기,5.6,조선왕조실록,5.6
鳥道,3,50,2,4.0,0.0,조선왕조실록,5.6,승정원일기,5.6
承筐,3,47,1,2.1,0.0,조선왕조실록,5.6,승정원일기,5.6
敦勇,2,25,1,4.0,0.0,승정원일기,5.6,조선왕조실록,5.6
并,4,2054,10,0.5,0.0,삼국유사,5.6,삼국사기,5.6
潭陽府,3,746,121,16.2,11.6,조선왕조실록,17.2,승정원일기,5.6
京畿地,3,60,2,3.3,0.0,조선왕조실록,5.6,승정원일기,5.6
宮城,6,2002,27,1.3,0.0,고려사,5.6,고려사절요,5.6
任海,4,178,1,0.6,0.0,고순종실록,5.6,조선왕조실록,5.6
大法國,2,42,4,9.5,0.0,승정원일기,5.6,한국사료총서,5.6
慶尙道榮川郡,2,25,24,96.0,94.4,승정원일기,100.0,조선왕조실록,5.6
農,8,46224,1839,4.0,0.0,고려사,5.6,승정원일기,5.6
淸廟,5,500,22,4.4,0.0,고려사,5.6,고순종실록,5.6
狎鷗,2,65,59,90.8,90.9,조선왕조실록,96.6,승정원일기,5.6
恭儉,6,685,17,2.5,0.0,고려사절요,5.6,고려사,5.6
泊江,3,70,1,1.4,0.0,승정원일기,5.6,한국사료총서,5.6
瀋陽城,3,20,4,20.0,16.7,승정원일기,22.2,한국사료총서,5.6
康正,2,71,1,1.4,0.0,승정원일기,5.6,조선왕조실록,5.6
唐錢,3,67,1,1.5,0.0,승정원일기,5.6,조선왕조실록,5.6
周郊,3,26,1,3.8,0.0,조선왕조실록,5.6,승정원일기,5.6
中後所,2,15,2,13.3,11.1,한국사료총서,16.7,승정원일기,5.6
忠淸道泰安,3,109,105,96.3,94.4,승정원일기,100.0,한국사료총서,5.6
濬川司堂,2,22,1,4.5,0.0,조선왕조실록,5.6,승정원일기,5.6
小中華,3,251,2,0.8,0.0,한국사료총서,5.6,조선왕조실록,5.6
六朝,3,186,3,1.6,0.0,한국사료총서,5.6,조선왕조실록,5.6
東溟,4,1065,8,0.8,0.0,고려사,5.6,한국사료총서,5.6
浦上,4,90,3,3.3,0.0,삼국사기,5.6,승정원일기,5.6
有宋,5,531,6,1.1,0.0,고려사,5.6,조선왕조실록,5.6
巡威島,2,28,27,96.4,94.4,승정원일기,100.0,조선왕조실록,5.6
德還,3,51,1,2.0,0.0,승정원일기,5.6,한국사료총서,5.6
北峯,2,35,2,5.7,0.0,한국사료총서,5.6,조선왕조실록,5.6
南岡,3,30,1,3.3,0.0,승정원일기,5.6,한국사료총서,5.6
宣室,3,53,2,3.8,0.0,조선왕조실록,5.6,승정원일기,5.6
京畿南陽,3,176,173,98.3,94.4,조선왕조실록,100.0,한국사료총서,5.6
開城郡,3,41,20,48.8,44.4,승정원일기,50.0,고순종실록,5.6
壽靜門,2,26,25,96.2,94.4,승정원일기,100.0,조선왕조실록,5.6
北辰,4,305,3,1.0,0.0,고려사,5.6,조선왕조실록,5.6
宣德鎭,2,20,16,80.0,83.3,고려사절요,88.9,고려사,5.6
孝章宮,2,215,127,59.1,53.8,조선왕조실록,59.4,승정원일기,5.6
內藏,4,1448,10,0.7,0.0,고순종실록,5.5,조선왕조실록,5.5
館倭,3,678,14,2.1,0.0,한국사료총서,5.5,조선왕조실록,5.5
愼獨,4,641,9,1.4,0.0,고순종실록,5.5,조선왕조실록,5.5
景白,3,70,3,4.3,0.0,조선왕조실록,5.5,승정원일기,5.5
新路,3,173,8,4.6,0.0,한국사료총서,5.5,조선왕조실록,5.5
唐兵,5,343,12,3.5,0.0,삼국사기,5.5,조선왕조실록,5.5
新光,2,17,7,41.2,37.5,조선왕조실록,42.9,승정원일기,5.4
大老,4,902,40,4.4,0.0,고순종실록,5.4,승정원일기,5.4
上,8,2342964,5456,0.2,0.1,승정원일기,5.6,삼국사기,5.4
后稷氏,4,129,3,2.3,0.0,고려사,5.4,승정원일기,5.4
所已,4,1576,73,4.6,0.0,고순종실록,5.4,승정원일기,5.4
東部面,2,46,44,95.7,94.6,한국사료총서,100.0,승정원일기,5.4
務,7,107342,1712,1.6,0.8,고려사절요,6.2,삼국사기,5.4
孝昭殿,2,1314,1235,94.0,89.3,조선왕조실록,94.7,승정원일기,5.4
魚,8,45523,1025,2.3,0.0,고려사절요,5.4,삼국유사,5.4
王家,6,1456,6,0.4,0.0,고려사,5.4,한국사료총서,5.4
忠淸道藍浦,2,74,70,94.6,94.6,승정원일기,100.0,조선왕조실록,5.4
閶闔,5,161,2,1.2,0.0,고려사,5.4,조선왕조실록,5.4
四門,6,922,30,3.3,0.0,고려사,5.4,승정원일기,5.4
別監房,2,61,3,4.9,0.0,조선왕조실록,5.4,승정원일기,5.4
幕,7,18422,555,3.0,0.0,고려사,5.4,한국사료총서,5.4
知新,4,395,3,0.8,0.0,고순종실록,5.4,한국사료총서,5.4
盛,8,75005,1756,2.3,0.0,고려사,5.4,한국사료총서,5.4
正善,4,209,9,4.3,0.0,고순종실록,5.4,승정원일기,5.4
北轅,5,110,3,2.7,0.0,고려사,5.4,승정원일기,5.4
細城山,2,133,126,94.7,94.6,한국사료총서,100.0,승정원일기,5.4
海村,3,66,29,43.9,41.7,승정원일기,47.1,한국사료총서,5.4
綏陵表石,2,43,2,4.7,0.0,고순종실록,5.4,승정원일기,5.4
右水營,4,549,20,3.6,0.0,고순종실록,5.4,승정원일기,5.4
漢東,3,180,9,5.0,0.0,한국사료총서,5.4,승정원일기,5.4
藩,7,18887,572,3.0,0.0,고려사절요,5.4,조선왕조실록,5.4
御齋室,4,811,41,5.1,0.0,고순종실록,5.4,승정원일기,5.4
坡城,2,48,2,4.2,0.0,승정원일기,5.4,조선왕조실록,5.4
島夷,5,486,14,2.9,0.0,고려사,5.4,조선왕조실록,5.4
關西營,2,63,3,4.8,0.0,조선왕조실록,5.4,승정원일기,5.4
應銖,3,155,1,0.6,0.0,조선왕조실록,5.3,승정원일기,5.3
祖谷,2,22,21,95.5,94.7,한국사료총서,100.0,조선왕조실록,5.3
考亭,3,211,7,3.3,0.0,조선왕조실록,5.3,승정원일기,5.3
雄府,4,450,11,2.4,0.0,고순종실록,5.3,한국사료총서,5.3
都領,6,1043,1,0.1,0.0,고려사,5.3,조선왕조실록,5.3
陽寧,2,27,4,14.8,0.0,조선왕조실록,5.3,승정원일기,5.3
長技,4,404,2,0.5,0.0,고순종실록,5.3,한국사료총서,5.3
舞童,4,581,9,1.5,0.0,고순종실록,5.3,한국사료총서,5.3
大河,4,162,4,2.5,0.0,고려사,5.3,한국사료총서,5.3
三驛,3,118,1,0.8,0.0,승정원일기,5.3,조선왕조실록,5.3
仁智,4,141,6,4.3,0.0,고려사,5.3,승정원일기,5.3
銅柱,3,63,1,1.6,0.0,조선왕조실록,5.3,승정원일기,5.3
合江,2,42,2,4.8,0.0,조선왕조실록,5.3,한국사료총서,5.3
開陽門外,2,178,9,5.1,0.0,조선왕조실록,5.3,승정원일기,5.3
都會所,3,113,2,1.8,0.0,조선왕조실록,5.3,승정원일기,5.3
集英,2,230,215,93.5,94.7,승정원일기,100.0,조선왕조실록,5.3
內也,4,452,7,1.5,0.0,고순종실록,5.3,한국사료총서,5.3
乃朴,3,127,3,2.4,0.0,승정원일기,5.3,조선왕조실록,5.3
黃海道白翎,2,27,26,96.3,94.7,승정원일기,100.0,조선왕조실록,5.3
慶尙道永川郡,2,22,21,95.5,94.7,승정원일기,100.0,조선왕조실록,5.3
慶尙兵營,2,25,1,4.0,0.0,조선왕조실록,5.3,승정원일기,5.3
屬郡,4,71,1,1.4,0.0,고려사,5.3,한국사료총서,5.3
平寧,3,76,4,5.3,0.0,한국사료총서,5.3,승정원일기,5.3
三加,5,511,3,0.6,0.0,고려사,5.3,한국사료총서,5.3
桓祖,6,332,4,1.2,0.0,고려사,5.3,승정원일기,5.3
統,8,41177,1493,3.6,0.0,고려사,5.3,승정원일기,5.3
越嶺,3,48,1,2.1,0.0,조선왕조실록,5.3,승정원일기,5.3
至良,3,72,1,1.4,0.0,승정원일기,5.3,한국사료총서,5.3
承業,3,407,1,0.2,0.0,승정원일기,5.3,한국사료총서,5.3
土蓮,3,25,1,4.0,0.0,조선왕조실록,5.3,승정원일기,5.3
元兵,5,60,1,1.7,0.0,고려사,5.3,조선왕조실록,5.3
梨峴洞口,2,22,1,4.5,0.0,조선왕조실록,5.3,승정원일기,5.3
洪濟院,2,82,77,93.9,94.7,조선왕조실록,100.0,승정원일기,5.3
大荒,4,103,2,1.9,0.0,고순종실록,5.3,조선왕조실록,5.3
斗山,4,649,4,0.6,0.0,고순종실록,5.3,한국사료총서,5.3
滻,2,34,16,47.1,42.9,한국사료총서,48.1,승정원일기,5.3
七廟,4,226,5,2.2,0.0,고순종실록,5.3,승정원일기,5.3
東從享,2,22,1,4.5,0.0,한국사료총서,5.3,승정원일기,5.3
京畿驛,2,876,46,5.3,0.0,조선왕조실록,5.3,승정원일기,5.3
是州,3,100,1,1.0,0.0,승정원일기,5.3,조선왕조실록,5.3
帝都,3,81,3,3.7,0.0,한국사료총서,5.3,승정원일기,5.3
雲合,4,56,1,1.8,0.0,고려사,5.3,한국사료총서,5.3
永樂,4,868,11,1.3,0.0,고순종실록,5.3,한국사료총서,5.3
地異,3,162,6,3.7,0.0,한국사료총서,5.3,조선왕조실록,5.3
德所,6,568,2,0.4,0.0,고려사,5.3,한국사료총서,5.3
長通橋,2,23,22,95.7,94.7,승정원일기,100.0,조선왕조실록,5.3
古太,5,122,2,1.6,0.0,고려사,5.3,조선왕조실록,5.3
理山人,2,26,1,3.8,0.0,승정원일기,5.3,조선왕조실록,5.3
慶尙道義興,2,27,26,96.3,94.7,승정원일기,100.0,조선왕조실록,5.3
閔伸,3,204,1,0.5,0.0,조선왕조실록,5.3,승정원일기,5.3
來城,3,157,1,0.6,0.0,승정원일기,5.3,한국사료총서,5.3
禮明,3,84,1,1.2,0.0,승정원일기,5.3,조선왕조실록,5.3
江華府鼎足山,2,22,21,95.5,94.7,승정원일기,100.0,고순종실록,5.3
盤踞,2,36,1,2.8,0.0,한국사료총서,5.3,승정원일기,5.3
東生,3,36,1,2.8,0.0,조선왕조실록,5.3,승정원일기,5.3
醲,4,76,2,2.6,0.0,고순종실록,5.3,한국사료총서,5.3
無衣,4,464,15,3.2,0.0,고려사,5.3,조선왕조실록,5.3
齋舍,4,473,11,2.3,0.0,고순종실록,5.3,승정원일기,5.3
原州人,3,40,1,2.5,0.0,승정원일기,5.3,조선왕조실록,5.3
平陽府,2,22,1,4.5,0.0,한국사료총서,5.3,조선왕조실록,5.3
靑藍契,2,23,1,4.3,0.0,조선왕조실록,5.3,승정원일기,5.3
玉塞,2,43,3,7.0,0.0,한국사료총서,5.3,승정원일기,5.3
晋州人,3,54,2,3.7,0.0,고려사,5.3,조선왕조실록,5.3
文忠公柳成龍,4,46,1,2.2,0.0,고순종실록,5.3,승정원일기,5.3
恩城府夫人,2,26,1,3.8,0.0,조선왕조실록,5.3,승정원일기,5.3
直指,6,1781,15,0.8,0.0,고려사,5.3,고순종실록,5.3
有夏,3,619,2,0.3,0.0,승정원일기,5.3,조선왕조실록,5.3
同,8,534509,4331,0.8,0.6,승정원일기,5.9,고려사절요,5.3
升平,4,318,2,0.6,0.0,고순종실록,5.3,조선왕조실록,5.3
娚妹,3,827,3,0.4,0.0,승정원일기,5.3,조선왕조실록,5.3
文忠公李恒福,3,34,1,2.9,0.0,조선왕조실록,5.3,승정원일기,5.3
峴里,3,201,192,95.5,94.7,한국사료총서,100.0,조선왕조실록,5.3
溟海,3,67,2,3.0,0.0,승정원일기,5.3,한국사료총서,5.3
護産廳,2,42,2,4.8,0.0,조선왕조실록,5.3,승정원일기,5.3
長方,3,54,2,3.7,0.0,조선왕조실록,5.3,승정원일기,5.3
管城所,3,46,2,4.3,0.0,고순종실록,5.3,승정원일기,5.3
氐,5,661,10,1.5,0.0,고려사,5.3,조선왕조실록,5.3
進齋,2,36,1,2.8,0.0,조선왕조실록,5.3,승정원일기,5.3
賊奴,3,131,3,2.3,0.0,승정원일기,5.3,조선왕조실록,5.3
津村,2,64,52,81.2,76.5,한국사료총서,81.8,승정원일기,5.3
西路關防,2,31,1,3.2,0.0,조선왕조실록,5.3,승정원일기,5.3
以北,7,3512,114,3.2,0.0,고려사,5.2,승정원일기,5.2
咸鏡道鏡城府,2,101,96,95.0,94.8,승정원일기,100.0,조선왕조실록,5.2
慶恩,4,434,18,4.1,0.0,고순종실록,5.2,승정원일기,5.2
聖德,7,13168,24,0.2,0.0,고려사,5.2,한국사료총서,5.2
忠賢,4,695,26,3.7,0.0,고순종실록,5.2,승정원일기,5.2
五卜,3,98,3,3.1,0.0,승정원일기,5.2,한국사료총서,5.2
忠淸道木川縣,2,40,36,90.0,85.7,조선왕조실록,90.9,승정원일기,5.2
龕室,3,294,13,4.4,0.0,조선왕조실록,5.2,승정원일기,5.2
安泰,5,443,6,1.4,0.0,고순종실록,5.2,한국사료총서,5.2
海臬,2,165,8,4.8,0.0,조선왕조실록,5.2,승정원일기,5.2
右兵營,4,301,12,4.0,0.0,고순종실록,5.2,승정원일기,5.2
平安道价川,2,70,67,95.7,94.8,승정원일기,100.0,조선왕조실록,5.2
杏洲,2,26,24,92.3,88.9,한국사료총서,94.1,승정원일기,5.2
貞,8,40471,2082,5.1,1.9,삼국유사,7.1,고려사,5.2
船泊,5,433,10,2.3,0.0,고려사,5.2,한국사료총서,5.2
旅,7,10509,258,2.5,0.0,고려사,5.1,조선왕조실록,5.1
安慶,5,1080,2,0.2,0.0,고려사,5.1,한국사료총서,5.1
第五室,5,634,30,4.7,0.0,고려사,5.1,승정원일기,5.1
德淵,4,401,6,1.5,0.0,고순종실록,5.1,조선왕조실록,5.1
雨,8,138904,1119,0.8,0.0,고려사절요,5.1,삼국사기,5.1
重光,6,651,21,3.2,0.0,고려사,5.1,조선왕조실록,5.1
萬山,3,150,3,2.0,0.0,한국사료총서,5.1,승정원일기,5.1
賀,8,52484,84,0.2,0.0,고려사,5.1,삼국사기,5.1
六臣,4,996,36,3.6,0.0,고순종실록,5.1,승정원일기,5.1
兩西巡撫營,2,66,3,4.5,0.0,한국사료총서,5.1,승정원일기,5.1
東軒,4,735,7,1.0,0.0,고순종실록,5.1,승정원일기,5.1
金商門外,2,128,6,4.7,0.0,조선왕조실록,5.1,승정원일기,5.1
老來,3,239,3,1.3,0.0,승정원일기,5.1,조선왕조실록,5.1
全城,4,578,8,1.4,0.0,고순종실록,5.1,한국사료총서,5.1
彎,4,527,17,3.2,0.0,삼국사기,5.1,승정원일기,5.1
近村,3,97,2,2.1,0.0,승정원일기,5.1,한국사료총서,5.1
莊洞,2,17,11,64.7,61.5,한국사료총서,66.7,승정원일기,5.1
冠文,4,113,3,2.7,0.0,고순종실록,5.1,한국사료총서,5.1
初面,3,433,10,2.3,0.0,한국사료총서,5.1,승정원일기,5.1
經州牧,2,42,2,4.8,0.0,조선왕조실록,5.1,승정원일기,5.1
親軍西營,2,92,4,4.3,0.0,고순종실록,5.1,승정원일기,5.1
關西一道,2,57,2,3.5,0.0,조선왕조실록,5.1,승정원일기,5.1
慶尙道驛,2,44,2,4.5,0.0,조선왕조실록,5.1,승정원일기,5.1
第一室,5,1886,89,4.7,0.0,고려사,5.1,승정원일기,5.1
梁丘,2,23,1,4.3,0.0,조선왕조실록,5.0,승정원일기,5.0
金召,4,1365,3,0.2,0.0,고순종실록,5.0,한국사료총서,5.0
非迷,3,49,1,2.0,0.0,조선왕조실록,5.0,승정원일기,5.0
珠邱,4,179,5,2.8,0.0,고순종실록,5.0,한국사료총서,5.0
臨屯,3,30,29,96.7,95.0,한국사료총서,100.0,조선왕조실록,5.0
鰈域,3,257,2,0.8,0.0,조선왕조실록,5.0,승정원일기,5.0
守貞,5,209,6,2.9,0.0,고려사,5.0,승정원일기,5.0
鎭戍,5,76,2,2.6,0.0,고려사,5.0,조선왕조실록,5.0
北幕,3,146,6,4.1,0.0,조선왕조실록,5.0,승정원일기,5.0
弓面,3,32,1,3.1,0.0,승정원일기,5.0,한국사료총서,5.0
方丘,2,27,1,3.7,0.0,조선왕조실록,5.0,승정원일기,5.0
先正書院,2,24,1,4.2,0.0,조선왕조실록,5.0,승정원일기,5.0
中營,4,751,21,2.8,0.0,고순종실록,5.0,승정원일기,5.0
金靈,3,41,1,2.4,0.0,승정원일기,5.0,조선왕조실록,5.0
南沿,4,658,25,3.8,0.0,고순종실록,5.0,승정원일기,5.0
孝子,7,3361,23,0.7,0.0,삼국사기,5.0,고려사절요,5.0
肅淸,5,837,23,2.7,0.0,고려사,5.0,조선왕조실록,5.0
錢唐,2,171,25,14.6,10.0,조선왕조실록,15.0,승정원일기,5.0
永川人,2,41,1,2.4,0.0,한국사료총서,5.0,조선왕조실록,5.0
京驛,3,223,11,4.9,0.0,조선왕조실록,5.0,승정원일기,5.0
永通,4,133,4,3.0,0.0,고려사,5.0,조선왕조실록,5.0
於靑,6,584,9,1.5,0.0,고려사,5.0,조선왕조실록,5.0
麒麟驛,2,31,25,80.6,80.0,조선왕조실록,85.0,승정원일기,5.0
集玉齋,2,46,43,93.5,95.0,승정원일기,100.0,고순종실록,5.0
有虞,5,238,3,1.3,0.0,고려사,5.0,조선왕조실록,5.0
克城,2,19,3,15.8,20.0,승정원일기,25.0,한국사료총서,5.0
金谷里,2,24,23,95.8,95.0,한국사료총서,100.0,고순종실록,5.0
開南,3,141,1,0.7,0.0,조선왕조실록,5.0,승정원일기,5.0
赤筒,2,79,55,69.6,70.0,승정원일기,75.0,조선왕조실록,5.0
魚川道,2,19,13,68.4,75.0,승정원일기,80.0,조선왕조실록,5.0
平安道江西縣,2,30,28,93.3,90.0,조선왕조실록,95.0,승정원일기,5.0
本曹謄錄,2,286,1,0.3,0.0,승정원일기,5.0,조선왕조실록,5.0
水原境,2,24,1,4.2,0.0,조선왕조실록,5.0,승정원일기,5.0
海蓋,2,10,2,20.0,20.0,한국사료총서,25.0,승정원일기,5.0
王監軍,2,23,1,4.3,0.0,조선왕조실록,5.0,승정원일기,5.0
嶺南外,2,23,1,4.3,0.0,조선왕조실록,5.0,승정원일기,5.0
嶺峽,2,25,1,4.0,0.0,조선왕조실록,5.0,승정원일기,5.0
三里,4,2978,104,3.5,0.0,고순종실록,5.0,승정원일기,5.0
雍齒,3,53,2,3.8,0.0,조선왕조실록,5.0,승정원일기,5.0
光川,3,74,2,2.7,0.0,승정원일기,5.0,한국사료총서,5.0
太白山史庫,2,20,15,75.0,75.0,조선왕조실록,80.0,승정원일기,5.0
關西諸邑,2,26,1,3.8,0.0,조선왕조실록,5.0,승정원일기,5.0
義州所串,2,9,7,77.8,75.0,승정원일기,80.0,조선왕조실록,5.0
京畿果川縣,2,26,23,88.5,95.0,승정원일기,100.0,조선왕조실록,5.0
梧野,2,10,3,30.0,20.0,승정원일기,25.0,조선왕조실록,5.0
百川,5,107,4,3.7,0.0,고려사,5.0,조선왕조실록,5.0
帝座,4,68,1,1.5,0.0,고려사,5.0,조선왕조실록,5.0
本楊,2,24,1,4.2,0.0,조선왕조실록,5.0,승정원일기,5.0
三陟地,2,44,5,11.4,8.3,조선왕조실록,13.3,승정원일기,5.0
中興,7,2804,80,2.9,0.0,고려사절요,5.0,조선왕조실록,5.0
唐服,2,27,1,3.7,0.0,한국사료총서,5.0,조선왕조실록,5.0
雨草,3,29,1,3.4,0.0,승정원일기,5.0,조선왕조실록,5.0
平兵,3,258,5,1.9,0.6,승정원일기,5.6,한국사료총서,5.0
殿直,5,300,1,0.3,0.0,고려사,5.0,한국사료총서,5.0
泰寧殿,2,242,231,95.5,95.0,승정원일기,100.0,조선왕조실록,5.0
湖界,2,86,4,4.7,0.0,조선왕조실록,5.0,승정원일기,5.0
江原道安峽,3,31,30,96.8,95.0,승정원일기,100.0,한국사료총서,5.0
戰國,4,914,5,0.5,0.0,고순종실록,5.0,조선왕조실록,5.0
西大悲院,3,32,1,3.1,0.0,고려사절요,5.0,고려사,5.0
武寧,5,67,1,1.5,0.0,고순종실록,5.0,승정원일기,5.0
小貞洞,2,30,25,83.3,80.0,한국사료총서,85.0,승정원일기,5.0
風月軒,2,24,23,95.8,95.0,승정원일기,100.0,조선왕조실록,5.0
鶴嶺,2,15,4,26.7,20.0,한국사료총서,25.0,승정원일기,5.0
畿驛,2,1253,61,4.9,0.0,조선왕조실록,5.0,승정원일기,5.0
大小,7,23334,70,0.3,0.0,삼국사기,5.0,고려사절요,5.0
後島,3,61,2,3.3,0.0,조선왕조실록,4.9,승정원일기,4.9
柵內,3,84,2,2.4,0.0,조선왕조실록,4.9,승정원일기,4.9
靑宮,4,102,2,2.0,0.0,고순종실록,4.9,승정원일기,4.9
忠淸道恩津縣,2,37,35,94.6,90.9,조선왕조실록,95.8,승정원일기,4.9
無路,6,12475,38,0.3,0.0,고려사,4.9,조선왕조실록,4.9
襄陵,2,27,2,7.4,6.2,승정원일기,11.1,조선왕조실록,4.9
圓壇,2,107,6,5.6,0.0,한국사료총서,4.9,조선왕조실록,4.9
海兩道,3,369,9,2.4,0.0,조선왕조실록,4.9,승정원일기,4.9
陵所,5,4421,6,0.1,0.0,고려사,4.9,한국사료총서,4.9
礦山,3,84,2,2.4,0.0,고순종실록,4.9,승정원일기,4.9
祝壽齋,2,68,3,4.4,0.0,고려사,4.9,조선왕조실록,4.9
潦水,4,861,13,1.5,0.0,고순종실록,4.9,한국사료총서,4.9
速古乃,2,45,2,4.4,0.0,승정원일기,4.9,조선왕조실록,4.9
同仁堡,2,27,23,85.2,88.9,조선왕조실록,93.8,승정원일기,4.9
紀,8,64370,67,0.1,0.0,고려사,4.9,삼국사기,4.9
頭頭人,2,97,2,2.1,0.0,승정원일기,4.9,조선왕조실록,4.9
俊秀,4,378,14,3.7,0.0,고순종실록,4.9,승정원일기,4.9
林士,3,57,2,3.5,0.0,조선왕조실록,4.9,승정원일기,4.9
興寧君,5,102,3,2.9,0.0,고려사,4.9,승정원일기,4.9
金巖驛,2,30,28,93.3,95.2,승정원일기,100.0,조선왕조실록,4.8
漢澤,3,29,1,3.4,0.0,조선왕조실록,4.8,승정원일기,4.8
土洞,2,53,44,83.0,80.0,승정원일기,84.8,한국사료총서,4.8
政論,3,59,2,3.4,0.0,조선왕조실록,4.8,승정원일기,4.8
東邸,2,35,1,2.9,0.0,조선왕조실록,4.8,승정원일기,4.8
賊胡,3,178,8,4.5,0.0,승정원일기,4.8,조선왕조실록,4.8
平壤之,6,319,5,1.6,0.0,고려사,4.8,승정원일기,4.8
忠源,3,148,3,2.0,0.0,조선왕조실록,4.8,한국사료총서,4.8
順與,4,54,1,1.9,0.0,고려사,4.8,승정원일기,4.8
東北兩界,2,15,9,60.0,66.7,고려사절요,71.4,고려사,4.8
天叙,2,33,1,3.0,0.0,조선왕조실록,4.8,한국사료총서,4.8
平陸,4,209,7,3.3,0.0,고순종실록,4.8,승정원일기,4.8
永興人,2,28,1,3.6,0.0,승정원일기,4.8,조선왕조실록,4.8
太祖之廟,3,43,1,2.3,0.0,승정원일기,4.8,조선왕조실록,4.8
朶顔,2,35,34,97.1,95.2,한국사료총서,100.0,조선왕조실록,4.8
·順川,2,55,1,1.8,0.0,승정원일기,4.8,한국사료총서,4.8
毅武,3,33,1,3.0,0.0,승정원일기,4.8,조선왕조실록,4.8
石橋里,2,28,27,96.4,95.2,한국사료총서,100.0,승정원일기,4.8
海倉,3,459,23,5.0,3.2,한국사료총서,8.0,조선왕조실록,4.8
江防,3,71,3,4.2,0.0,한국사료총서,4.8,조선왕조실록,4.8
申理,4,77,1,1.3,0.0,고려사,4.8,승정원일기,4.8
南北門,3,64,2,3.1,0.0,조선왕조실록,4.8,승정원일기,4.8
唐帝,4,76,1,1.3,0.0,삼국유사,4.8,한국사료총서,4.8
金賊,3,50,1,2.0,0.0,승정원일기,4.8,조선왕조실록,4.8
巡問使,5,573,1,0.2,0.0,고려사,4.8,한국사료총서,4.8
出牧,4,80,1,1.2,0.0,고려사,4.8,조선왕조실록,4.8
就善堂,2,32,30,93.8,95.2,조선왕조실록,100.0,승정원일기,4.8
江鄕,2,27,1,3.7,0.0,한국사료총서,4.8,승정원일기,4.8
松家島,3,86,84,97.7,95.2,조선왕조실록,100.0,한국사료총서,4.8
固仁,3,38,1,2.6,0.0,조선왕조실록,4.8,승정원일기,4.8
璿譜,4,212,1,0.5,0.0,고순종실록,4.8,조선왕조실록,4.8
橋洞,2,49,41,83.7,80.0,승정원일기,84.8,한국사료총서,4.8
大丘都護府,2,70,3,4.3,0.0,조선왕조실록,4.8,승정원일기,4.8
北極,4,636,11,1.7,0.0,고려사,4.8,조선왕조실록,4.8
來瀋,3,68,1,1.5,0.0,승정원일기,4.8,조선왕조실록,4.8
金涵,2,30,1,3.3,0.0,승정원일기,4.8,한국사료총서,4.8
廣州境內,2,24,1,4.2,0.0,조선왕조실록,4.8,승정원일기,4.8
獐塞,2,12,9,75.0,66.7,한국사료총서,71.4,삼국사기,4.8
美化,3,37,1,2.7,0.0,승정원일기,4.8,조선왕조실록,4.8
羅濟,2,25,9,36.0,28.6,한국사료총서,33.3,승정원일기,4.8
渼陰江,2,10,7,70.0,66.7,조선왕조실록,71.4,승정원일기,4.8
基述,2,26,1,3.8,0.0,한국사료총서,4.8,승정원일기,4.8
京畿楊根,2,417,414,99.3,94.7,조선왕조실록,99.5,승정원일기,4.8
鑄所,4,182,7,3.8,0.0,고순종실록,4.8,승정원일기,4.8
延命,4,374,6,1.6,0.0,고순종실록,4.8,한국사료총서,4.8
漢代,4,184,2,1.1,0.0,고순종실록,4.8,한국사료총서,4.8
楊平郡,2,11,8,72.7,66.7,한국사료총서,71.4,승정원일기,4.8
關右,2,21,6,28.6,28.6,승정원일기,33.3,조선왕조실록,4.8
今音勿,2,66,3,4.5,0.0,한국사료총서,4.8,조선왕조실록,4.8
龍潛,4,166,3,1.8,0.0,고순종실록,4.8,한국사료총서,4.8
葛覃,4,162,7,4.3,0.0,고순종실록,4.8,한국사료총서,4.8
丹兵,5,313,1,0.3,0.0,고려사,4.8,조선왕조실록,4.8
馬前橋,2,10,7,70.0,66.7,조선왕조실록,71.4,승정원일기,4.8
嶺南兩道,2,24,1,4.2,0.0,조선왕조실록,4.8,승정원일기,4.8
鏡城都護府,2,27,2,7.4,0.0,조선왕조실록,4.8,승정원일기,4.8
金守溫,3,227,1,0.4,0.0,승정원일기,4.8,한국사료총서,4.8
谷山地,2,27,1,3.7,0.0,조선왕조실록,4.8,승정원일기,4.8
地平,5,468,6,1.3,0.0,고순종실록,4.8,조선왕조실록,4.8
孝仁,4,244,4,1.6,0.0,고순종실록,4.8,승정원일기,4.8
",長興府",4,696,1,0.1,0.0,고순종실록,4.8,한국사료총서,4.8
大明洞,2,12,7,58.3,66.7,승정원일기,71.4,한국사료총서,4.8
平澤等,3,65,2,3.1,0.0,조선왕조실록,4.8,승정원일기,4.8
五音,3,133,3,2.3,0.0,승정원일기,4.8,조선왕조실록,4.8
臨津鎭,2,10,7,70.0,66.7,한국사료총서,71.4,승정원일기,4.8
全羅道金堤,2,85,82,96.5,95.2,승정원일기,100.0,조선왕조실록,4.8
且對馬,2,28,1,3.6,0.0,승정원일기,4.8,조선왕조실록,4.8
齋殿門,2,559,26,4.7,0.0,조선왕조실록,4.8,승정원일기,4.8
敬,8,128537,4507,3.5,0.0,삼국유사,4.8,삼국사기,4.8
訓戒,4,328,12,3.7,0.0,고려사,4.8,승정원일기,4.8
內大門,2,25,1,4.0,0.0,조선왕조실록,4.8,승정원일기,4.8
於隱洞,2,13,9,69.2,66.7,승정원일기,71.4,한국사료총서,4.8
爾雅,4,117,1,0.9,0.0,고려사,4.8,조선왕조실록,4.8
尊賢堂,2,10,3,30.0,28.6,승정원일기,33.3,조선왕조실록,4.8
濬慶墓,2,57,55,96.5,95.3,승정원일기,100.0,고순종실록,4.7
機,8,39356,1652,4.2,1.9,고순종실록,6.7,삼국사기,4.7
芸閣,4,723,12,1.7,0.0,고순종실록,4.7,조선왕조실록,4.7
買田,3,247,6,2.4,0.0,승정원일기,4.7,조선왕조실록,4.7
淸源,4,320,10,3.1,0.0,고순종실록,4.7,한국사료총서,4.7
磨石,3,71,3,4.2,0.0,승정원일기,4.7,한국사료총서,4.7
綏遠,5,268,3,1.1,0.0,고려사,4.7,조선왕조실록,4.7
安禮,3,319,5,1.6,0.0,조선왕조실록,4.7,한국사료총서,4.7
瑞山縣,2,118,18,15.3,15.3,승정원일기,20.0,조선왕조실록,4.7
蒙,8,108575,924,0.9,0.0,삼국사기,4.7,한국사료총서,4.7
第九室,3,339,15,4.4,0.0,고려사,4.7,승정원일기,4.7
祭田,3,160,2,1.2,0.0,승정원일기,4.7,한국사료총서,4.7
紙所,4,395,5,1.3,0.0,고순종실록,4.7,조선왕조실록,4.7
嶺臬,3,225,10,4.4,0.0,조선왕조실록,4.7,승정원일기,4.7
尊德,3,472,12,2.5,0.0,한국사료총서,4.7,조선왕조실록,4.7
永慶墓,2,57,55,96.5,95.3,승정원일기,100.0,고순종실록,4.7
海西一路,2,97,4,4.1,0.0,조선왕조실록,4.7,승정원일기,4.7
全羅兵營,2,118,4,3.4,0.0,조선왕조실록,4.7,승정원일기,4.7
大德,6,3337,36,1.1,0.0,고려사,4.7,고순종실록,4.7
海美營,2,50,2,4.0,0.0,조선왕조실록,4.7,승정원일기,4.7
神,8,87616,2408,2.7,1.5,한국사료총서,6.0,고순종실록,4.6
靑平尉,3,229,7,3.1,0.0,조선왕조실록,4.6,승정원일기,4.6
上士,3,75,4,5.3,4.4,승정원일기,9.1,조선왕조실록,4.6
長生洞,2,18,15,83.3,80.0,한국사료총서,84.6,승정원일기,4.6
景化,2,401,380,94.8,95.4,승정원일기,100.0,조선왕조실록,4.6
養正閤,2,147,141,95.9,95.4,승정원일기,100.0,조선왕조실록,4.6
華國,5,429,6,1.4,0.0,고려사,4.6,조선왕조실록,4.6
暉,7,4278,159,3.7,0.0,고려사,4.6,승정원일기,4.6
知南,4,375,4,1.1,0.0,고려사,4.6,조선왕조실록,4.6
奉明,5,232,7,3.0,0.0,고려사,4.6,조선왕조실록,4.6
大義,6,11567,8,0.1,0.0,고려사,4.6,고순종실록,4.6
菉,3,472,19,4.0,1.4,한국사료총서,6.0,조선왕조실록,4.6
商倭,3,98,3,3.1,0.0,승정원일기,4.6,조선왕조실록,4.6
小晝停,3,175,7,4.0,0.0,한국사료총서,4.6,승정원일기,4.6
齋室,5,12209,532,4.4,0.0,고려사,4.6,승정원일기,4.6
三神,3,64,6,9.4,7.1,한국사료총서,11.8,승정원일기,4.6
黃海等,3,180,3,1.7,0.0,조선왕조실록,4.6,승정원일기,4.6
五洲,3,69,1,1.4,0.0,고순종실록,4.5,승정원일기,4.5
羅里舖,2,152,144,94.7,90.9,조선왕조실록,95.4,승정원일기,4.5
東蕃,5,190,2,1.1,0.0,승정원일기,4.5,고려사절요,4.5
明聖大妃,3,41,1,2.4,0.0,조선왕조실록,4.5,승정원일기,4.5
咸鏡道咸興府,2,32,31,96.9,95.5,승정원일기,100.0,조선왕조실록,4.5
摩利山,3,34,32,94.1,95.5,조선왕조실록,100.0,고려사절요,4.5
黃海道松禾縣,2,48,46,95.8,95.5,승정원일기,100.0,조선왕조실록,4.5
長木,3,991,114,11.5,11.3,승정원일기,15.8,한국사료총서,4.5
葛伯,3,34,1,2.9,0.0,조선왕조실록,4.5,승정원일기,4.5
西防,3,40,1,2.5,0.0,조선왕조실록,4.5,승정원일기,4.5
嶺幕,2,27,1,3.7,0.0,조선왕조실록,4.5,승정원일기,4.5
軒轅大星,3,101,1,1.0,0.0,고려사,4.5,조선왕조실록,4.5
粵,4,2182,4,0.2,0.0,고려사,4.5,조선왕조실록,4.5
馬堤山.,2,42,1,2.4,0.0,고려사절요,4.5,고려사,4.5
校洞里,2,35,34,97.1,95.5,한국사료총서,100.0,승정원일기,4.5
嵩耉,2,64,1,1.6,0.0,승정원일기,4.5,조선왕조실록,4.5
永奎,3,310,1,0.3,0.0,고순종실록,4.5,한국사료총서,4.5
嵩高,2,27,1,3.7,0.0,한국사료총서,4.5,승정원일기,4.5
御苑,5,217,8,3.7,0.0,고려사,4.5,승정원일기,4.5
紫微,6,316,6,1.9,0.0,고려사,4.5,승정원일기,4.5
南官,3,107,2,1.9,0.0,승정원일기,4.5,한국사료총서,4.5
吳,8,117007,405,0.3,0.0,삼국사기,4.5,삼국유사,4.5
奉審園,2,28,1,3.6,0.0,조선왕조실록,4.5,승정원일기,4.5
枌楡,2,53,3,5.7,0.0,한국사료총서,4.5,승정원일기,4.5
南星,4,286,5,1.7,0.0,고려사,4.5,한국사료총서,4.5
灘里,2,84,81,96.4,95.5,한국사료총서,100.0,승정원일기,4.5
集賢門外,2,25,1,4.0,0.0,조선왕조실록,4.5,승정원일기,4.5
開城門,3,76,2,2.6,0.0,조선왕조실록,4.5,승정원일기,4.5
忠淸道永春,3,37,36,97.3,95.5,승정원일기,100.0,한국사료총서,4.5
侍講院翊衛司,3,29,1,3.4,0.0,조선왕조실록,4.5,승정원일기,4.5
星宿,4,132,3,2.3,0.0,고려사,4.5,조선왕조실록,4.5
全羅道長水縣,2,35,34,97.1,95.5,승정원일기,100.0,조선왕조실록,4.5
西境,3,45,1,2.2,0.0,조선왕조실록,4.5,승정원일기,4.5
助賁,3,41,1,2.4,0.0,삼국사기,4.5,한국사료총서,4.5
訓鍊廳,3,113,2,1.8,0.0,조선왕조실록,4.5,승정원일기,4.5
馬來,4,295,6,2.0,0.0,고려사,4.5,조선왕조실록,4.5
家園,5,66,1,1.5,0.0,고려사,4.5,한국사료총서,4.5
李埱,2,30,1,3.3,0.0,조선왕조실록,4.5,승정원일기,4.5
龍亭子,2,28,1,3.6,0.0,조선왕조실록,4.5,승정원일기,4.5
臨河縣,2,27,26,96.3,95.5,한국사료총서,100.0,조선왕조실록,4.5
咸鏡兩道,2,132,4,3.0,0.0,조선왕조실록,4.5,승정원일기,4.5
後山,4,904,11,1.2,0.0,고순종실록,4.5,한국사료총서,4.5
險阻處,2,37,1,2.7,0.0,승정원일기,4.5,조선왕조실록,4.5
延曙道,2,15,8,53.3,50.0,조선왕조실록,54.5,승정원일기,4.5
孝順,7,413,9,2.2,0.0,고려사,4.5,승정원일기,4.5
永奠,4,136,1,0.7,0.0,고순종실록,4.5,조선왕조실록,4.5
漢賊,3,99,1,1.0,0.0,승정원일기,4.5,조선왕조실록,4.5
馬契,2,210,9,4.3,0.0,한국사료총서,4.5,승정원일기,4.5
鼓,7,19121,72,0.4,0.0,고려사절요,4.5,삼국사기,4.5
文柱,5,380,1,0.3,0.0,고려사,4.5,조선왕조실록,4.5
忠淸道堤川縣,2,29,28,96.6,95.5,승정원일기,100.0,조선왕조실록,4.5
震澤,2,77,3,3.9,0.0,한국사료총서,4.5,승정원일기,4.5
令通,5,638,3,0.5,0.0,고려사,4.5,한국사료총서,4.5
平安道江界,3,128,125,97.7,95.5,승정원일기,100.0,한국사료총서,4.5
黔毛鎭,2,15,8,53.3,50.0,조선왕조실록,54.5,승정원일기,4.5
嘉會坊,3,57,55,96.5,95.5,승정원일기,100.0,한국사료총서,4.5
濂,6,16194,77,0.5,0.0,고려사,4.5,조선왕조실록,4.5
音聲,4,73,1,1.4,0.0,삼국사기,4.5,조선왕조실록,4.5
完慶,3,187,1,0.5,0.0,조선왕조실록,4.5,승정원일기,4.5
義州鎭,2,53,28,52.8,53.8,승정원일기,58.3,조선왕조실록,4.5
忠淸道木川,2,131,126,96.2,95.5,승정원일기,100.0,조선왕조실록,4.5
全羅道鎭安,2,41,40,97.6,95.5,승정원일기,100.0,조선왕조실록,4.5
防戍,5,1078,2,0.2,0.0,고려사절요,4.5,고려사,4.5
補民廳,2,25,1,4.0,0.0,한국사료총서,4.5,승정원일기,4.5
積成,4,318,1,0.3,0.0,고순종실록,4.5,한국사료총서,4.5
敬昭殿,2,356,337,94.7,93.9,승정원일기,98.3,조선왕조실록,4.4
蘭溪,2,26,5,19.2,16.7,승정원일기,21.1,한국사료총서,4.4
之鶴,3,66,2,3.0,0.0,조선왕조실록,4.4,승정원일기,4.4
太極,4,2588,72,2.8,0.1,한국사료총서,4.5,고순종실록,4.4
結,8,102349,1114,1.1,0.0,삼국유사,4.4,삼국사기,4.4
斗大,3,129,2,1.6,0.0,조선왕조실록,4.4,승정원일기,4.4
慶尙道淸道,2,62,60,96.8,95.6,승정원일기,100.0,조선왕조실록,4.4
大馬,4,424,10,2.4,0.0,고려사,4.4,한국사료총서,4.4
武衛所,4,581,22,3.8,0.0,고순종실록,4.4,승정원일기,4.4
連天,3,74,2,2.7,0.0,승정원일기,4.4,한국사료총서,4.4
烽燧,5,2431,68,2.8,0.0,고려사,4.4,승정원일기,4.4
建明門外,3,100,4,4.0,0.0,조선왕조실록,4.4,승정원일기,4.4
波羅,2,49,4,8.2,7.4,조선왕조실록,11.8,한국사료총서,4.4
南徼,3,87,2,2.3,0.0,조선왕조실록,4.4,승정원일기,4.4
老酋,2,286,12,4.2,0.0,한국사료총서,4.4,조선왕조실록,4.4
只通,3,101,2,2.0,0.0,승정원일기,4.4,조선왕조실록,4.4
葵,6,1771,45,2.5,0.0,고려사,4.4,승정원일기,4.4
全羅道茂長縣,2,64,60,93.8,90.0,조선왕조실록,94.4,승정원일기,4.4
守僕房,3,166,7,4.2,0.0,조선왕조실록,4.4,승정원일기,4.4
樂峴,2,164,156,95.1,95.6,승정원일기,100.0,조선왕조실록,4.4
軍資,7,6389,81,1.3,0.0,고려사,4.4,조선왕조실록,4.4
藏,8,29763,884,3.0,0.0,고려사절요,4.4,조선왕조실록,4.4
院村,2,81,42,51.9,52.8,한국사료총서,57.1,승정원일기,4.4
明代,4,95,1,1.1,0.0,고순종실록,4.3,한국사료총서,4.3
華鎭,4,6545,45,0.7,0.0,고순종실록,4.3,한국사료총서,4.3
望行,3,130,1,0.8,0.0,승정원일기,4.3,조선왕조실록,4.3
上幕,2,58,2,3.4,0.0,조선왕조실록,4.3,승정원일기,4.3
大韓醫院,3,193,1,0.5,0.0,승정원일기,4.3,고순종실록,4.3
昌寧人,2,45,1,2.2,0.0,한국사료총서,4.3,조선왕조실록,4.3
明,8,639037,19701,3.1,1.3,고려사,5.6,조선왕조실록,4.3
嶺郵,2,27,1,3.7,0.0,조선왕조실록,4.3,승정원일기,4.3
京城之內,2,64,1,1.6,0.0,조선왕조실록,4.3,승정원일기,4.3
兩西道,4,178,7,3.9,0.0,고순종실록,4.3,승정원일기,4.3
廢郡,3,44,1,2.3,0.0,조선왕조실록,4.3,승정원일기,4.3
解倭,3,46,1,2.2,0.0,승정원일기,4.3,조선왕조실록,4.3
尹瓘,6,234,2,0.9,0.0,고려사,4.3,승정원일기,4.3
智伯,2,52,2,3.8,0.0,한국사료총서,4.3,승정원일기,4.3
朱子書,3,273,8,2.9,0.0,한국사료총서,4.3,승정원일기,4.3
蔥秀,2,33,26,78.8,75.0,한국사료총서,79.3,승정원일기,4.3
淸如,5,59,1,1.7,0.0,고려사,4.3,한국사료총서,4.3
南北漢,2,107,81,75.7,71.4,조선왕조실록,75.8,승정원일기,4.3
神策,3,56,1,1.8,0.0,승정원일기,4.3,조선왕조실록,4.3
鴻山郡,2,34,8,23.5,20.7,승정원일기,25.0,한국사료총서,4.3
籬下,3,97,1,1.0,0.0,승정원일기,4.3,한국사료총서,4.3
大宋,6,91,1,1.1,0.0,고려사,4.3,한국사료총서,4.3
皇建,3,106,4,3.8,0.0,조선왕조실록,4.3,승정원일기,4.3
虜兵,3,133,2,1.5,0.0,승정원일기,4.3,조선왕조실록,4.3
台,8,40169,261,0.6,0.0,삼국사기,4.3,한국사료총서,4.3
下淸,3,293,2,0.7,0.0,승정원일기,4.3,한국사료총서,4.3
任新,3,102,4,3.9,0.0,조선왕조실록,4.3,승정원일기,4.3
自鳳,3,194,1,0.5,0.0,승정원일기,4.3,조선왕조실록,4.3
淸泉,3,32,1,3.1,0.0,승정원일기,4.3,한국사료총서,4.3
監營,4,8429,304,3.6,0.0,고순종실록,4.3,승정원일기,4.3
麗代,3,65,2,3.1,0.0,승정원일기,4.3,조선왕조실록,4.3
光義,4,198,2,1.0,0.0,고순종실록,4.3,한국사료총서,4.3
歲星,4,626,4,0.6,0.0,고려사,4.3,조선왕조실록,4.3
正蒙,3,72,1,1.4,0.0,조선왕조실록,4.3,승정원일기,4.3
元堂里,2,91,90,98.9,95.7,한국사료총서,100.0,승정원일기,4.3
西舍,2,30,1,3.3,0.0,승정원일기,4.3,한국사료총서,4.3
皇,8,84596,2164,2.6,0.0,삼국사기,4.3,승정원일기,4.3
悶泣,3,88,1,1.1,0.0,승정원일기,4.3,조선왕조실록,4.3
策應所,3,59,2,3.4,0.0,고순종실록,4.3,승정원일기,4.3
泰仁郡,3,38,11,28.9,29.0,승정원일기,33.3,한국사료총서,4.3
闌,6,5118,23,0.4,0.0,고순종실록,4.3,고려사절요,4.3
星州人,3,81,2,2.5,0.0,승정원일기,4.3,조선왕조실록,4.3
嬴博,2,55,2,3.6,0.0,한국사료총서,4.3,승정원일기,4.3
孤村,4,56,2,3.6,0.0,고순종실록,4.3,한국사료총서,4.3
慶尙道軍威,2,42,41,97.6,95.7,승정원일기,100.0,조선왕조실록,4.3
通廣處,2,49,2,4.1,0.0,조선왕조실록,4.3,승정원일기,4.3
文河,2,35,3,8.6,6.2,승정원일기,10.5,한국사료총서,4.3
慶尙道玄風,2,40,39,97.5,95.7,승정원일기,100.0,조선왕조실록,4.3
魯恩,2,31,28,90.3,95.7,승정원일기,100.0,조선왕조실록,4.3
李彛章,3,691,1,0.1,0.0,승정원일기,4.3,한국사료총서,4.3
京獄,3,910,29,3.2,0.0,조선왕조실록,4.3,승정원일기,4.3
金甫,5,95,1,1.1,0.0,고려사,4.3,승정원일기,4.3
深谷,3,197,27,13.7,11.2,승정원일기,15.5,한국사료총서,4.3
安奇道,2,25,22,88.0,85.7,승정원일기,90.0,조선왕조실록,4.3
餘鼠,2,30,28,93.3,95.7,조선왕조실록,100.0,승정원일기,4.3
西偏,4,323,4,1.2,0.0,고려사,4.3,한국사료총서,4.3
佐,8,82055,372,0.5,0.0,고려사절요,4.3,한국사료총서,4.3
部落,7,1055,38,3.6,0.0,고려사절요,4.3,고려사,4.3
富寧都護,2,31,2,6.5,0.0,조선왕조실록,4.2,승정원일기,4.2
外倉,4,312,5,1.6,0.0,고려사,4.2,한국사료총서,4.2
虎狼,3,306,6,2.0,0.5,승정원일기,4.7,조선왕조실록,4.2
虜酋,3,56,1,1.8,0.0,승정원일기,4.2,조선왕조실록,4.2
連海,3,81,1,1.2,0.0,승정원일기,4.2,조선왕조실록,4.2
奉室,4,1018,40,3.9,0.0,고순종실록,4.2,승정원일기,4.2
慶尙道陜川,2,67,65,97.0,95.8,승정원일기,100.0,조선왕조실록,4.2
金鳳,4,6674,11,0.2,0.0,고순종실록,4.2,한국사료총서,4.2
京室,4,121,2,1.7,0.0,고순종실록,4.2,승정원일기,4.2
安鳴鶴,2,27,1,3.7,0.0,조선왕조실록,4.2,승정원일기,4.2
典牲,4,3067,123,4.0,0.0,고순종실록,4.2,승정원일기,4.2
魚有沼,3,555,1,0.2,0.0,승정원일기,4.2,한국사료총서,4.2
屈乃,2,16,10,62.5,62.5,한국사료총서,66.7,고려사,4.2
良材,4,133,4,3.0,0.0,고순종실록,4.2,조선왕조실록,4.2
多福洞,2,43,38,88.4,86.7,한국사료총서,90.9,조선왕조실록,4.2
楊經,3,386,5,1.3,0.3,조선왕조실록,4.5,한국사료총서,4.2
春堂臺,2,37,28,75.7,75.0,승정원일기,79.2,조선왕조실록,4.2
燕喜坊,2,20,18,90.0,87.5,조선왕조실록,91.7,승정원일기,4.2
法宮,4,469,5,1.1,0.0,조선왕조실록,4.2,고순종실록,4.2
排星,2,16,13,81.2,83.3,조선왕조실록,87.5,승정원일기,4.2
物,8,251676,1288,0.5,0.0,삼국유사,4.2,삼국사기,4.2
豐恩府院君,4,132,4,3.0,0.0,고순종실록,4.2,승정원일기,4.2
嶺南七十州,2,27,1,3.7,0.0,조선왕조실록,4.2,승정원일기,4.2
塞北,3,56,1,1.8,0.0,조선왕조실록,4.2,승정원일기,4.2
湖幕,2,32,1,3.1,0.0,조선왕조실록,4.2,승정원일기,4.2
奴兒哈赤,3,32,1,3.1,0.0,승정원일기,4.2,조선왕조실록,4.2
晴日,3,103,3,2.9,0.0,조선왕조실록,4.2,한국사료총서,4.2
海子,3,145,15,10.3,9.1,조선왕조실록,13.3,한국사료총서,4.2
弘濟院近處,2,30,1,3.3,0.0,조선왕조실록,4.2,승정원일기,4.2
栗里,2,143,96,67.1,62.5,승정원일기,66.7,한국사료총서,4.2
沿海,6,5815,52,0.9,0.0,고려사절요,4.2,고려사,4.2
淸曆,3,51,1,2.0,0.0,승정원일기,4.2,조선왕조실록,4.2
親耕籍田,5,92,1,1.1,0.0,고려사,4.2,승정원일기,4.2
象村,2,31,1,3.2,0.0,승정원일기,4.2,한국사료총서,4.2
西陲,3,95,1,1.1,0.0,승정원일기,4.2,한국사료총서,4.2
御營廳,4,25041,160,0.6,0.0,한국사료총서,4.2,고순종실록,4.2
石洲,2,30,1,3.3,0.0,승정원일기,4.2,한국사료총서,4.2
京畿左右,2,88,24,27.3,25.0,승정원일기,29.2,조선왕조실록,4.2
相洞,2,12,7,58.3,62.5,한국사료총서,66.7,조선왕조실록,4.2
第四室,5,650,26,4.0,0.0,고려사,4.2,승정원일기,4.2
已抵,3,101,1,1.0,0.0,승정원일기,4.2,한국사료총서,4.2
·固城,3,101,1,1.0,0.0,고려사,4.2,한국사료총서,4.2
勅需庫,2,81,2,2.5,0.0,한국사료총서,4.2,승정원일기,4.2
慶尙道金海府,2,102,98,96.1,95.8,승정원일기,100.0,조선왕조실록,4.2
鹿鳴,3,323,3,0.9,0.0,승정원일기,4.2,조선왕조실록,4.2
徽猷,4,96,2,2.1,0.0,고순종실록,4.2,조선왕조실록,4.2
甸服,3,139,5,3.6,0.0,조선왕조실록,4.2,승정원일기,4.2
呂氏鄕約,3,83,1,1.2,0.0,조선왕조실록,4.2,승정원일기,4.2
於吾之,3,48,1,2.1,0.0,조선왕조실록,4.2,승정원일기,4.2
壯營,3,503,17,3.4,0.0,조선왕조실록,4.2,승정원일기,4.2
萬義,2,44,34,77.3,75.8,승정원일기,80.0,조선왕조실록,4.2
甕店,2,15,9,60.0,62.5,한국사료총서,66.7,승정원일기,4.2
衡石,3,91,1,1.1,0.0,승정원일기,4.2,조선왕조실록,4.2
厚邑,2,27,1,3.7,0.0,한국사료총서,4.2,승정원일기,4.2
金峴,2,14,5,35.7,33.3,삼국사기,37.5,한국사료총서,4.2
山田,4,571,5,0.9,0.0,고순종실록,4.2,한국사료총서,4.2
銀店,2,381,15,3.9,0.0,조선왕조실록,4.2,승정원일기,4.2
忠淸道丹陽,3,81,79,97.5,95.9,승정원일기,100.0,한국사료총서,4.1
殿庭,7,4363,92,2.1,0.0,고려사,4.1,승정원일기,4.1
安永,4,514,6,1.2,0.0,고순종실록,4.1,한국사료총서,4.1
舒川等七邑,3,85,3,3.5,0.0,고순종실록,4.1,승정원일기,4.1
于,8,514766,140,0.0,0.0,고려사절요,4.1,삼국사기,4.1
五,8,433885,2694,0.6,0.3,고순종실록,4.4,삼국유사,4.1
後衛,4,94,2,2.1,0.0,고려사,4.1,조선왕조실록,4.1
江春道,2,145,131,90.3,86.7,조선왕조실록,90.8,승정원일기,4.1
湖臬,3,293,11,3.8,0.0,조선왕조실록,4.1,승정원일기,4.1
義州人,3,295,5,1.7,0.0,승정원일기,4.1,조선왕조실록,4.1
鳴鳳,3,1288,11,0.9,0.5,승정원일기,4.7,조선왕조실록,4.1
北庭,3,103,3,2.9,0.0,조선왕조실록,4.1,승정원일기,4.1
室,8,66347,2041,3.1,0.0,고려사,4.1,승정원일기,4.1
紫微垣,4,81,2,2.5,0.0,고려사,4.1,승정원일기,4.1
遼兵,3,59,2,3.4,0.0,승정원일기,4.1,조선왕조실록,4.1
館前路,2,54,2,3.7,0.0,조선왕조실록,4.1,승정원일기,4.1
皇壇奉,2,298,5,1.7,1.4,승정원일기,5.6,조선왕조실록,4.1
義原君,4,99,3,3.0,0.0,고순종실록,4.1,승정원일기,4.1
麗春門,2,101,97,96.0,95.9,승정원일기,100.0,조선왕조실록,4.1
春明,3,124,4,3.2,0.0,조선왕조실록,4.1,승정원일기,4.1
韓昌府夫人,2,62,2,3.2,0.0,고순종실록,4.1,승정원일기,4.1
穆廟,3,160,5,3.1,0.0,조선왕조실록,4.1,승정원일기,4.1
之院,4,698,23,3.3,0.0,고순종실록,4.1,승정원일기,4.1
兩城,5,343,8,2.3,0.0,고려사,4.0,승정원일기,4.0
載令,2,41,1,2.4,0.0,승정원일기,4.0,조선왕조실록,4.0
"慶源,",4,281,1,0.4,0.0,고순종실록,4.0,한국사료총서,4.0
新野,2,32,19,59.4,60.0,승정원일기,64.0,한국사료총서,4.0
德光,4,188,1,0.5,0.0,고려사,4.0,한국사료총서,4.0
東園,4,251,8,3.2,0.0,조선왕조실록,4.0,승정원일기,4.0
覆,8,68543,7,0.0,0.0,고려사,4.0,삼국사기,4.0
齋殿,5,6394,99,1.5,0.0,고려사,4.0,고순종실록,4.0
殿閣,4,649,17,2.6,0.0,고순종실록,4.0,승정원일기,4.0
漣州,3,45,44,97.8,96.0,고려사,100.0,조선왕조실록,4.0
松留,4,363,1,0.3,0.0,고순종실록,4.0,한국사료총서,4.0
永原,3,123,5,4.1,0.0,고려사,4.0,승정원일기,4.0
江原道平昌郡,2,30,29,96.7,96.0,승정원일기,100.0,조선왕조실록,4.0
本陵丁字閣,2,104,4,3.8,0.0,고순종실록,4.0,승정원일기,4.0
上任,3,164,1,0.6,0.0,승정원일기,4.0,조선왕조실록,4.0
漢鼎,3,359,1,0.3,0.0,승정원일기,4.0,조선왕조실록,4.0
旅獒,3,85,1,1.2,0.0,승정원일기,4.0,조선왕조실록,4.0
長與,4,271,6,2.2,0.0,고순종실록,4.0,한국사료총서,4.0
興陽府夫人,2,32,1,3.1,0.0,고순종실록,4.0,승정원일기,4.0
樂南,2,66,2,3.0,0.0,조선왕조실록,4.0,승정원일기,4.0
泣弓,3,31,1,3.2,0.0,조선왕조실록,4.0,승정원일기,4.0
果,8,155004,5364,3.5,0.0,삼국사기,4.0,한국사료총서,4.0
長髮,3,133,1,0.8,0.0,조선왕조실록,4.0,승정원일기,4.0
水營,4,4516,155,3.4,0.0,고순종실록,4.0,승정원일기,4.0
加思,4,271,1,0.4,0.0,고순종실록,4.0,조선왕조실록,4.0
忠淸道延豐,3,39,38,97.4,96.0,승정원일기,100.0,한국사료총서,4.0
祧廟,4,101,1,1.0,0.0,고려사,4.0,승정원일기,4.0
延陽門,2,33,30,90.9,96.0,승정원일기,100.0,조선왕조실록,4.0
富民,6,1573,7,0.4,0.0,고려사,4.0,한국사료총서,4.0
嶺南諸邑,3,32,1,3.1,0.0,조선왕조실록,4.0,승정원일기,4.0
胡語,3,68,1,1.5,0.0,승정원일기,4.0,조선왕조실록,4.0
安業,6,1051,1,0.1,0.0,고려사절요,4.0,고려사,4.0
茵匠里,2,28,27,96.4,96.0,승정원일기,100.0,조선왕조실록,4.0
惇德殿,2,54,51,94.4,93.3,승정원일기,97.4,고순종실록,4.0
河濱縣,2,30,29,96.7,96.0,한국사료총서,100.0,조선왕조실록,4.0
居要,3,63,1,1.6,0.0,승정원일기,4.0,조선왕조실록,4.0
聖廡,4,543,18,3.3,0.0,고순종실록,4.0,승정원일기,4.0
賀平,5,73,1,1.4,0.0,고려사,4.0,조선왕조실록,4.0
平安道德川郡,2,33,32,97.0,96.0,승정원일기,100.0,조선왕조실록,4.0
私養山,2,88,3,3.4,0.0,조선왕조실록,3.9,승정원일기,3.9
賢聖,5,373,2,0.5,0.0,고려사,3.9,조선왕조실록,3.9
鎭邊,6,512,5,1.0,0.0,고려사,3.9,조선왕조실록,3.9
風,8,117900,2567,2.2,1.9,고려사절요,5.8,삼국유사,3.9
太廟門外,2,60,2,3.3,0.0,조선왕조실록,3.9,승정원일기,3.9
田齊,2,55,2,3.6,0.0,조선왕조실록,3.9,승정원일기,3.9
莘村,2,20,14,70.0,66.7,승정원일기,70.6,한국사료총서,3.9
裕,7,57078,402,0.7,0.0,고려사,3.9,조선왕조실록,3.9
海關道,2,80,3,3.8,0.0,승정원일기,3.9,한국사료총서,3.9
加用,4,861,2,0.2,0.0,고순종실록,3.9,조선왕조실록,3.9
輦轂,6,1793,51,2.8,0.0,고려사,3.9,승정원일기,3.9
黃海道載寧,4,153,148,96.7,96.1,승정원일기,100.0,한국사료총서,3.9
防營,4,1361,21,1.5,0.0,고순종실록,3.9,한국사료총서,3.9
忠淸道丹,3,85,83,97.6,96.1,승정원일기,100.0,한국사료총서,3.9
嶺閫,2,61,2,3.3,0.0,조선왕조실록,3.9,승정원일기,3.9
崑,4,3970,42,1.1,0.0,고순종실록,3.9,한국사료총서,3.9
金蘭,5,2529,7,0.3,0.0,고려사,3.9,조선왕조실록,3.9
南兵,4,3196,98,3.1,0.0,고순종실록,3.9,승정원일기,3.9
此島,5,799,4,0.5,0.0,고려사,3.9,한국사료총서,3.9
映花堂,3,225,217,96.4,96.1,승정원일기,100.0,조선왕조실록,3.9
大定,7,1265,37,2.9,0.0,고려사,3.9,한국사료총서,3.9
水剌間,3,530,20,3.8,0.0,한국사료총서,3.9,승정원일기,3.9
字內營門,2,83,3,3.6,0.0,조선왕조실록,3.9,승정원일기,3.9
邑內面,2,129,119,92.2,91.0,한국사료총서,94.9,승정원일기,3.9
倭衆,2,86,3,3.5,0.0,한국사료총서,3.9,조선왕조실록,3.9
若,8,572958,215,0.0,0.0,고순종실록,3.9,삼국사기,3.9
館前,3,307,9,2.9,0.0,조선왕조실록,3.9,승정원일기,3.9
壺洞,2,54,48,88.9,87.8,승정원일기,91.7,한국사료총서,3.9
後趙,3,93,1,1.1,0.0,승정원일기,3.8,한국사료총서,3.8
摠鎭,2,30,1,3.3,0.0,승정원일기,3.8,조선왕조실록,3.8
七州,3,46,1,2.2,0.0,조선왕조실록,3.8,승정원일기,3.8
直殿,4,100,2,2.0,0.0,고순종실록,3.8,승정원일기,3.8
尙義,4,368,5,1.4,0.0,고순종실록,3.8,조선왕조실록,3.8
右執法,3,119,1,0.8,0.0,고려사,3.8,조선왕조실록,3.8
皇壇樂,2,40,1,2.5,0.0,조선왕조실록,3.8,승정원일기,3.8
濟河,2,30,1,3.3,0.0,한국사료총서,3.8,승정원일기,3.8
笠洞,2,28,25,89.3,85.7,한국사료총서,89.5,승정원일기,3.8
近京,4,781,22,2.8,0.0,고순종실록,3.8,승정원일기,3.8
登聞鼓,2,90,1,1.1,0.0,승정원일기,3.8,조선왕조실록,3.8
鼎,8,115192,377,0.3,0.0,삼국사기,3.8,고순종실록,3.8
左邊,4,6657,28,0.4,0.0,고순종실록,3.8,한국사료총서,3.8
水門洞,2,34,33,97.1,96.2,승정원일기,100.0,한국사료총서,3.8
成守琛,3,109,2,1.8,0.0,조선왕조실록,3.8,한국사료총서,3.8
海西營,2,33,1,3.0,0.0,조선왕조실록,3.8,승정원일기,3.8
興盛,5,70,1,1.4,0.0,고려사,3.8,조선왕조실록,3.8
北防,3,133,2,1.5,0.0,조선왕조실록,3.8,승정원일기,3.8
濠,3,473,11,2.3,0.0,조선왕조실록,3.8,한국사료총서,3.8
興順,3,42,1,2.4,0.0,조선왕조실록,3.8,승정원일기,3.8
尾星,3,60,2,3.3,0.0,고려사,3.8,조선왕조실록,3.8
第六室,4,558,20,3.6,0.0,고려사,3.8,승정원일기,3.8
梨柿,2,33,1,3.0,0.0,조선왕조실록,3.8,승정원일기,3.8
許田,2,36,1,2.8,0.0,조선왕조실록,3.8,승정원일기,3.8
制勝,5,517,9,1.7,0.0,고려사,3.8,승정원일기,3.8
餘下,3,99,1,1.0,0.0,승정원일기,3.8,조선왕조실록,3.8
孝宗大王廟庭,3,38,1,2.6,0.0,고순종실록,3.8,승정원일기,3.8
萱堂,2,35,1,2.9,0.0,승정원일기,3.8,한국사료총서,3.8
淸朝,5,8682,11,0.1,0.0,고려사,3.8,한국사료총서,3.8
忠淸道黃澗,3,72,70,97.2,96.2,승정원일기,100.0,한국사료총서,3.8
安樂峴,2,161,155,96.3,96.2,승정원일기,100.0,조선왕조실록,3.8
京畿水原府,2,34,33,97.1,96.2,승정원일기,100.0,조선왕조실록,3.8
源深,3,112,1,0.9,0.0,승정원일기,3.8,조선왕조실록,3.8
菊池,4,105,2,1.9,0.0,고순종실록,3.8,조선왕조실록,3.8
忘憂里,3,67,65,97.0,96.2,승정원일기,100.0,한국사료총서,3.8
廣亭,2,56,40,71.4,71.2,한국사료총서,75.0,승정원일기,3.8
乭山,2,35,1,2.9,0.0,한국사료총서,3.8,승정원일기,3.8
定齋,3,50,1,2.0,0.0,승정원일기,3.8,한국사료총서,3.8
羅州等邑,3,38,1,2.6,0.0,고순종실록,3.8,승정원일기,3.8
七德亭,2,35,34,97.1,96.2,조선왕조실록,100.0,승정원일기,3.8
武侯祠,2,22,11,50.0,50.0,조선왕조실록,53.8,승정원일기,3.8
陶復,2,31,1,3.2,0.0,한국사료총서,3.8,승정원일기,3.8
牛廛,2,85,3,3.5,0.0,한국사료총서,3.8,승정원일기,3.8
漕,6,9119,227,2.5,0.0,고려사,3.8,고순종실록,3.8
黃豆,4,617,13,2.1,0.0,고순종실록,3.8,조선왕조실록,3.8
海岸,6,342,10,2.9,0.0,고려사,3.8,한국사료총서,3.8
京寓,2,29,1,3.4,0.0,한국사료총서,3.8,승정원일기,3.8
尼院,3,61,1,1.6,0.0,조선왕조실록,3.8,승정원일기,3.8
徃山,2,30,1,3.3,0.0,조선왕조실록,3.8,한국사료총서,3.8
於洞,4,331,3,0.9,0.0,고순종실록,3.8,한국사료총서,3.8
懹,4,1161,3,0.3,0.0,고순종실록,3.8,한국사료총서,3.8
楊仁,2,30,1,3.3,0.0,승정원일기,3.8,조선왕조실록,3.8
瓊宮瑤臺,3,39,1,2.6,0.0,조선왕조실록,3.8,승정원일기,3.8
侯,8,12852,50,0.4,0.0,고려사,3.8,삼국사기,3.8
平安道肅川府,2,86,83,96.5,96.2,승정원일기,100.0,조선왕조실록,3.8
神農,4,304,4,1.3,0.0,고려사,3.8,한국사료총서,3.8
陽九,4,127,2,1.6,0.0,고순종실록,3.8,승정원일기,3.8
郊甸,3,38,1,2.6,0.0,고순종실록,3.8,승정원일기,3.8
航,8,1178,6,0.5,0.0,고려사,3.8,조선왕조실록,3.8
丁字閣雨漏處,2,31,1,3.2,0.0,조선왕조실록,3.8,승정원일기,3.8
長城郡,2,32,11,34.4,20.0,한국사료총서,23.8,승정원일기,3.8
崔滉,3,188,1,0.5,0.0,승정원일기,3.8,한국사료총서,3.8
生番,2,20,9,45.0,46.2,한국사료총서,50.0,조선왕조실록,3.8
慶尙道安東府,2,70,68,97.1,96.2,승정원일기,100.0,조선왕조실록,3.8
萑,4,179,3,1.7,0.0,고순종실록,3.8,한국사료총서,3.8
浦落,4,692,1,0.1,0.0,고순종실록,3.8,한국사료총서,3.8
興王,8,781,9,1.2,0.0,고려사,3.8,조선왕조실록,3.8
第二室,4,865,31,3.6,0.0,고려사,3.8,승정원일기,3.8
于新門,2,47,1,2.1,0.0,한국사료총서,3.8,승정원일기,3.8
安寧,6,9704,28,0.3,0.0,고려사,3.7,고순종실록,3.7
延恩門,2,159,153,96.2,96.3,승정원일기,100.0,조선왕조실록,3.7
曰本,3,230,2,0.9,0.0,승정원일기,3.7,한국사료총서,3.7
"鎭川,",3,104,1,1.0,0.0,승정원일기,3.7,한국사료총서,3.7
圃隱,4,357,5,1.4,0.0,고순종실록,3.7,승정원일기,3.7
猫降山,2,30,29,96.7,96.3,승정원일기,100.0,조선왕조실록,3.7
哲命,4,399,1,0.3,0.0,고순종실록,3.7,한국사료총서,3.7
第七室,4,397,14,3.5,0.0,고려사,3.7,승정원일기,3.7
加利縣,2,97,94,96.9,96.3,한국사료총서,100.0,조선왕조실록,3.7
"京都,",6,310,1,0.3,0.0,고려사,3.7,한국사료총서,3.7
志道,3,126,2,1.6,0.0,한국사료총서,3.7,조선왕조실록,3.7
督,8,29961,30,0.1,0.0,고려사절요,3.7,삼국사기,3.7
陪京,2,120,6,5.0,0.0,조선왕조실록,3.7,승정원일기,3.7
預,8,35379,83,0.2,0.0,고순종실록,3.7,고려사,3.7
義相,5,502,8,1.6,0.0,고려사,3.7,조선왕조실록,3.7
代,8,197220,250,0.1,0.0,삼국유사,3.7,삼국사기,3.7
郊坰,4,880,10,1.1,0.0,고순종실록,3.7,한국사료총서,3.7
慶尙道昌寧縣,2,33,32,97.0,96.3,승정원일기,100.0,조선왕조실록,3.7
召南,3,300,19,6.3,3.8,한국사료총서,7.5,승정원일기,3.7
衛人,4,345,6,1.7,0.0,고려사,3.7,조선왕조실록,3.7
上府,3,72,2,2.8,0.0,조선왕조실록,3.7,한국사료총서,3.7
淸淨,5,310,1,0.3,0.0,고려사,3.7,한국사료총서,3.7
·嘉山,2,93,1,1.1,0.0,승정원일기,3.7,한국사료총서,3.7
周雅,3,120,2,1.7,0.0,승정원일기,3.7,조선왕조실록,3.7
黃載,5,569,1,0.2,0.0,고려사,3.7,한국사료총서,3.7
聖皐,3,392,1,0.3,0.0,승정원일기,3.7,한국사료총서,3.7
新亭,2,76,7,9.2,8.3,한국사료총서,12.0,조선왕조실록,3.7
至德,6,1566,50,3.2,0.0,고려사,3.7,승정원일기,3.7
漢師,3,159,5,3.1,0.0,조선왕조실록,3.7,승정원일기,3.7
洗馬臺,2,147,114,77.6,75.0,조선왕조실록,78.7,승정원일기,3.7
所,8,1509240,5549,0.4,0.1,고순종실록,3.8,삼국사기,3.7
唐高宗,4,76,1,1.3,0.0,삼국유사,3.7,승정원일기,3.7
具家,3,44,1,2.3,0.0,조선왕조실록,3.7,승정원일기,3.7
述編,2,569,1,0.2,0.0,승정원일기,3.7,조선왕조실록,3.7
弘濟院後,2,114,4,3.5,0.0,조선왕조실록,3.7,승정원일기,3.7
別中營,3,46,1,2.2,0.0,조선왕조실록,3.7,승정원일기,3.7
大府,6,309,7,2.3,0.0,삼국사기,3.7,한국사료총서,3.7
于牙山,3,58,1,1.7,0.0,승정원일기,3.7,조선왕조실록,3.7
字恤典則,2,35,1,2.9,0.0,조선왕조실록,3.7,승정원일기,3.7
善山倅,2,31,1,3.2,0.0,승정원일기,3.7,한국사료총서,3.7
細,8,45177,411,0.9,0.0,고려사,3.7,한국사료총서,3.7
五鎭營,3,44,1,2.3,0.0,고순종실록,3.7,승정원일기,3.7
山中,8,1048,15,1.4,0.0,고려사,3.7,승정원일기,3.7
雒陽,2,17,6,35.3,36.4,승정원일기,40.0,조선왕조실록,3.6
軍器庫,5,394,2,0.5,0.0,고려사,3.6,조선왕조실록,3.6
禁府門,3,60,1,1.7,0.0,조선왕조실록,3.6,승정원일기,3.6
任平安,3,599,1,0.2,0.0,고순종실록,3.6,조선왕조실록,3.6
與咸,3,148,1,0.7,0.0,승정원일기,3.6,조선왕조실록,3.6
栗村,2,32,25,78.1,75.0,조선왕조실록,78.6,한국사료총서,3.6
太數,3,147,1,0.7,0.0,승정원일기,3.6,조선왕조실록,3.6
平安道三和,2,74,71,95.9,96.4,승정원일기,100.0,조선왕조실록,3.6
夏后氏,3,45,1,2.2,0.0,조선왕조실록,3.6,승정원일기,3.6
全羅道益山,3,108,105,97.2,96.4,승정원일기,100.0,한국사료총서,3.6
"春陽,",3,63,1,1.6,0.0,승정원일기,3.6,한국사료총서,3.6
上寺,3,390,3,0.8,0.0,승정원일기,3.6,한국사료총서,3.6
鞋,7,1636,24,1.5,0.0,고려사,3.6,승정원일기,3.6
陽兩邑,3,63,2,3.2,0.0,조선왕조실록,3.6,승정원일기,3.6
諸島,6,1080,14,1.3,0.0,고려사절요,3.6,한국사료총서,3.6
延山府,2,12,9,75.0,71.4,조선왕조실록,75.0,고려사,3.6
營城,4,232,5,2.2,0.0,고순종실록,3.6,조선왕조실록,3.6
后稷氏神位前,2,52,1,1.9,0.0,조선왕조실록,3.6,승정원일기,3.6
守溫,3,403,2,0.5,0.0,조선왕조실록,3.6,한국사료총서,3.6
奉安,7,10548,363,3.4,0.0,고려사절요,3.6,승정원일기,3.6
淸淵,2,14,6,42.9,25.0,승정원일기,28.6,한국사료총서,3.6
元陵表石,2,33,1,3.0,0.0,고순종실록,3.6,승정원일기,3.6
提川,2,38,24,63.2,60.0,조선왕조실록,63.6,승정원일기,3.6
慶源開市,4,284,6,2.1,0.0,고순종실록,3.6,승정원일기,3.6
全羅道群山,2,31,30,96.8,96.4,승정원일기,100.0,조선왕조실록,3.6
風泉,4,525,2,0.4,0.0,고순종실록,3.6,조선왕조실록,3.6
濂溪,3,336,5,1.5,0.0,조선왕조실록,3.6,한국사료총서,3.6
路雲,2,13,3,23.1,25.0,승정원일기,28.6,한국사료총서,3.6
所老,2,143,5,3.5,0.0,한국사료총서,3.6,조선왕조실록,3.6
兩藩,2,62,2,3.2,0.0,조선왕조실록,3.6,승정원일기,3.6
黃海等道,3,154,2,1.3,0.0,조선왕조실록,3.6,승정원일기,3.6
磬甸,2,39,1,2.6,0.0,조선왕조실록,3.6,승정원일기,3.6
水上,6,787,9,1.1,0.0,고순종실록,3.6,한국사료총서,3.6
栗元,2,31,1,3.2,0.0,승정원일기,3.6,조선왕조실록,3.6
沙灘,2,13,3,23.1,25.0,승정원일기,28.6,한국사료총서,3.6
全羅道扶安縣,2,125,121,96.8,96.4,승정원일기,100.0,조선왕조실록,3.6
水原人,3,71,1,1.4,0.0,승정원일기,3.6,조선왕조실록,3.6
湖上,3,86,1,1.2,0.0,조선왕조실록,3.6,승정원일기,3.6
靑陽府,2,97,3,3.1,0.0,조선왕조실록,3.6,승정원일기,3.6
攝,8,47956,73,0.2,0.0,고려사,3.6,한국사료총서,3.6
生,8,342489,1806,0.5,0.3,한국사료총서,3.8,삼국사기,3.6
右沿,4,450,14,3.1,0.0,고순종실록,3.6,승정원일기,3.6
回,8,132715,609,0.5,0.0,삼국사기,3.6,고려사절요,3.6
馬前,5,351,9,2.6,0.0,고려사,3.6,승정원일기,3.6
楊州一邑,2,36,1,2.8,0.0,조선왕조실록,3.6,승정원일기,3.6
綿,7,22570,60,0.3,0.0,고려사,3.6,고려사절요,3.6
珎山,2,11,8,72.7,71.4,한국사료총서,75.0,조선왕조실록,3.6
運餉庫,2,34,2,5.9,0.0,한국사료총서,3.6,승정원일기,3.6
江原道寧越府,3,34,33,97.1,96.4,승정원일기,100.0,한국사료총서,3.6
歸厚所,2,31,1,3.2,0.0,한국사료총서,3.6,조선왕조실록,3.6
依豐,2,40,1,2.5,0.0,조선왕조실록,3.6,승정원일기,3.6
顯文,4,471,1,0.2,0.0,고순종실록,3.6,조선왕조실록,3.6
南解,3,53,1,1.9,0.0,삼국사기,3.6,한국사료총서,3.6
大同庫,3,248,2,0.8,0.0,조선왕조실록,3.6,승정원일기,3.6
鄭麟趾,4,1221,1,0.1,0.0,고려사,3.6,한국사료총서,3.6
耿,7,16728,9,0.1,0.0,고려사절요,3.6,고려사,3.6
寧朔鎭,2,14,11,78.6,71.4,고려사,75.0,고려사절요,3.6
知州,5,189,3,1.6,0.0,고려사,3.6,한국사료총서,3.6
以北各邑,2,37,1,2.7,0.0,조선왕조실록,3.6,승정원일기,3.6
勿失,4,587,2,0.3,0.0,고순종실록,3.6,한국사료총서,3.6
京城近處,3,63,1,1.6,0.0,조선왕조실록,3.6,승정원일기,3.6
忠淸道鎭岑縣,2,11,8,72.7,71.4,승정원일기,75.0,조선왕조실록,3.6
撫,8,26924,516,1.9,0.0,삼국사기,3.6,고려사,3.6
羅州·,3,213,1,0.5,0.0,고려사,3.6,한국사료총서,3.6
宣慰使,5,1084,2,0.2,0.0,고려사,3.6,한국사료총서,3.6
馬賊,4,245,3,1.2,0.0,고순종실록,3.5,조선왕조실록,3.5
退,8,305894,257,0.1,0.0,고려사절요,3.5,삼국사기,3.5
內庫,5,284,5,1.8,0.0,고려사,3.5,승정원일기,3.5
德文,6,457,4,0.9,0.0,고려사,3.5,한국사료총서,3.5
低平,3,84,2,2.4,0.0,조선왕조실록,3.5,승정원일기,3.5
圃,5,4112,117,2.8,0.0,고려사,3.5,승정원일기,3.5
領縣,4,755,7,0.9,0.0,고려사,3.5,한국사료총서,3.5
活人署,4,1053,30,2.8,0.0,고순종실록,3.5,승정원일기,3.5
西成,5,821,26,3.2,0.0,고려사,3.5,승정원일기,3.5
廟庭,6,1949,40,2.1,0.0,고려사,3.5,승정원일기,3.5
越人,4,954,7,0.7,0.0,고순종실록,3.5,조선왕조실록,3.5
太祖,8,11384,130,1.1,0.0,고순종실록,3.5,승정원일기,3.5
坡州郡,2,41,16,39.0,39.4,승정원일기,42.9,고순종실록,3.5
河上,4,230,5,2.2,0.0,삼국사기,3.5,승정원일기,3.5
京家,3,236,2,0.8,0.0,조선왕조실록,3.5,승정원일기,3.5
五里程,3,119,3,2.5,0.0,조선왕조실록,3.5,승정원일기,3.5
楊平,3,48,34,70.8,68.8,조선왕조실록,72.2,한국사료총서,3.5
章,8,186922,5806,3.1,0.0,고려사절요,3.5,승정원일기,3.5
石花,3,232,7,3.0,2.3,조선왕조실록,5.7,승정원일기,3.4
長時,4,1077,34,3.2,0.0,고순종실록,3.4,승정원일기,3.4
廣占山,2,36,1,2.8,0.0,조선왕조실록,3.4,승정원일기,3.4
年平,3,155,1,0.6,0.0,승정원일기,3.4,한국사료총서,3.4
沙河里,2,52,50,96.2,93.8,조선왕조실록,97.1,승정원일기,3.4
東岡,4,385,9,2.3,0.0,고순종실록,3.4,승정원일기,3.4
公,8,355110,12712,3.6,1.6,고려사절요,5.0,고순종실록,3.4
明都,3,76,1,1.3,0.0,조선왕조실록,3.4,승정원일기,3.4
南臬,3,66,2,3.0,0.0,조선왕조실록,3.4,승정원일기,3.4
梅江,2,20,18,90.0,87.5,조선왕조실록,90.9,승정원일기,3.4
成川浦,3,69,2,2.9,0.0,고순종실록,3.4,승정원일기,3.4
峻嶺,3,177,3,1.7,0.0,조선왕조실록,3.4,승정원일기,3.4
咸鏡道富寧府,2,63,61,96.8,96.6,승정원일기,100.0,조선왕조실록,3.4
溫厚,3,128,1,0.8,0.0,승정원일기,3.4,조선왕조실록,3.4
廣惠,4,178,2,1.1,0.0,고순종실록,3.4,조선왕조실록,3.4
虜寇,2,36,1,2.8,0.0,한국사료총서,3.4,조선왕조실록,3.4
統禦營,4,278,2,0.7,0.0,고순종실록,3.4,조선왕조실록,3.4
暉堂,2,34,31,91.2,96.6,승정원일기,100.0,조선왕조실록,3.4
昌副尉,2,98,2,2.0,1.3,승정원일기,4.8,조선왕조실록,3.4
蜂屯,3,56,1,1.8,0.0,조선왕조실록,3.4,승정원일기,3.4
吉田,3,83,1,1.2,0.0,고순종실록,3.4,한국사료총서,3.4
書經,4,356,2,0.6,0.0,고순종실록,3.4,한국사료총서,3.4
中後,5,227,3,1.3,0.0,고려사,3.4,한국사료총서,3.4
扇子,3,525,9,1.7,0.0,조선왕조실록,3.4,승정원일기,3.4
恩全君,4,152,4,2.6,0.0,고순종실록,3.4,승정원일기,3.4
純明妃,3,61,1,1.6,0.0,고순종실록,3.4,승정원일기,3.4
寶曆,4,349,1,0.3,0.0,고순종실록,3.4,조선왕조실록,3.4
廣州等地,2,35,1,2.9,0.0,조선왕조실록,3.4,승정원일기,3.4
必興,6,399,1,0.3,0.0,고려사,3.4,한국사료총서,3.4
黃腸,4,706,21,3.0,0.0,고순종실록,3.4,승정원일기,3.4
箕聖,4,483,12,2.5,0.0,고순종실록,3.4,조선왕조실록,3.4
渡鴨江,4,96,1,1.0,0.0,고려사,3.4,조선왕조실록,3.4
新化,4,1308,6,0.5,0.0,고순종실록,3.4,한국사료총서,3.4
北塞,3,225,5,2.2,0.0,조선왕조실록,3.4,승정원일기,3.4
禮賓,6,4151,25,0.6,0.0,고려사,3.4,한국사료총서,3.4
墓山,4,402,7,1.7,0.0,고순종실록,3.4,한국사료총서,3.4
淇,4,2723,13,0.5,0.0,고순종실록,3.4,조선왕조실록,3.4
中路,7,5790,71,1.2,0.0,고려사절요,3.4,고려사,3.4
漢道,2,38,3,7.9,7.7,승정원일기,11.1,조선왕조실록,3.4
平安道永柔,2,80,77,96.2,96.6,승정원일기,100.0,조선왕조실록,3.4
藏譜閣,3,309,299,96.8,96.6,승정원일기,100.0,고순종실록,3.4
楊龜山,3,39,1,2.6,0.0,조선왕조실록,3.4,승정원일기,3.4
知郡事,3,195,1,0.5,0.0,고려사,3.4,한국사료총서,3.4
于豆,3,84,1,1.2,0.0,승정원일기,3.4,조선왕조실록,3.4
益,8,236288,1294,0.5,0.0,삼국유사,3.4,삼국사기,3.4
進,8,865448,2920,0.3,0.0,삼국유사,3.4,삼국사기,3.4
王七,6,180,3,1.7,0.0,고려사,3.4,한국사료총서,3.4
造紙署,3,741,24,3.2,0.0,한국사료총서,3.4,승정원일기,3.4
床,8,19886,66,0.3,0.0,고순종실록,3.4,고려사절요,3.4
審新,3,91,1,1.1,0.0,승정원일기,3.4,조선왕조실록,3.4
魯山墓,2,35,4,11.4,9.1,승정원일기,12.5,조선왕조실록,3.4
穩城都護府,2,36,2,5.6,0.0,조선왕조실록,3.4,승정원일기,3.4
釜鼎,3,230,1,0.4,0.0,승정원일기,3.4,한국사료총서,3.4
明辰,3,41,1,2.4,0.0,조선왕조실록,3.4,승정원일기,3.4
慶尙道鎭海,2,69,67,97.1,96.6,승정원일기,100.0,조선왕조실록,3.4
鳳儀,4,1106,10,0.9,0.0,고순종실록,3.3,조선왕조실록,3.3
城市,5,242,5,2.1,0.0,고려사,3.3,한국사료총서,3.3
姬,8,1049,12,1.1,0.0,고려사,3.3,조선왕조실록,3.3
頤之,4,5081,1,0.0,0.0,고순종실록,3.3,한국사료총서,3.3
利成,3,117,3,2.6,0.0,조선왕조실록,3.3,승정원일기,3.3
通宦寺,3,58,1,1.7,0.0,조선왕조실록,3.3,승정원일기,3.3
絶影島,4,190,188,98.9,96.7,한국사료총서,100.0,조선왕조실록,3.3
統萬,3,55,1,1.8,0.0,조선왕조실록,3.3,승정원일기,3.3
德恩府,2,46,1,2.2,0.0,조선왕조실록,3.3,승정원일기,3.3
完川,4,180,4,2.2,0.0,고순종실록,3.3,승정원일기,3.3
官得,3,269,1,0.4,0.0,승정원일기,3.3,한국사료총서,3.3
忠牧,3,76,2,2.6,0.0,조선왕조실록,3.3,승정원일기,3.3
垂,8,50768,74,0.1,0.0,고려사절요,3.3,삼국사기,3.3
平安道德川,2,52,51,98.1,96.7,승정원일기,100.0,조선왕조실록,3.3
硫黃,4,832,10,1.2,0.0,고려사,3.3,조선왕조실록,3.3
放生,5,85,2,2.4,0.0,고려사,3.3,조선왕조실록,3.3
延香,2,14,4,28.6,30.0,한국사료총서,33.3,승정원일기,3.3
巉巖,3,62,1,1.6,0.0,조선왕조실록,3.3,승정원일기,3.3
昌居,3,86,1,1.2,0.0,승정원일기,3.3,조선왕조실록,3.3
恭親王,2,87,1,1.1,0.0,한국사료총서,3.3,승정원일기,3.3
盧龍,2,33,8,24.2,16.7,한국사료총서,20.0,승정원일기,3.3
大角,6,387,3,0.8,0.0,고려사,3.3,한국사료총서,3.3
宜,8,305289,2077,0.7,0.0,삼국유사,3.3,고려사,3.3
李顯英,3,1095,2,0.2,0.0,승정원일기,3.3,한국사료총서,3.3
明禮洞,2,72,70,97.2,96.7,승정원일기,100.0,조선왕조실록,3.3
長端府,2,13,4,30.8,30.0,승정원일기,33.3,한국사료총서,3.3
德律,2,12,2,16.7,16.7,승정원일기,20.0,조선왕조실록,3.3
剛中,3,168,1,0.6,0.0,승정원일기,3.3,한국사료총서,3.3
都下,6,4126,86,2.1,0.0,고려사,3.3,승정원일기,3.3
乃別,3,187,1,0.5,0.0,승정원일기,3.3,한국사료총서,3.3
全羅兩道,4,259,4,1.5,0.0,고순종실록,3.3,승정원일기,3.3
九臯,2,11,2,18.2,16.7,승정원일기,20.0,한국사료총서,3.3
牽牛,4,177,1,0.6,0.0,승정원일기,3.3,고려사,3.3
掘井,3,104,1,1.0,0.0,승정원일기,3.3,조선왕조실록,3.3
開城經,3,451,1,0.2,0.0,승정원일기,3.3,조선왕조실록,3.3
至順,5,181,1,0.6,0.0,고려사,3.3,조선왕조실록,3.3
三南諸道,2,36,1,2.8,0.0,조선왕조실록,3.3,승정원일기,3.3
孝禧,2,541,529,97.8,94.8,조선왕조실록,98.1,승정원일기,3.3
禮泉,2,16,11,68.8,66.7,승정원일기,70.0,한국사료총서,3.3
恭,8,58808,1515,2.6,0.0,고려사절요,3.3,승정원일기,3.3
均田廳,2,37,1,2.7,0.0,조선왕조실록,3.3,승정원일기,3.3
擊蒙要訣,3,46,1,2.2,0.0,조선왕조실록,3.3,승정원일기,3.3
唐軍,4,44,1,2.3,0.0,삼국사기,3.3,조선왕조실록,3.3
江界都,2,49,1,2.0,0.0,조선왕조실록,3.3,승정원일기,3.3
殷正,2,14,5,35.7,16.7,조선왕조실록,20.0,승정원일기,3.3
江原道原州牧,2,95,92,96.8,96.7,승정원일기,100.0,한국사료총서,3.3
角巖,2,34,32,94.1,96.7,승정원일기,100.0,조선왕조실록,3.3
武威,3,61,1,1.6,0.0,승정원일기,3.3,조선왕조실록,3.3
章武,2,62,2,3.2,2.6,승정원일기,5.9,조선왕조실록,3.3
白鶴,4,746,10,1.3,0.0,고려사,3.3,조선왕조실록,3.3
海蔘葳,2,19,16,84.2,80.0,한국사료총서,83.3,승정원일기,3.3
楊州境,2,38,1,2.6,0.0,조선왕조실록,3.3,승정원일기,3.3
京畿加平郡,2,23,20,87.0,83.3,조선왕조실록,86.7,승정원일기,3.3
大火,3,129,1,0.8,0.0,승정원일기,3.3,조선왕조실록,3.3
防山,3,23,4,17.4,16.7,승정원일기,20.0,조선왕조실록,3.3
水鐵店,2,20,13,65.0,66.7,승정원일기,70.0,한국사료총서,3.3
法浦,2,21,17,81.0,80.0,한국사료총서,83.3,승정원일기,3.3
杆城等,2,75,2,2.7,0.0,조선왕조실록,3.3,승정원일기,3.3
知三,5,2272,2,0.1,0.0,고려사,3.3,한국사료총서,3.3
新川里,2,11,9,81.8,80.0,한국사료총서,83.3,승정원일기,3.3
濟北,3,44,1,2.3,0.0,조선왕조실록,3.3,승정원일기,3.3
何山,3,71,1,1.4,0.0,승정원일기,3.3,한국사료총서,3.3
毅宗皇帝,3,304,8,2.6,0.0,조선왕조실록,3.3,승정원일기,3.3
大鵬,3,150,1,0.7,0.0,승정원일기,3.3,한국사료총서,3.3
黃海道兔山,3,44,43,97.7,96.8,승정원일기,100.0,한국사료총서,3.2
承明,6,783,5,0.6,0.0,고려사,3.2,조선왕조실록,3.2
湖西各邑,3,78,2,2.6,0.0,조선왕조실록,3.2,승정원일기,3.2
順化坊,2,40,39,97.5,96.8,승정원일기,100.0,조선왕조실록,3.2
光顯,6,540,1,0.2,0.0,고려사,3.2,한국사료총서,3.2
榮福,3,1488,4,0.3,0.0,한국사료총서,3.2,조선왕조실록,3.2
格倭,3,675,1,0.1,0.0,승정원일기,3.2,조선왕조실록,3.2
一島,4,936,19,2.0,0.0,고순종실록,3.2,승정원일기,3.2
永宗防,3,108,3,2.8,0.0,고순종실록,3.2,승정원일기,3.2
左沿,4,180,5,2.8,0.0,고순종실록,3.2,승정원일기,3.2
申德,6,902,2,0.2,0.0,고려사,3.2,한국사료총서,3.2
倭兵,6,276,3,1.1,0.0,고려사,3.2,조선왕조실록,3.2
全羅道南平縣,2,34,33,97.1,96.8,승정원일기,100.0,조선왕조실록,3.2
吉得,3,41,1,2.4,0.0,조선왕조실록,3.2,승정원일기,3.2
野里,2,27,20,74.1,85.7,한국사료총서,88.9,승정원일기,3.2
稷下,2,42,2,4.8,0.0,한국사료총서,3.2,승정원일기,3.2
羅州人,4,82,1,1.2,0.0,고려사,3.2,조선왕조실록,3.2
洚水,2,49,1,2.0,0.0,조선왕조실록,3.2,승정원일기,3.2
箭竹,3,1052,12,1.1,0.3,승정원일기,3.5,한국사료총서,3.2
兎罝,2,36,1,2.8,0.0,조선왕조실록,3.2,승정원일기,3.2
晁錯,3,57,1,1.8,0.0,조선왕조실록,3.2,승정원일기,3.2
迤東,3,70,2,2.9,0.0,조선왕조실록,3.2,승정원일기,3.2
天監,7,697,2,0.3,0.0,고려사,3.2,조선왕조실록,3.2
畿近,2,62,1,1.6,0.0,조선왕조실록,3.2,승정원일기,3.2
壺串,4,76,75,98.7,96.8,조선왕조실록,100.0,승정원일기,3.2
金河,3,334,4,1.2,0.0,한국사료총서,3.2,조선왕조실록,3.2
水泉,4,327,1,0.3,0.0,고려사,3.2,한국사료총서,3.2
北評事,4,1750,3,0.2,0.0,고순종실록,3.2,한국사료총서,3.2
右衛,7,574,9,1.6,0.0,고려사,3.2,조선왕조실록,3.2
忠州人,4,85,1,1.2,0.0,고려사,3.2,조선왕조실록,3.2
金堤郡守,4,644,1,0.2,0.0,고순종실록,3.2,한국사료총서,3.2
各,8,346480,103,0.0,0.0,고려사절요,3.2,삼국사기,3.2
西閫,3,279,7,2.5,0.0,조선왕조실록,3.2,승정원일기,3.2
下邑,4,1134,3,0.3,0.0,고순종실록,3.2,한국사료총서,3.2
陳亮,2,40,1,2.5,0.0,조선왕조실록,3.2,승정원일기,3.2
春同,3,145,1,0.7,0.0,승정원일기,3.2,한국사료총서,3.2
列堡,2,64,1,1.6,0.0,승정원일기,3.2,조선왕조실록,3.2
江原道驛,2,102,3,2.9,0.0,조선왕조실록,3.2,승정원일기,3.2
江都。,2,180,1,0.6,0.0,조선왕조실록,3.2,승정원일기,3.2
祖源,4,2825,1,0.0,0.0,고순종실록,3.2,한국사료총서,3.2
五殿,3,42,1,2.4,0.0,고순종실록,3.2,승정원일기,3.2
京畿積城,2,163,158,96.9,96.8,승정원일기,100.0,조선왕조실록,3.2
翼弼,4,125,1,0.8,0.0,고순종실록,3.2,한국사료총서,3.2
穎,7,2843,79,2.8,0.0,고순종실록,3.2,고려사,3.2
漢昌,3,588,1,0.2,0.0,승정원일기,3.2,조선왕조실록,3.2
全羅道金溝縣,2,36,35,97.2,96.8,승정원일기,100.0,조선왕조실록,3.2
劉漢,5,643,1,0.2,0.0,고려사,3.2,조선왕조실록,3.2
月等,3,304,1,0.3,0.0,승정원일기,3.2,한국사료총서,3.2
達孝,4,866,5,0.6,0.0,고순종실록,3.2,한국사료총서,3.2
總衛營,2,199,6,3.0,0.0,조선왕조실록,3.2,승정원일기,3.2
漏局,2,105,3,2.9,0.0,조선왕조실록,3.2,승정원일기,3.2
帷門,2,332,7,2.1,0.0,조선왕조실록,3.2,승정원일기,3.2
臨漢,2,45,2,4.4,0.0,조선왕조실록,3.2,승정원일기,3.2
陽問,3,137,1,0.7,0.0,승정원일기,3.2,조선왕조실록,3.2
大雷,6,576,1,0.2,0.0,고려사,3.2,승정원일기,3.2
康衢,3,205,5,2.4,0.0,조선왕조실록,3.2,승정원일기,3.2
梧桐,3,111,18,16.2,14.3,승정원일기,17.4,한국사료총서,3.1
全羅道錦山,3,129,126,97.7,96.9,승정원일기,100.0,한국사료총서,3.1
木人,3,217,2,0.9,0.0,승정원일기,3.1,조선왕조실록,3.1
失里,3,97,2,2.1,0.0,고려사,3.1,조선왕조실록,3.1
龍樓,5,145,2,1.4,0.0,고려사,3.1,승정원일기,3.1
西獄,2,41,1,2.4,0.0,조선왕조실록,3.1,승정원일기,3.1
慶新,3,190,5,2.6,0.0,승정원일기,3.1,조선왕조실록,3.1
西臬,2,68,2,2.9,0.0,조선왕조실록,3.1,승정원일기,3.1
西南北,5,552,11,2.0,0.0,고려사,3.1,승정원일기,3.1
龍處,3,123,1,0.8,0.0,승정원일기,3.1,조선왕조실록,3.1
內,8,483320,8093,1.7,0.0,삼국사기,3.1,한국사료총서,3.1
忠淸道淸安,2,46,45,97.8,96.9,승정원일기,100.0,조선왕조실록,3.1
暢春苑,3,38,37,97.4,96.9,승정원일기,100.0,한국사료총서,3.1
金湯,5,516,4,0.8,0.0,고려사,3.1,한국사료총서,3.1
藁城,2,38,1,2.6,0.0,조선왕조실록,3.1,승정원일기,3.1
尊臺閣,2,41,1,2.4,0.0,조선왕조실록,3.1,승정원일기,3.1
開天,5,103,1,1.0,0.0,고려사,3.1,승정원일기,3.1
廟內,4,1124,32,2.8,0.0,고순종실록,3.1,승정원일기,3.1
上東面,2,40,36,90.0,87.5,승정원일기,90.6,한국사료총서,3.1
屯江,2,41,1,2.4,0.0,승정원일기,3.1,조선왕조실록,3.1
錦水,2,38,10,26.3,26.3,한국사료총서,29.4,승정원일기,3.1
慶尙道南海縣,2,184,179,97.3,96.9,승정원일기,100.0,조선왕조실록,3.1
永安尉,3,316,7,2.2,0.0,조선왕조실록,3.1,승정원일기,3.1
安橓,2,36,2,5.6,0.0,한국사료총서,3.1,승정원일기,3.1
賊,8,167387,1610,1.0,0.0,고려사,3.1,조선왕조실록,3.1
修道,4,362,4,1.1,0.0,삼국유사,3.1,조선왕조실록,3.1
震陽,5,131,1,0.8,0.0,고려사,3.1,한국사료총서,3.1
昌善坊,2,53,52,98.1,96.9,승정원일기,100.0,한국사료총서,3.1
晉原,4,54,1,1.9,0.0,고려사,3.1,승정원일기,3.1
慶衍,4,201,5,2.5,0.0,고순종실록,3.1,승정원일기,3.1
公明宣,2,39,1,2.6,0.0,한국사료총서,3.1,승정원일기,3.1
弘錫,4,798,1,0.1,0.0,고순종실록,3.1,한국사료총서,3.1
三倉,4,309,7,2.3,0.0,고순종실록,3.1,한국사료총서,3.1
黑頭,3,294,5,1.7,0.0,한국사료총서,3.1,조선왕조실록,3.1
國明,5,123,1,0.8,0.0,고려사,3.1,한국사료총서,3.1
朝倭,3,49,1,2.0,0.0,승정원일기,3.1,조선왕조실록,3.1
咸鏡道富寧,2,78,76,97.4,96.9,승정원일기,100.0,조선왕조실록,3.1
天,8,381479,10100,2.6,1.9,승정원일기,5.0,삼국유사,3.1
胡兵,5,138,1,0.7,0.0,고려사,3.1,조선왕조실록,3.1
三南沿海,2,75,2,2.7,0.0,조선왕조실록,3.1,승정원일기,3.1
白也,3,358,20,5.6,3.8,승정원일기,6.9,조선왕조실록,3.1
完南,4,184,4,2.2,0.0,고순종실록,3.1,승정원일기,3.1
栗田,2,38,1,2.6,0.0,승정원일기,3.1,한국사료총서,3.1
直西,3,47,1,2.1,0.0,조선왕조실록,3.1,승정원일기,3.1
入元,5,250,1,0.4,0.0,고려사,3.1,한국사료총서,3.1
成海,3,386,1,0.3,0.0,승정원일기,3.1,조선왕조실록,3.1
於陵,5,1566,17,1.1,0.0,고려사,3.1,한국사료총서,3.1
永寧殿修改都監,2,40,1,2.5,0.0,조선왕조실록,3.1,승정원일기,3.1
依畿甸,2,41,1,2.4,0.0,조선왕조실록,3.1,승정원일기,3.1
北評,4,1787,8,0.4,0.0,고순종실록,3.1,한국사료총서,3.1
興陽縣呂島,2,70,68,97.1,96.9,승정원일기,100.0,조선왕조실록,3.1
咸亨,5,146,1,0.7,0.0,고순종실록,3.1,조선왕조실록,3.1
雄邑,4,325,9,2.8,0.0,고순종실록,3.1,승정원일기,3.1
草萊,4,342,1,0.3,0.0,고순종실록,3.1,한국사료총서,3.1
山陵丁字閣,2,69,2,2.9,0.0,조선왕조실록,3.1,승정원일기,3.1
別破陳,2,42,1,2.4,0.0,한국사료총서,3.1,승정원일기,3.1
傳,8,1675684,57,0.0,0.0,고려사절요,3.1,삼국사기,3.1
與陽,3,108,2,1.9,0.0,조선왕조실록,3.1,승정원일기,3.1
鍾城都護府,2,40,1,2.5,0.0,조선왕조실록,3.0,승정원일기,3.0
燕行,4,533,2,0.4,0.0,고순종실록,3.0,조선왕조실록,3.0
罄甸,2,40,1,2.5,0.0,조선왕조실록,3.0,승정원일기,3.0
聾啞,3,110,1,0.9,0.0,승정원일기,3.0,한국사료총서,3.0
直隷省,2,14,9,64.3,63.6,한국사료총서,66.7,승정원일기,3.0
於熊,4,130,1,0.8,0.0,삼국사기,3.0,한국사료총서,3.0
東齋,3,180,4,2.2,0.0,조선왕조실록,3.0,승정원일기,3.0
中正,6,1122,11,1.0,0.0,고려사,3.0,조선왕조실록,3.0
丘泰垕,2,37,1,2.7,0.0,조선왕조실록,3.0,승정원일기,3.0
如栗,3,78,1,1.3,0.0,조선왕조실록,3.0,승정원일기,3.0
全坪,3,114,3,2.6,0.0,조선왕조실록,3.0,승정원일기,3.0
觀慶,3,83,1,1.2,0.0,조선왕조실록,3.0,승정원일기,3.0
興里,2,73,71,97.3,97.0,한국사료총서,100.0,승정원일기,3.0
通衢,5,683,12,1.8,0.0,고려사,3.0,승정원일기,3.0
史,8,160662,536,0.3,0.2,고려사절요,3.2,삼국사기,3.0
景朝,3,47,1,2.1,0.0,고순종실록,3.0,승정원일기,3.0
內兵曹,4,424,10,2.4,0.0,고순종실록,3.0,승정원일기,3.0
寧邊城,2,25,10,40.0,33.3,승정원일기,36.4,조선왕조실록,3.0
漢陰,3,126,2,1.6,0.0,조선왕조실록,3.0,승정원일기,3.0
集英門,2,215,209,97.2,97.0,승정원일기,100.0,조선왕조실록,3.0
北二里,2,178,7,3.9,0.0,조선왕조실록,3.0,한국사료총서,3.0
大夫,8,22040,204,0.9,0.0,고순종실록,3.0,고려사절요,3.0
德游,2,697,674,96.7,96.2,승정원일기,99.3,조선왕조실록,3.0
代勞,3,127,3,2.4,0.0,승정원일기,3.0,조선왕조실록,3.0
濟州牧大靜縣,2,169,164,97.0,97.0,승정원일기,100.0,조선왕조실록,3.0
永日,4,57,1,1.8,0.0,고려사,3.0,승정원일기,3.0
宗廟之中,2,55,1,1.8,0.0,조선왕조실록,3.0,승정원일기,3.0
南原縣,2,216,38,17.6,17.0,승정원일기,20.0,조선왕조실록,3.0
齋殿門外,2,345,10,2.9,0.0,조선왕조실록,3.0,승정원일기,3.0
慶尙道龍宮,2,46,45,97.8,97.0,승정원일기,100.0,조선왕조실록,3.0
奉,8,341042,4306,1.3,0.0,삼국유사,3.0,한국사료총서,3.0
求仁,4,231,3,1.3,0.0,고려사,3.0,한국사료총서,3.0
此安,4,428,1,0.2,0.0,고순종실록,3.0,한국사료총서,3.0
城內,6,5447,70,1.3,0.0,고려사,3.0,한국사료총서,3.0
燕路,2,39,1,2.6,0.0,조선왕조실록,3.0,승정원일기,3.0
强勇,3,56,1,1.8,0.0,승정원일기,3.0,조선왕조실록,3.0
㺚兵,3,63,1,1.6,0.0,승정원일기,3.0,조선왕조실록,3.0
駕,8,80528,148,0.2,0.0,고려사절요,3.0,한국사료총서,3.0
里金,3,553,6,1.1,0.0,승정원일기,3.0,조선왕조실록,3.0
明禮門,2,468,454,97.0,97.0,승정원일기,100.0,조선왕조실록,3.0
義州報,2,39,1,2.6,0.0,조선왕조실록,3.0,승정원일기,3.0
山獺,3,106,2,1.9,0.0,한국사료총서,3.0,승정원일기,3.0
祠廟,3,189,4,2.1,0.0,한국사료총서,3.0,승정원일기,3.0
貴山,5,186,3,1.6,0.0,삼국사기,3.0,조선왕조실록,3.0
養心閤,3,831,815,98.1,97.0,승정원일기,100.0,고순종실록,3.0
陳情表,5,56,1,1.8,0.0,고려사,2.9,승정원일기,2.9
中原人,3,218,4,1.8,0.0,승정원일기,2.9,조선왕조실록,2.9
平安道慈山,2,52,51,98.1,97.1,승정원일기,100.0,조선왕조실록,2.9
園中,4,93,2,2.2,0.0,고려사,2.9,한국사료총서,2.9
文始,3,2498,1,0.0,0.0,승정원일기,2.9,조선왕조실록,2.9
魚龍,4,88,3,3.4,0.0,삼국유사,2.9,한국사료총서,2.9
思敬,5,248,2,0.8,0.0,고려사,2.9,한국사료총서,2.9
",韓山",4,594,1,0.2,0.0,고려사,2.9,한국사료총서,2.9
司馬門,2,36,9,25.0,23.8,승정원일기,26.7,조선왕조실록,2.9
東六里,2,42,1,2.4,0.0,조선왕조실록,2.9,한국사료총서,2.9
寬,8,48677,397,0.8,0.0,고려사절요,2.9,조선왕조실록,2.9
安心,6,26938,18,0.1,0.0,고려사,2.9,한국사료총서,2.9
楊州牧使,4,2187,1,0.0,0.0,고순종실록,2.9,한국사료총서,2.9
海領,3,48,1,2.1,0.0,승정원일기,2.9,조선왕조실록,2.9
錦昌副尉,2,44,1,2.3,0.0,조선왕조실록,2.9,승정원일기,2.9
火車,4,176,2,1.1,0.0,고순종실록,2.9,승정원일기,2.9
昭敬殿,2,41,38,92.7,97.1,조선왕조실록,100.0,승정원일기,2.9
先山,4,425,3,0.7,0.0,고순종실록,2.9,한국사료총서,2.9
撫鎭,3,93,2,2.2,0.0,승정원일기,2.9,조선왕조실록,2.9
經理院,3,240,1,0.4,0.0,승정원일기,2.9,고순종실록,2.9
于永禧殿,2,57,1,1.8,0.0,승정원일기,2.9,조선왕조실록,2.9
忠淸道鎭岑,2,43,42,97.7,97.1,승정원일기,100.0,조선왕조실록,2.9
忠武,4,843,18,2.1,0.0,고순종실록,2.9,승정원일기,2.9
慈殿宮,2,38,1,2.6,0.0,조선왕조실록,2.9,승정원일기,2.9
武藝廳,4,603,12,2.0,0.0,고순종실록,2.9,조선왕조실록,2.9
秦風,3,43,1,2.3,0.0,조선왕조실록,2.9,승정원일기,2.9
昌壽,5,6292,7,0.1,0.0,고려사,2.9,조선왕조실록,2.9
春陵,2,73,2,2.7,0.0,조선왕조실록,2.9,승정원일기,2.9
任所,6,11030,306,2.8,0.0,고려사,2.9,승정원일기,2.9
大下,3,210,3,1.4,0.0,승정원일기,2.9,한국사료총서,2.9
弓角契,3,75,2,2.7,0.0,조선왕조실록,2.9,승정원일기,2.9
丹春,2,40,1,2.5,0.0,조선왕조실록,2.9,승정원일기,2.9
隱,8,38031,317,0.8,0.0,고려사절요,2.9,한국사료총서,2.9
全羅道南原府,2,44,43,97.7,97.1,승정원일기,100.0,조선왕조실록,2.9
文武殿,3,50,1,2.0,0.0,조선왕조실록,2.9,승정원일기,2.9
海西大,3,51,1,2.0,0.0,조선왕조실록,2.9,승정원일기,2.9
中府,4,155,3,1.9,0.0,고순종실록,2.9,승정원일기,2.9
忠淸道保寧縣,2,39,38,97.4,97.1,승정원일기,100.0,조선왕조실록,2.9
栢舟,3,101,3,3.0,0.0,승정원일기,2.9,조선왕조실록,2.9
用東,3,105,1,1.0,0.0,승정원일기,2.9,조선왕조실록,2.9
於三水,3,77,1,1.3,0.0,고순종실록,2.9,조선왕조실록,2.9
太祖皇帝,6,161,2,1.2,0.0,고려사,2.9,승정원일기,2.9
忠淸道稷山縣,2,76,73,96.1,97.1,승정원일기,100.0,조선왕조실록,2.9
明制,4,142,1,0.7,0.0,고순종실록,2.9,조선왕조실록,2.9
太僕,6,2867,65,2.3,0.0,고려사,2.9,승정원일기,2.9
韓致應,3,4760,1,0.0,0.0,승정원일기,2.9,한국사료총서,2.9
義親王府,2,41,1,2.4,0.0,고순종실록,2.9,승정원일기,2.9
承政院,4,9837,87,0.9,0.0,고순종실록,2.9,승정원일기,2.9
有周,4,746,4,0.5,0.0,고순종실록,2.9,조선왕조실록,2.9
平安道昌城,2,105,103,98.1,97.1,승정원일기,100.0,조선왕조실록,2.9
下,8,1320348,3611,0.3,0.2,고려사,3.0,삼국유사,2.9
公忠右,3,41,40,97.6,97.1,승정원일기,100.0,조선왕조실록,2.9
長興·,3,140,1,0.7,0.0,고려사,2.9,한국사료총서,2.9
嶺南廳,2,38,1,2.6,0.0,조선왕조실록,2.9,승정원일기,2.9
陵園,5,1620,41,2.5,0.0,고순종실록,2.9,승정원일기,2.9
礦務局,3,77,2,2.6,0.0,고순종실록,2.9,승정원일기,2.9
城門,7,3461,84,2.4,0.0,고려사,2.9,조선왕조실록,2.9
仁昭殿,2,44,43,97.7,97.1,조선왕조실록,100.0,승정원일기,2.9
春化,3,54,1,1.9,0.0,조선왕조실록,2.9,승정원일기,2.9
東序,5,102,1,1.0,0.0,고려사,2.9,승정원일기,2.9
",開寧",3,365,1,0.3,0.0,승정원일기,2.9,한국사료총서,2.9
大雅,3,250,3,1.2,0.0,조선왕조실록,2.9,한국사료총서,2.9
則埋置,2,39,1,2.6,0.0,한국사료총서,2.9,승정원일기,2.9
倭語,3,156,2,1.3,0.0,승정원일기,2.9,조선왕조실록,2.9
周元,7,243,1,0.4,0.0,고려사,2.9,한국사료총서,2.9
北兵,6,4387,100,2.3,0.0,고려사,2.9,승정원일기,2.9
慶尙道昌原府,2,72,70,97.2,97.1,승정원일기,100.0,조선왕조실록,2.9
한국,5,1066,21,2.0,0.0,고려사,2.9,삼국사기,2.9
義信,4,163,1,0.6,0.0,고순종실록,2.9,조선왕조실록,2.9
禹甸,3,77,2,2.6,0.0,조선왕조실록,2.9,승정원일기,2.9
倭入,5,187,1,0.5,0.0,고려사,2.9,조선왕조실록,2.9
蠻貊,4,180,1,0.6,0.0,고순종실록,2.9,조선왕조실록,2.9
黃海道白川,3,138,135,97.8,97.1,승정원일기,100.0,한국사료총서,2.9
縣內面,2,150,133,88.7,88.0,한국사료총서,90.9,승정원일기,2.9
惠一,3,87,1,1.1,0.0,조선왕조실록,2.9,승정원일기,2.9
海兩邑,2,40,1,2.5,0.0,조선왕조실록,2.9,승정원일기,2.9
玄明門,2,37,36,97.3,97.1,승정원일기,100.0,조선왕조실록,2.9
江原道洪川,2,120,117,97.5,97.1,승정원일기,100.0,조선왕조실록,2.9
寺島,2,38,1,2.6,0.0,승정원일기,2.9,한국사료총서,2.9
萬,8,445037,3544,0.8,0.5,고려사절요,3.2,삼국유사,2.8
仁獄,2,42,1,2.4,0.0,조선왕조실록,2.8,승정원일기,2.8
爲善,6,3726,82,2.2,0.0,고려사,2.8,승정원일기,2.8
深,8,133621,309,0.2,0.0,삼국유사,2.8,삼국사기,2.8
曹,8,803219,242,0.0,0.0,고순종실록,2.8,고려사절요,2.8
典設,5,2886,73,2.5,0.0,고려사,2.8,승정원일기,2.8
都城頹圮處,2,40,1,2.5,0.0,조선왕조실록,2.8,승정원일기,2.8
振夫,2,39,1,2.6,0.0,승정원일기,2.8,한국사료총서,2.8
伊國,3,133,3,2.3,0.0,승정원일기,2.8,한국사료총서,2.8
㓒原,2,65,45,69.2,66.7,한국사료총서,69.5,승정원일기,2.8
四陵,3,144,3,2.1,0.0,조선왕조실록,2.8,승정원일기,2.8
非龍,3,49,1,2.0,0.0,조선왕조실록,2.8,승정원일기,2.8
懸房,4,789,20,2.5,0.0,고순종실록,2.8,승정원일기,2.8
文遇,3,47,1,2.1,0.0,고려사,2.8,승정원일기,2.8
大,8,1464327,25216,1.7,1.5,승정원일기,4.2,고순종실록,2.8
倭軍,3,75,1,1.3,0.0,승정원일기,2.8,조선왕조실록,2.8
如許,4,9236,30,0.3,0.0,고순종실록,2.8,조선왕조실록,2.8
漢拏山,2,30,26,86.7,90.9,승정원일기,93.8,조선왕조실록,2.8
全羅道高山,3,89,87,97.8,97.2,승정원일기,100.0,한국사료총서,2.8
恢德,2,43,1,2.3,0.0,조선왕조실록,2.8,승정원일기,2.8
精抄廳,3,150,3,2.0,0.0,한국사료총서,2.8,조선왕조실록,2.8
新園,2,173,11,6.4,4.0,조선왕조실록,6.8,승정원일기,2.8
宗廟齋宿,2,118,3,2.5,0.0,조선왕조실록,2.8,승정원일기,2.8
北八里,2,40,1,2.5,0.0,조선왕조실록,2.8,한국사료총서,2.8
平安道宣川,2,91,89,97.8,97.2,승정원일기,100.0,조선왕조실록,2.8
慶善堂,2,47,46,97.9,97.2,승정원일기,100.0,조선왕조실록,2.8
尙瑞院,3,1049,26,2.5,0.0,조선왕조실록,2.8,승정원일기,2.8
宗海,3,805,3,0.4,0.2,승정원일기,2.9,한국사료총서,2.8
女,8,76065,721,0.9,0.0,고려사,2.8,조선왕조실록,2.8
典獄,5,3976,84,2.1,0.0,고려사,2.8,승정원일기,2.8
黃廷彧,3,446,1,0.2,0.0,승정원일기,2.8,한국사료총서,2.8
注,8,472430,341,0.1,0.0,고려사,2.8,고순종실록,2.8
墓表,3,158,1,0.6,0.0,승정원일기,2.8,조선왕조실록,2.8
鍾漏,3,296,8,2.7,0.0,조선왕조실록,2.8,승정원일기,2.8
明善,5,892,21,2.4,0.0,고려사,2.8,승정원일기,2.8
中學,4,2033,49,2.4,0.0,고순종실록,2.8,승정원일기,2.8
戴,8,20369,30,0.1,0.0,고순종실록,2.7,고려사절요,2.7
床石,2,125,1,0.8,0.0,승정원일기,2.7,한국사료총서,2.7
四部,5,548,8,1.5,0.0,고려사,2.7,승정원일기,2.7
延喜門,2,116,113,97.4,97.3,승정원일기,100.0,조선왕조실록,2.7
差備,4,24291,132,0.5,0.0,고순종실록,2.7,조선왕조실록,2.7
慶尙道梁山郡,2,46,45,97.8,97.3,승정원일기,100.0,조선왕조실록,2.7
光里,2,80,77,96.2,94.7,한국사료총서,97.4,승정원일기,2.7
泥濘,6,578,3,0.5,0.0,고려사,2.7,한국사료총서,2.7
恭默齋,2,41,40,97.6,97.3,승정원일기,100.0,고순종실록,2.7
薰,6,26528,153,0.6,0.0,고려사,2.7,조선왕조실록,2.7
惠民署,4,1053,23,2.2,0.0,고순종실록,2.7,승정원일기,2.7
御書閣,2,30,10,33.3,33.3,조선왕조실록,36.0,승정원일기,2.7
平慶,3,61,1,1.6,0.0,조선왕조실록,2.7,승정원일기,2.7
太廟後,2,141,3,2.1,0.0,조선왕조실록,2.7,승정원일기,2.7
孤城,6,463,5,1.1,0.0,고려사,2.7,승정원일기,2.7
昌德宮後,2,172,4,2.3,0.0,조선왕조실록,2.7,승정원일기,2.7
德良,3,1123,21,1.9,0.0,조선왕조실록,2.7,승정원일기,2.7
良甫,2,47,1,2.1,0.0,승정원일기,2.7,한국사료총서,2.7
京畿通津,2,167,163,97.6,97.3,승정원일기,100.0,조선왕조실록,2.7
日新,6,3903,59,1.5,0.0,고려사절요,2.7,조선왕조실록,2.7
時和,3,391,2,0.5,0.0,승정원일기,2.7,조선왕조실록,2.7
六處,3,471,10,2.1,0.0,조선왕조실록,2.7,승정원일기,2.7
忠淸道庇仁,2,49,47,95.9,94.1,조선왕조실록,96.8,승정원일기,2.7
內香,3,51,1,2.0,0.0,승정원일기,2.7,조선왕조실록,2.7
正,8,564353,11622,2.1,0.0,삼국유사,2.7,승정원일기,2.7
孝顯王后,4,193,4,2.1,0.0,고순종실록,2.7,승정원일기,2.7
內外營,3,282,7,2.5,0.0,조선왕조실록,2.7,승정원일기,2.7
應瑞,3,803,2,0.2,0.0,승정원일기,2.7,한국사료총서,2.7
全羅道茂長,2,101,98,97.0,97.3,승정원일기,100.0,조선왕조실록,2.7
沃焦,3,93,2,2.2,0.0,조선왕조실록,2.7,승정원일기,2.7
生安,6,370,3,0.8,0.0,고려사,2.7,조선왕조실록,2.7
咸鏡道洪原,2,120,116,96.7,97.3,승정원일기,100.0,조선왕조실록,2.7
來成,4,359,1,0.3,0.0,고순종실록,2.7,한국사료총서,2.7
坦,6,6017,15,0.2,0.0,고려사절요,2.7,고려사,2.7
土橋,2,28,6,21.4,20.0,승정원일기,22.7,한국사료총서,2.7
洚,3,100,2,2.0,0.0,조선왕조실록,2.7,승정원일기,2.7
貴,8,55867,275,0.5,0.0,고려사절요,2.7,삼국사기,2.7
考工記,3,44,1,2.3,0.0,조선왕조실록,2.7,승정원일기,2.7
阿仁,2,45,1,2.2,0.0,고려사,2.7,조선왕조실록,2.7
赭山,2,48,1,2.1,0.0,조선왕조실록,2.7,승정원일기,2.7
學鉉,2,40,1,2.5,0.0,한국사료총서,2.7,승정원일기,2.7
彦信,3,316,1,0.3,0.0,조선왕조실록,2.7,승정원일기,2.7
西洋,4,755,18,2.4,0.0,고순종실록,2.7,한국사료총서,2.7
別軍職廳,2,78,2,2.6,0.0,조선왕조실록,2.7,승정원일기,2.7
布滿,3,117,1,0.9,0.0,조선왕조실록,2.7,승정원일기,2.7
齊魯,2,105,5,4.8,0.0,승정원일기,2.6,한국사료총서,2.6
曺演承,3,50,1,2.0,0.0,고순종실록,2.6,승정원일기,2.6
永河,3,78,1,1.3,0.0,조선왕조실록,2.6,승정원일기,2.6
爲順天,3,544,1,0.2,0.0,승정원일기,2.6,조선왕조실록,2.6
誠身,3,175,1,0.6,0.0,승정원일기,2.6,조선왕조실록,2.6
聖巖,2,20,10,50.0,42.9,한국사료총서,45.5,승정원일기,2.6
眞殿門外,3,49,1,2.0,0.0,고려사,2.6,승정원일기,2.6
公賑,4,292,1,0.3,0.0,고순종실록,2.6,조선왕조실록,2.6
江邊各邑,2,50,1,2.0,0.0,조선왕조실록,2.6,승정원일기,2.6
九天,4,186,1,0.5,0.0,고려사,2.6,조선왕조실록,2.6
隱德,3,104,1,1.0,0.0,조선왕조실록,2.6,승정원일기,2.6
東一房,3,84,2,2.4,0.0,조선왕조실록,2.6,승정원일기,2.6
守太,6,475,1,0.2,0.0,고려사,2.6,조선왕조실록,2.6
"丹陽,",3,89,1,1.1,0.0,승정원일기,2.6,한국사료총서,2.6
陶漁,3,59,1,1.7,0.0,조선왕조실록,2.6,승정원일기,2.6
慈如,2,45,1,2.2,0.0,조선왕조실록,2.6,승정원일기,2.6
人王,6,306,2,0.7,0.0,고려사,2.6,승정원일기,2.6
貰馬契,2,43,1,2.3,0.0,한국사료총서,2.6,승정원일기,2.6
敬陵展,2,42,1,2.4,0.0,조선왕조실록,2.6,승정원일기,2.6
訓鍊院,4,5326,123,2.3,0.0,고순종실록,2.6,승정원일기,2.6
南關各邑,2,47,1,2.1,0.0,조선왕조실록,2.6,승정원일기,2.6
復興,6,639,9,1.4,0.0,고려사절요,2.6,한국사료총서,2.6
末叱孫,2,45,1,2.2,0.0,조선왕조실록,2.6,한국사료총서,2.6
靑瑣,3,48,1,2.1,0.0,조선왕조실록,2.6,승정원일기,2.6
京畿江華,2,65,64,98.5,97.4,승정원일기,100.0,조선왕조실록,2.6
平安道順川,2,47,46,97.9,97.4,승정원일기,100.0,조선왕조실록,2.6
陸梁,4,101,1,1.0,0.0,고려사,2.6,승정원일기,2.6
承國,3,114,1,0.9,0.0,승정원일기,2.6,조선왕조실록,2.6
中江開市,3,215,4,1.9,0.0,조선왕조실록,2.6,승정원일기,2.6
朝食堂,3,253,6,2.4,0.0,조선왕조실록,2.6,승정원일기,2.6
金地,3,180,2,1.1,0.0,승정원일기,2.6,한국사료총서,2.6
鄒聖,3,369,2,0.5,0.0,한국사료총서,2.6,조선왕조실록,2.6
晨省,3,62,1,1.6,0.0,조선왕조실록,2.6,승정원일기,2.6
好禮,5,248,3,1.2,0.0,고려사,2.6,조선왕조실록,2.6
通津地,2,210,28,13.3,11.1,조선왕조실록,13.7,승정원일기,2.6
全羅道泰仁,2,96,94,97.9,97.4,승정원일기,100.0,조선왕조실록,2.6
西序,3,159,1,0.6,0.0,승정원일기,2.6,조선왕조실록,2.6
土,8,71123,1454,2.0,0.9,고려사절요,3.6,삼국유사,2.6
理安,6,366,1,0.3,0.0,고려사,2.6,조선왕조실록,2.6
黃海道康翎,2,62,61,98.4,97.4,승정원일기,100.0,조선왕조실록,2.6
無鹽,3,78,1,1.3,0.0,조선왕조실록,2.6,승정원일기,2.6
集福軒,2,55,54,98.2,97.4,승정원일기,100.0,조선왕조실록,2.6
御路,4,504,11,2.2,0.0,고순종실록,2.6,승정원일기,2.6
從義,3,157,2,1.3,0.0,승정원일기,2.6,조선왕조실록,2.6
京畿朔寧,3,64,63,98.4,97.4,승정원일기,100.0,한국사료총서,2.6
唐官,3,509,12,2.4,0.0,승정원일기,2.6,조선왕조실록,2.6
海棠,2,53,1,1.9,0.0,조선왕조실록,2.6,한국사료총서,2.6
湖西廳,2,44,1,2.3,0.0,조선왕조실록,2.6,승정원일기,2.6
南二,5,2194,31,1.4,0.0,고순종실록,2.6,한국사료총서,2.6
金昌,4,10353,41,0.4,0.1,승정원일기,2.7,고순종실록,2.6
京畿麻田,2,52,49,94.2,92.3,조선왕조실록,94.9,승정원일기,2.6
寧前,4,495,1,0.2,0.0,고순종실록,2.6,조선왕조실록,2.6
句踐,5,295,1,0.3,0.0,고려사절요,2.6,한국사료총서,2.6
邊岌,3,52,1,1.9,0.0,조선왕조실록,2.6,승정원일기,2.6
福海,5,421,2,0.5,0.0,고려사,2.6,조선왕조실록,2.6
火巢,4,1242,31,2.5,0.0,고순종실록,2.6,조선왕조실록,2.6
同家,3,477,2,0.4,0.0,승정원일기,2.5,조선왕조실록,2.5
孔道,3,404,8,2.0,0.0,조선왕조실록,2.5,승정원일기,2.5
泰山喬岳,3,48,1,2.1,0.0,조선왕조실록,2.5,승정원일기,2.5
兩邑,4,5536,114,2.1,0.0,고순종실록,2.5,승정원일기,2.5
黃海道長連縣,2,84,82,97.6,97.5,승정원일기,100.0,조선왕조실록,2.5
忠淸道牙山縣,2,49,48,98.0,97.5,승정원일기,100.0,조선왕조실록,2.5
忠壯衛,3,1325,8,0.6,0.0,한국사료총서,2.5,조선왕조실록,2.5
湖南沿邑,3,48,1,2.1,0.0,고순종실록,2.5,승정원일기,2.5
右巡廳,2,128,3,2.3,0.0,한국사료총서,2.5,승정원일기,2.5
咸春,2,173,4,2.3,0.0,한국사료총서,2.5,승정원일기,2.5
來賓,4,158,1,0.6,0.0,고려사,2.5,조선왕조실록,2.5
咸與,5,512,5,1.0,0.0,고려사,2.5,한국사료총서,2.5
慶尙道山陰縣,2,13,8,61.5,60.0,승정원일기,62.5,조선왕조실록,2.5
殯殿門外,2,60,1,1.7,0.0,조선왕조실록,2.5,승정원일기,2.5
慶尙道高靈,2,57,56,98.2,97.5,승정원일기,100.0,조선왕조실록,2.5
平安道孟山,2,49,48,98.0,97.5,승정원일기,100.0,조선왕조실록,2.5
楊州官,2,53,1,1.9,0.0,조선왕조실록,2.5,승정원일기,2.5
金龍,6,4540,9,0.2,0.0,고려사,2.5,한국사료총서,2.5
長銀臺,2,51,1,2.0,0.0,조선왕조실록,2.5,승정원일기,2.5
之丹,3,237,1,0.4,0.0,승정원일기,2.5,조선왕조실록,2.5
兩齋,4,186,3,1.6,0.0,고순종실록,2.5,승정원일기,2.5
司圃署,3,856,19,2.2,0.0,조선왕조실록,2.5,승정원일기,2.5
共,8,44974,8,0.0,0.0,고려사,2.5,삼국사기,2.5
范滂,3,98,2,2.0,0.0,조선왕조실록,2.5,승정원일기,2.5
向化,6,1108,7,0.6,0.0,고려사,2.5,한국사료총서,2.5
近洞,4,81,1,1.2,0.0,고순종실록,2.5,승정원일기,2.5
文,8,630241,13560,2.2,1.0,고려사절요,3.5,고순종실록,2.5
御帳殿,3,405,2,0.5,0.0,고려사,2.5,조선왕조실록,2.5
外八門,2,47,1,2.1,0.0,조선왕조실록,2.5,승정원일기,2.5
軍器寺前路,3,109,2,1.8,0.0,조선왕조실록,2.5,승정원일기,2.5
大伸,3,92,1,1.1,0.0,승정원일기,2.5,조선왕조실록,2.5
柳昌文,3,68,1,1.5,0.0,조선왕조실록,2.5,승정원일기,2.5
訓營,2,50,1,2.0,0.0,조선왕조실록,2.5,승정원일기,2.5
"蒙古,",5,297,1,0.3,0.0,고려사,2.5,한국사료총서,2.5
信,8,116393,1534,1.3,0.0,삼국유사,2.5,고려사,2.5
文莊,6,147,2,1.4,0.0,고려사,2.5,승정원일기,2.5
驪陽府院君,4,320,6,1.9,0.0,고순종실록,2.5,승정원일기,2.5
居邊,3,62,4,6.5,5.9,승정원일기,8.3,한국사료총서,2.5
還山,5,163,1,0.6,0.0,고려사,2.5,승정원일기,2.5
畿幕,2,44,1,2.3,0.0,조선왕조실록,2.5,승정원일기,2.5
夏,8,157633,417,0.3,0.0,고려사절요,2.5,조선왕조실록,2.5
新陵,4,1158,18,1.6,0.0,고순종실록,2.5,한국사료총서,2.5
溫浴,2,49,1,2.0,0.0,조선왕조실록,2.5,승정원일기,2.5
夷人,3,117,1,0.9,0.0,승정원일기,2.5,조선왕조실록,2.5
倭僧,2,71,1,1.4,0.0,한국사료총서,2.5,조선왕조실록,2.5
三晉,3,93,2,2.2,0.0,조선왕조실록,2.5,승정원일기,2.5
在江界,2,68,1,1.5,0.0,조선왕조실록,2.4,승정원일기,2.4
廣州留,4,2182,2,0.1,0.0,고순종실록,2.4,조선왕조실록,2.4
加士,3,50,17,34.0,33.3,승정원일기,35.7,조선왕조실록,2.4
開金,4,917,9,1.0,0.0,고순종실록,2.4,한국사료총서,2.4
京兆府,3,56,4,7.1,0.0,조선왕조실록,2.4,승정원일기,2.4
睦哥,2,52,1,1.9,0.0,조선왕조실록,2.4,승정원일기,2.4
祊,5,3816,5,0.1,0.0,고려사,2.4,고순종실록,2.4
畿鄕,2,54,1,1.9,0.0,조선왕조실록,2.4,승정원일기,2.4
京畿江,3,70,69,98.6,97.6,승정원일기,100.0,한국사료총서,2.4
廟社,6,2671,34,1.3,0.0,고려사,2.4,승정원일기,2.4
星山府,2,49,1,2.0,0.0,한국사료총서,2.4,조선왕조실록,2.4
江原道鐵原府,3,92,90,97.8,97.6,승정원일기,100.0,한국사료총서,2.4
宣懿王后,2,195,4,2.1,0.0,조선왕조실록,2.4,승정원일기,2.4
麗季,3,213,2,0.9,0.0,승정원일기,2.4,조선왕조실록,2.4
九月,8,23819,223,0.9,0.0,고려사절요,2.4,조선왕조실록,2.4
禦,8,32286,60,0.2,0.0,고순종실록,2.4,삼국사기,2.4
金正,6,3915,7,0.2,0.0,고려사,2.4,한국사료총서,2.4
大名,5,221,3,1.4,0.0,고려사,2.4,승정원일기,2.4
喉司,3,4436,1,0.0,0.0,승정원일기,2.4,한국사료총서,2.4
景廟,4,1664,29,1.7,0.0,고순종실록,2.4,승정원일기,2.4
致應,3,5151,3,0.1,0.0,조선왕조실록,2.4,한국사료총서,2.4
文化縣令,3,344,1,0.3,0.0,승정원일기,2.4,조선왕조실록,2.4
㶚,2,47,7,14.9,14.3,승정원일기,16.7,한국사료총서,2.4
竹樹,2,24,6,25.0,14.3,한국사료총서,16.7,승정원일기,2.4
原營,3,361,8,2.2,0.0,조선왕조실록,2.4,승정원일기,2.4
酬唱,3,155,1,0.6,0.0,승정원일기,2.4,한국사료총서,2.4
海州城,2,19,6,31.6,33.3,승정원일기,35.7,조선왕조실록,2.4
海原,3,168,3,1.8,0.0,한국사료총서,2.4,조선왕조실록,2.4
三邑,4,5111,96,1.9,0.0,고순종실록,2.4,승정원일기,2.4
尙州人,4,103,1,1.0,0.0,고려사,2.4,조선왕조실록,2.4
月塘,3,75,1,1.3,0.0,조선왕조실록,2.4,승정원일기,2.4
辭陵,3,361,8,2.2,0.0,조선왕조실록,2.4,승정원일기,2.4
右邊,4,7068,31,0.4,0.0,고순종실록,2.4,한국사료총서,2.4
閔子騫,2,50,1,2.0,0.0,조선왕조실록,2.4,승정원일기,2.4
全羅道珍山,3,75,74,98.7,97.6,승정원일기,100.0,한국사료총서,2.4
外山,6,509,10,2.0,0.0,고려사,2.4,한국사료총서,2.4
翊衛司,4,1348,25,1.9,0.0,고순종실록,2.4,승정원일기,2.4
后土,6,505,8,1.6,0.0,고려사,2.4,조선왕조실록,2.4
台星,3,97,2,2.1,0.0,한국사료총서,2.4,승정원일기,2.4
武勇衛,2,48,1,2.1,0.0,조선왕조실록,2.4,승정원일기,2.4
西八里,2,47,1,2.1,0.0,조선왕조실록,2.4,한국사료총서,2.4
范陽,2,19,6,31.6,33.3,조선왕조실록,35.7,승정원일기,2.4
舊都,6,582,8,1.4,0.0,고려사,2.4,승정원일기,2.4
綠林,4,230,4,1.7,0.0,고순종실록,2.4,승정원일기,2.4
十三省,3,93,1,1.1,0.0,조선왕조실록,2.4,승정원일기,2.4
加通,4,3273,4,0.1,0.0,고순종실록,2.4,한국사료총서,2.4
知順,4,163,1,0.6,0.0,고려사,2.4,승정원일기,2.4
延生門,2,88,86,97.7,97.6,승정원일기,100.0,조선왕조실록,2.4
載岳,3,355,8,2.3,0.0,조선왕조실록,2.4,승정원일기,2.4
酋,8,3205,57,1.8,0.0,고려사,2.4,조선왕조실록,2.4
王致,3,185,1,0.5,0.0,승정원일기,2.4,조선왕조실록,2.4
延英院,2,23,15,65.2,64.3,조선왕조실록,66.7,승정원일기,2.4
唯,8,25640,5,0.0,0.0,고려사절요,2.4,삼국사기,2.4
莊敬,5,326,3,0.9,0.0,고려사,2.4,조선왕조실록,2.4
姜晉,3,712,1,0.1,0.0,고순종실록,2.4,한국사료총서,2.4
互鄕,2,26,2,7.7,7.7,승정원일기,10.0,조선왕조실록,2.3
東堂,6,1564,24,1.5,0.0,고려사,2.3,승정원일기,2.3
奎閣,2,50,1,2.0,0.0,조선왕조실록,2.3,승정원일기,2.3
唐恩僉尉,2,51,1,2.0,0.0,조선왕조실록,2.3,승정원일기,2.3
京畿喬桐,2,60,59,98.3,97.7,승정원일기,100.0,조선왕조실록,2.3
龍驤鳳翥亭,2,226,219,96.9,97.7,승정원일기,100.0,조선왕조실록,2.3
湖西諸邑,3,52,1,1.9,0.0,조선왕조실록,2.3,승정원일기,2.3
卜吉,4,343,2,0.6,0.0,고순종실록,2.3,조선왕조실록,2.3
燕价,2,52,1,1.9,0.0,조선왕조실록,2.3,승정원일기,2.3
洌泉,2,51,40,78.4,81.1,승정원일기,83.3,조선왕조실록,2.3
租,8,12132,29,0.2,0.0,고려사절요,2.3,삼국사기,2.3
開北,3,98,1,1.0,0.0,조선왕조실록,2.3,승정원일기,2.3
慈殿,4,16821,97,0.6,0.0,고순종실록,2.3,조선왕조실록,2.3
朴,8,392293,514,0.1,0.0,고순종실록,2.3,고려사,2.3
周制,3,227,2,0.9,0.0,승정원일기,2.3,조선왕조실록,2.3
四營,4,250,4,1.6,0.0,고순종실록,2.3,승정원일기,2.3
漢音,3,101,1,1.0,0.0,승정원일기,2.3,조선왕조실록,2.3
知義,4,8083,3,0.0,0.0,고순종실록,2.3,한국사료총서,2.3
兼進,6,2403,2,0.1,0.0,고려사,2.3,조선왕조실록,2.3
階砌,4,1721,37,2.1,0.0,고순종실록,2.3,승정원일기,2.3
田興,3,157,1,0.6,0.0,조선왕조실록,2.3,승정원일기,2.3
華盛頓,2,40,28,70.0,66.7,승정원일기,69.0,한국사료총서,2.3
天祿,6,372,5,1.3,0.0,고려사,2.3,승정원일기,2.3
北方,7,2452,26,1.1,0.0,고려사,2.3,승정원일기,2.3
虛星,3,95,1,1.1,0.0,고려사,2.3,조선왕조실록,2.3
海西各邑,3,57,1,1.8,0.0,고순종실록,2.3,승정원일기,2.3
"鳥嶺,",3,207,1,0.5,0.0,승정원일기,2.3,한국사료총서,2.3
藝文館,6,5650,79,1.4,0.0,고려사,2.3,승정원일기,2.3
陵墓,3,343,6,1.7,0.0,한국사료총서,2.3,승정원일기,2.3
忠淸道海美縣,2,50,49,98.0,97.7,승정원일기,100.0,조선왕조실록,2.3
寶成,2,23,2,8.7,7.7,승정원일기,10.0,조선왕조실록,2.3
倭使,4,669,9,1.3,0.0,고려사,2.3,조선왕조실록,2.3
窮山,4,644,3,0.5,0.0,고순종실록,2.3,한국사료총서,2.3
湖南沿海,3,177,3,1.7,0.0,조선왕조실록,2.3,승정원일기,2.3
文草,4,869,2,0.2,0.0,고순종실록,2.3,한국사료총서,2.3
忠淸道連山,2,145,142,97.9,97.7,승정원일기,100.0,조선왕조실록,2.3
甄,8,6341,9,0.1,0.0,고려사절요,2.3,삼국사기,2.3
仁政殿月臺,2,1123,1071,95.4,95.2,승정원일기,97.5,조선왕조실록,2.3
荊南,2,36,26,72.2,75.0,조선왕조실록,77.3,승정원일기,2.3
文肅,5,262,2,0.8,0.0,고려사,2.3,승정원일기,2.3
畿楊,3,2260,2243,99.2,97.7,조선왕조실록,100.0,한국사료총서,2.3
生物,6,877,4,0.5,0.0,고려사,2.3,한국사료총서,2.3
安東邑,2,41,11,26.8,25.0,승정원일기,27.3,한국사료총서,2.3
珒,3,796,2,0.3,0.0,한국사료총서,2.3,승정원일기,2.3
禁軍廳,2,137,3,2.2,0.0,조선왕조실록,2.3,승정원일기,2.3
永壽,6,2771,3,0.1,0.0,고려사,2.3,조선왕조실록,2.3
金線,5,90,1,1.1,0.0,고려사,2.3,조선왕조실록,2.3
三,8,768316,21828,2.8,1.1,한국사료총서,3.4,승정원일기,2.3
三仙坪,2,93,89,95.7,97.7,승정원일기,100.0,고순종실록,2.3
樛木,4,150,1,0.7,0.0,고순종실록,2.3,조선왕조실록,2.3
南宮,6,2547,23,0.9,0.0,고려사,2.3,조선왕조실록,2.3
都薛里,2,314,3,1.0,0.7,승정원일기,3.0,조선왕조실록,2.3
孝明世子,3,63,1,1.6,0.0,조선왕조실록,2.3,승정원일기,2.3
東朝,5,6425,9,0.1,0.0,고려사,2.3,한국사료총서,2.3
耆老所,4,1118,21,1.9,0.0,고순종실록,2.3,승정원일기,2.3
眉,6,3520,49,1.4,0.0,고려사,2.3,한국사료총서,2.3
江邊列邑,2,68,1,1.5,0.0,조선왕조실록,2.3,승정원일기,2.3
漢上,3,269,4,1.5,0.0,조선왕조실록,2.3,승정원일기,2.3
始,8,198953,1428,0.7,0.3,고려사절요,2.7,삼국사기,2.3
草笠,3,280,1,0.4,0.0,승정원일기,2.3,한국사료총서,2.3
監印所,2,142,3,2.1,0.0,조선왕조실록,2.2,승정원일기,2.2
江邑,3,60,1,1.7,0.0,조선왕조실록,2.2,승정원일기,2.2
景福殿,2,152,147,96.7,95.5,조선왕조실록,97.7,승정원일기,2.2
綾城尉,3,172,3,1.7,0.0,조선왕조실록,2.2,승정원일기,2.2
權容,4,204,1,0.5,0.0,고순종실록,2.2,한국사료총서,2.2
涓吉,4,1018,4,0.4,0.0,고순종실록,2.2,한국사료총서,2.2
中元,8,286,2,0.7,0.0,고려사,2.2,조선왕조실록,2.2
永加,3,70,1,1.4,0.0,조선왕조실록,2.2,승정원일기,2.2
虛舟,3,271,1,0.4,0.0,승정원일기,2.2,한국사료총서,2.2
光政門,2,190,185,97.4,97.8,승정원일기,100.0,조선왕조실록,2.2
外營,4,1353,26,1.9,0.0,고순종실록,2.2,승정원일기,2.2
我答,2,65,1,1.5,0.0,한국사료총서,2.2,조선왕조실록,2.2
忠淸道定山,2,56,54,96.4,97.8,승정원일기,100.0,조선왕조실록,2.2
忠淸道鴻山,2,60,59,98.3,97.8,승정원일기,100.0,조선왕조실록,2.2
商紂,3,65,1,1.5,0.0,조선왕조실록,2.2,승정원일기,2.2
靖康,4,151,2,1.3,0.0,고려사,2.2,승정원일기,2.2
西塞,3,202,3,1.5,0.0,조선왕조실록,2.2,승정원일기,2.2
宋岦,3,62,1,1.6,0.0,조선왕조실록,2.2,승정원일기,2.2
權慄,4,707,2,0.3,0.0,고순종실록,2.2,승정원일기,2.2
北一里,2,145,3,2.1,0.0,조선왕조실록,2.2,한국사료총서,2.2
崇義門,2,186,182,97.8,97.8,승정원일기,100.0,조선왕조실록,2.2
趙羲淵,3,230,1,0.4,0.0,승정원일기,2.2,고순종실록,2.2
湖堂,3,594,11,1.9,0.0,한국사료총서,2.2,승정원일기,2.2
武兼廳,3,147,3,2.0,0.0,조선왕조실록,2.2,승정원일기,2.2
石柱,3,620,16,2.6,1.7,승정원일기,3.9,한국사료총서,2.2
嶺東諸邑,2,57,1,1.8,0.0,조선왕조실록,2.2,승정원일기,2.2
自臨,4,306,1,0.3,0.0,고순종실록,2.2,한국사료총서,2.2
吾音會,2,50,49,98.0,97.8,조선왕조실록,100.0,한국사료총서,2.2
引儀,4,14133,3,0.0,0.0,고순종실록,2.2,한국사료총서,2.2
鳳翥亭,2,241,234,97.1,97.8,승정원일기,100.0,조선왕조실록,2.2
溪澗,3,94,1,1.1,0.0,승정원일기,2.2,한국사료총서,2.2
慶尙道咸陽,3,117,115,98.3,97.8,승정원일기,100.0,한국사료총서,2.2
淸北各,2,52,1,1.9,0.0,조선왕조실록,2.2,승정원일기,2.2
季男,3,651,1,0.2,0.0,승정원일기,2.2,한국사료총서,2.2
尙衣院,4,2943,45,1.5,0.0,고순종실록,2.2,승정원일기,2.2
咸鏡道洪原縣,2,94,92,97.9,97.8,승정원일기,100.0,조선왕조실록,2.2
都市,6,203,2,1.0,0.0,고려사,2.2,승정원일기,2.2
沁水,2,23,5,21.7,20.0,조선왕조실록,22.2,승정원일기,2.2
九廟,5,168,1,0.6,0.0,고려사,2.2,승정원일기,2.2
源興,3,52,1,1.9,0.0,고순종실록,2.2,승정원일기,2.2
會社,3,426,6,1.4,0.0,승정원일기,2.2,한국사료총서,2.2
縣境,4,130,2,1.5,0.0,고려사,2.2,한국사료총서,2.2
宜慶,2,50,1,2.0,0.0,조선왕조실록,2.2,승정원일기,2.2
忠淸道德山,2,107,105,98.1,97.8,승정원일기,100.0,조선왕조실록,2.2
連生,3,75,1,1.3,0.0,조선왕조실록,2.2,승정원일기,2.2
南斗,5,1411,7,0.5,0.0,고려사,2.2,조선왕조실록,2.2
北道邊,3,117,2,1.7,0.0,고순종실록,2.2,승정원일기,2.2
藁街,4,307,3,1.0,0.0,고순종실록,2.2,조선왕조실록,2.2
平安道肅川,2,119,117,98.3,97.8,승정원일기,100.0,조선왕조실록,2.2
報,8,163567,3430,2.1,0.0,삼국사기,2.2,승정원일기,2.2
稽,8,22405,117,0.5,0.0,삼국사기,2.2,고려사절요,2.2
靖兩陵,2,25,3,12.0,11.1,승정원일기,13.3,조선왕조실록,2.2
放勳,4,74,1,1.4,0.0,고순종실록,2.2,승정원일기,2.2
若義,3,92,1,1.1,0.0,조선왕조실록,2.2,승정원일기,2.2
開誠,4,133,2,1.5,0.0,고순종실록,2.2,조선왕조실록,2.2
花三,3,98,1,1.0,0.0,승정원일기,2.2,한국사료총서,2.2
魚腹,3,164,1,0.6,0.0,조선왕조실록,2.2,승정원일기,2.2
潜,6,1471,12,0.8,0.0,고려사,2.2,조선왕조실록,2.2
獻,8,139278,2227,1.6,0.0,삼국사기,2.2,고순종실록,2.2
金千鎰,4,385,1,0.3,0.0,고려사,2.2,한국사료총서,2.2
靜觀軒,2,100,96,96.0,97.8,승정원일기,100.0,고순종실록,2.2
金貴,5,1133,15,1.3,0.0,고려사,2.2,승정원일기,2.2
多隱,3,141,1,0.7,0.0,승정원일기,2.2,조선왕조실록,2.2
"淸風,",4,147,1,0.7,0.0,고려사,2.2,한국사료총서,2.2
當陽,3,208,3,1.4,0.0,한국사료총서,2.1,조선왕조실록,2.1
南生,3,96,1,1.0,0.0,승정원일기,2.1,한국사료총서,2.1
尊閣,4,146,2,1.4,0.0,고순종실록,2.1,승정원일기,2.1
省耕,3,203,4,2.0,0.0,한국사료총서,2.1,승정원일기,2.1
咸鏡道安邊府,3,118,116,98.3,97.9,승정원일기,100.0,한국사료총서,2.1
忠淸道懷德,2,302,296,98.0,97.9,승정원일기,100.0,조선왕조실록,2.1
黃海道黃州,3,226,222,98.2,97.9,승정원일기,100.0,한국사료총서,2.1
魂宮,4,3226,59,1.8,0.0,고순종실록,2.1,승정원일기,2.1
天湜,2,67,1,1.5,0.0,조선왕조실록,2.1,승정원일기,2.1
蘿葍,3,103,2,1.9,0.0,조선왕조실록,2.1,한국사료총서,2.1
臨漳,2,43,30,69.8,71.4,조선왕조실록,73.5,승정원일기,2.1
肇慶壇,2,133,129,97.0,97.9,승정원일기,100.0,고순종실록,2.1
泰安縣,2,93,22,23.7,20.0,조선왕조실록,22.1,승정원일기,2.1
津寬,2,172,168,97.7,97.9,조선왕조실록,100.0,승정원일기,2.1
六宮,5,309,2,0.6,0.0,고려사,2.1,승정원일기,2.1
白屋,3,88,1,1.1,0.0,조선왕조실록,2.1,승정원일기,2.1
顯思宮,2,581,570,98.1,97.9,승정원일기,100.0,조선왕조실록,2.1
遠安,3,55,3,5.5,4.5,승정원일기,6.7,한국사료총서,2.1
柴山,4,63,1,1.6,0.0,고순종실록,2.1,승정원일기,2.1
三下,3,5914,7,0.1,0.0,조선왕조실록,2.1,한국사료총서,2.1
永鎭,4,660,13,2.0,0.0,고순종실록,2.1,승정원일기,2.1
慶尙道丹城縣,2,51,50,98.0,97.9,승정원일기,100.0,조선왕조실록,2.1
江上,4,2491,32,1.3,0.0,고순종실록,2.1,승정원일기,2.1
柳灌,3,729,1,0.1,0.0,조선왕조실록,2.1,승정원일기,2.1
黃海道海州,2,256,253,98.8,97.9,승정원일기,100.0,조선왕조실록,2.1
官鎭門,2,590,12,2.0,0.0,조선왕조실록,2.1,승정원일기,2.1
忠淸道恩津,3,75,74,98.7,97.9,승정원일기,100.0,한국사료총서,2.1
元英,3,64,2,3.1,0.0,조선왕조실록,2.1,승정원일기,2.1
人物,7,10418,5,0.0,0.0,고순종실록,2.1,고려사절요,2.1
金瀁,2,54,1,1.9,0.0,한국사료총서,2.1,승정원일기,2.1
箕封,4,259,3,1.2,0.0,고려사,2.1,조선왕조실록,2.1
崔姓,3,91,1,1.1,0.0,조선왕조실록,2.1,승정원일기,2.1
同定,4,113,2,1.8,0.0,고순종실록,2.1,승정원일기,2.1
會寧都護府,2,71,1,1.4,0.0,조선왕조실록,2.1,승정원일기,2.1
烟火,4,212,2,0.9,0.0,고순종실록,2.1,조선왕조실록,2.1
武衛營,3,126,2,1.6,0.0,고순종실록,2.1,승정원일기,2.1
靑原,3,124,1,0.8,0.0,승정원일기,2.1,조선왕조실록,2.1
緝熙,5,2454,37,1.5,0.0,고려사,2.1,조선왕조실록,2.1
滿野,5,131,2,1.5,0.0,고려사,2.1,조선왕조실록,2.1
海興,3,395,8,2.0,0.0,조선왕조실록,2.1,승정원일기,2.1
全羅道綾州,2,52,50,96.2,97.9,승정원일기,100.0,조선왕조실록,2.1
景濂,3,852,3,0.4,0.0,한국사료총서,2.1,조선왕조실록,2.1
江原兩道,2,233,3,1.3,0.0,조선왕조실록,2.1,승정원일기,2.1
熙仁門,2,102,100,98.0,97.9,승정원일기,100.0,조선왕조실록,2.1
下車,4,271,1,0.4,0.0,고려사,2.1,조선왕조실록,2.1
金千,6,1145,7,0.6,0.0,고려사,2.1,조선왕조실록,2.1
可連,3,249,1,0.4,0.0,승정원일기,2.1,조선왕조실록,2.1
邦翼,2,54,1,1.9,0.0,한국사료총서,2.1,승정원일기,2.1
郅,4,647,2,0.3,0.0,고순종실록,2.1,조선왕조실록,2.1
京廳,3,797,15,1.9,0.0,고순종실록,2.1,승정원일기,2.1
武臣堂下,2,111,2,1.8,0.0,조선왕조실록,2.1,승정원일기,2.1
止水,3,220,3,1.4,0.0,한국사료총서,2.1,조선왕조실록,2.1
子春,4,596,5,0.8,0.0,고순종실록,2.1,한국사료총서,2.1
銀臺,6,2609,3,0.1,0.0,고려사,2.1,한국사료총서,2.1
東氷庫,2,342,75,21.9,20.0,조선왕조실록,22.1,승정원일기,2.1
仁順,3,488,8,1.6,0.0,승정원일기,2.1,조선왕조실록,2.1
懷襄,4,298,4,1.3,0.0,고순종실록,2.1,승정원일기,2.1
柱國,7,4057,1,0.0,0.0,고려사,2.1,한국사료총서,2.1
陽人,5,412,3,0.7,0.0,고려사,2.1,승정원일기,2.1
成林,5,496,1,0.2,0.0,고려사,2.1,한국사료총서,2.1
黃海兩道,3,321,3,0.9,0.0,조선왕조실록,2.1,승정원일기,2.1
純,8,46201,735,1.6,0.0,고려사,2.1,승정원일기,2.1
京下,4,426,6,1.4,0.0,고순종실록,2.1,승정원일기,2.1
昌慶兩宮,3,58,1,1.7,0.0,고순종실록,2.1,승정원일기,2.1
樂水,3,69,2,2.9,0.0,조선왕조실록,2.1,승정원일기,2.1
慶尙道大丘,2,109,108,99.1,97.9,승정원일기,100.0,조선왕조실록,2.1
咸鏡道驛,2,97,2,2.1,0.0,조선왕조실록,2.1,승정원일기,2.1
"高靈,",3,100,1,1.0,0.0,승정원일기,2.1,한국사료총서,2.1
同和,4,135,3,2.2,0.0,고순종실록,2.1,승정원일기,2.1
家舍,6,3166,28,0.9,0.0,고려사,2.1,조선왕조실록,2.1
詩山,3,169,2,1.2,0.0,승정원일기,2.0,조선왕조실록,2.0
義州時,3,91,1,1.1,0.0,승정원일기,2.0,조선왕조실록,2.0
疆界,7,291,2,0.7,0.0,고려사,2.0,승정원일기,2.0
東八里,2,53,1,1.9,0.0,조선왕조실록,2.0,한국사료총서,2.0
蓋關,3,62,1,1.6,0.0,조선왕조실록,2.0,승정원일기,2.0
",百濟",7,297,2,0.7,0.0,고려사,2.0,한국사료총서,2.0
江原道蔚珍縣,2,60,58,96.7,98.0,승정원일기,100.0,조선왕조실록,2.0
金星,5,1379,5,0.4,0.0,고려사,2.0,조선왕조실록,2.0
鑄錢所,4,191,3,1.6,0.0,고순종실록,2.0,승정원일기,2.0
回曲,3,90,1,1.1,0.0,승정원일기,2.0,조선왕조실록,2.0
和睦,4,217,2,0.9,0.0,고순종실록,2.0,조선왕조실록,2.0
昌源,3,227,4,1.8,0.0,조선왕조실록,2.0,승정원일기,2.0
經陵,2,61,1,1.6,0.0,조선왕조실록,2.0,승정원일기,2.0
甘草,3,337,2,0.6,0.0,승정원일기,2.0,한국사료총서,2.0
浮石所,2,267,5,1.9,0.0,조선왕조실록,2.0,승정원일기,2.0
塘報,4,225,1,0.4,0.0,고순종실록,2.0,조선왕조실록,2.0
修改都監,2,254,4,1.6,0.0,조선왕조실록,2.0,승정원일기,2.0
奉秋,2,56,1,1.8,0.0,조선왕조실록,2.0,승정원일기,2.0
始與,7,295,2,0.7,0.0,고려사,2.0,한국사료총서,2.0
益淳,6,2110,2,0.1,0.0,고려사,2.0,한국사료총서,2.0
浙兵,2,58,1,1.7,0.0,한국사료총서,2.0,조선왕조실록,2.0
日宮,4,295,1,0.3,0.0,고순종실록,2.0,조선왕조실록,2.0
羊叔子,2,107,2,1.9,0.0,조선왕조실록,2.0,승정원일기,2.0
按撫,4,810,8,1.0,0.0,고순종실록,2.0,승정원일기,2.0
皇壇享,2,71,1,1.4,0.0,조선왕조실록,2.0,승정원일기,2.0
關畿,2,60,1,1.7,0.0,한국사료총서,2.0,승정원일기,2.0
英廟,4,3046,42,1.4,0.0,고순종실록,2.0,승정원일기,2.0
內資寺,4,1073,16,1.5,0.0,고순종실록,2.0,승정원일기,2.0
全羅道潭陽,2,70,69,98.6,98.0,승정원일기,100.0,조선왕조실록,2.0
水邊,3,682,5,0.7,0.3,승정원일기,2.3,한국사료총서,2.0
平安道嘉山,2,74,73,98.6,98.0,승정원일기,100.0,조선왕조실록,2.0
關下,3,83,1,1.2,0.0,조선왕조실록,2.0,승정원일기,2.0
遂,8,82860,1462,1.8,0.0,삼국유사,2.0,조선왕조실록,2.0
長奉,3,77,1,1.3,0.0,조선왕조실록,2.0,승정원일기,2.0
嶺南一道,3,211,3,1.4,0.0,조선왕조실록,2.0,승정원일기,2.0
司贍寺,3,434,4,0.9,0.0,한국사료총서,2.0,승정원일기,2.0
倭學,4,424,1,0.2,0.0,고순종실록,2.0,조선왕조실록,2.0
忠淸道新昌,2,58,55,94.8,98.0,승정원일기,100.0,조선왕조실록,2.0
泂酌,3,87,1,1.1,0.0,조선왕조실록,2.0,승정원일기,2.0
大海,7,672,7,1.0,0.0,고려사,2.0,조선왕조실록,2.0
孰知,3,333,2,0.6,0.0,승정원일기,2.0,조선왕조실록,2.0
於火,4,517,3,0.6,0.0,고순종실록,2.0,조선왕조실록,2.0
中排設廳,2,351,7,2.0,0.0,조선왕조실록,2.0,승정원일기,2.0
獨鎭,4,778,12,1.5,0.0,고순종실록,2.0,한국사료총서,2.0
撰集廳,2,202,2,1.0,0.0,승정원일기,2.0,조선왕조실록,2.0
潛谷,2,83,5,6.0,4.5,한국사료총서,6.6,승정원일기,2.0
忠翊,5,3589,5,0.1,0.0,고려사,2.0,한국사료총서,2.0
天保,4,500,6,1.2,0.0,고순종실록,2.0,승정원일기,2.0
全羅道靈光郡,2,161,158,98.1,98.0,승정원일기,100.0,조선왕조실록,2.0
慶尙道永川,2,67,66,98.5,98.0,승정원일기,100.0,조선왕조실록,2.0
薇垣,3,2883,3,0.1,0.0,한국사료총서,2.0,조선왕조실록,2.0
城中,8,4240,23,0.5,0.0,고려사,2.0,한국사료총서,2.0
結成,4,84,1,1.2,0.0,고순종실록,2.0,승정원일기,2.0
聞禮,3,492,1,0.2,0.0,승정원일기,2.0,한국사료총서,2.0
대한,3,214,4,1.9,0.0,고려사,2.0,한국사료총서,2.0
論公,4,585,2,0.3,0.0,고순종실록,2.0,한국사료총서,2.0
臨玉,3,71,1,1.4,0.0,조선왕조실록,2.0,승정원일기,2.0
諸山陵,2,52,1,1.9,0.0,승정원일기,2.0,조선왕조실록,2.0
舍鄕,2,59,3,5.1,0.0,승정원일기,1.9,한국사료총서,1.9
紅箭門內,2,438,8,1.8,0.0,조선왕조실록,1.9,승정원일기,1.9
知府,4,172,1,0.6,0.0,고려사,1.9,한국사료총서,1.9
世子宮,4,19765,10,0.1,0.0,고순종실록,1.9,조선왕조실록,1.9
道哲,2,58,1,1.7,0.0,한국사료총서,1.9,승정원일기,1.9
舌院,2,59,1,1.7,0.0,한국사료총서,1.9,승정원일기,1.9
馬臣,2,65,1,1.5,0.0,승정원일기,1.9,조선왕조실록,1.9
澒洞,4,218,1,0.5,0.0,고순종실록,1.9,한국사료총서,1.9
後凋,3,131,2,1.5,0.0,조선왕조실록,1.9,승정원일기,1.9
蔡,7,37306,104,0.3,0.0,고순종실록,1.9,고려사,1.9
兄弟,8,20957,94,0.4,0.0,고순종실록,1.9,고려사절요,1.9
漢史,4,158,2,1.3,0.0,고순종실록,1.9,조선왕조실록,1.9
□□,5,31558,401,1.3,0.0,삼국사기,1.9,승정원일기,1.9
新井,2,33,21,63.6,69.6,승정원일기,71.4,한국사료총서,1.9
歸來,6,1011,12,1.2,0.0,고려사,1.9,승정원일기,1.9
景致,3,83,1,1.2,0.0,승정원일기,1.9,한국사료총서,1.9
文政門,2,57,56,98.2,98.1,승정원일기,100.0,조선왕조실록,1.9
慶尙道機張縣,2,164,161,98.2,98.1,승정원일기,100.0,조선왕조실록,1.9
隱山,2,82,6,7.3,5.0,한국사료총서,6.9,조선왕조실록,1.9
備後,3,302,2,0.7,0.0,승정원일기,1.9,조선왕조실록,1.9
如海,4,513,2,0.4,0.0,고순종실록,1.9,조선왕조실록,1.9
築山城,3,132,1,0.8,0.0,조선왕조실록,1.9,승정원일기,1.9
商家,3,89,1,1.1,0.0,승정원일기,1.9,조선왕조실록,1.9
省楸,2,101,1,1.0,0.0,승정원일기,1.9,한국사료총서,1.9
平安兩道,3,142,1,0.7,0.0,조선왕조실록,1.9,승정원일기,1.9
扈,6,14425,21,0.1,0.0,고려사,1.9,고순종실록,1.9
崔氏,6,751,7,0.9,0.0,고려사,1.9,조선왕조실록,1.9
杜氏通典,3,148,1,0.7,0.0,조선왕조실록,1.9,승정원일기,1.9
長里,2,24,18,75.0,71.4,승정원일기,73.3,한국사료총서,1.9
有疾,6,4073,2,0.0,0.0,고려사절요,1.9,고려사,1.9
味於,3,83,1,1.2,0.0,조선왕조실록,1.9,승정원일기,1.9
淸道懷德,2,337,331,98.2,98.1,승정원일기,100.0,조선왕조실록,1.9
虞庭,3,74,1,1.4,0.0,조선왕조실록,1.9,승정원일기,1.9
逆志,3,240,1,0.4,0.0,승정원일기,1.9,조선왕조실록,1.9
中前,5,533,3,0.6,0.0,고려사,1.9,조선왕조실록,1.9
藝祖,4,96,1,1.0,0.0,고순종실록,1.9,승정원일기,1.9
法殿,4,873,14,1.6,0.0,고순종실록,1.9,승정원일기,1.9
錫胄,3,3995,2,0.1,0.0,승정원일기,1.9,한국사료총서,1.9
大院王,3,97,1,1.0,0.0,고순종실록,1.9,승정원일기,1.9
間浦,2,31,12,38.7,38.1,승정원일기,40.0,한국사료총서,1.9
鰲城,3,305,3,1.0,0.0,조선왕조실록,1.9,승정원일기,1.9
三桂,3,380,3,0.8,0.0,승정원일기,1.9,한국사료총서,1.9
罕,6,10302,72,0.7,0.0,고려사절요,1.9,조선왕조실록,1.9
前溪,3,64,1,1.6,0.0,승정원일기,1.9,한국사료총서,1.9
載,8,189682,1473,0.8,0.0,고려사절요,1.9,조선왕조실록,1.9
與海,5,352,3,0.9,0.0,고려사,1.9,한국사료총서,1.9
隨,8,121837,108,0.1,0.0,고순종실록,1.9,고려사,1.9
平安道龍岡縣,2,61,59,96.7,98.1,승정원일기,100.0,조선왕조실록,1.9
敬義,3,487,5,1.0,0.0,한국사료총서,1.9,조선왕조실록,1.9
聲震殿,2,56,1,1.8,0.0,조선왕조실록,1.9,승정원일기,1.9
都庫,3,336,6,1.8,0.0,조선왕조실록,1.9,승정원일기,1.9
道民,6,1229,3,0.2,0.0,고려사,1.9,한국사료총서,1.9
紫極門,2,66,65,98.5,98.1,승정원일기,100.0,조선왕조실록,1.9
如意,8,1653,10,0.6,0.0,고려사,1.9,한국사료총서,1.9
平安道龜城,2,66,65,98.5,98.1,승정원일기,100.0,조선왕조실록,1.9
南下面,2,17,13,76.5,75.0,승정원일기,76.9,한국사료총서,1.9
暎花,3,608,596,98.0,98.1,조선왕조실록,100.0,고순종실록,1.9
令楊,3,155,1,0.6,0.0,조선왕조실록,1.9,승정원일기,1.9
隨營,4,260,1,0.4,0.0,고순종실록,1.9,조선왕조실록,1.9
南服,5,187,2,1.1,0.0,고려사,1.9,승정원일기,1.9
半道,3,122,2,1.6,0.0,조선왕조실록,1.9,승정원일기,1.9
慶尙道鎭海縣,2,59,58,98.3,98.1,승정원일기,100.0,조선왕조실록,1.9
于州,5,238,1,0.4,0.0,고려사,1.8,조선왕조실록,1.8
體府,3,849,2,0.2,0.0,승정원일기,1.8,한국사료총서,1.8
奄,7,16003,22,0.1,0.0,고려사,1.8,한국사료총서,1.8
南各營,2,61,1,1.6,0.0,조선왕조실록,1.8,승정원일기,1.8
書雲,5,583,5,0.9,0.0,고려사,1.8,승정원일기,1.8
洊,4,2112,2,0.1,0.0,고순종실록,1.8,조선왕조실록,1.8
官門,5,14065,21,0.1,0.0,고려사,1.8,승정원일기,1.8
平安道殷山,2,76,75,98.7,98.2,승정원일기,100.0,조선왕조실록,1.8
南源,2,59,2,3.4,0.0,한국사료총서,1.8,승정원일기,1.8
"百濟,",7,178,1,0.6,0.0,고려사,1.8,한국사료총서,1.8
申思儼,2,61,1,1.6,0.0,한국사료총서,1.8,승정원일기,1.8
京畿豐德,2,128,126,98.4,98.2,승정원일기,100.0,조선왕조실록,1.8
坡牧,3,72,1,1.4,0.0,조선왕조실록,1.8,승정원일기,1.8
書筵廳,2,60,8,13.3,12.5,승정원일기,14.3,조선왕조실록,1.8
翰院,4,78,1,1.3,0.0,고려사,1.8,승정원일기,1.8
瑞城,2,20,5,25.0,12.5,조선왕조실록,14.3,고려사,1.8
南極,5,502,2,0.4,0.0,고려사,1.8,조선왕조실록,1.8
通和殿,2,59,58,98.3,98.2,승정원일기,100.0,조선왕조실록,1.8
玉峯,2,24,4,16.7,12.5,한국사료총서,14.3,조선왕조실록,1.8
南調,2,17,3,17.6,18.2,조선왕조실록,20.0,한국사료총서,1.8
敎鍊官,4,3733,1,0.0,0.0,고순종실록,1.8,한국사료총서,1.8
捷,7,4624,5,0.1,0.0,고려사,1.8,고순종실록,1.8
海昇,4,241,2,0.8,0.0,고순종실록,1.8,한국사료총서,1.8
邑倉,4,542,6,1.1,0.0,고순종실록,1.8,승정원일기,1.8
"溫陽,",3,213,1,0.5,0.0,승정원일기,1.8,한국사료총서,1.8
太微垣,2,256,2,0.8,0.0,조선왕조실록,1.8,승정원일기,1.8
故陵,2,61,1,1.6,0.0,조선왕조실록,1.8,승정원일기,1.8
具毅和,2,63,1,1.6,0.0,조선왕조실록,1.8,승정원일기,1.8
長幾,3,79,1,1.3,0.0,조선왕조실록,1.8,승정원일기,1.8
全羅道金溝,2,65,64,98.5,98.2,승정원일기,100.0,조선왕조실록,1.8
守門將廳,2,118,2,1.7,0.0,조선왕조실록,1.8,승정원일기,1.8
四邑,4,2831,41,1.4,0.0,고순종실록,1.8,승정원일기,1.8
鄘,2,60,1,1.7,0.0,한국사료총서,1.8,승정원일기,1.8
豐城,3,104,9,8.7,8.2,승정원일기,10.0,한국사료총서,1.8
海萬,5,114,1,0.9,0.0,고려사,1.8,승정원일기,1.8
宗任,2,60,1,1.7,0.0,조선왕조실록,1.8,승정원일기,1.8
鏡城城,2,16,2,12.5,12.5,조선왕조실록,14.3,승정원일기,1.8
舍人,6,3619,15,0.4,0.0,고려사,1.8,한국사료총서,1.8
汝,8,61699,210,0.3,0.0,삼국유사,1.8,삼국사기,1.8
瓦署,4,1800,31,1.7,0.0,고순종실록,1.8,승정원일기,1.8
溫科,2,65,1,1.5,0.0,조선왕조실록,1.8,승정원일기,1.8
黃海道平山,3,236,233,98.7,98.2,승정원일기,100.0,한국사료총서,1.8
慕宮祭,2,64,1,1.6,0.0,조선왕조실록,1.8,승정원일기,1.8
詣儲慶,4,431,3,0.7,0.0,고순종실록,1.8,조선왕조실록,1.8
光廟,4,387,3,0.8,0.0,고순종실록,1.8,승정원일기,1.8
鎭撫,6,3449,22,0.6,0.0,고려사,1.8,승정원일기,1.8
光熙門,2,452,442,97.8,98.2,승정원일기,100.0,조선왕조실록,1.8
瑚璉,3,133,2,1.5,0.0,조선왕조실록,1.8,승정원일기,1.8
璿源錄,3,595,9,1.5,0.0,한국사료총서,1.8,승정원일기,1.8
郊館,3,306,5,1.6,0.0,조선왕조실록,1.8,승정원일기,1.8
外寇,5,342,2,0.6,0.0,고려사,1.8,조선왕조실록,1.8
西岳,2,47,11,23.4,16.7,조선왕조실록,18.4,한국사료총서,1.8
六里,4,1237,20,1.6,0.0,고순종실록,1.8,한국사료총서,1.8
御,8,309106,437,0.1,0.0,고려사절요,1.8,삼국사기,1.8
復而,4,495,1,0.2,0.0,고순종실록,1.8,한국사료총서,1.8
有元,6,2014,1,0.0,0.0,고려사,1.8,한국사료총서,1.8
莫山,3,132,5,3.8,2.9,승정원일기,4.8,조선왕조실록,1.8
咸興人,3,98,1,1.0,0.0,승정원일기,1.8,조선왕조실록,1.8
昌淵,2,70,1,1.4,0.0,한국사료총서,1.8,승정원일기,1.8
慶尙道彦陽,2,63,62,98.4,98.2,승정원일기,100.0,조선왕조실록,1.8
粤,7,1354,12,0.9,0.0,고려사,1.7,한국사료총서,1.7
慶孫,5,239,1,0.4,0.0,고려사,1.7,한국사료총서,1.7
四岳,3,228,3,1.3,0.0,조선왕조실록,1.7,승정원일기,1.7
淑安,2,160,2,1.2,0.0,조선왕조실록,1.7,승정원일기,1.7
文獻,4,2135,27,1.3,0.0,고순종실록,1.7,승정원일기,1.7
檢,8,103127,123,0.1,0.0,고려사,1.7,한국사료총서,1.7
洪奉朝賀,3,323,5,1.5,0.0,조선왕조실록,1.7,승정원일기,1.7
隷,8,20333,54,0.3,0.0,고려사,1.7,한국사료총서,1.7
昌寧尉,3,134,2,1.5,0.0,조선왕조실록,1.7,승정원일기,1.7
麗王諸陵,2,67,1,1.5,0.0,조선왕조실록,1.7,승정원일기,1.7
肅章門,2,2199,2194,99.8,98.2,조선왕조실록,99.9,승정원일기,1.7
輸誠,5,326,3,0.9,0.0,고려사,1.7,조선왕조실록,1.7
五邑,4,2389,35,1.5,0.0,고순종실록,1.7,승정원일기,1.7
禁衛營,4,22321,189,0.8,0.0,고순종실록,1.7,조선왕조실록,1.7
忠淸道淸州,2,346,341,98.6,98.3,승정원일기,100.0,조선왕조실록,1.7
砥柱,4,380,2,0.5,0.0,고순종실록,1.7,조선왕조실록,1.7
防,8,92357,731,0.8,0.0,삼국사기,1.7,고려사절요,1.7
桂坊,4,3682,25,0.7,0.0,한국사료총서,1.7,조선왕조실록,1.7
靑靑,3,126,1,0.8,0.0,조선왕조실록,1.7,승정원일기,1.7
長前,4,157,2,1.3,0.0,고순종실록,1.7,승정원일기,1.7
雷,8,18603,169,0.9,0.0,고려사,1.7,승정원일기,1.7
海西民,3,75,1,1.3,0.0,조선왕조실록,1.7,승정원일기,1.7
遠西面,2,22,20,90.9,90.0,한국사료총서,91.7,승정원일기,1.7
閔惠洙,3,66,1,1.5,0.0,조선왕조실록,1.7,승정원일기,1.7
兩陵,4,1884,29,1.5,0.0,고순종실록,1.7,승정원일기,1.7
建伊,3,89,1,1.1,0.0,조선왕조실록,1.7,승정원일기,1.7
沿邊,5,2127,16,0.8,0.0,고려사,1.7,승정원일기,1.7
公道,6,2666,38,1.4,0.0,고려사,1.7,승정원일기,1.7
樂器造成廳,2,63,1,1.6,0.0,조선왕조실록,1.7,승정원일기,1.7
就齋殿,2,153,2,1.3,0.0,조선왕조실록,1.7,승정원일기,1.7
廣成,3,1063,10,0.9,0.0,한국사료총서,1.7,조선왕조실록,1.7
資政門,2,617,607,98.4,98.3,승정원일기,100.0,조선왕조실록,1.7
有商,4,975,2,0.2,0.0,고순종실록,1.7,조선왕조실록,1.7
摠戎廳,3,4826,14,0.3,0.0,조선왕조실록,1.7,한국사료총서,1.7
胡廣,3,72,1,1.4,0.0,조선왕조실록,1.7,승정원일기,1.7
盤石坊,3,157,155,98.7,98.3,승정원일기,100.0,한국사료총서,1.7
劉綎,3,275,1,0.4,0.0,승정원일기,1.7,한국사료총서,1.7
黃海道谷山府,2,63,62,98.4,98.3,승정원일기,100.0,조선왕조실록,1.7
南敎,2,67,1,1.5,0.0,한국사료총서,1.7,승정원일기,1.7
抗,8,13119,12,0.1,0.0,고려사절요,1.7,고려사,1.7
沿海邑,4,496,7,1.4,0.0,고순종실록,1.7,승정원일기,1.7
存養,3,657,1,0.2,0.0,승정원일기,1.7,한국사료총서,1.7
夫子,7,7939,17,0.2,0.0,고려사,1.7,고순종실록,1.7
奎星,4,342,2,0.6,0.0,고려사,1.7,조선왕조실록,1.7
明聖王后,3,321,4,1.2,0.0,조선왕조실록,1.7,승정원일기,1.7
八邑,4,1218,17,1.4,0.0,고순종실록,1.7,승정원일기,1.7
北漢平倉,2,77,59,76.6,75.0,조선왕조실록,76.7,승정원일기,1.7
中火,3,620,4,0.6,0.0,조선왕조실록,1.7,승정원일기,1.7
忠淸道牙山,2,217,214,98.6,98.3,승정원일기,100.0,조선왕조실록,1.7
孝貞,6,373,2,0.5,0.0,고려사,1.7,한국사료총서,1.7
陽明,3,418,4,1.0,0.0,조선왕조실록,1.7,승정원일기,1.7
慶尙道長鬐縣,2,63,61,96.8,98.3,승정원일기,100.0,조선왕조실록,1.7
綾昌,3,512,7,1.4,0.0,조선왕조실록,1.7,승정원일기,1.7
新穴,2,66,1,1.5,0.0,조선왕조실록,1.7,승정원일기,1.7
兩湖道,4,75,1,1.3,0.0,고순종실록,1.7,승정원일기,1.7
衡門,3,84,1,1.2,0.0,조선왕조실록,1.6,승정원일기,1.6
綾原大君,4,243,3,1.2,0.0,고순종실록,1.6,승정원일기,1.6
南正,4,1415,3,0.2,0.0,고순종실록,1.6,조선왕조실록,1.6
萬八門,2,133,130,97.7,98.4,승정원일기,100.0,조선왕조실록,1.6
淸兵,4,2655,15,0.6,0.0,고순종실록,1.6,조선왕조실록,1.6
賢館,4,90,1,1.1,0.0,고려사,1.6,승정원일기,1.6
統水營,3,74,1,1.4,0.0,조선왕조실록,1.6,승정원일기,1.6
火星,5,832,7,0.8,0.0,고려사,1.6,조선왕조실록,1.6
江原道寧越,3,98,97,99.0,98.4,승정원일기,100.0,한국사료총서,1.6
知異,3,144,2,1.4,0.0,승정원일기,1.6,조선왕조실록,1.6
興利,6,606,6,1.0,0.0,고려사,1.6,한국사료총서,1.6
金商門,2,469,457,97.4,97.3,승정원일기,98.9,조선왕조실록,1.6
巨濟府島,2,134,2,1.5,0.0,조선왕조실록,1.6,승정원일기,1.6
真,2,278,4,1.4,1.0,삼국유사,2.6,삼국사기,1.6
眞木亭,2,32,18,56.2,55.6,승정원일기,57.1,한국사료총서,1.6
餘慶坊,2,117,110,94.0,93.6,승정원일기,95.2,조선왕조실록,1.6
昭平,4,100,1,1.0,0.0,고순종실록,1.6,승정원일기,1.6
關雎,5,744,6,0.8,0.0,고려사,1.6,조선왕조실록,1.6
馬坪,2,127,90,70.9,71.2,승정원일기,72.7,한국사료총서,1.6
鎭營,4,1175,15,1.3,0.0,고순종실록,1.6,한국사료총서,1.6
東來,6,566,5,0.9,0.0,고려사,1.6,승정원일기,1.6
右營,5,909,10,1.1,0.0,고려사,1.6,승정원일기,1.6
四所,3,288,3,1.0,0.0,조선왕조실록,1.6,승정원일기,1.6
安東人,4,208,1,0.5,0.0,고려사,1.6,조선왕조실록,1.6
用霖,2,67,1,1.5,0.0,조선왕조실록,1.6,승정원일기,1.6
阿大,3,214,1,0.5,0.0,승정원일기,1.6,조선왕조실록,1.6
慈聖殿,4,1891,1,0.1,0.0,고순종실록,1.6,조선왕조실록,1.6
衛將廳,2,127,2,1.6,0.0,조선왕조실록,1.6,승정원일기,1.6
貫索,4,144,1,0.7,0.0,고려사,1.6,조선왕조실록,1.6
漢原府院君,3,88,1,1.1,0.0,조선왕조실록,1.6,승정원일기,1.6
嶺南年,2,67,1,1.5,0.0,조선왕조실록,1.6,승정원일기,1.6
僧舍,4,185,2,1.1,0.0,고려사,1.6,승정원일기,1.6
晉武帝,2,72,1,1.4,0.0,한국사료총서,1.6,승정원일기,1.6
慶尙州道,2,18,11,61.1,55.6,고려사,57.1,고려사절요,1.6
者斤阿只,3,244,2,0.8,0.0,조선왕조실록,1.6,승정원일기,1.6
典圜局,3,507,4,0.8,0.0,한국사료총서,1.6,고순종실록,1.6
南局,2,131,2,1.5,0.0,승정원일기,1.6,한국사료총서,1.6
仁白,3,87,1,1.1,0.0,조선왕조실록,1.6,승정원일기,1.6
全羅道臨陂,3,98,97,99.0,98.4,승정원일기,100.0,한국사료총서,1.6
咸鏡道端川,3,157,155,98.7,98.4,승정원일기,100.0,한국사료총서,1.6
尹郁烈,3,261,1,0.4,0.0,승정원일기,1.6,한국사료총서,1.6
衛靈公,2,73,1,1.4,0.0,조선왕조실록,1.6,승정원일기,1.6
上齋,3,474,5,1.1,0.0,조선왕조실록,1.6,승정원일기,1.6
卽湖,3,75,1,1.3,0.0,조선왕조실록,1.6,승정원일기,1.6
老人,8,5762,21,0.4,0.0,고려사,1.6,조선왕조실록,1.6
荏島,2,66,65,98.5,98.4,한국사료총서,100.0,승정원일기,1.6
京房,5,150,1,0.7,0.0,고려사,1.6,승정원일기,1.6
時未知,3,115,1,0.9,0.0,승정원일기,1.6,조선왕조실록,1.6
永堅,3,140,2,1.4,0.0,승정원일기,1.6,조선왕조실록,1.6
黃門,4,371,3,0.8,0.0,고려사,1.6,조선왕조실록,1.6
極北,3,102,1,1.0,0.0,조선왕조실록,1.6,승정원일기,1.6
在楊州,4,500,1,0.2,0.0,고순종실록,1.6,조선왕조실록,1.6
神化,4,349,3,0.9,0.0,고순종실록,1.6,조선왕조실록,1.6
歸,8,133121,497,0.4,0.0,삼국유사,1.6,한국사료총서,1.6
南子,3,117,1,0.9,0.0,조선왕조실록,1.6,승정원일기,1.6
從政,5,430,2,0.5,0.0,고려사,1.6,조선왕조실록,1.6
端廟,4,238,3,1.3,0.0,고순종실록,1.6,조선왕조실록,1.6
懽,6,3156,15,0.5,0.0,고려사,1.6,조선왕조실록,1.6
安□,2,67,2,3.0,2.4,승정원일기,4.0,한국사료총서,1.6
瀹,5,132,1,0.8,0.0,고려사,1.6,조선왕조실록,1.6
甓築,3,90,1,1.1,0.0,조선왕조실록,1.6,승정원일기,1.6
運河,2,84,1,1.2,0.0,한국사료총서,1.6,승정원일기,1.6
淸差,3,315,2,0.6,0.0,한국사료총서,1.6,조선왕조실록,1.6
暎花堂,3,602,593,98.5,98.4,승정원일기,100.0,고순종실록,1.6
湖西一路,2,139,2,1.4,0.0,조선왕조실록,1.6,승정원일기,1.6
盛陳,5,438,4,0.9,0.0,고려사,1.6,승정원일기,1.6
烽燧別將,2,71,1,1.4,0.0,승정원일기,1.6,한국사료총서,1.6
內酒房,2,124,3,2.4,2.1,승정원일기,3.7,조선왕조실록,1.6
任存城,2,19,12,63.2,55.6,한국사료총서,57.1,삼국사기,1.6
水星,3,81,1,1.2,0.0,고려사,1.6,조선왕조실록,1.6
太微,4,1476,11,0.7,0.0,고려사,1.6,조선왕조실록,1.6
在海州,3,110,1,0.9,0.0,승정원일기,1.6,조선왕조실록,1.6
太阿,4,464,2,0.4,0.0,고순종실록,1.6,조선왕조실록,1.6
百,8,353083,1409,0.4,0.0,고려사,1.6,한국사료총서,1.6
彈丸,5,477,4,0.8,0.0,고려사,1.6,승정원일기,1.6
別破陣,4,2185,30,1.4,0.0,고순종실록,1.6,승정원일기,1.6
永嘉府,3,105,1,1.0,0.0,조선왕조실록,1.6,승정원일기,1.6
先陵,4,592,6,1.0,0.0,고순종실록,1.5,조선왕조실록,1.5
金海等,3,120,1,0.8,0.0,조선왕조실록,1.5,승정원일기,1.5
四國,5,200,1,0.5,0.0,고려사,1.5,한국사료총서,1.5
通禮門,4,555,8,1.4,0.0,고려사,1.5,조선왕조실록,1.5
吏房,4,1828,2,0.1,0.0,고순종실록,1.5,조선왕조실록,1.5
黑矣,2,133,1,0.8,0.0,한국사료총서,1.5,승정원일기,1.5
西武,3,100,1,1.0,0.0,조선왕조실록,1.5,승정원일기,1.5
通典,6,425,2,0.5,0.0,고려사,1.5,승정원일기,1.5
太祖高皇帝,6,792,5,0.6,0.0,고려사,1.5,승정원일기,1.5
北道開市,2,74,1,1.4,0.0,조선왕조실록,1.5,승정원일기,1.5
麗末,3,253,2,0.8,0.0,승정원일기,1.5,조선왕조실록,1.5
眞實,5,1101,1,0.1,0.0,고려사,1.5,한국사료총서,1.5
良善,6,377,1,0.3,0.0,고려사,1.5,한국사료총서,1.5
平安道安州,2,188,185,98.4,98.5,승정원일기,100.0,조선왕조실록,1.5
逌瞻門,2,456,449,98.5,98.5,승정원일기,100.0,조선왕조실록,1.5
尙瑞,6,3256,42,1.3,0.0,고려사,1.5,승정원일기,1.5
栍邑,2,287,4,1.4,0.0,조선왕조실록,1.5,승정원일기,1.5
萱,8,1249,7,0.6,0.0,고려사,1.5,한국사료총서,1.5
訓,8,97192,694,0.7,0.0,고려사,1.5,조선왕조실록,1.5
大立,3,403,1,0.2,0.0,승정원일기,1.5,한국사료총서,1.5
景宗大王,3,248,3,1.2,0.0,조선왕조실록,1.5,승정원일기,1.5
泰誓,3,94,1,1.1,0.0,조선왕조실록,1.5,승정원일기,1.5
北各,5,367,3,0.8,0.0,고려사,1.5,승정원일기,1.5
大兵,8,1000,4,0.4,0.0,고려사,1.5,승정원일기,1.5
文陵,2,19,11,57.9,60.0,조선왕조실록,61.5,승정원일기,1.5
浮橋,4,438,6,1.4,0.0,고려사,1.5,조선왕조실록,1.5
陳田,5,1291,10,0.8,0.0,고려사,1.5,조선왕조실록,1.5
龍骨大,3,273,2,0.7,0.0,조선왕조실록,1.5,한국사료총서,1.5
仁壽府,2,212,3,1.4,0.0,승정원일기,1.5,조선왕조실록,1.5
漢船,3,181,1,0.6,0.0,조선왕조실록,1.5,승정원일기,1.5
陳湯,3,549,1,0.2,0.0,승정원일기,1.5,한국사료총서,1.5
南北兵營,3,86,1,1.2,0.0,고순종실록,1.5,승정원일기,1.5
玉樓,3,113,1,0.9,0.0,조선왕조실록,1.5,승정원일기,1.5
金閨,3,82,1,1.2,0.0,조선왕조실록,1.5,승정원일기,1.5
一山,4,533,5,0.9,0.0,삼국유사,1.5,조선왕조실록,1.5
捕廳,4,10014,4,0.0,0.0,고순종실록,1.5,한국사료총서,1.5
椽木,3,851,10,1.2,0.0,조선왕조실록,1.5,승정원일기,1.5
兩南道,2,81,1,1.2,0.0,조선왕조실록,1.5,승정원일기,1.5
守禦營,3,84,1,1.2,0.0,조선왕조실록,1.5,승정원일기,1.5
得成,7,1266,6,0.5,0.0,고려사,1.5,조선왕조실록,1.5
京畿陽智,2,75,74,98.7,98.5,승정원일기,100.0,조선왕조실록,1.5
交龜,4,2045,11,0.5,0.0,고순종실록,1.5,조선왕조실록,1.5
江原道洪川縣,2,71,70,98.6,98.5,승정원일기,100.0,조선왕조실록,1.5
平日,6,14951,26,0.2,0.0,고려사,1.5,고순종실록,1.5
河鼓,3,227,1,0.4,0.0,고려사,1.5,조선왕조실록,1.5
禮賓寺,4,1364,13,1.0,0.0,고려사,1.5,승정원일기,1.5
雇馬,3,578,16,2.8,1.7,한국사료총서,3.1,승정원일기,1.5
請山,3,123,1,0.8,0.0,조선왕조실록,1.5,승정원일기,1.5
王素,5,183,1,0.5,0.0,고려사,1.5,승정원일기,1.5
南方,7,4809,18,0.4,0.0,고려사,1.5,한국사료총서,1.5
京畿安山,2,293,287,98.0,98.5,승정원일기,100.0,조선왕조실록,1.5
周審,4,241,3,1.2,0.0,고순종실록,1.5,승정원일기,1.5
業德,3,76,1,1.3,0.0,조선왕조실록,1.5,승정원일기,1.5
湖之間,4,199,2,1.0,0.0,고순종실록,1.5,승정원일기,1.5
造紙,4,2081,26,1.2,0.0,고순종실록,1.5,조선왕조실록,1.5
程傳,3,358,1,0.3,0.0,승정원일기,1.5,조선왕조실록,1.5
御齋殿,3,452,6,1.3,0.0,고순종실록,1.5,승정원일기,1.5
道封山,2,72,1,1.4,0.0,한국사료총서,1.5,승정원일기,1.5
金城湯池,3,104,1,1.0,0.0,조선왕조실록,1.5,승정원일기,1.5
翼廟,4,109,1,0.9,0.0,고순종실록,1.5,승정원일기,1.5
三陽,5,1115,6,0.5,0.0,고려사,1.5,한국사료총서,1.5
西道各陵,2,69,1,1.4,0.0,조선왕조실록,1.5,승정원일기,1.5
三南道,4,249,3,1.2,0.0,고순종실록,1.5,승정원일기,1.5
外,8,545563,6884,1.3,0.0,삼국사기,1.5,승정원일기,1.5
所一,4,844,2,0.2,0.0,고순종실록,1.4,한국사료총서,1.4
都下市,3,82,1,1.2,0.0,고순종실록,1.4,승정원일기,1.4
定州牧使,4,946,1,0.1,0.0,고순종실록,1.4,한국사료총서,1.4
鮮兵,3,98,1,1.0,0.0,승정원일기,1.4,조선왕조실록,1.4
子和,5,167,1,0.6,0.0,고려사,1.4,한국사료총서,1.4
晋昌,2,221,3,1.4,0.0,조선왕조실록,1.4,한국사료총서,1.4
三萬,8,4427,16,0.4,0.0,고려사,1.4,조선왕조실록,1.4
定濟州,2,75,1,1.3,0.0,조선왕조실록,1.4,승정원일기,1.4
輔車,4,309,1,0.3,0.0,고순종실록,1.4,조선왕조실록,1.4
惠民,5,2226,27,1.2,0.0,고려사,1.4,승정원일기,1.4
義陽,3,115,1,0.9,0.0,고순종실록,1.4,승정원일기,1.4
十一里,3,599,1,0.2,0.0,조선왕조실록,1.4,승정원일기,1.4
一尾,3,307,2,0.7,0.0,조선왕조실록,1.4,승정원일기,1.4
大有,7,7053,15,0.2,0.0,고려사,1.4,고순종실록,1.4
江原道狼川,2,81,80,98.8,98.6,승정원일기,100.0,조선왕조실록,1.4
一,8,1886107,3752,0.2,0.1,고순종실록,1.4,삼국사기,1.4
北閫,3,268,3,1.1,0.0,조선왕조실록,1.4,승정원일기,1.4
差備近處,3,162,2,1.2,0.0,고순종실록,1.4,승정원일기,1.4
加八里,2,74,1,1.4,0.0,조선왕조실록,1.4,승정원일기,1.4
魏都,2,18,2,11.1,11.1,승정원일기,12.5,조선왕조실록,1.4
苖,4,274,3,1.1,0.0,삼국사기,1.4,승정원일기,1.4
安息,3,201,1,0.5,0.0,승정원일기,1.4,조선왕조실록,1.4
南賊,5,224,1,0.4,0.0,고려사,1.4,조선왕조실록,1.4
遠陵,2,257,3,1.2,0.0,조선왕조실록,1.4,승정원일기,1.4
覃恩,5,328,3,0.9,0.0,고려사,1.4,승정원일기,1.4
三千里,5,4878,27,0.6,0.0,고려사,1.4,조선왕조실록,1.4
北同,2,91,1,1.1,0.0,한국사료총서,1.4,승정원일기,1.4
京畿金浦,2,81,80,98.8,98.6,승정원일기,100.0,조선왕조실록,1.4
工佐,2,81,1,1.2,0.0,승정원일기,1.4,한국사료총서,1.4
俄公使,3,88,1,1.1,0.0,고순종실록,1.4,한국사료총서,1.4
萬安門,2,499,492,98.6,98.6,승정원일기,100.0,조선왕조실록,1.4
江原道平海郡,2,78,77,98.7,98.6,승정원일기,100.0,조선왕조실록,1.4
賊虜,4,184,2,1.1,0.0,고려사,1.4,조선왕조실록,1.4
吳王,5,149,1,0.7,0.0,고려사,1.4,승정원일기,1.4
申協,2,72,1,1.4,0.0,조선왕조실록,1.4,승정원일기,1.4
南關之,2,89,1,1.1,0.0,조선왕조실록,1.4,승정원일기,1.4
延豐君,2,75,1,1.3,0.0,조선왕조실록,1.4,승정원일기,1.4
孝婦,4,267,2,0.7,0.0,고순종실록,1.4,승정원일기,1.4
大升,5,2068,2,0.1,0.0,고려사,1.4,한국사료총서,1.4
完平,4,733,4,0.5,0.2,승정원일기,1.6,고순종실록,1.4
柱石,6,946,5,0.5,0.0,고려사,1.4,한국사료총서,1.4
帳殿,5,4906,61,1.2,0.0,고려사,1.4,승정원일기,1.4
象圭,3,77,1,1.3,0.0,고순종실록,1.4,승정원일기,1.4
貴德,3,126,1,0.8,0.0,승정원일기,1.4,조선왕조실록,1.4
湫隘,5,130,1,0.8,0.0,고려사,1.4,승정원일기,1.4
晝,8,65968,645,1.0,0.0,고려사절요,1.4,승정원일기,1.4
漢語,6,1044,7,0.7,0.0,고려사,1.4,조선왕조실록,1.4
辭園,2,81,1,1.2,0.0,조선왕조실록,1.4,승정원일기,1.4
校中,5,517,3,0.6,0.0,고려사,1.4,한국사료총서,1.4
衿川地,2,298,4,1.3,0.0,조선왕조실록,1.4,승정원일기,1.4
軍器監官,3,132,1,0.8,0.0,승정원일기,1.4,한국사료총서,1.4
亢,7,2958,13,0.4,0.0,고려사,1.4,조선왕조실록,1.4
畿下,2,34,2,5.9,5.3,승정원일기,6.7,조선왕조실록,1.4
冀,7,29271,192,0.7,0.0,고려사절요,1.4,조선왕조실록,1.4
咸鏡道鏡城,2,164,162,98.8,98.6,승정원일기,100.0,조선왕조실록,1.4
自論,3,201,2,1.0,0.0,조선왕조실록,1.4,승정원일기,1.4
留府,3,103,1,1.0,0.0,조선왕조실록,1.4,승정원일기,1.4
靑魚,3,1191,2,0.2,0.0,승정원일기,1.4,조선왕조실록,1.4
忠淸兩道,3,240,3,1.2,0.0,조선왕조실록,1.4,승정원일기,1.4
重輝,4,268,3,1.1,0.0,고순종실록,1.4,승정원일기,1.4
時御所,4,1578,20,1.3,0.0,고순종실록,1.4,승정원일기,1.4
泰秋,2,286,282,98.6,98.6,승정원일기,100.0,조선왕조실록,1.4
愛物,6,418,1,0.2,0.0,고려사,1.4,조선왕조실록,1.4
參贊官,4,20255,1,0.0,0.0,고순종실록,1.4,한국사료총서,1.4
朝人,5,1175,6,0.5,0.0,고려사,1.4,조선왕조실록,1.4
亨遠,2,78,1,1.3,0.0,한국사료총서,1.4,승정원일기,1.4
"原州,",5,329,1,0.3,0.0,고려사,1.4,한국사료총서,1.4
大關,4,3757,51,1.4,0.0,고순종실록,1.4,승정원일기,1.4
有國,8,7160,5,0.1,0.0,고려사,1.4,한국사료총서,1.4
正玉,3,100,1,1.0,0.0,조선왕조실록,1.4,승정원일기,1.4
尹家,3,129,1,0.8,0.0,조선왕조실록,1.4,승정원일기,1.4
錦南,3,102,1,1.0,0.0,조선왕조실록,1.4,승정원일기,1.4
全羅等道,3,92,1,1.1,0.0,승정원일기,1.3,조선왕조실록,1.3
北臬,2,79,1,1.3,0.0,한국사료총서,1.3,승정원일기,1.3
忠淸道公山,2,89,88,98.9,98.7,승정원일기,100.0,조선왕조실록,1.3
邶,2,80,1,1.2,0.0,한국사료총서,1.3,승정원일기,1.3
陵廟,4,142,1,0.7,0.0,고려사,1.3,승정원일기,1.3
江頭,6,481,4,0.8,0.0,고려사,1.3,승정원일기,1.3
開重門,4,102,1,1.0,0.0,고순종실록,1.3,승정원일기,1.3
聞,8,386842,1486,0.4,0.0,고려사절요,1.3,한국사료총서,1.3
揷,7,2331,16,0.7,0.0,고려사,1.3,조선왕조실록,1.3
建陽門,2,2575,2540,98.6,98.7,승정원일기,100.0,조선왕조실록,1.3
上嘉,3,1098,1,0.1,0.0,승정원일기,1.3,한국사료총서,1.3
水原軍,3,288,1,0.3,0.0,승정원일기,1.3,조선왕조실록,1.3
初元,5,886,2,0.2,0.0,고순종실록,1.3,조선왕조실록,1.3
洪哥,3,110,1,0.9,0.0,조선왕조실록,1.3,승정원일기,1.3
明道,6,1021,4,0.4,0.0,고려사,1.3,조선왕조실록,1.3
文祖,5,264,2,0.8,0.0,고려사,1.3,승정원일기,1.3
趙領敦寧,2,83,1,1.2,0.0,조선왕조실록,1.3,승정원일기,1.3
全羅道礪山,3,105,104,99.0,98.7,승정원일기,100.0,한국사료총서,1.3
京畿陽城,3,91,90,98.9,98.7,승정원일기,100.0,한국사료총서,1.3
津寬寺,2,84,83,98.8,98.7,조선왕조실록,100.0,승정원일기,1.3
淸州人,5,141,1,0.7,0.0,고려사,1.3,조선왕조실록,1.3
開金井,4,563,6,1.1,0.0,고순종실록,1.3,승정원일기,1.3
斜水,2,85,1,1.2,0.0,조선왕조실록,1.3,승정원일기,1.3
幷,7,18762,13,0.1,0.0,고려사절요,1.3,승정원일기,1.3
玄鳳,2,86,1,1.2,0.0,한국사료총서,1.3,승정원일기,1.3
本城,3,652,2,0.3,0.0,승정원일기,1.3,조선왕조실록,1.3
九法,3,203,2,1.0,0.0,조선왕조실록,1.3,승정원일기,1.3
軍餉色,2,232,3,1.3,0.0,조선왕조실록,1.3,승정원일기,1.3
峻坂,3,99,1,1.0,0.0,조선왕조실록,1.3,승정원일기,1.3
顯宗,7,2534,5,0.2,0.0,고려사,1.3,승정원일기,1.3
昏夜,5,1276,5,0.4,0.0,고려사,1.3,조선왕조실록,1.3
成邑,3,97,1,1.0,0.0,조선왕조실록,1.3,승정원일기,1.3
長成,4,720,4,0.6,0.0,고순종실록,1.3,한국사료총서,1.3
武氏,5,144,1,0.7,0.0,고려사,1.3,승정원일기,1.3
三元,6,507,1,0.2,0.0,고려사,1.3,조선왕조실록,1.3
釜山之,4,193,1,0.5,0.0,고순종실록,1.3,조선왕조실록,1.3
三千,8,16417,181,1.1,0.0,고려사,1.3,조선왕조실록,1.3
香室,4,3075,24,0.8,0.0,고순종실록,1.3,조선왕조실록,1.3
仙寢,4,990,6,0.6,0.0,고순종실록,1.3,조선왕조실록,1.3
署,8,71283,828,1.2,0.0,고려사,1.3,승정원일기,1.3
院措,4,184,1,0.5,0.0,고순종실록,1.3,조선왕조실록,1.3
北首,3,152,1,0.7,0.0,조선왕조실록,1.3,승정원일기,1.3
永抱,3,99,1,1.0,0.0,조선왕조실록,1.3,승정원일기,1.3
周易,4,1425,9,0.6,0.0,고려사,1.3,조선왕조실록,1.3
全道,3,498,6,1.2,0.0,조선왕조실록,1.3,승정원일기,1.3
承恩,6,1508,2,0.1,0.0,고려사,1.3,한국사료총서,1.3
逌瞻,2,468,462,98.7,98.7,승정원일기,100.0,조선왕조실록,1.3
耆英會,3,98,1,1.0,0.0,승정원일기,1.3,조선왕조실록,1.3
騎曹堂,2,83,1,1.2,0.0,조선왕조실록,1.3,승정원일기,1.3
間路,4,371,3,0.8,0.0,고순종실록,1.3,조선왕조실록,1.3
皇甫仁,3,974,1,0.1,0.0,조선왕조실록,1.3,승정원일기,1.3
京畿陽川,2,83,82,98.8,98.7,승정원일기,100.0,조선왕조실록,1.3
心,8,472459,1111,0.2,0.0,고려사,1.3,삼국사기,1.3
介奉,3,87,1,1.1,0.0,조선왕조실록,1.3,승정원일기,1.3
靑陽門,2,1654,1630,98.5,98.7,승정원일기,100.0,조선왕조실록,1.3
宣惠,5,5539,64,1.2,0.0,고려사,1.3,승정원일기,1.3
開市,4,3333,28,0.8,0.0,고순종실록,1.3,승정원일기,1.3
鞏,4,2464,13,0.5,0.0,고순종실록,1.3,한국사료총서,1.3
朝房,3,1921,23,1.2,0.0,조선왕조실록,1.3,승정원일기,1.3
漁箭,4,776,2,0.3,0.0,고순종실록,1.3,조선왕조실록,1.3
資政門外,2,80,1,1.2,0.0,조선왕조실록,1.3,승정원일기,1.3
郞,7,210684,478,0.2,0.0,삼국사기,1.3,조선왕조실록,1.3
政事堂,3,95,1,1.1,0.0,조선왕조실록,1.3,승정원일기,1.3
濱海,6,814,7,0.9,0.0,고려사,1.3,승정원일기,1.3
北斗,6,941,4,0.4,0.0,고려사,1.3,조선왕조실록,1.3
鎭紀,2,188,1,0.5,0.0,조선왕조실록,1.3,승정원일기,1.3
越中守,2,80,1,1.2,0.0,한국사료총서,1.3,조선왕조실록,1.3
黃鳥,3,183,2,1.1,0.0,조선왕조실록,1.3,승정원일기,1.3
先天,5,541,1,0.2,0.0,고려사,1.3,조선왕조실록,1.3
八方,5,2945,28,1.0,0.0,고려사,1.3,승정원일기,1.3
閔致和,2,80,1,1.2,0.0,조선왕조실록,1.3,승정원일기,1.3
兩宮,6,2014,9,0.4,0.0,고려사,1.3,승정원일기,1.3
莊王,4,186,1,0.5,0.0,삼국사기,1.3,승정원일기,1.3
平衍,4,203,1,0.5,0.0,고려사,1.3,승정원일기,1.3
羅時,5,535,1,0.2,0.0,고려사,1.3,조선왕조실록,1.3
達城尉,3,115,1,0.9,0.0,조선왕조실록,1.3,승정원일기,1.3
奉常寺,5,5913,66,1.1,0.0,고려사,1.3,승정원일기,1.3
乂安,5,348,1,0.3,0.0,고려사,1.3,조선왕조실록,1.3
能,8,299232,85,0.0,0.0,고려사,1.3,삼국유사,1.3
行飮福,3,186,1,0.5,0.0,승정원일기,1.3,조선왕조실록,1.3
今年畿甸,2,97,1,1.0,0.0,조선왕조실록,1.3,승정원일기,1.3
虞詡,3,89,1,1.1,0.0,조선왕조실록,1.3,승정원일기,1.3
景慕宮齋宿,2,95,1,1.1,0.0,조선왕조실록,1.3,승정원일기,1.3
淸朝臺閣,2,165,2,1.2,0.0,조선왕조실록,1.3,승정원일기,1.3
雄藩,3,533,3,0.6,0.0,한국사료총서,1.3,조선왕조실록,1.3
涵仁亭,2,1139,1126,98.9,98.7,승정원일기,100.0,조선왕조실록,1.3
野邑,2,169,2,1.2,0.0,조선왕조실록,1.3,승정원일기,1.3
殽,3,307,2,0.7,0.0,조선왕조실록,1.3,승정원일기,1.3
瑞麟,3,491,4,0.8,0.0,한국사료총서,1.3,승정원일기,1.3
積威,3,118,1,0.8,0.0,조선왕조실록,1.3,승정원일기,1.3
他山,4,319,1,0.3,0.0,고순종실록,1.3,조선왕조실록,1.3
語類,3,426,1,0.2,0.0,승정원일기,1.2,조선왕조실록,1.2
賑恤廳,4,3658,21,0.6,0.0,고순종실록,1.2,한국사료총서,1.2
長陵遷,3,99,1,1.0,0.0,조선왕조실록,1.2,승정원일기,1.2
順則,4,284,1,0.4,0.0,고순종실록,1.2,한국사료총서,1.2
西三里,2,172,3,1.7,0.0,조선왕조실록,1.2,한국사료총서,1.2
慶尙道聞慶,3,104,103,99.0,98.8,승정원일기,100.0,한국사료총서,1.2
之屛,3,408,3,0.7,0.0,조선왕조실록,1.2,한국사료총서,1.2
別號,5,552,1,0.2,0.0,고려사,1.2,한국사료총서,1.2
二都,5,136,1,0.7,0.0,고려사,1.2,승정원일기,1.2
左贊,5,3026,7,0.2,0.0,고려사,1.2,한국사료총서,1.2
鳳凰城將,3,190,2,1.1,0.0,조선왕조실록,1.2,승정원일기,1.2
成爾鴻,3,104,1,1.0,0.0,조선왕조실록,1.2,승정원일기,1.2
永陳,4,99,1,1.0,0.0,고순종실록,1.2,승정원일기,1.2
京畿各邑,2,193,2,1.0,0.0,조선왕조실록,1.2,승정원일기,1.2
京所,4,222,1,0.5,0.0,고려사,1.2,승정원일기,1.2
兩殿,5,2666,20,0.8,0.0,고려사,1.2,승정원일기,1.2
泌,6,1889,7,0.4,0.0,고려사,1.2,한국사료총서,1.2
海運,4,1469,2,0.1,0.0,고순종실록,1.2,한국사료총서,1.2
有率,3,397,1,0.3,0.0,승정원일기,1.2,조선왕조실록,1.2
毛兵,3,141,1,0.7,0.0,승정원일기,1.2,조선왕조실록,1.2
鎭河,2,91,2,2.2,0.0,한국사료총서,1.2,승정원일기,1.2
巨鎭,3,630,3,0.5,0.0,조선왕조실록,1.2,승정원일기,1.2
綾川,3,290,3,1.0,0.0,조선왕조실록,1.2,승정원일기,1.2
濟州牧大靜,2,174,172,98.9,98.8,승정원일기,100.0,조선왕조실록,1.2
秉模,3,11478,2,0.0,0.0,조선왕조실록,1.2,한국사료총서,1.2
京城地方,3,93,1,1.1,0.0,고순종실록,1.2,승정원일기,1.2
德基,4,2664,2,0.1,0.0,고순종실록,1.2,조선왕조실록,1.2
內營,4,518,5,1.0,0.0,고순종실록,1.2,승정원일기,1.2
刺客,5,216,1,0.5,0.0,고려사,1.2,조선왕조실록,1.2
於佛,4,294,2,0.7,0.0,고려사,1.2,조선왕조실록,1.2
"義城,",3,147,1,0.7,0.0,승정원일기,1.2,한국사료총서,1.2
輔,8,160996,890,0.6,0.0,고려사,1.2,고순종실록,1.2
蚊負山,3,106,1,0.9,0.0,조선왕조실록,1.2,승정원일기,1.2
方正,5,813,2,0.2,0.0,고려사,1.2,한국사료총서,1.2
太祖朝,3,252,1,0.4,0.0,승정원일기,1.2,조선왕조실록,1.2
江原三道,3,108,1,0.9,0.0,조선왕조실록,1.2,승정원일기,1.2
李最應,3,1128,1,0.1,0.0,고순종실록,1.2,한국사료총서,1.2
昂,5,1296,1,0.1,0.0,고려사,1.2,조선왕조실록,1.2
法部,4,4673,5,0.1,0.0,고순종실록,1.2,한국사료총서,1.2
海沿,4,229,2,0.9,0.0,고순종실록,1.2,승정원일기,1.2
獻遂,2,1254,15,1.2,0.0,조선왕조실록,1.2,승정원일기,1.2
春山,3,114,3,2.6,2.3,승정원일기,3.6,조선왕조실록,1.2
權安,5,829,7,0.8,0.0,고려사,1.2,승정원일기,1.2
北所衛,2,595,7,1.2,0.0,조선왕조실록,1.2,승정원일기,1.2
綾城尉具敏和,3,114,1,0.9,0.0,조선왕조실록,1.2,승정원일기,1.2
書雲觀,5,413,4,1.0,0.0,고려사,1.2,조선왕조실록,1.2
",高句麗",5,126,1,0.8,0.0,고려사,1.2,한국사료총서,1.2
爲江界,3,383,1,0.3,0.0,승정원일기,1.2,조선왕조실록,1.2
靈芝,3,111,9,8.1,7.8,한국사료총서,9.1,조선왕조실록,1.2
爲羅州,5,604,1,0.2,0.0,고려사,1.2,조선왕조실록,1.2
南七里,2,93,1,1.1,0.0,조선왕조실록,1.2,한국사료총서,1.2
三皇,5,702,7,1.0,0.0,고려사,1.2,승정원일기,1.2
延袤,4,147,1,0.7,0.0,고려사,1.2,승정원일기,1.2
后稷,6,643,5,0.8,0.0,고려사,1.2,승정원일기,1.2
靑城尉,3,350,3,0.9,0.0,조선왕조실록,1.2,승정원일기,1.2
軍威軍,2,174,2,1.1,0.0,조선왕조실록,1.2,승정원일기,1.2
蘆長谷,2,89,88,98.9,98.8,한국사료총서,100.0,승정원일기,1.2
崇敬,6,140,1,0.7,0.0,고려사,1.2,조선왕조실록,1.2
公州地方,2,86,1,1.2,0.0,한국사료총서,1.2,승정원일기,1.2
致中,6,13023,139,1.1,0.0,고려사,1.2,승정원일기,1.2
"豊,",4,948,1,0.1,0.0,고려사,1.2,한국사료총서,1.2
蘇杭,2,22,5,22.7,18.8,한국사료총서,20.0,승정원일기,1.2
刑佐,2,85,1,1.2,0.0,승정원일기,1.2,한국사료총서,1.2
硃批,2,99,1,1.0,0.0,승정원일기,1.2,한국사료총서,1.2
壯勇營,4,1447,16,1.1,0.0,고순종실록,1.2,승정원일기,1.2
西方,7,2266,6,0.3,0.0,고려사,1.2,한국사료총서,1.2
黃海道長連,3,104,103,99.0,98.8,승정원일기,100.0,한국사료총서,1.2
親軍南營,2,88,1,1.1,0.0,고순종실록,1.2,승정원일기,1.2
永得,2,93,1,1.1,0.0,조선왕조실록,1.2,승정원일기,1.2
順府,3,255,3,1.2,0.0,승정원일기,1.2,조선왕조실록,1.2
長者,7,2876,13,0.5,0.0,고려사,1.2,조선왕조실록,1.2
顔氏,3,123,1,0.8,0.0,조선왕조실록,1.2,승정원일기,1.2
寧靜,3,268,1,0.4,0.0,승정원일기,1.2,조선왕조실록,1.2
食堂,4,1783,18,1.0,0.0,고순종실록,1.2,승정원일기,1.2
蘆長,3,96,95,99.0,98.8,한국사료총서,100.0,조선왕조실록,1.2
東自,4,220,1,0.5,0.0,고순종실록,1.2,승정원일기,1.2
蚩尤,3,137,1,0.7,0.0,승정원일기,1.2,조선왕조실록,1.2
築,8,40594,382,0.9,0.0,고려사절요,1.2,승정원일기,1.2
景鵬,2,89,1,1.1,0.0,조선왕조실록,1.2,승정원일기,1.2
皇祖,4,346,2,0.6,0.0,고순종실록,1.2,조선왕조실록,1.2
張詠,3,106,1,0.9,0.0,조선왕조실록,1.2,승정원일기,1.2
今武,3,199,3,1.5,0.0,승정원일기,1.2,조선왕조실록,1.2
六番,5,517,1,0.2,0.0,고려사,1.2,조선왕조실록,1.2
南奉朝賀,2,90,1,1.1,0.0,조선왕조실록,1.2,승정원일기,1.2
養志堂,2,204,197,96.6,96.3,승정원일기,97.5,조선왕조실록,1.2
蕭,8,7177,21,0.3,0.0,고순종실록,1.2,고려사절요,1.2
瑞集,3,108,1,0.9,0.0,조선왕조실록,1.2,승정원일기,1.2
宣惠廳,4,4968,55,1.1,0.0,고순종실록,1.2,승정원일기,1.2
摯,5,5709,5,0.1,0.0,고려사,1.2,조선왕조실록,1.2
民局,2,91,1,1.1,0.0,고려사,1.2,조선왕조실록,1.2
豳風,3,260,2,0.8,0.0,조선왕조실록,1.2,승정원일기,1.2
危星,2,174,1,0.6,0.0,승정원일기,1.2,조선왕조실록,1.2
嘉績,2,440,1,0.2,0.0,승정원일기,1.2,조선왕조실록,1.2
倭通,3,130,1,0.8,0.0,승정원일기,1.1,조선왕조실록,1.1
餘邑,3,448,5,1.1,0.0,한국사료총서,1.1,조선왕조실록,1.1
慕宮親,2,94,1,1.1,0.0,조선왕조실록,1.1,승정원일기,1.1
漢宣,4,466,3,0.6,0.0,고순종실록,1.1,승정원일기,1.1
孝成殿,2,278,274,98.6,98.9,승정원일기,100.0,조선왕조실록,1.1
秀吉,3,713,1,0.1,0.0,조선왕조실록,1.1,승정원일기,1.1
後部,3,899,9,1.0,0.0,조선왕조실록,1.1,승정원일기,1.1
虛,8,74583,261,0.3,0.0,고려사절요,1.1,조선왕조실록,1.1
全羅道茂朱,3,137,136,99.3,98.9,승정원일기,100.0,한국사료총서,1.1
吉行,3,177,1,0.6,0.0,조선왕조실록,1.1,승정원일기,1.1
卽阼堂,2,63,55,87.3,89.8,승정원일기,90.9,고순종실록,1.1
荒唐,4,962,3,0.3,0.0,고순종실록,1.1,한국사료총서,1.1
軍監,5,158,1,0.6,0.0,고려사,1.1,승정원일기,1.1
靈城,4,2612,27,1.0,0.0,고순종실록,1.1,승정원일기,1.1
能洞,3,233,1,0.4,0.0,승정원일기,1.1,조선왕조실록,1.1
征,8,11291,33,0.3,0.0,고려사,1.1,고순종실록,1.1
齋中,3,249,2,0.8,0.0,조선왕조실록,1.1,승정원일기,1.1
魂殿門,2,107,1,0.9,0.0,조선왕조실록,1.1,승정원일기,1.1
間兩,3,146,1,0.7,0.0,조선왕조실록,1.1,승정원일기,1.1
司圃,4,2206,23,1.0,0.0,고순종실록,1.1,승정원일기,1.1
綎,3,2267,2,0.1,0.0,승정원일기,1.1,한국사료총서,1.1
圍城,6,339,1,0.3,0.0,고려사,1.1,승정원일기,1.1
造道,3,140,1,0.7,0.0,조선왕조실록,1.1,승정원일기,1.1
新興倉,2,22,3,13.6,14.3,고려사절요,15.4,고려사,1.1
泉水,3,242,6,2.5,2.2,승정원일기,3.3,한국사료총서,1.1
掌議,4,1562,2,0.1,0.0,고순종실록,1.1,한국사료총서,1.1
禁漏,4,1197,12,1.0,0.0,고순종실록,1.1,승정원일기,1.1
論文,6,1277,1,0.1,0.0,고려사,1.1,한국사료총서,1.1
聲八,2,95,1,1.1,0.0,조선왕조실록,1.1,승정원일기,1.1
張維,3,1083,1,0.1,0.0,승정원일기,1.1,한국사료총서,1.1
玉上,3,128,1,0.8,0.0,조선왕조실록,1.1,승정원일기,1.1
穆祖,4,350,2,0.6,0.0,고순종실록,1.1,승정원일기,1.1
表憲,2,97,1,1.0,0.0,승정원일기,1.1,조선왕조실록,1.1
洪家,4,190,1,0.5,0.0,고순종실록,1.1,승정원일기,1.1
賢關,4,1830,17,0.9,0.0,고순종실록,1.1,승정원일기,1.1
都案廳,2,102,1,1.0,0.0,조선왕조실록,1.1,승정원일기,1.1
義州府民家,2,91,1,1.1,0.0,조선왕조실록,1.1,승정원일기,1.1
軍,8,558317,1348,0.2,0.0,삼국유사,1.1,한국사료총서,1.1
觀象監,4,5997,39,0.7,0.0,고순종실록,1.1,한국사료총서,1.1
書,8,1185373,2430,0.2,0.0,고려사,1.1,고순종실록,1.1
公廨,6,2855,22,0.8,0.0,고려사,1.1,승정원일기,1.1
耆社堂,3,123,1,0.8,0.0,고순종실록,1.1,승정원일기,1.1
安正,5,751,6,0.8,0.0,고려사,1.1,승정원일기,1.1
御營,4,35683,178,0.5,0.0,한국사료총서,1.1,고순종실록,1.1
千餘里,6,487,3,0.6,0.0,고려사,1.1,승정원일기,1.1
慶尙道尙州,3,422,418,99.1,98.9,승정원일기,100.0,한국사료총서,1.1
門嚴,3,152,1,0.7,0.0,승정원일기,1.1,조선왕조실록,1.1
三府,4,196,1,0.5,0.0,고순종실록,1.1,승정원일기,1.1
燕王,6,175,1,0.6,0.0,고려사,1.1,승정원일기,1.1
唐將,5,506,4,0.8,0.0,고려사,1.1,조선왕조실록,1.1
仲山,5,212,1,0.5,0.0,고려사,1.1,승정원일기,1.1
棠陰,3,103,1,1.0,0.0,조선왕조실록,1.1,승정원일기,1.1
仁定,2,99,1,1.0,0.0,조선왕조실록,1.1,승정원일기,1.1
棐,5,590,2,0.3,0.0,고려사,1.1,조선왕조실록,1.1
畿內各邑,3,99,1,1.0,0.0,고순종실록,1.1,승정원일기,1.1
評事,5,3122,4,0.1,0.0,고려사,1.1,한국사료총서,1.1
垓,4,1513,15,1.0,0.0,고순종실록,1.1,승정원일기,1.1
濟州牧旌義縣,2,96,95,99.0,98.9,승정원일기,100.0,한국사료총서,1.1
四書三經,3,165,1,0.6,0.0,조선왕조실록,1.1,승정원일기,1.1
侍講院,4,14324,56,0.4,0.0,고순종실록,1.1,한국사료총서,1.1
安景,5,635,1,0.2,0.0,고려사,1.1,조선왕조실록,1.1
光城府院君,4,254,2,0.8,0.0,고순종실록,1.1,승정원일기,1.1
關文,4,2163,2,0.1,0.0,고순종실록,1.1,조선왕조실록,1.1
邊居,4,219,2,0.9,0.0,고순종실록,1.1,승정원일기,1.1
漢以,5,921,1,0.1,0.0,고려사,1.1,한국사료총서,1.1
西北松都人,2,98,1,1.0,0.0,조선왕조실록,1.1,승정원일기,1.1
胡馬,4,232,1,0.4,0.0,고려사,1.1,조선왕조실록,1.1
摺,4,1350,1,0.1,0.0,고순종실록,1.1,조선왕조실록,1.1
坰,5,2296,20,0.9,0.0,고려사,1.1,승정원일기,1.1
長子,8,2964,10,0.3,0.0,고려사,1.1,한국사료총서,1.1
城節,3,152,1,0.7,0.0,승정원일기,1.1,조선왕조실록,1.1
□川,2,19,7,36.8,36.4,한국사료총서,37.5,승정원일기,1.1
崇德門,2,92,91,98.9,98.9,승정원일기,100.0,조선왕조실록,1.1
渡遼,4,168,1,0.6,0.0,삼국사기,1.1,조선왕조실록,1.1
"忠州,",6,534,1,0.2,0.0,고려사,1.1,한국사료총서,1.1
畢星,4,457,2,0.4,0.0,고려사,1.1,조선왕조실록,1.1
萬戶,6,29107,14,0.0,0.0,고려사절요,1.1,고려사,1.1
橫竹,3,108,1,0.9,0.0,조선왕조실록,1.1,승정원일기,1.1
",淸州",5,1458,1,0.1,0.0,고려사,1.1,한국사료총서,1.1
泉石,3,121,1,0.8,0.0,승정원일기,1.1,한국사료총서,1.1
子,8,639791,6670,1.0,0.2,삼국유사,1.3,고순종실록,1.1
安道肅川,2,119,118,99.2,98.9,승정원일기,100.0,조선왕조실록,1.1
荒唐船,3,376,1,0.3,0.0,승정원일기,1.1,조선왕조실록,1.1
忠淸道公州,3,415,411,99.0,98.9,승정원일기,100.0,한국사료총서,1.1
江留,3,297,3,1.0,0.0,조선왕조실록,1.1,승정원일기,1.1
分界,4,368,3,0.8,0.0,고순종실록,1.1,승정원일기,1.1
慶尙道熊川縣,2,93,92,98.9,98.9,승정원일기,100.0,조선왕조실록,1.1
平安道朔州,2,107,106,99.1,98.9,승정원일기,100.0,조선왕조실록,1.1
正宗,4,2476,13,0.5,0.0,고순종실록,1.1,승정원일기,1.1
下營,3,155,1,0.6,0.0,승정원일기,1.1,조선왕조실록,1.1
綏寢,2,25,19,76.0,78.9,승정원일기,80.0,고순종실록,1.1
留州,3,102,1,1.0,0.0,승정원일기,1.1,한국사료총서,1.1
守敬,3,120,1,0.8,0.0,조선왕조실록,1.1,승정원일기,1.1
永植,4,693,1,0.1,0.0,고순종실록,1.1,한국사료총서,1.1
公心,4,1950,2,0.1,0.0,고순종실록,1.1,한국사료총서,1.1
韓象默,3,114,1,0.9,0.0,조선왕조실록,1.1,승정원일기,1.1
延和門,2,1853,1831,98.8,98.7,승정원일기,99.7,조선왕조실록,1.1
養和堂,2,135,130,96.3,96.9,조선왕조실록,98.0,승정원일기,1.1
三營,4,1940,18,0.9,0.0,고순종실록,1.1,승정원일기,1.1
召虎,2,106,1,0.9,0.0,조선왕조실록,1.1,승정원일기,1.1
六府,3,121,1,0.8,0.0,조선왕조실록,1.1,승정원일기,1.1
金萬,5,10137,7,0.1,0.0,고려사,1.1,한국사료총서,1.1
金澤,6,775,2,0.3,0.0,고려사,1.1,한국사료총서,1.1
沛澤,4,157,3,1.9,0.0,고순종실록,1.0,승정원일기,1.0
倭亂,3,552,1,0.2,0.0,승정원일기,1.0,조선왕조실록,1.0
梁垸,2,101,1,1.0,0.0,조선왕조실록,1.0,승정원일기,1.0
慶尙道丹城,2,106,105,99.1,99.0,승정원일기,100.0,조선왕조실록,1.0
時原,4,7442,7,0.1,0.0,고순종실록,1.0,조선왕조실록,1.0
高傅川,2,140,1,0.7,0.0,조선왕조실록,1.0,승정원일기,1.0
九原,4,649,3,0.5,0.0,고순종실록,1.0,조선왕조실록,1.0
象賢,5,624,5,0.8,0.0,고려사,1.0,조선왕조실록,1.0
黃海道安岳,3,136,135,99.3,99.0,승정원일기,100.0,한국사료총서,1.0
忠淸道天安,2,118,117,99.2,99.0,승정원일기,100.0,조선왕조실록,1.0
應天,6,2878,11,0.4,0.0,고려사,1.0,한국사료총서,1.0
昌原前,3,109,1,0.9,0.0,고순종실록,1.0,승정원일기,1.0
成無,4,333,1,0.3,0.0,삼국유사,1.0,조선왕조실록,1.0
豐沛之鄕,4,150,1,0.7,0.0,고순종실록,1.0,승정원일기,1.0
琉球國王,3,119,1,0.8,0.0,승정원일기,1.0,조선왕조실록,1.0
宋公,5,223,1,0.4,0.0,고려사,1.0,승정원일기,1.0
臨陣,6,593,3,0.5,0.0,고려사,1.0,승정원일기,1.0
湖南道,3,568,5,0.9,0.0,고순종실록,1.0,승정원일기,1.0
祖,8,141879,934,0.7,0.0,삼국유사,1.0,승정원일기,1.0
虜騎,3,169,1,0.6,0.0,승정원일기,1.0,조선왕조실록,1.0
明甫,3,108,1,0.9,0.0,승정원일기,1.0,한국사료총서,1.0
旗鼓官,4,156,1,0.6,0.0,고순종실록,1.0,한국사료총서,1.0
英宗,6,1749,8,0.5,0.0,고려사,1.0,승정원일기,1.0
億萬,5,3476,2,0.1,0.0,고려사,1.0,한국사료총서,1.0
延光門,2,104,103,99.0,99.0,승정원일기,100.0,조선왕조실록,1.0
京畿富平,3,232,230,99.1,99.0,승정원일기,100.0,한국사료총서,1.0
原等,7,1072,6,0.6,0.0,고려사,1.0,승정원일기,1.0
春榮,3,131,1,0.8,0.0,조선왕조실록,1.0,승정원일기,1.0
太常,5,2127,14,0.7,0.0,고려사,1.0,승정원일기,1.0
漢輔,3,248,2,0.8,0.0,조선왕조실록,1.0,승정원일기,1.0
景濟,3,112,1,0.9,0.0,조선왕조실록,1.0,승정원일기,1.0
普興,2,107,1,0.9,0.0,조선왕조실록,1.0,승정원일기,1.0
竝,6,371903,26,0.0,0.0,고려사절요,1.0,고려사,1.0
還鎭,3,157,1,0.6,0.0,조선왕조실록,1.0,승정원일기,1.0
城上所,3,1966,14,0.7,0.0,조선왕조실록,1.0,승정원일기,1.0
忠淸道沃川,3,132,131,99.2,99.0,승정원일기,100.0,한국사료총서,1.0
忠淸道海美,2,111,110,99.1,99.0,승정원일기,100.0,조선왕조실록,1.0
嘉義,4,2071,2,0.1,0.0,고순종실록,1.0,조선왕조실록,1.0
護送官,4,179,1,0.6,0.0,고순종실록,1.0,한국사료총서,1.0
肅然,5,320,1,0.3,0.0,고려사,1.0,조선왕조실록,1.0
朝鮮使,3,422,1,0.2,0.0,승정원일기,1.0,조선왕조실록,1.0
金都,3,158,1,0.6,0.0,승정원일기,1.0,한국사료총서,1.0
北三里,2,209,3,1.4,0.0,조선왕조실록,1.0,한국사료총서,1.0
近峽,3,219,2,0.9,0.0,조선왕조실록,1.0,승정원일기,1.0
自頭,3,128,1,0.8,0.0,조선왕조실록,1.0,승정원일기,1.0
及唱,3,137,1,0.7,0.0,조선왕조실록,1.0,승정원일기,1.0
奎,7,105169,1038,1.0,0.0,고려사,1.0,조선왕조실록,1.0
京郞,2,200,2,1.0,0.0,고려사절요,1.0,승정원일기,1.0
螽斯,4,432,1,0.2,0.0,고순종실록,1.0,조선왕조실록,1.0
庭中,5,944,4,0.4,0.0,고려사,1.0,승정원일기,1.0
調興,3,248,1,0.4,0.0,조선왕조실록,1.0,승정원일기,1.0
芸館,3,249,2,0.8,0.0,조선왕조실록,1.0,승정원일기,1.0
意,8,837868,21,0.0,0.0,고려사,1.0,삼국사기,1.0
義吉,3,155,1,0.6,0.0,조선왕조실록,1.0,승정원일기,1.0
時敏堂,2,1302,1265,97.2,97.1,승정원일기,98.1,조선왕조실록,1.0
禁山,3,328,2,0.6,0.0,조선왕조실록,1.0,승정원일기,1.0
命善,4,14520,2,0.0,0.0,고순종실록,1.0,한국사료총서,1.0
左營,4,643,4,0.6,0.0,고순종실록,1.0,한국사료총서,1.0
熒,7,2495,7,0.3,0.0,고려사,1.0,조선왕조실록,1.0
法人,4,150,1,0.7,0.0,고순종실록,1.0,한국사료총서,1.0
中高,5,194,1,0.5,0.0,고려사,1.0,승정원일기,1.0
爲慶尙道,6,682,1,0.1,0.0,고려사,1.0,승정원일기,1.0
黃閣,4,166,1,0.6,0.0,고려사,1.0,승정원일기,1.0
處中,4,753,3,0.4,0.0,고순종실록,1.0,조선왕조실록,1.0
沿邑,4,1376,12,0.9,0.0,고순종실록,1.0,승정원일기,1.0
松峴宮,2,118,117,99.2,99.0,승정원일기,100.0,조선왕조실록,1.0
講院,4,14925,57,0.4,0.0,고순종실록,1.0,한국사료총서,1.0
都永夏,2,100,1,1.0,0.0,한국사료총서,1.0,승정원일기,1.0
魂殿,6,3549,29,0.8,0.0,고려사,1.0,승정원일기,1.0
仗義,6,294,1,0.3,0.0,고려사,1.0,조선왕조실록,1.0
安撫,7,889,1,0.1,0.0,고려사절요,1.0,고려사,1.0
周頌,3,133,1,0.8,0.0,조선왕조실록,1.0,승정원일기,1.0
忠淸道尼山,2,202,200,99.0,99.0,승정원일기,100.0,조선왕조실록,1.0
蔡京,3,164,1,0.6,0.0,조선왕조실록,1.0,승정원일기,1.0
洪鎭,2,125,1,0.8,0.0,한국사료총서,1.0,승정원일기,1.0
妊,4,178,1,0.6,0.0,고순종실록,1.0,승정원일기,1.0
洪範,6,1186,11,0.9,0.0,고려사,1.0,승정원일기,1.0
雲觀,6,982,8,0.8,0.0,고려사,1.0,조선왕조실록,1.0
與興,3,219,1,0.5,0.0,조선왕조실록,1.0,승정원일기,1.0
尺,8,55680,131,0.2,0.0,고려사절요,1.0,한국사료총서,1.0
神宗皇帝,3,461,3,0.7,0.0,한국사료총서,1.0,조선왕조실록,1.0
讀書,7,9945,63,0.6,0.0,고려사,1.0,고순종실록,1.0
沈水,3,312,2,0.6,0.0,조선왕조실록,1.0,승정원일기,1.0
會賓,5,1105,3,0.3,0.0,고려사,1.0,조선왕조실록,1.0
潦,7,4209,18,0.4,0.0,고려사,1.0,한국사료총서,1.0
殯殿,6,5108,36,0.7,0.0,고려사,1.0,승정원일기,1.0
韓原,3,114,1,0.9,0.0,조선왕조실록,1.0,승정원일기,1.0
壇望,2,287,2,0.7,0.0,조선왕조실록,1.0,승정원일기,1.0
宗廟春享大祭,4,337,3,0.9,0.0,고순종실록,1.0,승정원일기,1.0
淸使,4,993,8,0.8,0.0,고순종실록,1.0,조선왕조실록,1.0
講書院,4,1016,2,0.2,0.0,고순종실록,1.0,조선왕조실록,1.0
金生,5,861,5,0.6,0.0,고려사,1.0,조선왕조실록,1.0
貳師,6,464,2,0.4,0.0,고려사,1.0,조선왕조실록,1.0
褒,7,33425,46,0.1,0.0,고려사,1.0,고순종실록,1.0
於,8,1881165,1687,0.1,0.0,삼국유사,1.0,삼국사기,1.0
常平廳,3,991,14,1.4,0.7,한국사료총서,1.7,승정원일기,1.0
忠淸道保寧,3,121,120,99.2,99.0,승정원일기,100.0,한국사료총서,1.0
降,8,91531,260,0.3,0.0,고순종실록,1.0,조선왕조실록,1.0
都營,2,359,3,0.8,0.0,조선왕조실록,0.9,승정원일기,0.9
巨濟府島配,2,123,1,0.8,0.0,조선왕조실록,0.9,승정원일기,0.9
具縉,2,115,1,0.9,0.0,한국사료총서,0.9,승정원일기,0.9
宿衛所,3,863,8,0.9,0.0,조선왕조실록,0.9,승정원일기,0.9
封,8,86923,169,0.2,0.0,고려사절요,0.9,삼국사기,0.9
熒惑,7,2363,5,0.2,0.0,고려사,0.9,조선왕조실록,0.9
權儔,2,109,1,0.9,0.0,조선왕조실록,0.9,승정원일기,0.9
邑誌,4,320,1,0.3,0.0,고순종실록,0.9,한국사료총서,0.9
乙良,2,1907,2,0.1,0.1,승정원일기,0.9,한국사료총서,0.9
土星,5,495,3,0.6,0.0,고려사,0.9,조선왕조실록,0.9
軍器所,3,129,1,0.8,0.0,조선왕조실록,0.9,승정원일기,0.9
國子,7,2711,9,0.3,0.0,고려사,0.9,한국사료총서,0.9
淸穆齋,2,133,132,99.2,99.1,승정원일기,100.0,고순종실록,0.9
幸西,5,515,2,0.4,0.0,고려사,0.9,승정원일기,0.9
揚,8,32407,99,0.3,0.0,고려사절요,0.9,한국사료총서,0.9
簡易,4,335,1,0.3,0.0,고순종실록,0.9,조선왕조실록,0.9
陵寢,6,4909,37,0.8,0.0,고려사,0.9,승정원일기,0.9
辰,8,101600,259,0.3,0.0,고려사절요,0.9,한국사료총서,0.9
興源,3,544,3,0.6,0.0,승정원일기,0.9,조선왕조실록,0.9
進德,5,930,6,0.6,0.0,고려사,0.9,승정원일기,0.9
吏批政廳,2,328,3,0.9,0.0,한국사료총서,0.9,승정원일기,0.9
會寧開市,3,444,2,0.5,0.0,조선왕조실록,0.9,승정원일기,0.9
唐鑑,5,141,1,0.7,0.0,고려사,0.9,승정원일기,0.9
匡運,3,146,1,0.7,0.0,조선왕조실록,0.9,승정원일기,0.9
京畿觀,4,2244,1,0.0,0.0,승정원일기,0.9,고순종실록,0.9
儒宮,4,150,1,0.7,0.0,고순종실록,0.9,승정원일기,0.9
四,8,390079,2295,0.6,0.0,고려사절요,0.9,삼국유사,0.9
懿昭魂宮,2,117,1,0.9,0.0,조선왕조실록,0.9,승정원일기,0.9
祭宗,3,166,1,0.6,0.0,승정원일기,0.9,조선왕조실록,0.9
京畿抱川,2,249,247,99.2,99.1,승정원일기,100.0,조선왕조실록,0.9
園所,4,2904,23,0.8,0.0,고순종실록,0.9,승정원일기,0.9
東一里,3,117,1,0.9,0.0,승정원일기,0.9,한국사료총서,0.9
神皇,4,190,1,0.5,0.0,고순종실록,0.9,승정원일기,0.9
慶尙道醴泉,2,134,133,99.3,99.1,승정원일기,100.0,조선왕조실록,0.9
殯殿門,2,249,2,0.8,0.0,조선왕조실록,0.9,승정원일기,0.9
黃海道文化,2,71,67,94.4,95.0,조선왕조실록,95.9,승정원일기,0.9
湖獄,2,136,1,0.7,0.0,조선왕조실록,0.9,승정원일기,0.9
泰麟,2,128,1,0.8,0.0,조선왕조실록,0.9,승정원일기,0.9
唐介,3,212,1,0.5,0.0,조선왕조실록,0.9,승정원일기,0.9
峽邑,4,503,4,0.8,0.0,고순종실록,0.9,승정원일기,0.9
忠淸道忠州,2,637,632,99.2,99.1,승정원일기,100.0,조선왕조실록,0.9
忠淸道稷山,3,135,134,99.3,99.1,승정원일기,100.0,한국사료총서,0.9
載星,3,145,1,0.7,0.0,고순종실록,0.9,승정원일기,0.9
堯舜,6,1064,1,0.1,0.0,고려사,0.9,조선왕조실록,0.9
御延和門,2,326,1,0.3,0.0,승정원일기,0.9,조선왕조실록,0.9
尙衣,6,6442,48,0.7,0.0,고려사,0.9,승정원일기,0.9
豐原,3,1457,12,0.8,0.0,조선왕조실록,0.9,승정원일기,0.9
重建廳,3,271,2,0.7,0.0,고순종실록,0.9,승정원일기,0.9
東土,6,2204,13,0.6,0.0,고려사,0.9,승정원일기,0.9
窟穴,4,454,1,0.2,0.0,고려사,0.9,승정원일기,0.9
完春,2,117,1,0.9,0.0,조선왕조실록,0.9,승정원일기,0.9
明皇,8,504,2,0.4,0.0,고려사,0.9,승정원일기,0.9
內需司,4,3883,16,0.4,0.0,고순종실록,0.9,승정원일기,0.9
內苑,4,191,1,0.5,0.0,고순종실록,0.9,승정원일기,0.9
巍,7,1449,3,0.2,0.0,고려사,0.9,한국사료총서,0.9
曾傳,3,162,1,0.6,0.0,조선왕조실록,0.9,승정원일기,0.9
子順,5,348,1,0.3,0.0,고려사,0.9,한국사료총서,0.9
演慶,2,124,122,98.4,99.1,승정원일기,100.0,고순종실록,0.9
平安道碧潼,2,139,137,98.6,99.1,승정원일기,100.0,조선왕조실록,0.9
虞書,4,159,1,0.6,0.0,고려사,0.9,승정원일기,0.9
康熙,3,4206,7,0.2,0.0,한국사료총서,0.9,승정원일기,0.9
東範,3,127,1,0.8,0.0,조선왕조실록,0.9,승정원일기,0.9
館中,4,1553,8,0.5,0.0,고순종실록,0.9,승정원일기,0.9
錦城尉朴明源,3,281,2,0.7,0.0,조선왕조실록,0.9,승정원일기,0.9
處,8,634164,4700,0.7,0.0,고순종실록,0.9,승정원일기,0.9
市井,6,1230,1,0.1,0.0,고려사,0.9,한국사료총서,0.9
絶倫,6,383,1,0.3,0.0,고려사,0.9,조선왕조실록,0.9
衮,4,6203,11,0.2,0.0,고순종실록,0.9,한국사료총서,0.9
世情,3,194,1,0.5,0.0,조선왕조실록,0.9,승정원일기,0.9
聖,8,610453,3230,0.5,0.0,삼국사기,0.9,삼국유사,0.9
於越,3,402,1,0.2,0.0,승정원일기,0.9,조선왕조실록,0.9
均役廳,4,915,6,0.7,0.0,고순종실록,0.9,승정원일기,0.9
人鬼,3,1150,2,0.2,0.0,한국사료총서,0.9,조선왕조실록,0.9
晋州牧,2,207,5,2.4,2.3,조선왕조실록,3.2,한국사료총서,0.9
錦城尉,3,515,4,0.8,0.0,조선왕조실록,0.9,승정원일기,0.9
新園所,2,116,1,0.9,0.0,조선왕조실록,0.9,승정원일기,0.9
黃海道豐川府,2,117,116,99.1,99.1,승정원일기,100.0,조선왕조실록,0.9
掖庭署,3,441,2,0.5,0.0,승정원일기,0.9,조선왕조실록,0.9
豐府,4,438,3,0.7,0.0,고순종실록,0.9,승정원일기,0.9
文獻通考,3,395,1,0.3,0.0,조선왕조실록,0.9,승정원일기,0.9
戶曹,6,69380,14,0.0,0.0,고려사,0.9,한국사료총서,0.9
姑寢,3,418,1,0.2,0.0,승정원일기,0.9,조선왕조실록,0.9
唐制,4,186,1,0.5,0.0,고려사,0.9,조선왕조실록,0.9
沁留,4,314,2,0.6,0.0,고순종실록,0.9,승정원일기,0.9
大賢,5,1390,4,0.3,0.0,고순종실록,0.9,조선왕조실록,0.9
彛,4,2622,8,0.3,0.0,고려사,0.9,조선왕조실록,0.9
顯謨門,2,350,346,98.9,99.1,승정원일기,100.0,조선왕조실록,0.9
忠淸道禮山,2,117,116,99.1,99.1,승정원일기,100.0,조선왕조실록,0.9
藝文,6,11794,80,0.7,0.0,고려사,0.9,승정원일기,0.9
許,8,312498,2119,0.7,0.0,고려사절요,0.8,승정원일기,0.8
金明,7,5146,3,0.1,0.0,고려사,0.8,조선왕조실록,0.8
西一里,2,129,1,0.8,0.0,조선왕조실록,0.8,한국사료총서,0.8
奉上,6,1309,4,0.3,0.0,고려사,0.8,조선왕조실록,0.8
平安道寧邊,3,172,171,99.4,99.2,승정원일기,100.0,한국사료총서,0.8
仁平君,3,147,1,0.7,0.0,조선왕조실록,0.8,승정원일기,0.8
五福,4,534,1,0.2,0.0,고순종실록,0.8,한국사료총서,0.8
奎章閣所,2,130,1,0.8,0.0,한국사료총서,0.8,승정원일기,0.8
悌元,3,181,1,0.6,0.0,조선왕조실록,0.8,승정원일기,0.8
協同,4,234,1,0.4,0.0,고순종실록,0.8,조선왕조실록,0.8
江湖,6,806,5,0.6,0.0,고려사,0.8,승정원일기,0.8
金龜,6,3060,1,0.0,0.0,고려사,0.8,한국사료총서,0.8
江海,5,402,3,0.7,0.0,고려사,0.8,승정원일기,0.8
好善,5,1028,7,0.7,0.0,고려사,0.8,승정원일기,0.8
海玉,3,164,1,0.6,0.0,조선왕조실록,0.8,승정원일기,0.8
官中,6,3688,1,0.0,0.0,고려사,0.8,한국사료총서,0.8
京軍門,3,449,3,0.7,0.0,조선왕조실록,0.8,승정원일기,0.8
守禦廳,4,2445,18,0.7,0.0,고순종실록,0.8,승정원일기,0.8
學宮,4,786,5,0.6,0.0,고순종실록,0.8,승정원일기,0.8
光岳,3,924,1,0.1,0.0,승정원일기,0.8,한국사료총서,0.8
三代,7,9272,14,0.2,0.0,고려사,0.8,조선왕조실록,0.8
晦間,4,1078,1,0.1,0.0,고순종실록,0.8,한국사료총서,0.8
兵曹參判,4,6889,1,0.0,0.0,고순종실록,0.8,한국사료총서,0.8
全羅道昌平,2,144,143,99.3,99.2,승정원일기,100.0,조선왕조실록,0.8
遼民,4,207,1,0.5,0.0,고려사,0.8,조선왕조실록,0.8
訓鍊,6,47127,226,0.5,0.0,고려사,0.8,한국사료총서,0.8
淸學,3,261,2,0.8,0.0,조선왕조실록,0.8,승정원일기,0.8
安兵,4,4127,27,0.7,0.0,고순종실록,0.8,승정원일기,0.8
鄭悰,3,135,1,0.7,0.0,승정원일기,0.8,조선왕조실록,0.8
西所衛,2,965,8,0.8,0.0,조선왕조실록,0.8,승정원일기,0.8
阿只,6,1436,8,0.6,0.0,고려사,0.8,승정원일기,0.8
編輯廳,2,266,2,0.8,0.0,조선왕조실록,0.8,승정원일기,0.8
陞作,3,171,1,0.6,0.0,고순종실록,0.8,승정원일기,0.8
白露,4,181,1,0.6,0.0,고려사,0.8,한국사료총서,0.8
曰可,5,2937,9,0.3,0.0,고려사,0.8,조선왕조실록,0.8
朱書百選,3,130,1,0.8,0.0,조선왕조실록,0.8,승정원일기,0.8
右水,4,3247,23,0.7,0.0,고순종실록,0.8,승정원일기,0.8
水陸,7,2768,7,0.3,0.0,고려사,0.8,조선왕조실록,0.8
東階陞,2,140,1,0.7,0.0,조선왕조실록,0.8,승정원일기,0.8
兪鎭學,2,265,2,0.8,0.0,고순종실록,0.8,승정원일기,0.8
內梓宮,3,154,1,0.6,0.0,조선왕조실록,0.8,승정원일기,0.8
禹貢,4,440,2,0.5,0.0,고려사,0.8,승정원일기,0.8
東郁,4,2345,1,0.0,0.0,고순종실록,0.8,조선왕조실록,0.8
都按,5,157,1,0.6,0.0,고려사,0.8,조선왕조실록,0.8
來進,4,1512,1,0.1,0.0,고려사,0.8,조선왕조실록,0.8
欑宮,4,927,6,0.6,0.0,고순종실록,0.8,승정원일기,0.8
五代,7,1331,2,0.2,0.0,고려사,0.8,조선왕조실록,0.8
壯衛營,3,920,5,0.5,0.0,고순종실록,0.8,승정원일기,0.8
坤殿,4,972,3,0.3,0.0,고순종실록,0.8,한국사료총서,0.8
趙,8,427302,315,0.1,0.0,고려사,0.8,조선왕조실록,0.8
湖西營,2,124,1,0.8,0.0,조선왕조실록,0.8,승정원일기,0.8
翼宗大王,4,793,5,0.6,0.0,고순종실록,0.8,승정원일기,0.8
糧餉廳,3,469,3,0.6,0.0,고순종실록,0.8,승정원일기,0.8
平安兵,4,4101,25,0.6,0.0,고순종실록,0.8,승정원일기,0.8
京畿漣川,2,141,140,99.3,99.2,승정원일기,100.0,조선왕조실록,0.8
鄒魯之鄕,4,166,1,0.6,0.0,고순종실록,0.8,승정원일기,0.8
忠淸道韓山,2,138,137,99.3,99.2,승정원일기,100.0,조선왕조실록,0.8
有唐,4,267,1,0.4,0.0,고순종실록,0.8,승정원일기,0.8
市廛,6,649,3,0.5,0.0,고려사,0.8,승정원일기,0.8
身,8,260471,142,0.1,0.0,고려사절요,0.8,삼국유사,0.8
自龍,5,451,3,0.7,0.0,고려사,0.8,한국사료총서,0.8
東所衛,2,802,6,0.7,0.0,조선왕조실록,0.8,승정원일기,0.8
京畿楊州,2,1834,1820,99.2,98.5,조선왕조실록,99.3,승정원일기,0.8
掌苑署,3,903,7,0.8,0.0,한국사료총서,0.8,조선왕조실록,0.8
昌元,5,270,2,0.7,0.0,고려사,0.8,승정원일기,0.8
藤智繩,3,156,1,0.6,0.0,승정원일기,0.8,한국사료총서,0.8
英親王府,3,158,1,0.6,0.0,고순종실록,0.8,승정원일기,0.8
岳飛,3,193,1,0.5,0.0,조선왕조실록,0.8,승정원일기,0.8
嚴,8,300223,202,0.1,0.0,고려사절요,0.8,고려사,0.8
魯連,3,204,1,0.5,0.0,승정원일기,0.8,한국사료총서,0.8
淸蜜,3,708,3,0.4,0.0,한국사료총서,0.8,승정원일기,0.8
永言,6,230,1,0.4,0.0,고려사,0.8,승정원일기,0.8
逗留,6,603,3,0.5,0.0,고려사,0.8,승정원일기,0.8
實相,4,1723,7,0.4,0.0,고순종실록,0.8,조선왕조실록,0.8
兵批政廳,3,387,3,0.8,0.0,조선왕조실록,0.8,승정원일기,0.8
中知,4,177,1,0.6,0.0,고려사,0.8,승정원일기,0.8
羽林,6,2609,20,0.8,0.0,고려사,0.8,조선왕조실록,0.8
獐鹿,3,196,1,0.5,0.0,승정원일기,0.8,조선왕조실록,0.8
公山地,2,138,1,0.7,0.0,조선왕조실록,0.8,승정원일기,0.8
漢城府民家,2,887,7,0.8,0.0,고순종실록,0.8,승정원일기,0.8
都護府使,6,1479,1,0.1,0.0,고려사,0.8,한국사료총서,0.8
橫亘,4,468,3,0.6,0.0,고려사,0.8,승정원일기,0.8
忠壯,4,3232,12,0.4,0.0,고순종실록,0.8,조선왕조실록,0.8
黃海道遂安,3,161,160,99.4,99.2,승정원일기,100.0,한국사료총서,0.8
西溪,3,186,1,0.5,0.0,조선왕조실록,0.8,승정원일기,0.8
洙,6,54467,65,0.1,0.0,고려사,0.8,조선왕조실록,0.8
東朝殿,4,140,1,0.7,0.0,고순종실록,0.8,승정원일기,0.8
東宮,7,16774,58,0.3,0.0,고려사,0.8,조선왕조실록,0.8
相禮,4,3802,1,0.0,0.0,고순종실록,0.8,한국사료총서,0.8
巡邏營,2,520,4,0.8,0.0,조선왕조실록,0.8,승정원일기,0.8
靈帝,4,169,1,0.6,0.0,삼국사기,0.8,승정원일기,0.8
輔德,6,12229,1,0.0,0.0,고려사,0.8,한국사료총서,0.8
八里,3,1513,33,2.2,1.4,조선왕조실록,2.2,한국사료총서,0.8
淳厚,4,261,1,0.4,0.0,고려사,0.8,승정원일기,0.8
公州營,3,566,4,0.7,0.0,조선왕조실록,0.8,승정원일기,0.8
思賢閤,2,918,911,99.2,99.2,승정원일기,100.0,조선왕조실록,0.8
興中,4,415,3,0.7,0.0,고순종실록,0.8,승정원일기,0.8
南所衛,3,658,5,0.8,0.0,고순종실록,0.8,승정원일기,0.8
景春殿,2,480,474,98.8,98.4,조선왕조실록,99.2,승정원일기,0.8
籠臺,4,149,1,0.7,0.0,고순종실록,0.8,승정원일기,0.8
德字,3,168,1,0.6,0.0,조선왕조실록,0.8,승정원일기,0.8
率性,4,188,1,0.5,0.0,고순종실록,0.8,승정원일기,0.8
實錄廳,3,2488,18,0.7,0.0,조선왕조실록,0.8,승정원일기,0.8
至崇政,3,146,1,0.7,0.0,조선왕조실록,0.8,승정원일기,0.8
顔子,5,1343,2,0.1,0.0,고려사,0.8,조선왕조실록,0.8
壯南軒,2,31,25,80.6,80.0,조선왕조실록,80.8,승정원일기,0.8
宋制,4,184,1,0.5,0.0,고려사,0.8,조선왕조실록,0.8
逗遛,6,765,3,0.4,0.0,고려사,0.8,승정원일기,0.8
尤庵,4,177,1,0.6,0.0,고순종실록,0.8,한국사료총서,0.8
軍資監,4,1898,10,0.5,0.0,고순종실록,0.8,조선왕조실록,0.8
便殿,6,4035,25,0.6,0.0,고려사,0.8,승정원일기,0.8
聞關西,3,170,1,0.6,0.0,조선왕조실록,0.7,승정원일기,0.7
厲祭,4,723,3,0.4,0.0,고순종실록,0.7,승정원일기,0.7
範鎭,3,142,1,0.7,0.0,조선왕조실록,0.7,승정원일기,0.7
春秋,8,54426,117,0.2,0.0,고려사,0.7,고순종실록,0.7
趙匡,6,187,1,0.5,0.0,고려사,0.7,승정원일기,0.7
先隴,3,164,1,0.6,0.0,조선왕조실록,0.7,승정원일기,0.7
如齊,4,195,1,0.5,0.0,고순종실록,0.7,승정원일기,0.7
合屬,6,349,1,0.3,0.0,고려사,0.7,조선왕조실록,0.7
黃柑,4,244,1,0.4,0.0,고순종실록,0.7,승정원일기,0.7
江水,7,1203,6,0.5,0.0,고려사,0.7,조선왕조실록,0.7
屬慶尙,2,570,4,0.7,0.0,조선왕조실록,0.7,승정원일기,0.7
南三里,2,143,2,1.4,0.0,조선왕조실록,0.7,한국사료총서,0.7
成廟,5,1711,4,0.2,0.0,고려사,0.7,승정원일기,0.7
戲,7,11427,47,0.4,0.0,고려사,0.7,승정원일기,0.7
日平,4,2100,1,0.0,0.0,고려사,0.7,한국사료총서,0.7
瀛館,4,782,5,0.6,0.0,고순종실록,0.7,승정원일기,0.7
軍器寺,6,3534,20,0.6,0.0,고려사,0.7,승정원일기,0.7
軍有,6,541,1,0.2,0.0,고려사,0.7,조선왕조실록,0.7
歸厚署,3,643,4,0.6,0.0,조선왕조실록,0.7,승정원일기,0.7
宣擧書院,2,167,1,0.6,0.0,조선왕조실록,0.7,승정원일기,0.7
巡山,4,583,4,0.7,0.0,고순종실록,0.7,승정원일기,0.7
承文院,5,9545,52,0.5,0.0,고려사,0.7,승정원일기,0.7
百源,4,479,2,0.4,0.0,고순종실록,0.7,승정원일기,0.7
通引,5,452,2,0.4,0.0,고려사,0.7,승정원일기,0.7
秦坑,3,158,1,0.6,0.0,조선왕조실록,0.7,승정원일기,0.7
東門出,2,245,1,0.4,0.0,조선왕조실록,0.7,승정원일기,0.7
多日,4,14165,3,0.0,0.0,고순종실록,0.7,조선왕조실록,0.7
柳靑,3,173,1,0.6,0.0,승정원일기,0.7,조선왕조실록,0.7
匪,6,19540,15,0.1,0.0,고려사,0.7,조선왕조실록,0.7
英祖,3,293,1,0.3,0.0,고순종실록,0.7,승정원일기,0.7
房,8,202720,850,0.4,0.0,고려사절요,0.7,고려사,0.7
任屹,3,146,1,0.7,0.0,조선왕조실록,0.7,승정원일기,0.7
丁晳,2,196,1,0.5,0.0,조선왕조실록,0.7,승정원일기,0.7
西厓,3,155,1,0.6,0.0,승정원일기,0.7,한국사료총서,0.7
崇賢門外,2,282,2,0.7,0.0,조선왕조실록,0.7,승정원일기,0.7
左水,4,5247,35,0.7,0.0,고순종실록,0.7,승정원일기,0.7
景慕宮望廟樓,2,2245,2230,99.3,99.3,승정원일기,100.0,고순종실록,0.7
萬包,4,386,2,0.5,0.0,고순종실록,0.7,승정원일기,0.7
奴酋,3,504,3,0.6,0.0,승정원일기,0.7,조선왕조실록,0.7
姓人,4,1240,2,0.2,0.0,고순종실록,0.7,조선왕조실록,0.7
宗大,8,9889,46,0.5,0.0,고려사,0.7,승정원일기,0.7
宣祖,4,2161,7,0.3,0.0,고순종실록,0.7,승정원일기,0.7
肅廟,5,5578,29,0.5,0.0,고려사,0.7,승정원일기,0.7
全羅道光州,2,173,171,98.8,99.3,승정원일기,100.0,조선왕조실록,0.7
唐船,5,1049,2,0.2,0.0,고려사,0.7,조선왕조실록,0.7
孝廟,4,4578,22,0.5,0.0,고순종실록,0.7,승정원일기,0.7
戶惠堂,4,190,1,0.5,0.0,고순종실록,0.7,승정원일기,0.7
易傳,3,218,1,0.5,0.0,조선왕조실록,0.7,승정원일기,0.7
衡,8,54292,46,0.1,0.0,고려사,0.7,한국사료총서,0.7
申大坤,2,153,1,0.7,0.0,조선왕조실록,0.7,승정원일기,0.7
咸願,4,269,1,0.4,0.0,고순종실록,0.7,승정원일기,0.7
濟用監,4,1872,10,0.5,0.0,고순종실록,0.7,승정원일기,0.7
聞變,6,833,1,0.1,0.0,고려사,0.7,한국사료총서,0.7
基仁,4,208,1,0.5,0.0,고순종실록,0.7,한국사료총서,0.7
白泓鎭,2,148,1,0.7,0.0,조선왕조실록,0.7,승정원일기,0.7
儀仗庫,2,142,7,4.9,4.3,조선왕조실록,5.0,승정원일기,0.7
下未,6,1359,3,0.2,0.0,고려사,0.7,조선왕조실록,0.7
三漢,4,687,1,0.1,0.0,고순종실록,0.7,한국사료총서,0.7
副提學,4,14194,2,0.0,0.0,고순종실록,0.7,한국사료총서,0.7
禮記,7,1754,5,0.3,0.0,고려사,0.7,조선왕조실록,0.7
但,8,117955,10,0.0,0.0,고려사,0.7,고순종실록,0.7
司成,6,19501,3,0.0,0.0,고려사,0.7,한국사료총서,0.7
京第,4,905,5,0.6,0.0,고순종실록,0.7,승정원일기,0.7
眞德,4,527,2,0.4,0.0,삼국사기,0.7,조선왕조실록,0.7
王,8,477648,3828,0.8,0.4,한국사료총서,1.0,승정원일기,0.7
京外,6,11601,53,0.5,0.0,고려사,0.7,승정원일기,0.7
浩然,4,714,3,0.4,0.0,고순종실록,0.7,한국사료총서,0.7
來,8,840631,189,0.0,0.0,고순종실록,0.7,고려사,0.7
陵室,4,165,1,0.6,0.0,고려사,0.7,조선왕조실록,0.7
義林,3,1119,5,0.4,0.0,한국사료총서,0.7,조선왕조실록,0.7
京畿長湍,2,472,469,99.4,99.3,승정원일기,100.0,조선왕조실록,0.7
文昌,5,1037,4,0.4,0.0,고려사,0.7,조선왕조실록,0.7
直路,4,964,5,0.5,0.0,고순종실록,0.7,승정원일기,0.7
輔國,6,2351,6,0.3,0.0,고려사,0.7,조선왕조실록,0.7
充國,6,263,1,0.4,0.0,고려사,0.7,승정원일기,0.7
因,8,202604,117,0.1,0.0,고려사절요,0.7,삼국사기,0.7
無,8,1487459,521,0.0,0.0,고순종실록,0.8,삼국유사,0.7
建廟,4,297,1,0.3,0.0,고순종실록,0.7,승정원일기,0.7
溫室,4,214,1,0.5,0.0,고순종실록,0.7,승정원일기,0.7
漢宣帝,3,292,1,0.3,0.0,조선왕조실록,0.7,승정원일기,0.7
趙國,3,606,1,0.2,0.0,승정원일기,0.7,조선왕조실록,0.7
勅庫,3,172,1,0.6,0.0,조선왕조실록,0.7,승정원일기,0.7
御明政,2,576,2,0.3,0.0,승정원일기,0.7,조선왕조실록,0.7
若長,4,262,1,0.4,0.0,고순종실록,0.7,승정원일기,0.7
儀賓府,3,667,4,0.6,0.0,조선왕조실록,0.7,승정원일기,0.7
大口魚,3,651,1,0.2,0.0,승정원일기,0.7,조선왕조실록,0.7
譜略,4,2676,4,0.1,0.0,고순종실록,0.7,조선왕조실록,0.7
扁,6,2448,4,0.2,0.0,고려사,0.7,조선왕조실록,0.7
北謫,3,168,1,0.6,0.0,조선왕조실록,0.7,승정원일기,0.7
南延君球,3,164,1,0.6,0.0,조선왕조실록,0.7,승정원일기,0.7
泊京江,3,170,1,0.6,0.0,조선왕조실록,0.7,승정원일기,0.7
平理院,3,1134,2,0.2,0.0,고순종실록,0.7,한국사료총서,0.7
長三,8,2770,1,0.0,0.0,고려사,0.7,한국사료총서,0.7
何大,4,1526,1,0.1,0.0,고순종실록,0.7,조선왕조실록,0.7
均廳,4,3237,6,0.2,0.0,고순종실록,0.7,한국사료총서,0.7
閣志,2,154,1,0.6,0.0,조선왕조실록,0.7,승정원일기,0.7
年,8,623391,99,0.0,0.0,승정원일기,0.7,삼국사기,0.7
全省,4,543,3,0.6,0.0,고순종실록,0.7,승정원일기,0.7
京畿水原,3,333,331,99.4,99.3,승정원일기,100.0,한국사료총서,0.7
應差,3,182,1,0.5,0.0,조선왕조실록,0.7,승정원일기,0.7
平安道成川,2,114,112,98.2,97.8,조선왕조실록,98.5,승정원일기,0.7
貞熹王后,3,594,1,0.2,0.0,고순종실록,0.7,승정원일기,0.7
悼,7,6884,32,0.5,0.0,고려사,0.6,조선왕조실록,0.6
京畿廣州,2,1142,1136,99.5,99.4,승정원일기,100.0,조선왕조실록,0.6
李穡,6,592,1,0.2,0.0,고려사,0.6,한국사료총서,0.6
倉底,3,191,1,0.5,0.0,조선왕조실록,0.6,승정원일기,0.6
吉更,3,200,1,0.5,0.0,조선왕조실록,0.6,승정원일기,0.6
西二里,2,179,1,0.6,0.0,조선왕조실록,0.6,한국사료총서,0.6
東平尉,3,404,2,0.5,0.0,조선왕조실록,0.6,승정원일기,0.6
純宗大王,3,224,1,0.4,0.0,조선왕조실록,0.6,승정원일기,0.6
牧官,5,3913,1,0.0,0.0,고려사,0.6,한국사료총서,0.6
南熙,4,188,1,0.5,0.0,고순종실록,0.6,승정원일기,0.6
扈衛廳,4,1516,9,0.6,0.0,고순종실록,0.6,승정원일기,0.6
膝,7,4391,6,0.1,0.0,고려사,0.6,한국사료총서,0.6
講道,4,324,1,0.3,0.0,고순종실록,0.6,승정원일기,0.6
千五,8,6824,27,0.4,0.0,고려사,0.6,승정원일기,0.6
璨,4,734,1,0.1,0.0,고순종실록,0.6,조선왕조실록,0.6
龍澤,3,913,5,0.5,0.4,승정원일기,1.0,한국사료총서,0.6
忠勳府,4,2471,13,0.5,0.0,고순종실록,0.6,승정원일기,0.6
呂尙,3,197,1,0.5,0.0,조선왕조실록,0.6,승정원일기,0.6
導水,3,195,1,0.5,0.0,조선왕조실록,0.6,승정원일기,0.6
鬼,8,15780,34,0.2,0.0,고려사,0.6,조선왕조실록,0.6
輦轂之下,4,1177,5,0.4,0.0,고순종실록,0.6,승정원일기,0.6
統衛營,3,1126,6,0.5,0.0,고순종실록,0.6,승정원일기,0.6
南溟,3,509,2,0.4,0.0,조선왕조실록,0.6,승정원일기,0.6
四海,8,1798,5,0.3,0.0,고려사,0.6,승정원일기,0.6
匡,8,19929,31,0.2,0.0,고려사절요,0.6,한국사료총서,0.6
軒轅星,2,346,1,0.3,0.0,승정원일기,0.6,조선왕조실록,0.6
□□□,4,16846,71,0.4,0.0,삼국유사,0.6,승정원일기,0.6
時御所內,2,492,3,0.6,0.0,조선왕조실록,0.6,승정원일기,0.6
西階,5,1705,4,0.2,0.0,고려사,0.6,승정원일기,0.6
賓之,5,706,1,0.1,0.0,고려사,0.6,조선왕조실록,0.6
肅宗,8,2495,7,0.3,0.0,고려사,0.6,승정원일기,0.6
內閣,4,25874,64,0.2,0.0,한국사료총서,0.6,조선왕조실록,0.6
於箕,4,281,1,0.4,0.0,고순종실록,0.6,승정원일기,0.6
居齋,4,1255,5,0.4,0.0,고순종실록,0.6,조선왕조실록,0.6
司僕,6,21559,119,0.6,0.0,고려사,0.6,승정원일기,0.6
自正門,3,238,1,0.4,0.0,고려사,0.6,승정원일기,0.6
平市,4,3344,19,0.6,0.0,고순종실록,0.6,승정원일기,0.6
召公,7,750,3,0.4,0.0,고려사,0.6,승정원일기,0.6
惠廳,4,12279,71,0.6,0.0,고순종실록,0.6,승정원일기,0.6
漢學,4,1848,1,0.1,0.0,고순종실록,0.6,조선왕조실록,0.6
安居,7,796,2,0.3,0.0,고려사,0.6,승정원일기,0.6
高麗改,2,253,1,0.4,0.0,한국사료총서,0.6,조선왕조실록,0.6
萬石,6,10055,16,0.2,0.0,고려사,0.6,한국사료총서,0.6
老上,5,297,1,0.3,0.0,고려사,0.6,조선왕조실록,0.6
巡邏營門,2,497,3,0.6,0.0,조선왕조실록,0.6,승정원일기,0.6
火田,4,1598,8,0.5,0.0,고순종실록,0.6,승정원일기,0.6
京畿利川,2,193,192,99.5,99.4,승정원일기,100.0,조선왕조실록,0.6
衙前,4,746,2,0.3,0.0,고려사,0.6,한국사료총서,0.6
仁政殿。,3,817,1,0.1,0.0,고순종실록,0.6,조선왕조실록,0.6
僖,8,3810,17,0.4,0.0,고려사,0.6,승정원일기,0.6
於梁,6,287,1,0.3,0.0,고려사,0.6,승정원일기,0.6
疑,8,67404,22,0.0,0.0,고려사,0.6,고순종실록,0.6
明政殿月臺,2,372,172,46.2,46.2,승정원일기,46.8,조선왕조실록,0.6
平市署,4,1121,6,0.5,0.0,고순종실록,0.6,승정원일기,0.6
京都監,2,168,1,0.6,0.0,조선왕조실록,0.6,승정원일기,0.6
五車星,2,333,1,0.3,0.0,승정원일기,0.6,조선왕조실록,0.6
表,8,56284,141,0.3,0.0,삼국사기,0.6,고려사절요,0.6
西原營,2,164,1,0.6,0.0,조선왕조실록,0.6,승정원일기,0.6
海伯,4,1058,5,0.5,0.0,고순종실록,0.6,승정원일기,0.6
濟用,5,4410,21,0.5,0.0,고려사,0.6,조선왕조실록,0.6
致序,3,213,1,0.5,0.0,고순종실록,0.6,승정원일기,0.6
童濯,4,406,2,0.5,0.0,고순종실록,0.6,승정원일기,0.6
靈豐,3,206,1,0.5,0.0,조선왕조실록,0.6,승정원일기,0.6
高敬,3,500,1,0.2,0.0,조선왕조실록,0.6,승정원일기,0.6
差,8,466167,365,0.1,0.0,고려사,0.6,조선왕조실록,0.6
上官,6,3546,11,0.3,0.0,고려사,0.6,승정원일기,0.6
詣儲慶宮,4,431,2,0.5,0.0,고순종실록,0.6,승정원일기,0.6
輦路,5,849,4,0.5,0.0,고려사,0.6,승정원일기,0.6
元.,4,598,1,0.2,0.0,고려사,0.6,한국사료총서,0.6
權逴,2,183,1,0.5,0.0,조선왕조실록,0.6,승정원일기,0.6
全羅道全州,2,350,344,98.3,98.4,승정원일기,99.0,조선왕조실록,0.6
鄭必忠,2,185,1,0.5,0.0,한국사료총서,0.6,승정원일기,0.6
彦城,2,176,1,0.6,0.0,조선왕조실록,0.6,승정원일기,0.6
射場,3,255,1,0.4,0.0,승정원일기,0.6,조선왕조실록,0.6
陸軍法院,3,267,1,0.4,0.0,고순종실록,0.6,승정원일기,0.6
負山,5,394,2,0.5,0.0,고려사,0.6,승정원일기,0.6
咸豊,3,799,6,0.8,0.0,승정원일기,0.6,한국사료총서,0.6
京畿交河,2,166,165,99.4,99.4,승정원일기,100.0,조선왕조실록,0.6
平理,3,1162,4,0.3,0.0,고순종실록,0.6,한국사료총서,0.6
屠,8,4425,5,0.1,0.0,고려사,0.6,한국사료총서,0.6
統禦,4,1312,3,0.2,0.0,고순종실록,0.6,조선왕조실록,0.6
戶曺,3,428,1,0.2,0.0,승정원일기,0.6,한국사료총서,0.6
修正,4,9919,6,0.1,0.0,고순종실록,0.6,조선왕조실록,0.6
掌苑,4,2392,10,0.4,0.0,고순종실록,0.6,조선왕조실록,0.6
天聰,6,1222,4,0.3,0.0,고려사,0.6,조선왕조실록,0.6
羲經,4,194,1,0.5,0.0,고순종실록,0.6,승정원일기,0.6
實錄,7,12871,60,0.5,0.0,고려사,0.6,승정원일기,0.6
麟經,3,251,1,0.4,0.0,조선왕조실록,0.6,승정원일기,0.6
文南,3,219,1,0.5,0.0,조선왕조실록,0.6,승정원일기,0.6
海邊,7,1203,3,0.2,0.0,고려사,0.6,한국사료총서,0.6
濬川司,4,761,4,0.5,0.0,고순종실록,0.6,승정원일기,0.6
孝禧殿,2,530,527,99.4,99.4,승정원일기,100.0,조선왕조실록,0.6
守仁,4,757,3,0.4,0.0,고려사,0.6,승정원일기,0.6
紫門監,2,1820,11,0.6,0.0,조선왕조실록,0.6,승정원일기,0.6
京畿坡州,2,339,337,99.4,99.4,승정원일기,100.0,조선왕조실록,0.6
者南,3,272,1,0.4,0.0,조선왕조실록,0.6,승정원일기,0.6
典,8,230631,594,0.3,0.0,고려사,0.6,한국사료총서,0.6
樂毅,3,208,1,0.5,0.0,조선왕조실록,0.6,승정원일기,0.6
慶尙右兵使,4,1453,1,0.1,0.0,고순종실록,0.6,조선왕조실록,0.6
許於,6,659,1,0.2,0.0,고려사,0.6,조선왕조실록,0.6
日館,4,988,5,0.5,0.0,고순종실록,0.6,승정원일기,0.6
乫軒,2,165,83,50.3,49.4,승정원일기,50.0,한국사료총서,0.6
其反,4,556,1,0.2,0.0,고려사,0.6,조선왕조실록,0.6
糴穀,3,298,1,0.3,0.0,승정원일기,0.6,조선왕조실록,0.6
日人,4,2385,1,0.0,0.0,고순종실록,0.6,조선왕조실록,0.6
議政府,5,31787,112,0.4,0.0,고려사절요,0.6,승정원일기,0.6
嶺隘,2,208,1,0.5,0.0,조선왕조실록,0.6,승정원일기,0.6
眞殿展,2,225,1,0.4,0.0,조선왕조실록,0.6,승정원일기,0.6
誤國,6,2208,1,0.0,0.0,고려사,0.6,한국사료총서,0.6
牙山漕,2,42,6,14.3,14.8,승정원일기,15.4,조선왕조실록,0.6
憲,8,223339,61,0.0,0.0,고려사,0.6,고려사절요,0.6
留陳,3,174,1,0.6,0.0,조선왕조실록,0.6,승정원일기,0.6
侍郞,6,3585,7,0.2,0.0,고려사,0.6,한국사료총서,0.6
平安道定州,3,192,191,99.5,99.4,승정원일기,100.0,한국사료총서,0.6
則慶尙道,3,188,1,0.5,0.0,조선왕조실록,0.6,승정원일기,0.6
修城,6,548,2,0.4,0.0,고려사,0.6,승정원일기,0.6
魯觀,2,175,1,0.6,0.0,한국사료총서,0.6,승정원일기,0.6
大國,8,2094,10,0.5,0.0,고려사,0.6,승정원일기,0.6
泰鎭,4,479,5,1.0,0.0,고순종실록,0.5,승정원일기,0.5
金大,7,8901,2,0.0,0.0,고려사,0.5,한국사료총서,0.5
鯷岑,2,163,6,3.7,3.6,한국사료총서,4.2,조선왕조실록,0.5
王府,6,43707,15,0.0,0.0,고려사,0.5,한국사료총서,0.5
西銘,3,310,1,0.3,0.0,조선왕조실록,0.5,승정원일기,0.5
贊一,4,286,1,0.3,0.0,고순종실록,0.5,승정원일기,0.5
三日,8,55250,37,0.1,0.0,고려사절요,0.5,고려사,0.5
寇準,3,267,1,0.4,0.0,조선왕조실록,0.5,승정원일기,0.5
海興君橿,3,251,1,0.4,0.0,조선왕조실록,0.5,승정원일기,0.5
勉基,2,195,1,0.5,0.0,조선왕조실록,0.5,승정원일기,0.5
多率,4,875,3,0.3,0.0,고순종실록,0.5,승정원일기,0.5
于全羅道,5,301,1,0.3,0.0,고려사,0.5,조선왕조실록,0.5
元陵展,3,221,1,0.5,0.0,조선왕조실록,0.5,승정원일기,0.5
與許,5,458,1,0.2,0.0,고려사,0.5,조선왕조실록,0.5
陳,8,293703,255,0.1,0.0,고려사절요,0.5,한국사료총서,0.5
播,7,12323,33,0.3,0.0,고려사,0.5,한국사료총서,0.5
除營,2,220,1,0.5,0.0,조선왕조실록,0.5,승정원일기,0.5
嶺賊,4,231,1,0.4,0.0,고순종실록,0.5,승정원일기,0.5
穀,8,88300,81,0.1,0.0,고려사절요,0.5,한국사료총서,0.5
和親,7,397,1,0.3,0.0,고려사,0.5,조선왕조실록,0.5
飮福位,3,399,1,0.3,0.0,고려사,0.5,승정원일기,0.5
文宗,8,2301,3,0.1,0.0,고려사,0.5,승정원일기,0.5
私廟,3,910,3,0.3,0.0,조선왕조실록,0.5,승정원일기,0.5
廟享,5,646,2,0.3,0.0,고려사,0.5,승정원일기,0.5
范,6,3143,13,0.4,0.0,고려사,0.5,승정원일기,0.5
定在,3,312,1,0.3,0.0,조선왕조실록,0.5,승정원일기,0.5
檜原君,3,233,1,0.4,0.0,조선왕조실록,0.5,승정원일기,0.5
權氏,5,622,1,0.2,0.0,고려사,0.5,승정원일기,0.5
典涓司,2,401,2,0.5,0.0,조선왕조실록,0.5,승정원일기,0.5
箕伯,4,727,3,0.4,0.0,고순종실록,0.5,승정원일기,0.5
程,8,29214,54,0.2,0.0,고려사,0.5,조선왕조실록,0.5
海溢,4,753,2,0.3,0.0,고순종실록,0.5,조선왕조실록,0.5
相面,4,507,1,0.2,0.0,고순종실록,0.5,한국사료총서,0.5
京衙門,3,461,2,0.4,0.0,조선왕조실록,0.5,승정원일기,0.5
政府,6,49919,115,0.2,0.0,고려사,0.5,승정원일기,0.5
倬,6,1189,3,0.3,0.0,고려사,0.5,승정원일기,0.5
明義錄,3,790,3,0.4,0.0,조선왕조실록,0.5,승정원일기,0.5
東方,8,6752,7,0.1,0.0,고려사,0.5,한국사료총서,0.5
近郊,5,507,2,0.4,0.0,고려사,0.5,승정원일기,0.5
如斗,5,275,1,0.4,0.0,고려사,0.5,승정원일기,0.5
掌樂院,4,2438,8,0.3,0.0,고순종실록,0.5,승정원일기,0.5
反逋,3,240,1,0.4,0.0,조선왕조실록,0.5,승정원일기,0.5
圖畫署,2,443,2,0.5,0.0,조선왕조실록,0.5,승정원일기,0.5
橋梁,4,1538,6,0.4,0.0,고순종실록,0.5,승정원일기,0.5
晉州營,3,562,3,0.5,0.0,고순종실록,0.5,승정원일기,0.5
出弘化,2,208,1,0.5,0.0,조선왕조실록,0.5,승정원일기,0.5
延慶墓,2,209,206,98.6,99.5,승정원일기,100.0,조선왕조실록,0.5
察院,4,324,1,0.3,0.0,고순종실록,0.5,조선왕조실록,0.5
景化門,2,380,377,99.2,99.5,승정원일기,100.0,조선왕조실록,0.5
于慶尙道,5,309,1,0.3,0.0,고려사,0.5,조선왕조실록,0.5
濟衆院,3,235,1,0.4,0.0,고순종실록,0.5,승정원일기,0.5
道一,6,4497,13,0.3,0.0,고려사,0.5,한국사료총서,0.5
昌悌,2,268,1,0.4,0.0,조선왕조실록,0.5,승정원일기,0.5
今金,5,490,1,0.2,0.0,고순종실록,0.5,승정원일기,0.5
一所,6,8906,3,0.0,0.0,고려사,0.5,한국사료총서,0.5
舜典,3,255,1,0.4,0.0,조선왕조실록,0.5,승정원일기,0.5
申櫶,3,289,1,0.3,0.0,고순종실록,0.5,승정원일기,0.5
春桂坊,4,1764,8,0.5,0.0,고순종실록,0.5,승정원일기,0.5
兵曹,5,172109,42,0.0,0.0,고려사,0.5,한국사료총서,0.5
瀚,4,1009,3,0.3,0.0,고순종실록,0.5,조선왕조실록,0.5
記,8,259943,21,0.0,0.0,고려사,0.5,삼국유사,0.5
日原,4,563,2,0.4,0.0,삼국사기,0.5,한국사료총서,0.5
文源,3,3097,1,0.0,0.0,승정원일기,0.5,조선왕조실록,0.5
許珩,2,198,1,0.5,0.0,조선왕조실록,0.5,승정원일기,0.5
忠州可興,2,46,42,91.3,92.9,승정원일기,93.3,조선왕조실록,0.5
關各,4,477,2,0.4,0.0,고순종실록,0.5,승정원일기,0.5
坼,6,4395,5,0.1,0.0,고려사,0.5,한국사료총서,0.5
珍島郡金甲島,2,204,202,99.0,99.5,승정원일기,100.0,조선왕조실록,0.5
正廟,4,1448,5,0.3,0.0,고순종실록,0.5,승정원일기,0.5
孝和殿,2,237,234,98.7,99.5,승정원일기,100.0,조선왕조실록,0.5
安監,4,13887,55,0.4,0.0,고순종실록,0.5,승정원일기,0.5
道心,4,1235,5,0.4,0.0,고순종실록,0.5,승정원일기,0.5
五服,6,376,1,0.3,0.0,고려사,0.5,승정원일기,0.5
營繕,6,2198,6,0.3,0.0,고려사,0.5,승정원일기,0.5
山陵,6,10791,43,0.4,0.0,고려사,0.5,고순종실록,0.5
桀,7,1886,2,0.1,0.0,고려사,0.5,한국사료총서,0.5
南部都事,4,431,2,0.5,0.0,고순종실록,0.5,승정원일기,0.5
唐黍,2,222,1,0.5,0.0,조선왕조실록,0.5,승정원일기,0.5
在貞陵,2,220,1,0.5,0.0,승정원일기,0.5,조선왕조실록,0.5
本陵,4,3508,15,0.4,0.0,고순종실록,0.5,승정원일기,0.5
廣運,4,790,2,0.3,0.0,고순종실록,0.5,조선왕조실록,0.5
閑散,5,881,1,0.1,0.0,고려사,0.5,조선왕조실록,0.5
在,8,1004853,290,0.0,0.0,고려사절요,0.5,삼국사기,0.5
夢麟,3,446,1,0.2,0.0,조선왕조실록,0.5,승정원일기,0.5
爲伊川,2,205,1,0.5,0.0,조선왕조실록,0.5,승정원일기,0.5
主殿院,2,477,2,0.4,0.0,고순종실록,0.5,승정원일기,0.5
慶尙左兵,4,1868,8,0.4,0.0,고순종실록,0.5,승정원일기,0.5
仁卿,5,270,1,0.4,0.0,고려사,0.5,한국사료총서,0.5
領府事,4,11814,5,0.0,0.0,고순종실록,0.5,한국사료총서,0.5
絶島,4,11212,45,0.4,0.0,고순종실록,0.5,승정원일기,0.5
文成公李珥,4,560,2,0.4,0.0,고순종실록,0.5,승정원일기,0.5
秋間,4,1227,1,0.1,0.0,고순종실록,0.5,조선왕조실록,0.5
等邑,4,5537,19,0.3,0.0,고순종실록,0.5,승정원일기,0.5
豆乙,2,83,8,9.6,7.1,한국사료총서,7.7,조선왕조실록,0.5
南渡,3,294,1,0.3,0.0,조선왕조실록,0.5,승정원일기,0.5
産室廳,4,623,3,0.5,0.0,고순종실록,0.5,승정원일기,0.5
賞物,3,359,1,0.3,0.0,승정원일기,0.5,조선왕조실록,0.5
夕食堂,4,409,2,0.5,0.0,고순종실록,0.5,승정원일기,0.5
李滉,5,2261,5,0.2,0.0,고려사,0.5,승정원일기,0.5
菜,6,4233,12,0.3,0.0,고려사,0.5,조선왕조실록,0.5
全羅右水,4,1881,9,0.5,0.0,고순종실록,0.5,승정원일기,0.5
領,8,169514,124,0.1,0.0,고려사절요,0.5,한국사료총서,0.5
富弼,5,386,1,0.3,0.0,고려사,0.5,승정원일기,0.5
公忠監,4,1242,6,0.5,0.0,고순종실록,0.5,승정원일기,0.5
海稅,4,261,1,0.4,0.0,고순종실록,0.5,승정원일기,0.5
元子宮,4,1231,6,0.5,0.0,고순종실록,0.5,승정원일기,0.5
唐物,3,287,1,0.3,0.0,승정원일기,0.5,조선왕조실록,0.5
東伯,4,735,3,0.4,0.0,고순종실록,0.5,승정원일기,0.5
饔院,4,5556,26,0.5,0.0,고순종실록,0.5,승정원일기,0.5
三陟營,3,588,3,0.5,0.0,고순종실록,0.5,승정원일기,0.5
全州營,3,595,3,0.5,0.0,조선왕조실록,0.5,승정원일기,0.5
兪㯙,3,1558,1,0.1,0.0,승정원일기,0.5,조선왕조실록,0.5
社稷祈穀大祭,3,417,2,0.5,0.0,고순종실록,0.5,승정원일기,0.5
竇,6,1989,3,0.2,0.0,고려사,0.5,한국사료총서,0.5
零星,4,1808,1,0.1,0.0,고순종실록,0.5,조선왕조실록,0.5
",唐",8,6214,3,0.0,0.0,고려사,0.5,한국사료총서,0.5
社稷祈穀,4,672,3,0.4,0.0,고순종실록,0.5,승정원일기,0.5
敬祉,3,269,1,0.4,0.0,조선왕조실록,0.5,승정원일기,0.5
自成,6,1391,1,0.1,0.0,고려사,0.5,한국사료총서,0.5
赴燕,4,1415,1,0.1,0.0,고순종실록,0.5,조선왕조실록,0.5
金泰,6,3731,1,0.0,0.0,고려사,0.5,한국사료총서,0.5
向國,4,933,1,0.1,0.0,고순종실록,0.5,조선왕조실록,0.5
姜五成,2,208,1,0.5,0.0,조선왕조실록,0.5,승정원일기,0.5
順得,3,239,1,0.4,0.0,조선왕조실록,0.5,승정원일기,0.5
吉帷宮,2,152,9,5.9,5.7,조선왕조실록,6.2,승정원일기,0.5
依湖,3,255,1,0.4,0.0,조선왕조실록,0.5,승정원일기,0.5
洪監,3,1040,4,0.4,0.0,조선왕조실록,0.5,승정원일기,0.5
啓陵,2,251,1,0.4,0.0,조선왕조실록,0.5,승정원일기,0.5
賑恤,7,6493,23,0.4,0.0,고려사,0.5,승정원일기,0.5
司饔院,4,5512,25,0.5,0.0,고순종실록,0.5,승정원일기,0.5
鄭達,3,219,1,0.5,0.0,조선왕조실록,0.5,승정원일기,0.5
聞西,6,354,1,0.3,0.0,고려사,0.5,승정원일기,0.5
宣傳官廳,4,438,2,0.5,0.0,고순종실록,0.5,승정원일기,0.5
大朝殿,2,593,3,0.5,0.0,조선왕조실록,0.5,승정원일기,0.5
訓鍊都監,4,19693,93,0.5,0.0,고순종실록,0.5,승정원일기,0.5
內寺,3,514,2,0.4,0.0,조선왕조실록,0.5,승정원일기,0.5
永明尉洪顯周,4,417,2,0.5,0.0,고순종실록,0.5,승정원일기,0.5
紂,6,1592,4,0.3,0.0,고려사,0.5,조선왕조실록,0.5
御明政殿,2,484,1,0.2,0.0,승정원일기,0.4,조선왕조실록,0.4
方與,7,509,1,0.2,0.0,고려사,0.4,승정원일기,0.4
御興政,2,2696,1,0.0,0.0,승정원일기,0.4,조선왕조실록,0.4
兩日,6,4666,1,0.0,0.0,고려사,0.4,한국사료총서,0.4
把守,4,9988,14,0.1,0.0,고순종실록,0.4,조선왕조실록,0.4
輪對,4,10155,11,0.1,0.0,고순종실록,0.4,조선왕조실록,0.4
坼見,4,333,1,0.3,0.0,고순종실록,0.4,승정원일기,0.4
五衛將,4,14482,1,0.0,0.0,고순종실록,0.4,한국사료총서,0.4
兩邊,5,2538,9,0.4,0.0,고려사,0.4,승정원일기,0.4
刑曹,6,68055,6,0.0,0.0,고려사,0.4,한국사료총서,0.4
義禁府,4,55422,134,0.2,0.0,고순종실록,0.4,한국사료총서,0.4
禮書,4,604,1,0.2,0.0,고순종실록,0.4,승정원일기,0.4
霜降,5,880,1,0.1,0.0,고려사,0.4,조선왕조실록,0.4
工曹,6,26556,9,0.0,0.0,고려사,0.4,한국사료총서,0.4
曮,3,2937,1,0.0,0.0,승정원일기,0.4,조선왕조실록,0.4
禁闥,6,569,2,0.4,0.0,고려사,0.4,승정원일기,0.4
黃瀷,3,288,1,0.3,0.0,조선왕조실록,0.4,승정원일기,0.4
牧伯,4,1001,4,0.4,0.0,고순종실록,0.4,한국사료총서,0.4
京居,3,1199,4,0.3,0.0,조선왕조실록,0.4,승정원일기,0.4
隱者,5,443,1,0.2,0.0,고려사,0.4,승정원일기,0.4
京畿驪州,3,874,871,99.7,99.6,승정원일기,100.0,한국사료총서,0.4
賓廳,4,19894,77,0.4,0.0,고순종실록,0.4,승정원일기,0.4
京職,5,2048,3,0.1,0.0,고려사,0.4,조선왕조실록,0.4
臺殿,2,255,1,0.4,0.0,조선왕조실록,0.4,승정원일기,0.4
弘文館,5,42392,145,0.3,0.0,고려사,0.4,승정원일기,0.4
北人,5,1258,4,0.3,0.0,고려사,0.4,조선왕조실록,0.4
天鑑,4,2056,1,0.0,0.0,고순종실록,0.4,조선왕조실록,0.4
暘賓,2,278,1,0.4,0.0,조선왕조실록,0.4,승정원일기,0.4
卽,8,549292,148,0.0,0.0,고려사절요,0.4,고순종실록,0.4
亮濟,2,348,1,0.3,0.0,조선왕조실록,0.4,승정원일기,0.4
柳冀大,3,253,1,0.4,0.0,고순종실록,0.4,승정원일기,0.4
在漢,6,413,1,0.2,0.0,고려사,0.4,승정원일기,0.4
京畿龍仁,2,467,465,99.6,99.6,승정원일기,100.0,조선왕조실록,0.4
全羅監,4,12190,40,0.3,0.0,고순종실록,0.4,승정원일기,0.4
馬援,2,303,1,0.3,0.0,조선왕조실록,0.4,승정원일기,0.4
先壠,3,542,2,0.4,0.0,조선왕조실록,0.4,승정원일기,0.4
司僕寺,5,8652,28,0.3,0.0,고려사,0.4,승정원일기,0.4
對時,4,8538,1,0.0,0.0,고순종실록,0.4,한국사료총서,0.4
回還,6,7238,7,0.1,0.0,고려사,0.4,조선왕조실록,0.4
涵仁,2,1158,1133,97.8,97.9,승정원일기,98.4,조선왕조실록,0.4
延礽君,3,360,1,0.3,0.0,조선왕조실록,0.4,승정원일기,0.4
承文,5,13824,54,0.4,0.0,고려사,0.4,한국사료총서,0.4
贈給,4,1338,1,0.1,0.0,고순종실록,0.4,조선왕조실록,0.4
興泰門,2,563,559,99.3,99.6,승정원일기,100.0,조선왕조실록,0.4
義禁府草記,3,343,1,0.3,0.0,조선왕조실록,0.4,승정원일기,0.4
宗親府,4,3302,11,0.3,0.0,고순종실록,0.4,승정원일기,0.4
光世,4,3266,2,0.1,0.0,고려사,0.4,조선왕조실록,0.4
率禮堂,4,506,2,0.4,0.0,고순종실록,0.4,승정원일기,0.4
重昌,3,307,1,0.3,0.0,조선왕조실록,0.4,승정원일기,0.4
島中,6,2854,7,0.2,0.0,고려사,0.4,승정원일기,0.4
禮判,4,6928,1,0.0,0.0,고순종실록,0.4,한국사료총서,0.4
灣尹,4,1383,5,0.4,0.0,고순종실록,0.4,승정원일기,0.4
堯,8,19807,18,0.1,0.0,고려사,0.4,한국사료총서,0.4
啓蒙,4,2103,1,0.0,0.0,고순종실록,0.4,조선왕조실록,0.4
項羽,3,296,1,0.3,0.0,조선왕조실록,0.4,승정원일기,0.4
日省錄,4,320,1,0.3,0.0,고순종실록,0.4,승정원일기,0.4
毅鎭,2,265,1,0.4,0.0,조선왕조실록,0.4,승정원일기,0.4
靑天,5,525,1,0.2,0.0,고려사,0.4,승정원일기,0.4
暵,5,983,1,0.1,0.0,고려사,0.4,조선왕조실록,0.4
倭船,5,1791,4,0.2,0.0,고려사,0.4,조선왕조실록,0.4
洵,4,3044,2,0.1,0.0,고순종실록,0.4,한국사료총서,0.4
修理都監,2,380,1,0.3,0.0,조선왕조실록,0.4,승정원일기,0.4
北伯,4,1579,5,0.3,0.0,고순종실록,0.4,승정원일기,0.4
羅監,4,12194,41,0.3,0.0,고순종실록,0.4,승정원일기,0.4
角星,4,523,1,0.2,0.0,고려사,0.4,조선왕조실록,0.4
北穀,3,256,1,0.4,0.0,조선왕조실록,0.4,승정원일기,0.4
陋巷,3,294,1,0.3,0.0,조선왕조실록,0.4,승정원일기,0.4
此倭,3,361,1,0.3,0.0,승정원일기,0.4,조선왕조실록,0.4
春坊,6,11550,25,0.2,0.0,고려사,0.4,조선왕조실록,0.4
全羅道興陽縣,3,249,248,99.6,99.6,승정원일기,100.0,한국사료총서,0.4
開國,8,2406,3,0.1,0.0,고려사,0.4,조선왕조실록,0.4
任內,5,2067,2,0.1,0.0,고려사,0.4,조선왕조실록,0.4
宣廟,5,4488,10,0.2,0.0,고려사절요,0.4,승정원일기,0.4
神宗,6,1775,5,0.3,0.0,고려사,0.4,조선왕조실록,0.4
漬,6,1078,1,0.1,0.0,고려사,0.4,조선왕조실록,0.4
令,8,902461,129,0.0,0.0,삼국사기,0.4,고려사,0.4
越送,4,286,1,0.3,0.0,고순종실록,0.4,승정원일기,0.4
入山,7,926,1,0.1,0.0,고려사,0.4,조선왕조실록,0.4
西北人,3,596,2,0.3,0.0,조선왕조실록,0.4,승정원일기,0.4
纂修廳,3,262,1,0.4,0.0,조선왕조실록,0.4,승정원일기,0.4
度支,4,9369,3,0.0,0.0,고순종실록,0.4,한국사료총서,0.4
直村,2,36,3,8.3,8.7,조선왕조실록,9.1,한국사료총서,0.4
無古,5,719,2,0.3,0.0,고려사,0.4,조선왕조실록,0.4
爇,6,412,1,0.2,0.0,고려사,0.4,승정원일기,0.4
䑛,2,275,1,0.4,0.0,한국사료총서,0.4,승정원일기,0.4
苞桑,4,351,1,0.3,0.0,고순종실록,0.4,승정원일기,0.4
魁,7,13418,5,0.0,0.0,고려사절요,0.4,고려사,0.4
蔚興,4,315,1,0.3,0.0,고순종실록,0.4,승정원일기,0.4
曾參,3,405,1,0.2,0.0,조선왕조실록,0.4,승정원일기,0.4
文定,4,679,2,0.3,0.0,고려사,0.4,조선왕조실록,0.4
三營門,3,249,1,0.4,0.0,조선왕조실록,0.4,승정원일기,0.4
積德,5,359,1,0.3,0.0,고려사,0.4,승정원일기,0.4
天文,7,1227,3,0.2,0.0,고려사,0.4,조선왕조실록,0.4
斗柄,3,333,1,0.3,0.0,조선왕조실록,0.4,승정원일기,0.4
封疆,7,669,1,0.1,0.0,고려사,0.4,승정원일기,0.4
宗學,3,1528,1,0.1,0.0,승정원일기,0.4,조선왕조실록,0.4
大全,4,1314,1,0.1,0.0,고순종실록,0.4,조선왕조실록,0.4
閤門,6,2621,7,0.3,0.0,고려사,0.4,승정원일기,0.4
呂安,2,234,1,0.4,0.0,승정원일기,0.4,한국사료총서,0.4
萬斛,4,438,1,0.2,0.0,고려사,0.4,승정원일기,0.4
鄭鎭,4,294,1,0.3,0.0,고순종실록,0.4,승정원일기,0.4
能一,5,3123,1,0.0,0.0,고려사,0.4,한국사료총서,0.4
爲忠淸,6,2392,3,0.1,0.0,고려사,0.4,조선왕조실록,0.4
王人,6,1303,1,0.1,0.0,고려사,0.4,조선왕조실록,0.4
全羅左水,4,1757,7,0.4,0.0,고순종실록,0.4,승정원일기,0.4
學士,7,5505,6,0.1,0.0,고려사,0.4,한국사료총서,0.4
彼漢,4,291,1,0.3,0.0,고순종실록,0.4,승정원일기,0.4
榮養,3,305,1,0.3,0.0,조선왕조실록,0.4,승정원일기,0.4
景來,3,350,1,0.3,0.0,승정원일기,0.4,한국사료총서,0.4
都門,6,925,3,0.3,0.0,고려사,0.4,승정원일기,0.4
復,8,283810,139,0.0,0.0,고려사절요,0.4,삼국사기,0.4
德游堂,2,658,651,98.9,98.9,승정원일기,99.3,조선왕조실록,0.4
成王,8,2033,5,0.2,0.0,고려사,0.4,승정원일기,0.4
種,8,51852,43,0.1,0.0,고려사,0.4,한국사료총서,0.4
中年,5,1590,1,0.1,0.0,고려사,0.4,조선왕조실록,0.4
淸州營,3,543,2,0.4,0.0,조선왕조실록,0.4,승정원일기,0.4
二,8,755327,2315,0.3,0.0,삼국사기,0.4,승정원일기,0.4
弘文,6,49627,152,0.3,0.0,고려사,0.4,승정원일기,0.4
八高祖圖,3,286,1,0.3,0.0,고순종실록,0.4,승정원일기,0.4
洛豐,2,277,1,0.4,0.0,조선왕조실록,0.4,승정원일기,0.4
方岳,3,814,3,0.4,0.0,조선왕조실록,0.4,승정원일기,0.4
宋鑑,3,368,1,0.3,0.0,조선왕조실록,0.4,승정원일기,0.4
驪川君,3,300,1,0.3,0.0,조선왕조실록,0.4,승정원일기,0.4
先壟,2,508,2,0.4,0.0,한국사료총서,0.4,승정원일기,0.4
菉豆,3,399,1,0.3,0.0,조선왕조실록,0.4,승정원일기,0.4
黍稷,4,482,1,0.2,0.0,고려사,0.4,승정원일기,0.4
軍門,7,20884,7,0.0,0.0,고려사,0.4,한국사료총서,0.4
泰秋門,2,282,281,99.6,99.6,승정원일기,100.0,조선왕조실록,0.4
城池,6,1882,6,0.3,0.0,고려사,0.4,승정원일기,0.4
東夏,3,623,2,0.3,0.0,조선왕조실록,0.4,승정원일기,0.4
動樂,3,440,1,0.2,0.0,승정원일기,0.4,조선왕조실록,0.4
寶籙,4,454,1,0.2,0.0,고순종실록,0.4,승정원일기,0.4
訓局,4,10198,35,0.3,0.0,고순종실록,0.4,승정원일기,0.4
元田,4,514,1,0.2,0.0,고순종실록,0.3,승정원일기,0.3
耆社,4,2393,7,0.3,0.0,고순종실록,0.3,승정원일기,0.3
肅考,3,429,1,0.2,0.0,조선왕조실록,0.3,승정원일기,0.3
資政殿。,2,514,1,0.2,0.0,조선왕조실록,0.3,승정원일기,0.3
摠廳,3,1075,3,0.3,0.0,조선왕조실록,0.3,승정원일기,0.3
望見,7,1444,3,0.2,0.0,고려사,0.3,승정원일기,0.3
仁和門,2,406,403,99.3,99.7,승정원일기,100.0,조선왕조실록,0.3
泉壤,4,568,1,0.2,0.0,고순종실록,0.3,승정원일기,0.3
海前,4,747,2,0.3,0.0,고순종실록,0.3,승정원일기,0.3
前南,5,559,1,0.2,0.0,고려사,0.3,승정원일기,0.3
禁御兩營,3,829,2,0.2,0.0,고순종실록,0.3,승정원일기,0.3
春日,4,581,1,0.2,0.0,고순종실록,0.3,승정원일기,0.3
汝水,3,326,1,0.3,0.0,조선왕조실록,0.3,승정원일기,0.3
知申,6,4384,3,0.1,0.0,고려사,0.3,조선왕조실록,0.3
司禁,4,509,1,0.2,0.0,고려사,0.3,조선왕조실록,0.3
禁,8,352752,784,0.2,0.0,삼국사기,0.3,고순종실록,0.3
季氏,3,435,1,0.2,0.0,조선왕조실록,0.3,승정원일기,0.3
問答,4,4043,3,0.1,0.0,고순종실록,0.3,한국사료총서,0.3
春展,3,421,1,0.2,0.0,조선왕조실록,0.3,승정원일기,0.3
善文,4,759,2,0.3,0.0,고순종실록,0.3,승정원일기,0.3
嶺伯,4,2150,6,0.3,0.0,고순종실록,0.3,승정원일기,0.3
爲縣,6,948,1,0.1,0.0,고려사,0.3,한국사료총서,0.3
安橚,2,398,1,0.3,0.0,조선왕조실록,0.3,승정원일기,0.3
於亂,5,1244,1,0.1,0.0,고려사절요,0.3,조선왕조실록,0.3
皇曆,3,407,1,0.2,0.0,조선왕조실록,0.3,승정원일기,0.3
栢府,2,307,1,0.3,0.0,한국사료총서,0.3,승정원일기,0.3
勝國,4,502,1,0.2,0.0,고순종실록,0.3,승정원일기,0.3
鹹,3,396,1,0.3,0.0,조선왕조실록,0.3,승정원일기,0.3
珪永,4,404,1,0.2,0.0,고순종실록,0.3,승정원일기,0.3
外里,2,62,47,75.8,76.5,승정원일기,76.7,한국사료총서,0.3
通禮,6,39465,14,0.0,0.0,고려사,0.3,한국사료총서,0.3
母子,6,2239,2,0.1,0.0,고려사,0.3,조선왕조실록,0.3
松木,5,1992,4,0.2,0.0,고려사,0.3,조선왕조실록,0.3
姒,5,682,1,0.1,0.0,고려사,0.3,승정원일기,0.3
永淸門,2,366,365,99.7,99.7,승정원일기,100.0,조선왕조실록,0.3
上原,4,1254,3,0.2,0.0,고순종실록,0.3,한국사료총서,0.3
導,8,42895,12,0.0,0.0,고려사,0.3,한국사료총서,0.3
春巡,2,314,1,0.3,0.0,조선왕조실록,0.3,승정원일기,0.3
聞嶺,3,414,1,0.2,0.0,조선왕조실록,0.3,승정원일기,0.3
羲,7,33762,8,0.0,0.0,고려사,0.3,고순종실록,0.3
續錄,3,906,1,0.1,0.0,조선왕조실록,0.3,승정원일기,0.3
殛,6,2861,1,0.0,0.0,고려사,0.3,조선왕조실록,0.3
海運君,3,362,1,0.3,0.0,조선왕조실록,0.3,승정원일기,0.3
光恩副尉,3,348,1,0.3,0.0,조선왕조실록,0.3,승정원일기,0.3
管餉,4,1795,1,0.1,0.0,고순종실록,0.3,조선왕조실록,0.3
掌隷院,3,2068,4,0.2,0.0,조선왕조실록,0.3,승정원일기,0.3
可與,7,4594,1,0.0,0.0,고려사,0.3,한국사료총서,0.3
戾,6,15085,13,0.1,0.0,고려사,0.3,조선왕조실록,0.3
漢帝,5,479,1,0.2,0.0,고려사,0.3,승정원일기,0.3
"日本,",6,1241,1,0.1,0.0,고려사,0.3,한국사료총서,0.3
西活人署,3,439,1,0.2,0.0,조선왕조실록,0.3,승정원일기,0.3
濟元,3,387,2,0.5,0.0,조선왕조실록,0.3,승정원일기,0.3
下陸,4,1131,1,0.1,0.0,고순종실록,0.3,조선왕조실록,0.3
鄭蘊,3,1343,2,0.1,0.0,조선왕조실록,0.3,승정원일기,0.3
爲開城,6,994,1,0.1,0.0,고려사,0.3,조선왕조실록,0.3
本州,6,5160,11,0.2,0.0,고려사,0.3,조선왕조실록,0.3
西平君橈,3,363,1,0.3,0.0,조선왕조실록,0.3,승정원일기,0.3
慶尙道禮安,2,301,300,99.7,99.7,승정원일기,100.0,조선왕조실록,0.3
彜章,2,365,1,0.3,0.0,한국사료총서,0.3,승정원일기,0.3
前部,4,951,3,0.3,0.0,고순종실록,0.3,승정원일기,0.3
總,7,13897,19,0.1,0.0,고려사,0.3,승정원일기,0.3
敬之,8,6918,1,0.0,0.0,고려사,0.3,한국사료총서,0.3
鬼關,3,345,1,0.3,0.0,조선왕조실록,0.3,승정원일기,0.3
而三南,4,353,1,0.3,0.0,고순종실록,0.3,승정원일기,0.3
海正,3,376,1,0.3,0.0,조선왕조실록,0.3,승정원일기,0.3
別監,6,9860,8,0.1,0.0,고려사,0.3,한국사료총서,0.3
禁扄,2,961,3,0.3,0.0,조선왕조실록,0.3,승정원일기,0.3
鎭定,6,3690,8,0.2,0.0,고려사,0.3,승정원일기,0.3
漢城府尹,4,463,1,0.2,0.0,고순종실록,0.3,조선왕조실록,0.3
京禮,4,2519,3,0.1,0.0,고순종실록,0.3,승정원일기,0.3
司憲府,6,17010,10,0.1,0.0,고려사,0.3,승정원일기,0.3
大易,4,423,1,0.2,0.0,고순종실록,0.3,승정원일기,0.3
彼人,5,7989,7,0.1,0.0,고려사,0.3,조선왕조실록,0.3
座首,5,2183,3,0.1,0.0,고려사,0.3,한국사료총서,0.3
壇所,4,737,2,0.3,0.0,고순종실록,0.3,승정원일기,0.3
胡差,3,721,1,0.1,0.0,승정원일기,0.3,조선왕조실록,0.3
嘉錫,3,445,1,0.2,0.0,조선왕조실록,0.3,승정원일기,0.3
旱田,4,1268,1,0.1,0.0,고려사,0.3,조선왕조실록,0.3
准,8,14619,8,0.1,0.0,고려사,0.3,고순종실록,0.3
經筵,6,137454,30,0.0,0.0,고려사,0.3,한국사료총서,0.3
敦寧府,4,6678,16,0.2,0.0,고순종실록,0.3,승정원일기,0.3
仁廟,5,2465,6,0.2,0.0,고려사,0.3,승정원일기,0.3
脩門,4,1406,4,0.3,0.0,고순종실록,0.3,승정원일기,0.3
歲,8,105510,70,0.1,0.0,고려사절요,0.3,고려사,0.3
天氣,5,1559,1,0.1,0.0,고려사,0.3,조선왕조실록,0.3
中廟,4,1711,2,0.1,0.0,고순종실록,0.3,승정원일기,0.3
佐郞,6,30690,4,0.0,0.0,고려사,0.3,한국사료총서,0.3
關西道臣,4,396,1,0.3,0.0,고순종실록,0.3,승정원일기,0.3
東觀,3,2225,6,0.3,0.0,조선왕조실록,0.3,승정원일기,0.3
百順,4,482,1,0.2,0.0,고려사,0.3,승정원일기,0.3
"京城,",7,1738,1,0.1,0.0,고려사,0.3,한국사료총서,0.3
曆書,4,551,1,0.2,0.0,고순종실록,0.3,승정원일기,0.3
武庫,6,537,1,0.2,0.0,고려사,0.3,승정원일기,0.3
慶遠,3,408,1,0.2,0.0,조선왕조실록,0.3,승정원일기,0.3
黍粟,3,451,1,0.2,0.0,조선왕조실록,0.3,승정원일기,0.3
熟知,4,892,2,0.2,0.0,고순종실록,0.3,승정원일기,0.3
臭,6,4121,2,0.0,0.0,고려사,0.3,한국사료총서,0.3
春喜,2,345,1,0.3,0.0,고순종실록,0.3,승정원일기,0.3
鄭,8,409629,271,0.1,0.0,고려사절요,0.3,조선왕조실록,0.3
頓首,5,776,1,0.1,0.0,고려사,0.3,승정원일기,0.3
縉,6,2915,4,0.1,0.0,고려사,0.3,조선왕조실록,0.3
見廣州,3,331,1,0.3,0.0,고순종실록,0.3,승정원일기,0.3
六曹,6,18220,41,0.2,0.0,고려사,0.3,승정원일기,0.3
委,8,67565,173,0.3,0.0,고려사,0.3,고순종실록,0.3
三陽回泰,2,329,1,0.3,0.0,조선왕조실록,0.3,승정원일기,0.3
存心,6,1342,1,0.1,0.0,고려사,0.3,조선왕조실록,0.3
滌,7,12566,6,0.0,0.0,고려사,0.3,조선왕조실록,0.3
繕工,6,9716,25,0.3,0.0,고려사,0.3,승정원일기,0.3
漢昭,4,430,1,0.2,0.0,고순종실록,0.3,승정원일기,0.3
無難,5,6050,2,0.0,0.0,고려사,0.3,조선왕조실록,0.3
賊將,6,631,1,0.2,0.0,고려사,0.3,조선왕조실록,0.3
全羅兵,4,2507,6,0.2,0.0,고순종실록,0.3,조선왕조실록,0.3
敬龍,3,814,2,0.2,0.0,조선왕조실록,0.3,승정원일기,0.3
朴氏,8,1441,2,0.1,0.0,고려사,0.3,승정원일기,0.3
焚黃,5,551,1,0.2,0.0,고려사,0.3,승정원일기,0.3
眷眷,4,2843,1,0.0,0.0,고순종실록,0.3,조선왕조실록,0.3
版籍,5,418,1,0.2,0.0,고려사,0.3,승정원일기,0.3
司譯院,4,2731,5,0.2,0.0,고순종실록,0.3,승정원일기,0.3
補編,4,1747,4,0.2,0.0,고순종실록,0.3,승정원일기,0.3
詩經,4,372,1,0.3,0.0,고순종실록,0.3,승정원일기,0.3
禁營,4,2411,7,0.3,0.0,고순종실록,0.3,승정원일기,0.3
魯甲,3,315,1,0.3,0.0,조선왕조실록,0.3,승정원일기,0.3
兩營,4,5621,15,0.3,0.0,고순종실록,0.3,승정원일기,0.3
三軍府,4,2165,5,0.2,0.0,고순종실록,0.3,승정원일기,0.3
餘萬,7,1143,1,0.1,0.0,고려사,0.3,조선왕조실록,0.3
常,8,346079,275,0.1,0.0,고려사절요,0.3,고려사,0.3
翰苑,3,881,2,0.2,0.0,조선왕조실록,0.3,승정원일기,0.3
忠淸道洪州,2,324,323,99.7,99.7,승정원일기,100.0,조선왕조실록,0.3
仁點,3,490,1,0.2,0.0,조선왕조실록,0.3,승정원일기,0.3
高厚,4,485,1,0.2,0.0,고순종실록,0.3,승정원일기,0.3
長潤,3,446,1,0.2,0.0,조선왕조실록,0.3,승정원일기,0.3
滿住,3,1010,3,0.3,0.0,승정원일기,0.3,조선왕조실록,0.3
武臣堂,4,2039,5,0.2,0.0,고순종실록,0.3,승정원일기,0.3
昇平府,3,358,1,0.3,0.0,조선왕조실록,0.3,승정원일기,0.3
情,8,347336,5,0.0,0.0,고려사절요,0.3,고려사,0.3
到遼,4,381,1,0.3,0.0,고려사,0.3,조선왕조실록,0.3
日用,6,3188,8,0.3,0.0,고려사,0.3,승정원일기,0.3
東井星,2,637,1,0.2,0.0,승정원일기,0.3,조선왕조실록,0.3
喆增,3,350,1,0.3,0.0,고순종실록,0.3,승정원일기,0.3
奏事,6,3154,1,0.0,0.0,고려사,0.3,조선왕조실록,0.3
混,7,17767,21,0.1,0.0,고려사,0.3,조선왕조실록,0.3
韓師直,3,409,1,0.2,0.0,조선왕조실록,0.3,승정원일기,0.3
使本,6,1808,1,0.1,0.0,고려사,0.3,조선왕조실록,0.3
太元,4,359,1,0.3,0.0,삼국유사,0.3,승정원일기,0.3
司果,4,28541,1,0.0,0.0,고순종실록,0.3,한국사료총서,0.3
藥材,6,2108,2,0.1,0.0,고려사,0.2,승정원일기,0.2
郊外,7,3132,6,0.2,0.0,고려사,0.2,승정원일기,0.2
尙州營,4,584,1,0.2,0.0,고순종실록,0.2,승정원일기,0.2
太宗,8,9096,8,0.1,0.0,고려사,0.2,승정원일기,0.2
雲老,3,672,1,0.1,0.0,조선왕조실록,0.2,승정원일기,0.2
世宗朝,4,1791,2,0.1,0.0,고순종실록,0.2,조선왕조실록,0.2
通訓,4,2038,2,0.1,0.0,고순종실록,0.2,조선왕조실록,0.2
將時,4,514,1,0.2,0.0,고순종실록,0.2,승정원일기,0.2
許棨,4,499,1,0.2,0.0,고순종실록,0.2,승정원일기,0.2
邊上,4,2034,4,0.2,0.0,고순종실록,0.2,승정원일기,0.2
靜思,4,587,1,0.2,0.0,고순종실록,0.2,승정원일기,0.2
推鞫廳,3,880,1,0.1,0.0,승정원일기,0.2,조선왕조실록,0.2
宋時烈,4,7493,5,0.1,0.0,고순종실록,0.2,한국사료총서,0.2
內禁衛,4,4246,7,0.2,0.0,고순종실록,0.2,승정원일기,0.2
四館,4,3239,6,0.2,0.0,고순종실록,0.2,승정원일기,0.2
九閽,3,676,1,0.1,0.0,조선왕조실록,0.2,승정원일기,0.2
郞廳監,3,456,1,0.2,0.0,조선왕조실록,0.2,승정원일기,0.2
匡天,3,473,1,0.2,0.0,조선왕조실록,0.2,승정원일기,0.2
蔑,6,18688,4,0.0,0.0,고려사,0.2,한국사료총서,0.2
慕宮秋,4,483,1,0.2,0.0,고순종실록,0.2,승정원일기,0.2
聖學輯要,4,1071,2,0.2,0.0,고순종실록,0.2,승정원일기,0.2
龍蛇,5,804,1,0.1,0.0,고려사,0.2,승정원일기,0.2
祔廟都監,4,965,2,0.2,0.0,고순종실록,0.2,승정원일기,0.2
開門,7,12446,4,0.0,0.0,고려사,0.2,조선왕조실록,0.2
捕盜廳,4,5536,11,0.2,0.0,고순종실록,0.2,승정원일기,0.2
於海,7,2818,1,0.0,0.0,고려사,0.2,조선왕조실록,0.2
監,8,497088,739,0.1,0.0,고려사절요,0.2,한국사료총서,0.2
敎師,4,922,1,0.1,0.0,고순종실록,0.2,한국사료총서,0.2
學逵,2,426,1,0.2,0.0,조선왕조실록,0.2,승정원일기,0.2
省編,3,967,2,0.2,0.0,조선왕조실록,0.2,승정원일기,0.2
審,8,155233,27,0.0,0.0,고려사,0.2,한국사료총서,0.2
命瑞,4,975,2,0.2,0.0,고순종실록,0.2,승정원일기,0.2
此路,4,2407,4,0.2,0.0,고순종실록,0.2,승정원일기,0.2
嶺儒,4,745,1,0.1,0.0,고순종실록,0.2,승정원일기,0.2
無終,5,786,1,0.1,0.0,고려사,0.2,승정원일기,0.2
汲黯,3,678,1,0.1,0.0,조선왕조실록,0.2,승정원일기,0.2
芑,4,2220,3,0.1,0.0,고순종실록,0.2,조선왕조실록,0.2
成湯,6,1614,2,0.1,0.0,고려사,0.2,승정원일기,0.2
齒,8,14454,10,0.1,0.0,고려사,0.2,조선왕조실록,0.2
泰一,4,669,1,0.1,0.0,고순종실록,0.2,승정원일기,0.2
權烒,2,626,1,0.2,0.0,조선왕조실록,0.2,승정원일기,0.2
大典通編,4,3998,7,0.2,0.0,고순종실록,0.2,승정원일기,0.2
後因,4,1379,1,0.1,0.0,고려사,0.2,조선왕조실록,0.2
讀,8,165369,66,0.0,0.0,고려사,0.2,고순종실록,0.2
朝報,4,21747,1,0.0,0.0,고순종실록,0.2,조선왕조실록,0.2
瞞報,4,780,1,0.1,0.0,고순종실록,0.2,승정원일기,0.2
喪禮,6,2032,1,0.0,0.0,고려사,0.2,조선왕조실록,0.2
明憲太后殿,2,960,2,0.2,0.0,고순종실록,0.2,승정원일기,0.2
史略,3,650,1,0.2,0.0,조선왕조실록,0.2,승정원일기,0.2
申絅,2,1618,3,0.2,0.0,조선왕조실록,0.2,승정원일기,0.2
纘新,2,1288,2,0.2,0.0,한국사료총서,0.2,승정원일기,0.2
御便殿,6,1530,2,0.1,0.0,고려사,0.2,승정원일기,0.2
左相,5,15215,1,0.0,0.0,고려사,0.2,한국사료총서,0.2
平安道都,3,630,1,0.2,0.0,승정원일기,0.2,조선왕조실록,0.2
寬典,6,1756,1,0.1,0.0,고려사,0.2,조선왕조실록,0.2
形勝,4,727,1,0.1,0.0,고순종실록,0.2,한국사료총서,0.2
三兩,5,2345,3,0.1,0.0,고려사,0.2,승정원일기,0.2
向因,4,1174,2,0.2,0.0,고순종실록,0.2,승정원일기,0.2
宗社,7,21613,22,0.1,0.0,고려사,0.2,승정원일기,0.2
安性,3,707,1,0.1,0.0,승정원일기,0.2,조선왕조실록,0.2
臺閣,6,17736,31,0.2,0.0,고려사,0.2,승정원일기,0.2
武學,5,982,1,0.1,0.0,고려사,0.2,승정원일기,0.2
昌奎,4,460,1,0.2,0.0,고순종실록,0.2,승정원일기,0.2
高宗,8,3745,3,0.1,0.0,고려사,0.2,조선왕조실록,0.2
北民,4,1220,2,0.2,0.0,고순종실록,0.2,승정원일기,0.2
明光門,2,529,528,99.8,99.8,승정원일기,100.0,조선왕조실록,0.2
禹,6,34981,26,0.1,0.0,고려사,0.2,한국사료총서,0.2
與南,6,814,1,0.1,0.0,고려사,0.2,승정원일기,0.2
桐宮之,2,565,1,0.2,0.0,조선왕조실록,0.2,승정원일기,0.2
上項,6,3438,3,0.1,0.0,고려사,0.2,조선왕조실록,0.2
校理,6,100660,2,0.0,0.0,고려사,0.2,한국사료총서,0.2
張內,3,652,1,0.2,0.0,조선왕조실록,0.2,승정원일기,0.2
韓敦源,4,648,1,0.2,0.0,고순종실록,0.2,승정원일기,0.2
斗南,4,618,1,0.2,0.0,고순종실록,0.2,승정원일기,0.2
崦嵫,2,459,1,0.2,0.0,한국사료총서,0.2,승정원일기,0.2
廚院,4,7866,16,0.2,0.0,고순종실록,0.2,승정원일기,0.2
玄重祚,2,559,1,0.2,0.0,조선왕조실록,0.2,승정원일기,0.2
順天營,4,474,1,0.2,0.0,고순종실록,0.2,승정원일기,0.2
巡檢,6,3891,1,0.0,0.0,고려사,0.2,한국사료총서,0.2
戚里,6,1497,1,0.1,0.0,고려사,0.2,승정원일기,0.2
京司,5,3158,4,0.1,0.0,고려사,0.2,승정원일기,0.2
對馬島主,4,702,1,0.1,0.0,고순종실록,0.2,조선왕조실록,0.2
賀禮,6,2058,1,0.0,0.0,고려사,0.2,한국사료총서,0.2
庸,7,37182,35,0.1,0.0,고려사,0.2,조선왕조실록,0.2
善地,4,994,2,0.2,0.0,고순종실록,0.2,승정원일기,0.2
官職,6,4846,1,0.0,0.0,고려사,0.2,한국사료총서,0.2
夏禹,3,578,1,0.2,0.0,조선왕조실록,0.2,승정원일기,0.2
明史,6,829,1,0.1,0.0,고려사,0.2,승정원일기,0.2
閔台鎬,3,783,1,0.1,0.0,고순종실록,0.2,승정원일기,0.2
摠府,3,35540,68,0.2,0.0,조선왕조실록,0.2,승정원일기,0.2
三司,7,22437,2,0.0,0.0,고려사,0.2,한국사료총서,0.2
成帝,5,575,1,0.2,0.0,고려사,0.2,승정원일기,0.2
旻,6,1063,1,0.1,0.0,고려사,0.2,승정원일기,0.2
儀賓,4,3610,6,0.2,0.0,고순종실록,0.2,승정원일기,0.2
均之,4,2366,2,0.1,0.0,고순종실록,0.2,조선왕조실록,0.2
上國,8,5141,5,0.1,0.0,고려사,0.2,한국사료총서,0.2
特遞,3,2974,1,0.0,0.0,승정원일기,0.2,조선왕조실록,0.2
明義,4,3451,5,0.1,0.0,고순종실록,0.2,승정원일기,0.2
五營,4,675,1,0.1,0.0,고순종실록,0.2,승정원일기,0.2
軍器,6,15304,34,0.2,0.0,고려사,0.2,한국사료총서,0.2
罔措,5,5612,1,0.0,0.0,고려사,0.2,조선왕조실록,0.2
顯弼,3,679,1,0.1,0.0,조선왕조실록,0.2,승정원일기,0.2
大妃殿,5,101804,5,0.0,0.0,고려사,0.2,조선왕조실록,0.2
宗簿寺,6,3572,6,0.2,0.0,고려사,0.2,승정원일기,0.2
貴孫,3,754,1,0.1,0.0,승정원일기,0.2,한국사료총서,0.2
者外,6,3457,4,0.1,0.0,고려사,0.2,조선왕조실록,0.2
弘錄,3,554,1,0.2,0.0,조선왕조실록,0.2,승정원일기,0.2
洪貴,3,685,1,0.1,0.0,승정원일기,0.2,조선왕조실록,0.2
沬,3,1336,2,0.1,0.0,조선왕조실록,0.2,승정원일기,0.2
泳孝,3,1075,1,0.1,0.0,고순종실록,0.2,한국사료총서,0.2
徐相祿,2,533,1,0.2,0.0,조선왕조실록,0.2,승정원일기,0.2
通方外,4,1223,2,0.2,0.0,고순종실록,0.2,승정원일기,0.2
無根,4,1442,1,0.1,0.0,고순종실록,0.2,조선왕조실록,0.2
洸,3,883,1,0.1,0.0,조선왕조실록,0.2,승정원일기,0.2
儼,7,12712,5,0.0,0.0,고려사,0.2,조선왕조실록,0.2
木柵,4,604,1,0.2,0.0,고순종실록,0.2,조선왕조실록,0.2
老成,7,3412,1,0.0,0.0,고려사,0.2,한국사료총서,0.2
內侍府,4,1058,1,0.1,0.0,고려사,0.2,승정원일기,0.2
上將,7,1793,1,0.1,0.0,고려사,0.2,조선왕조실록,0.2
延和門外,2,757,1,0.1,0.0,조선왕조실록,0.2,승정원일기,0.2
置,8,217949,28,0.0,0.0,고순종실록,0.2,고려사절요,0.2
周官,6,1122,2,0.2,0.0,고려사,0.2,승정원일기,0.2
備局,4,45450,1,0.0,0.0,고순종실록,0.2,한국사료총서,0.2
魯東,3,1306,2,0.2,0.0,조선왕조실록,0.2,승정원일기,0.2
漢城右,3,651,1,0.2,0.0,조선왕조실록,0.2,승정원일기,0.2
師模,2,1379,3,0.2,0.0,조선왕조실록,0.2,승정원일기,0.2
首善,4,786,1,0.1,0.0,고순종실록,0.2,승정원일기,0.2
朱子,6,12677,17,0.1,0.0,고려사,0.2,승정원일기,0.2
禁府,4,90370,144,0.2,0.0,고순종실록,0.2,한국사료총서,0.2
當宁,4,1096,1,0.1,0.0,고순종실록,0.2,승정원일기,0.2
色目,4,1788,1,0.1,0.0,고순종실록,0.2,조선왕조실록,0.2
通禮院,4,2815,5,0.2,0.0,고순종실록,0.2,승정원일기,0.2
崔淑,5,509,1,0.2,0.0,고려사,0.2,조선왕조실록,0.2
座,8,42035,29,0.1,0.0,고려사,0.2,조선왕조실록,0.2
中庸,6,4354,7,0.2,0.0,고려사,0.2,조선왕조실록,0.2
全湜,3,641,1,0.2,0.0,조선왕조실록,0.2,승정원일기,0.2
愍忠壇,2,50,43,86.0,89.5,조선왕조실록,89.7,승정원일기,0.2
管仲,5,674,1,0.1,0.0,고려사,0.2,승정원일기,0.2
赤地,6,640,1,0.2,0.0,고려사,0.2,승정원일기,0.2
漢城府右,3,922,1,0.1,0.0,조선왕조실록,0.2,승정원일기,0.2
李士,6,1434,1,0.1,0.0,고려사,0.2,승정원일기,0.2
幺麽一,3,667,1,0.1,0.0,고순종실록,0.2,승정원일기,0.2
璿源譜略,4,1777,3,0.2,0.0,고순종실록,0.2,승정원일기,0.2
冊禮都監,2,627,1,0.2,0.0,조선왕조실록,0.2,승정원일기,0.2
內部,3,4928,3,0.1,0.0,고순종실록,0.2,한국사료총서,0.2
完伯,4,794,1,0.1,0.0,고순종실록,0.2,승정원일기,0.2
幾,7,108596,78,0.1,0.0,고려사,0.2,고순종실록,0.2
大明律,5,3897,7,0.2,0.0,고려사,0.2,승정원일기,0.2
吳命瑞,3,591,1,0.2,0.0,조선왕조실록,0.2,승정원일기,0.2
興學,6,968,1,0.1,0.0,고려사,0.2,승정원일기,0.2
平壤庶尹,4,633,1,0.2,0.0,고순종실록,0.2,승정원일기,0.2
都摠府,3,32392,50,0.2,0.0,조선왕조실록,0.2,승정원일기,0.2
麟佐,3,669,1,0.1,0.0,조선왕조실록,0.2,승정원일기,0.2
",朝鮮",5,2135,1,0.0,0.0,고려사,0.2,한국사료총서,0.2
染,8,8786,6,0.1,0.0,고려사,0.2,한국사료총서,0.2
內醫院,4,6108,13,0.2,0.0,고순종실록,0.2,승정원일기,0.2
檢田,2,486,1,0.2,0.0,조선왕조실록,0.2,승정원일기,0.2
黃順,5,514,1,0.2,0.0,고려사,0.2,승정원일기,0.2
所營,5,592,1,0.2,0.0,고려사,0.2,승정원일기,0.2
觚稜,4,451,1,0.2,0.0,고순종실록,0.2,승정원일기,0.2
旗牌官,4,1218,1,0.1,0.0,고순종실록,0.2,한국사료총서,0.2
德之,7,13426,4,0.0,0.0,고려사,0.2,한국사료총서,0.2
靜攝,4,6699,1,0.0,0.0,고순종실록,0.2,조선왕조실록,0.2
今始,5,13431,1,0.0,0.0,고려사,0.2,한국사료총서,0.2
郡守,6,61640,10,0.0,0.0,고려사,0.2,한국사료총서,0.2
臣,8,2370334,100,0.0,0.0,고려사,0.2,삼국사기,0.2
大司憲,6,74367,1,0.0,0.0,고려사,0.2,한국사료총서,0.2
京畿高陽,2,545,544,99.8,99.8,승정원일기,100.0,조선왕조실록,0.2
縣監,6,83704,7,0.0,0.0,고려사,0.2,한국사료총서,0.2
詣春塘,4,1088,2,0.2,0.0,고순종실록,0.2,승정원일기,0.2
奎章全韻,3,488,1,0.2,0.0,조선왕조실록,0.2,승정원일기,0.2
近島,4,536,1,0.2,0.0,고순종실록,0.2,승정원일기,0.2
非關,4,1058,1,0.1,0.0,고순종실록,0.2,승정원일기,0.2
吏文,4,1942,3,0.2,0.0,고순종실록,0.2,조선왕조실록,0.2
臺廳,3,1415,2,0.1,0.0,조선왕조실록,0.2,승정원일기,0.2
儀禮,5,1337,1,0.1,0.0,고려사,0.2,승정원일기,0.2
都監,6,86834,140,0.2,0.0,고려사,0.2,승정원일기,0.2
所可,6,20498,4,0.0,0.0,고려사,0.2,조선왕조실록,0.2
嶺人,4,955,1,0.1,0.0,고순종실록,0.2,승정원일기,0.2
時政記,3,716,1,0.1,0.0,조선왕조실록,0.2,승정원일기,0.2
柳師模,2,1267,2,0.2,0.0,조선왕조실록,0.2,승정원일기,0.2
京鄕,4,2209,3,0.1,0.0,고순종실록,0.2,승정원일기,0.2
毫,8,26392,7,0.0,0.0,고려사,0.2,한국사료총서,0.2
風雨,7,3460,3,0.1,0.0,고려사,0.2,승정원일기,0.2
濟州牧定,2,514,1,0.2,0.0,조선왕조실록,0.2,승정원일기,0.2
續典,3,1245,2,0.2,0.0,조선왕조실록,0.2,승정원일기,0.2
左傳,4,602,1,0.2,0.0,고려사,0.2,승정원일기,0.2
水田,5,1888,3,0.2,0.0,고려사,0.2,한국사료총서,0.2
城府判,4,2594,2,0.1,0.0,고순종실록,0.2,조선왕조실록,0.2
訓導,6,5004,3,0.1,0.0,고려사,0.2,한국사료총서,0.2
南原君,2,502,1,0.2,0.0,조선왕조실록,0.2,승정원일기,0.2
聰明,6,5042,4,0.1,0.0,고려사,0.2,조선왕조실록,0.2
官前,5,1644,2,0.1,0.0,고려사,0.2,승정원일기,0.2
詣春塘臺,4,1083,1,0.1,0.0,고순종실록,0.1,승정원일기,0.1
諸葛亮,3,995,1,0.1,0.0,조선왕조실록,0.1,승정원일기,0.1
李謙在,3,2049,1,0.0,0.0,조선왕조실록,0.1,승정원일기,0.1
閔珽,3,1470,1,0.1,0.0,조선왕조실록,0.1,승정원일기,0.1
巨源,4,1031,1,0.1,0.0,고려사,0.1,승정원일기,0.1
得濟,3,2116,1,0.0,0.0,조선왕조실록,0.1,승정원일기,0.1
館學,5,5078,4,0.1,0.0,고려사,0.1,승정원일기,0.1
掛書,4,1316,1,0.1,0.0,고순종실록,0.1,승정원일기,0.1
大爲,6,4375,1,0.0,0.0,고려사,0.1,조선왕조실록,0.1
行宗,4,1214,1,0.1,0.0,고순종실록,0.1,승정원일기,0.1
大圭,3,838,1,0.1,0.0,조선왕조실록,0.1,승정원일기,0.1
世宗,8,5924,4,0.1,0.0,고려사,0.1,승정원일기,0.1
軍官,7,21383,9,0.0,0.0,고려사,0.1,한국사료총서,0.1
鼎秉,2,1242,1,0.1,0.0,조선왕조실록,0.1,승정원일기,0.1
閭閻,5,4213,2,0.0,0.0,고려사,0.1,조선왕조실록,0.1
李庚運,2,1394,1,0.1,0.0,조선왕조실록,0.1,승정원일기,0.1
就一,3,986,1,0.1,0.0,조선왕조실록,0.1,승정원일기,0.1
聖朝,6,14356,1,0.0,0.0,고려사,0.1,조선왕조실록,0.1
按律,5,4234,2,0.0,0.0,고려사,0.1,조선왕조실록,0.1
夏宅,2,1562,1,0.1,0.0,조선왕조실록,0.1,승정원일기,0.1
文臣殿,4,1948,2,0.1,0.0,고순종실록,0.1,승정원일기,0.1
同平,6,995,1,0.1,0.0,고려사,0.1,승정원일기,0.1
盛德,6,7803,2,0.0,0.0,고려사,0.1,조선왕조실록,0.1
象魏,4,1006,1,0.1,0.0,고순종실록,0.1,승정원일기,0.1
"江都,",6,1929,1,0.1,0.0,고려사,0.1,승정원일기,0.1
憲府,6,42204,12,0.0,0.0,고려사,0.1,승정원일기,0.1
開場,4,3278,2,0.1,0.0,고순종실록,0.1,승정원일기,0.1
之,8,8745378,2009,0.0,0.0,고순종실록,0.1,삼국유사,0.1
任中,5,1926,1,0.1,0.0,고려사,0.1,승정원일기,0.1
武臣殿,3,765,1,0.1,0.0,고순종실록,0.1,승정원일기,0.1
壬戌,8,7199,2,0.0,0.0,고려사,0.1,한국사료총서,0.1
泓,6,4136,4,0.1,0.0,고려사,0.1,조선왕조실록,0.1
鳳輝,3,3955,2,0.1,0.0,조선왕조실록,0.1,승정원일기,0.1
俊輔,3,3683,3,0.1,0.0,조선왕조실록,0.1,승정원일기,0.1
東榦,2,745,1,0.1,0.0,조선왕조실록,0.1,승정원일기,0.1
乃爲,7,3123,1,0.0,0.0,고려사,0.1,승정원일기,0.1
全羅兵使,4,2050,1,0.0,0.0,고순종실록,0.1,승정원일기,0.1
褊裨,4,1289,1,0.1,0.0,고순종실록,0.1,승정원일기,0.1
德夏,3,1048,1,0.1,0.0,조선왕조실록,0.1,승정원일기,0.1
宗周,5,1559,2,0.1,0.0,고려사,0.1,승정원일기,0.1
元在明,2,1452,1,0.1,0.0,조선왕조실록,0.1,승정원일기,0.1
詩,8,42471,22,0.1,0.0,고려사,0.1,한국사료총서,0.1
南泰齊,3,3653,2,0.1,0.0,조선왕조실록,0.1,승정원일기,0.1
正熙,3,1528,1,0.1,0.0,고순종실록,0.1,승정원일기,0.1
謹愼,6,2793,1,0.0,0.0,고려사,0.1,조선왕조실록,0.1
墢,3,3202,3,0.1,0.0,조선왕조실록,0.1,승정원일기,0.1
周禮,5,1919,1,0.1,0.0,고려사,0.1,승정원일기,0.1
爾國,7,2192,1,0.0,0.0,고려사,0.1,조선왕조실록,0.1
各陵,4,4833,6,0.1,0.0,고순종실록,0.1,승정원일기,0.1
許穆,4,1608,1,0.1,0.0,고순종실록,0.1,승정원일기,0.1
九重,6,3520,1,0.0,0.0,고려사,0.1,조선왕조실록,0.1
會遂,3,958,1,0.1,0.0,조선왕조실록,0.1,승정원일기,0.1
迎接都監,4,9835,7,0.1,0.0,고순종실록,0.1,승정원일기,0.1
等官,6,4404,1,0.0,0.0,고려사,0.1,조선왕조실록,0.1
梓宮,6,5138,2,0.0,0.0,고려사,0.1,승정원일기,0.1
光友,2,1566,1,0.1,0.0,조선왕조실록,0.1,승정원일기,0.1
漢城府判,4,2582,1,0.0,0.0,고순종실록,0.1,조선왕조실록,0.1
孟子,7,12390,10,0.1,0.0,고려사,0.1,조선왕조실록,0.1
禁扃,3,2205,3,0.1,0.0,조선왕조실록,0.1,승정원일기,0.1
宜令,6,3321,1,0.0,0.0,고려사,0.1,승정원일기,0.1
奏文,4,2377,3,0.1,0.0,고순종실록,0.1,조선왕조실록,0.1
詣廟,3,737,1,0.1,0.0,조선왕조실록,0.1,승정원일기,0.1
權襈,3,998,1,0.1,0.0,조선왕조실록,0.1,승정원일기,0.1
億增,3,850,1,0.1,0.0,조선왕조실록,0.1,승정원일기,0.1
賑,7,49151,30,0.1,0.0,고려사,0.1,한국사료총서,0.1
尙方,4,2134,1,0.0,0.0,고순종실록,0.1,승정원일기,0.1
箕殷,3,1930,2,0.1,0.0,조선왕조실록,0.1,승정원일기,0.1
靈光郡守,4,862,1,0.1,0.0,고순종실록,0.1,승정원일기,0.1
方伯,4,7341,1,0.0,0.0,고순종실록,0.1,한국사료총서,0.1
光宇,3,1969,1,0.1,0.0,조선왕조실록,0.1,승정원일기,0.1
樂仁,3,1905,1,0.1,0.0,조선왕조실록,0.1,승정원일기,0.1
政院,6,138658,107,0.1,0.0,고려사,0.1,승정원일기,0.1
畢,8,76835,10,0.0,0.0,고려사,0.1,한국사료총서,0.1
若出,6,1788,1,0.1,0.0,고려사,0.1,승정원일기,0.1
諸陵,6,2238,2,0.1,0.0,고려사,0.1,승정원일기,0.1
措辭,4,55440,1,0.0,0.0,고순종실록,0.1,조선왕조실록,0.1
監司,5,134788,6,0.0,0.0,고려사,0.1,한국사료총서,0.1
集斗,3,5162,3,0.1,0.0,조선왕조실록,0.1,승정원일기,0.1
鳳齡,3,1807,1,0.1,0.0,조선왕조실록,0.1,승정원일기,0.1
迎送,6,3144,1,0.0,0.0,고려사,0.1,조선왕조실록,0.1
以長,8,2947,1,0.0,0.0,고려사,0.1,조선왕조실록,0.1
翰林,8,10112,10,0.1,0.0,고려사,0.1,승정원일기,0.1
七百,8,9133,3,0.0,0.0,고려사,0.1,조선왕조실록,0.1
抽栍,4,1377,1,0.1,0.0,고순종실록,0.1,승정원일기,0.1
大殿,5,30368,7,0.0,0.0,고려사,0.1,조선왕조실록,0.1
鄭致達妻,3,1279,1,0.1,0.0,조선왕조실록,0.1,승정원일기,0.1
展拜後,3,858,1,0.1,0.0,조선왕조실록,0.1,승정원일기,0.1
趙胤錫,2,1073,1,0.1,0.0,조선왕조실록,0.1,승정원일기,0.1
畿民,4,1290,1,0.1,0.0,고순종실록,0.1,승정원일기,0.1
大中,8,1924,1,0.1,0.0,고려사,0.1,승정원일기,0.1
李晩運,4,721,1,0.1,0.0,고순종실록,0.1,승정원일기,0.1
持平,6,116556,2,0.0,0.0,고려사,0.1,한국사료총서,0.1
公都,4,1742,1,0.1,0.0,고순종실록,0.1,승정원일기,0.1
復一,5,1348,1,0.1,0.0,고순종실록,0.1,승정원일기,0.1
徐榮輔,3,3932,2,0.1,0.0,조선왕조실록,0.1,승정원일기,0.1
絳,7,5923,4,0.1,0.0,고려사,0.1,조선왕조실록,0.1
於忠,6,2616,1,0.0,0.0,고려사,0.1,승정원일기,0.1
隧道閣,2,155,12,7.7,7.7,조선왕조실록,7.7,승정원일기,0.1
嚴璘,3,1823,1,0.1,0.0,조선왕조실록,0.1,승정원일기,0.1
洽,8,11515,6,0.1,0.0,고려사,0.1,조선왕조실록,0.1
具善行,3,1642,1,0.1,0.0,조선왕조실록,0.1,승정원일기,0.1
明日殿,3,1387,1,0.1,0.0,조선왕조실록,0.1,승정원일기,0.1
沈墢,3,2870,2,0.1,0.0,조선왕조실록,0.1,승정원일기,0.1
故都,4,1003,1,0.1,0.0,고순종실록,0.1,승정원일기,0.1
留營,4,2807,2,0.1,0.0,고순종실록,0.1,승정원일기,0.1
瑞鳳,6,2509,1,0.0,0.0,고려사,0.1,승정원일기,0.1
"春塘臺,",4,1940,1,0.1,0.0,고순종실록,0.1,승정원일기,0.1
禮經,4,2433,1,0.0,0.0,고순종실록,0.1,승정원일기,0.1
元穀,4,1022,1,0.1,0.0,고순종실록,0.1,승정원일기,0.1
干連,4,1827,1,0.1,0.0,고순종실록,0.1,승정원일기,0.1
戌,8,42729,13,0.0,0.0,고려사절요,0.1,한국사료총서,0.1
心經,3,1522,1,0.1,0.0,조선왕조실록,0.1,승정원일기,0.1
判官,7,24330,2,0.0,0.0,고려사,0.1,한국사료총서,0.1
元斗杓,3,2578,1,0.0,0.0,조선왕조실록,0.1,승정원일기,0.1
承旨,6,1079786,2,0.0,0.0,고려사,0.1,한국사료총서,0.1
用,8,380702,329,0.1,0.0,고려사절요,0.1,한국사료총서,0.1
海重,4,1385,1,0.1,0.0,고순종실록,0.1,승정원일기,0.1
兩所,5,1245,1,0.1,0.0,고려사절요,0.1,승정원일기,0.1
黃&#x257B5;,2,762,1,0.1,0.0,조선왕조실록,0.1,승정원일기,0.1
賑廳,4,5058,3,0.1,0.0,고순종실록,0.1,승정원일기,0.1
尙憲,4,3135,1,0.0,0.0,고순종실록,0.1,승정원일기,0.1
樂任,3,933,1,0.1,0.0,조선왕조실록,0.1,승정원일기,0.1
宗簿,6,7468,8,0.1,0.0,고려사,0.1,승정원일기,0.1
守陵,5,1345,1,0.1,0.0,고려사,0.1,승정원일기,0.1
都事,7,56765,5,0.0,0.0,고려사,0.1,한국사료총서,0.1
逃躱,4,2710,1,0.0,0.0,고순종실록,0.1,승정원일기,0.1
御熙政,4,12115,1,0.0,0.0,고순종실록,0.1,조선왕조실록,0.1
惠堂,4,2055,2,0.1,0.0,고순종실록,0.1,승정원일기,0.1
禁府郞廳,3,964,1,0.1,0.0,조선왕조실록,0.1,승정원일기,0.1
洪赫,4,1962,1,0.1,0.0,고순종실록,0.1,승정원일기,0.1
刑,8,217168,11,0.0,0.0,고려사,0.1,한국사료총서,0.1
沈能稷,2,691,1,0.1,0.0,조선왕조실록,0.1,승정원일기,0.1
鳳瑞,3,2268,1,0.0,0.0,조선왕조실록,0.1,승정원일기,0.1
自省編,3,960,1,0.1,0.0,조선왕조실록,0.1,승정원일기,0.1
致薰,3,791,1,0.1,0.0,조선왕조실록,0.1,승정원일기,0.1
開城留,4,5023,1,0.0,0.0,고순종실록,0.1,조선왕조실록,0.1
望燎位,4,1179,1,0.1,0.0,고려사,0.1,승정원일기,0.1
此京,4,748,1,0.1,0.0,고순종실록,0.1,승정원일기,0.1
畿伯,4,3806,3,0.1,0.0,고순종실록,0.1,승정원일기,0.1
文蔭,4,1331,1,0.1,0.0,고순종실록,0.1,승정원일기,0.1
昌孫,3,2409,2,0.1,0.0,승정원일기,0.1,조선왕조실록,0.1
榮輔,3,5373,3,0.1,0.0,조선왕조실록,0.1,승정원일기,0.1
宣薦,4,1895,2,0.1,0.0,고순종실록,0.1,승정원일기,0.1
本營,4,24482,13,0.1,0.0,고순종실록,0.1,승정원일기,0.1
順付,4,3175,1,0.0,0.0,고순종실록,0.1,승정원일기,0.1
示,8,60422,13,0.0,0.0,고려사,0.1,조선왕조실록,0.1
敦寧,4,31169,35,0.1,0.0,고순종실록,0.1,승정원일기,0.1
埈,4,3005,2,0.1,0.0,고순종실록,0.1,승정원일기,0.1
厚鎭,3,865,1,0.1,0.0,조선왕조실록,0.1,승정원일기,0.1
泮儒,4,1079,1,0.1,0.0,고순종실록,0.1,승정원일기,0.1
費,8,41179,28,0.1,0.0,고려사,0.1,승정원일기,0.1
相聖,3,764,1,0.1,0.0,조선왕조실록,0.1,승정원일기,0.1
巡營,4,3064,4,0.1,0.0,고순종실록,0.1,승정원일기,0.1
繕工監,4,5479,5,0.1,0.0,고순종실록,0.1,승정원일기,0.1
京兆堂,4,971,1,0.1,0.0,고순종실록,0.1,승정원일기,0.1
慕宮展,4,1516,1,0.1,0.0,고순종실록,0.1,승정원일기,0.1
在京,7,21156,4,0.0,0.0,고려사,0.1,한국사료총서,0.1
墳山,3,1970,2,0.1,0.0,조선왕조실록,0.1,승정원일기,0.1
居京,5,1118,1,0.1,0.0,고려사,0.1,승정원일기,0.1
長番,3,1398,1,0.1,0.0,조선왕조실록,0.1,승정원일기,0.1
閔耆顯,2,2565,2,0.1,0.0,조선왕조실록,0.1,승정원일기,0.1
道臣,4,54942,3,0.0,0.0,고순종실록,0.1,한국사료총서,0.1
綿農,4,793,1,0.1,0.0,고순종실록,0.1,승정원일기,0.1
資政殿,2,1237,1217,98.4,98.3,조선왕조실록,98.4,승정원일기,0.1
鄕黨,4,1049,1,0.1,0.0,고순종실록,0.1,승정원일기,0.1
申,8,350479,120,0.0,0.0,고려사절요,0.1,한국사료총서,0.1
興敏,4,1484,1,0.1,0.0,고순종실록,0.1,승정원일기,0.1
皐陶,4,844,1,0.1,0.0,고순종실록,0.1,승정원일기,0.1
魯益,3,1169,1,0.1,0.0,조선왕조실록,0.1,승정원일기,0.1
賢嬪宮,3,2782,4,0.1,0.0,조선왕조실록,0.1,승정원일기,0.1
保釐,6,963,1,0.1,0.0,고려사,0.1,승정원일기,0.1
綱,8,69245,8,0.0,0.0,고려사,0.1,한국사료총서,0.1
所致,7,4550,2,0.0,0.0,고려사,0.1,한국사료총서,0.1
奉審訖,2,1912,1,0.1,0.0,조선왕조실록,0.1,승정원일기,0.1
鼎養,3,770,1,0.1,0.0,조선왕조실록,0.1,승정원일기,0.1
御春塘臺,4,1422,1,0.1,0.0,고순종실록,0.1,조선왕조실록,0.1
責成,5,2606,1,0.0,0.0,고려사,0.1,승정원일기,0.1
兪致善,4,1162,1,0.1,0.0,고순종실록,0.1,승정원일기,0.1
淸正,3,1344,1,0.1,0.0,승정원일기,0.1,조선왕조실록,0.1
鍵,5,2306,2,0.1,0.0,고려사,0.1,승정원일기,0.1
闕門,6,6921,4,0.1,0.0,고려사,0.1,조선왕조실록,0.1
豐登,4,1277,1,0.1,0.0,고순종실록,0.1,승정원일기,0.1
御思政,3,962,1,0.1,0.0,승정원일기,0.1,조선왕조실록,0.1
藩任,4,1912,1,0.1,0.0,고순종실록,0.1,승정원일기,0.1
俾安,5,1525,1,0.1,0.0,고려사,0.1,승정원일기,0.1
通明殿,2,456,445,97.6,98.0,승정원일기,98.1,조선왕조실록,0.1
履永,3,3483,3,0.1,0.0,조선왕조실록,0.1,승정원일기,0.1
泰會,3,3585,2,0.1,0.0,조선왕조실록,0.1,승정원일기,0.1
鎭禧,3,1940,1,0.1,0.0,조선왕조실록,0.1,승정원일기,0.1
守令,6,93527,1,0.0,0.0,고려사,0.1,한국사료총서,0.1
長廣,5,844,1,0.1,0.0,고순종실록,0.1,승정원일기,0.1
有非,6,8731,1,0.0,0.0,고려사,0.1,조선왕조실록,0.1
馬水,4,1598,1,0.1,0.0,고순종실록,0.1,승정원일기,0.1
止淵,3,5779,3,0.1,0.0,조선왕조실록,0.1,승정원일기,0.1
黃浩民,3,1448,1,0.1,0.0,고순종실록,0.1,승정원일기,0.1
丹書,4,995,1,0.1,0.0,고순종실록,0.1,승정원일기,0.1
洪羲祖,3,805,1,0.1,0.0,조선왕조실록,0.1,승정원일기,0.1
所難,6,10277,1,0.0,0.0,고려사,0.1,조선왕조실록,0.1
玆,7,100912,25,0.0,0.0,고려사,0.1,조선왕조실록,0.1
僚,8,58959,2,0.0,0.0,고려사,0.1,한국사료총서,0.1
元景淳,3,1565,1,0.1,0.0,조선왕조실록,0.1,승정원일기,0.1
舜,8,36488,11,0.0,0.0,고려사,0.1,한국사료총서,0.1
義當,6,1458,1,0.1,0.0,고려사,0.1,승정원일기,0.1
武臣堂上,4,1924,1,0.1,0.0,고순종실록,0.1,승정원일기,0.1
觸,7,15237,3,0.0,0.0,고려사,0.1,조선왕조실록,0.1
朴齊純,3,1085,1,0.1,0.0,고순종실록,0.1,승정원일기,0.1
觀察使,6,23220,1,0.0,0.0,고려사,0.1,한국사료총서,0.1
慶尙左兵使,4,1522,1,0.1,0.0,고순종실록,0.1,승정원일기,0.1
綱常,5,4509,1,0.0,0.0,고려사,0.1,승정원일기,0.1
泮長,4,1301,1,0.1,0.0,고순종실록,0.1,승정원일기,0.1
瑛,6,3317,2,0.1,0.0,고려사,0.1,조선왕조실록,0.1
夷狄,6,2507,1,0.0,0.0,고려사,0.1,조선왕조실록,0.1
嗚呼,6,24030,10,0.0,0.0,고려사,0.1,조선왕조실록,0.1
賊變,6,1378,1,0.1,0.0,고려사,0.1,조선왕조실록,0.1
若鏞,3,972,1,0.1,0.0,조선왕조실록,0.1,승정원일기,0.1
百姓,8,6759,2,0.0,0.0,고려사,0.1,조선왕조실록,0.1
柏府,3,1968,1,0.1,0.0,조선왕조실록,0.1,승정원일기,0.1
夏間,4,1454,1,0.1,0.0,고순종실록,0.1,승정원일기,0.1
所行,7,2037,2,0.1,0.0,고려사,0.1,조선왕조실록,0.1
申絢,2,2926,3,0.1,0.0,조선왕조실록,0.1,승정원일기,0.1
故人,6,10062,1,0.0,0.0,고려사,0.1,조선왕조실록,0.1
備邊司,4,46929,37,0.1,0.0,고순종실록,0.1,승정원일기,0.1
蕩平,4,3696,1,0.0,0.0,고순종실록,0.1,조선왕조실록,0.1
令紫門,2,1550,1,0.1,0.0,조선왕조실록,0.1,승정원일기,0.1
司䆃寺,3,879,1,0.1,0.0,조선왕조실록,0.1,승정원일기,0.1
璘,6,4219,2,0.0,0.0,고려사,0.1,승정원일기,0.1
安用,6,1356,1,0.1,0.0,고려사,0.1,승정원일기,0.1
錄用,6,2591,1,0.0,0.0,고려사,0.1,조선왕조실록,0.1
吳熙常,2,956,1,0.1,0.0,조선왕조실록,0.1,승정원일기,0.1
春宮,6,3270,3,0.1,0.0,고려사,0.1,승정원일기,0.1
臺章,4,1551,1,0.1,0.0,고순종실록,0.1,승정원일기,0.1
羹墻錄,3,1056,1,0.1,0.0,조선왕조실록,0.1,승정원일기,0.1
察訪,6,19390,3,0.0,0.0,고려사,0.1,한국사료총서,0.1
危,8,68495,41,0.1,0.0,고려사,0.1,조선왕조실록,0.1
會付,4,1484,1,0.1,0.0,고순종실록,0.1,승정원일기,0.1
宗廟展,3,734,1,0.1,0.0,조선왕조실록,0.1,승정원일기,0.1
太廟展,4,1433,2,0.1,0.0,고순종실록,0.1,승정원일기,0.1
唐太宗,7,1427,1,0.1,0.0,고려사,0.1,승정원일기,0.1
金吾堂,4,2724,3,0.1,0.0,고순종실록,0.1,승정원일기,0.1
安相徽,2,1314,1,0.1,0.0,조선왕조실록,0.1,승정원일기,0.1
嘉納,7,2328,1,0.0,0.0,고려사,0.1,조선왕조실록,0.1
於湖南,4,942,1,0.1,0.0,고순종실록,0.1,승정원일기,0.1
于灣府,2,846,1,0.1,0.0,조선왕조실록,0.1,승정원일기,0.1
魚錫定,3,1719,1,0.1,0.0,조선왕조실록,0.1,승정원일기,0.1
道路,8,9558,5,0.1,0.0,고려사,0.1,한국사료총서,0.1
德遠,3,2997,2,0.1,0.0,조선왕조실록,0.1,승정원일기,0.1
觀察,7,29819,5,0.0,0.0,고려사,0.1,한국사료총서,0.1
平一,3,2471,2,0.1,0.0,조선왕조실록,0.1,승정원일기,0.1
詣毓祥,4,1211,1,0.1,0.0,고순종실록,0.1,승정원일기,0.1
武德門,2,586,567,96.8,96.8,승정원일기,96.9,조선왕조실록,0.1
彦衡,3,1518,1,0.1,0.0,조선왕조실록,0.1,승정원일기,0.1
克觀,2,1708,1,0.1,0.0,조선왕조실록,0.1,승정원일기,0.1
元義孫,3,973,1,0.1,0.0,조선왕조실록,0.1,승정원일기,0.1
安老,3,2710,5,0.2,0.0,승정원일기,0.1,조선왕조실록,0.1
鄭太和,4,5929,3,0.1,0.0,고순종실록,0.1,승정원일기,0.1
繹,7,4926,2,0.0,0.0,고려사,0.1,승정원일기,0.1
島主,4,7441,2,0.0,0.0,고순종실록,0.1,조선왕조실록,0.1
澤遂,3,1454,2,0.1,0.0,조선왕조실록,0.1,승정원일기,0.1
使,8,827448,431,0.1,0.0,삼국사기,0.1,승정원일기,0.1
辛卯,7,8482,2,0.0,0.0,고려사,0.1,조선왕조실록,0.1
錫三,3,2492,2,0.1,0.0,조선왕조실록,0.1,승정원일기,0.1
內三廳,4,16794,9,0.1,0.0,고순종실록,0.1,승정원일기,0.1
澈,4,7159,3,0.0,0.0,고순종실록,0.1,조선왕조실록,0.1
稍實,3,4112,3,0.1,0.0,조선왕조실록,0.1,승정원일기,0.1
虛受,5,1489,1,0.1,0.0,고려사,0.1,승정원일기,0.1
崔,8,138004,45,0.0,0.0,고려사,0.1,조선왕조실록,0.1
世子嬪宮,4,4125,2,0.0,0.0,고순종실록,0.0,승정원일기,0.0
慶尙道豐基,2,75,75,100.0,100.0,승정원일기,100.0,조선왕조실록,0.0
松林縣,2,14,14,100.0,100.0,고려사,100.0,조선왕조실록,0.0
漆枝,2,8,4,50.0,50.0,조선왕조실록,50.0,한국사료총서,0.0
長碕,2,7,7,100.0,100.0,승정원일기,100.0,조선왕조실록,0.0
金堤縣,2,9,8,88.9,100.0,고려사,100.0,조선왕조실록,0.0
往谷,2,7,1,14.3,0.0,승정원일기,0.0,한국사료총서,0.0
壇初,2,26,1,3.8,0.0,승정원일기,0.0,한국사료총서,0.0
乾川里,2,16,16,100.0,100.0,승정원일기,100.0,한국사료총서,0.0
津衍所,2,9,9,100.0,100.0,고려사,100.0,조선왕조실록,0.0
㫌善郡,2,7,3,42.9,33.3,승정원일기,33.3,조선왕조실록,0.0
禮曹,6,117601,29,0.0,0.0,고려사,0.0,승정원일기,0.0
權敦仁,4,4802,1,0.0,0.0,고순종실록,0.0,승정원일기,0.0
金鰲島,2,25,24,96.0,100.0,승정원일기,100.0,조선왕조실록,0.0
全州府萬馬關,2,6,6,100.0,100.0,고순종실록,100.0,승정원일기,0.0
安頓,4,387,1,0.3,0.0,고순종실록,0.0,한국사료총서,0.0
大木郡,3,10,10,100.0,100.0,고려사,100.0,삼국사기,0.0
觀風殿,2,16,1,6.2,0.0,고려사,0.0,고려사절요,0.0
州晋,2,10,10,100.0,100.0,조선왕조실록,100.0,한국사료총서,0.0
平安道三登,2,38,37,97.4,100.0,승정원일기,100.0,조선왕조실록,0.0
寧海軍,3,19,1,5.3,0.0,고려사,0.0,한국사료총서,0.0
慶尙道禮安縣,2,14,14,100.0,100.0,승정원일기,100.0,조선왕조실록,0.0
慶尙道漆原縣,2,12,12,100.0,100.0,승정원일기,100.0,조선왕조실록,0.0
謝,8,75842,5,0.0,0.0,고려사,0.0,조선왕조실록,0.0
彌勒洞,2,10,10,100.0,100.0,조선왕조실록,100.0,한국사료총서,0.0
慶尙道金山郡,2,42,42,100.0,100.0,승정원일기,100.0,조선왕조실록,0.0
屈火,2,10,10,100.0,100.0,고려사,100.0,조선왕조실록,0.0
善復,3,5758,1,0.0,0.0,조선왕조실록,0.0,승정원일기,0.0
靈光郡荏子島,3,183,183,100.0,100.0,승정원일기,100.0,한국사료총서,0.0
全羅道同福縣,2,26,26,100.0,100.0,승정원일기,100.0,조선왕조실록,0.0
忠淸道扶餘,2,81,81,100.0,100.0,승정원일기,100.0,조선왕조실록,0.0
興遼,2,21,2,9.5,0.0,고려사,0.0,고려사절요,0.0
種城,2,10,9,90.0,100.0,승정원일기,100.0,조선왕조실록,0.0
歸州寺,2,17,17,100.0,100.0,고순종실록,100.0,승정원일기,0.0
三水鎭,2,10,7,70.0,66.7,승정원일기,66.7,한국사료총서,0.0
旌烈祠,2,9,7,77.8,100.0,승정원일기,100.0,조선왕조실록,0.0
日進,6,6341,1,0.0,0.0,고려사,0.0,승정원일기,0.0
思賢閣,2,15,15,100.0,100.0,승정원일기,100.0,조선왕조실록,0.0
長津鎭,2,14,12,85.7,85.7,승정원일기,85.7,조선왕조실록,0.0
每島,2,18,18,100.0,100.0,승정원일기,100.0,조선왕조실록,0.0
化寧縣,2,10,10,100.0,100.0,조선왕조실록,100.0,한국사료총서,0.0
昌寧府,2,86,1,1.2,0.0,조선왕조실록,0.0,한국사료총서,0.0
槥城,3,15,15,100.0,100.0,고려사,100.0,한국사료총서,0.0
白鹿洞書院,2,20,18,90.0,100.0,승정원일기,100.0,조선왕조실록,0.0
京畿黃海,2,9,9,100.0,100.0,승정원일기,100.0,한국사료총서,0.0
朝廷,8,63311,1,0.0,0.0,고려사,0.0,한국사료총서,0.0
全南道全州,2,16,16,100.0,100.0,승정원일기,100.0,조선왕조실록,0.0
藥山山城,2,14,14,100.0,100.0,승정원일기,100.0,조선왕조실록,0.0
昌慶宮儲承殿,2,8,8,100.0,100.0,승정원일기,100.0,조선왕조실록,0.0
喉院,4,4213,1,0.0,0.0,고순종실록,0.0,승정원일기,0.0
重興洞,2,26,26,100.0,100.0,승정원일기,100.0,조선왕조실록,0.0
仙甘,2,9,9,100.0,100.0,승정원일기,100.0,조선왕조실록,0.0
嘉愚,3,3496,1,0.0,0.0,조선왕조실록,0.0,승정원일기,0.0
抱川新坪,2,10,9,90.0,100.0,승정원일기,100.0,조선왕조실록,0.0
甫音島,2,41,41,100.0,100.0,승정원일기,100.0,조선왕조실록,0.0
制,8,102971,22,0.0,0.0,고려사,0.0,조선왕조실록,0.0
昌德宮璿源殿,2,37,37,100.0,100.0,승정원일기,100.0,조선왕조실록,0.0
軍器倉,2,17,1,5.9,0.0,승정원일기,0.0,한국사료총서,0.0
陌上,2,16,1,6.2,0.0,승정원일기,0.0,한국사료총서,0.0
以聞,7,19800,1,0.0,0.0,고려사,0.0,조선왕조실록,0.0
龍津鎭,4,29,29,100.0,100.0,고려사,100.0,조선왕조실록,0.0
郞廳,4,81514,5,0.0,0.0,고순종실록,0.0,승정원일기,0.0
黃海道新溪縣,2,46,45,97.8,100.0,승정원일기,100.0,조선왕조실록,0.0
北將臺,2,60,1,1.7,0.0,조선왕조실록,0.0,한국사료총서,0.0
獅子島,3,18,18,100.0,100.0,승정원일기,100.0,한국사료총서,0.0
漢拿山,2,8,7,87.5,100.0,승정원일기,100.0,조선왕조실록,0.0
洪州府,2,33,33,100.0,100.0,고순종실록,100.0,승정원일기,0.0
管州,2,14,1,7.1,0.0,승정원일기,0.0,조선왕조실록,0.0
士休,2,20,1,5.0,0.0,승정원일기,0.0,한국사료총서,0.0
黃龍寺,2,16,2,12.5,0.0,고려사,0.0,한국사료총서,0.0
兎城鎭,2,8,8,100.0,100.0,승정원일기,100.0,조선왕조실록,0.0
順天松廣寺,2,13,10,76.9,100.0,승정원일기,100.0,조선왕조실록,0.0
淸塞,3,35,33,94.3,100.0,고려사,100.0,한국사료총서,0.0
芋山,2,10,10,100.0,100.0,고순종실록,100.0,승정원일기,0.0
雷州,2,17,17,100.0,100.0,승정원일기,100.0,조선왕조실록,0.0
咸鏡南道咸興,2,11,11,100.0,100.0,고순종실록,100.0,승정원일기,0.0
唐城郡,2,7,7,100.0,100.0,고려사,100.0,삼국사기,0.0
慶尙道英陽,2,26,26,100.0,100.0,승정원일기,100.0,조선왕조실록,0.0
七元,4,43,1,2.3,0.0,고순종실록,0.0,한국사료총서,0.0
牒,7,30879,5,0.0,0.0,고려사,0.0,조선왕조실록,0.0
江華喬桐,2,9,9,100.0,100.0,승정원일기,100.0,조선왕조실록,0.0
中宮殿,4,52115,8,0.0,0.0,고순종실록,0.0,승정원일기,0.0
昭德門,2,26,24,92.3,100.0,승정원일기,100.0,조선왕조실록,0.0
全羅道求禮,2,64,64,100.0,100.0,승정원일기,100.0,조선왕조실록,0.0
昆明縣,2,7,7,100.0,100.0,조선왕조실록,100.0,한국사료총서,0.0
安&#x20371;,2,2112,1,0.0,0.0,조선왕조실록,0.0,승정원일기,0.0
責,8,122996,6,0.0,0.0,고려사,0.0,한국사료총서,0.0
三和港,2,111,110,99.1,100.0,고순종실록,100.0,승정원일기,0.0
道岬寺,2,7,6,85.7,100.0,승정원일기,100.0,조선왕조실록,0.0
徵,8,86424,9,0.0,0.0,고려사,0.0,조선왕조실록,0.0
衿果,2,8,8,100.0,100.0,조선왕조실록,100.0,한국사료총서,0.0
全羅道同福,2,50,50,100.0,100.0,승정원일기,100.0,조선왕조실록,0.0
宗善,3,8182,1,0.0,0.0,조선왕조실록,0.0,승정원일기,0.0
京畿果川,2,576,574,99.7,100.0,승정원일기,100.0,조선왕조실록,0.0
平安道中和,3,189,189,100.0,100.0,승정원일기,100.0,한국사료총서,0.0
吾川驛,2,12,11,91.7,100.0,승정원일기,100.0,조선왕조실록,0.0
平安道祥原郡,3,64,64,100.0,100.0,승정원일기,100.0,한국사료총서,0.0
全羅道咸悅縣,3,52,52,100.0,100.0,승정원일기,100.0,한국사료총서,0.0
文善浦,2,6,6,100.0,100.0,고순종실록,100.0,승정원일기,0.0
大猷齋,2,74,73,98.6,100.0,고순종실록,100.0,승정원일기,0.0
廣化坊,2,14,14,100.0,100.0,승정원일기,100.0,조선왕조실록,0.0
景福宮光化門,2,8,8,100.0,100.0,승정원일기,100.0,조선왕조실록,0.0
丁火,2,8,6,75.0,66.7,조선왕조실록,66.7,한국사료총서,0.0
長淵郡白翎島,2,21,21,100.0,100.0,승정원일기,100.0,한국사료총서,0.0
海宗,2,184,1,0.5,0.0,승정원일기,0.0,한국사료총서,0.0
押海島,2,14,13,92.9,100.0,승정원일기,100.0,조선왕조실록,0.0
姑母山城,2,8,8,100.0,100.0,승정원일기,100.0,조선왕조실록,0.0
鐵瓮山城,2,13,13,100.0,100.0,승정원일기,100.0,조선왕조실록,0.0
修仁山城,3,11,11,100.0,100.0,고순종실록,100.0,조선왕조실록,0.0
漂民,6,3629,1,0.0,0.0,고려사,0.0,한국사료총서,0.0
坐羅,2,9,2,22.2,0.0,승정원일기,0.0,조선왕조실록,0.0
漲海,2,10,1,10.0,0.0,승정원일기,0.0,한국사료총서,0.0
海陽縣,2,10,7,70.0,66.7,고려사,66.7,한국사료총서,0.0
多也院,2,11,11,100.0,100.0,조선왕조실록,100.0,한국사료총서,0.0
江原道寧越郡,2,11,11,100.0,100.0,승정원일기,100.0,조선왕조실록,0.0
農郊,2,10,1,10.0,0.0,승정원일기,0.0,한국사료총서,0.0
加位,2,12,1,8.3,0.0,승정원일기,0.0,조선왕조실록,0.0
涿州,2,11,9,81.8,100.0,승정원일기,100.0,조선왕조실록,0.0
瑞雪,2,51,1,2.0,0.0,승정원일기,0.0,조선왕조실록,0.0
乃顔,3,34,1,2.9,0.0,고려사,0.0,한국사료총서,0.0
命周,3,5193,1,0.0,0.0,조선왕조실록,0.0,승정원일기,0.0
智島郡古群山,2,27,27,100.0,100.0,고순종실록,100.0,승정원일기,0.0
迎春驛,2,18,18,100.0,100.0,승정원일기,100.0,조선왕조실록,0.0
曙星,2,16,2,12.5,0.0,승정원일기,0.0,한국사료총서,0.0
生陽驛,3,22,20,90.9,100.0,고려사,100.0,승정원일기,0.0
文山浦,2,11,11,100.0,100.0,승정원일기,100.0,한국사료총서,0.0
憲球,3,3403,1,0.0,0.0,조선왕조실록,0.0,승정원일기,0.0
弘履,3,4279,1,0.0,0.0,조선왕조실록,0.0,승정원일기,0.0
平安道甑山,2,30,30,100.0,100.0,승정원일기,100.0,조선왕조실록,0.0
高北面,3,21,21,100.0,100.0,승정원일기,100.0,한국사료총서,0.0
滿洲人,2,13,2,15.4,0.0,승정원일기,0.0,한국사료총서,0.0
白嚴,2,50,1,2.0,0.0,승정원일기,0.0,조선왕조실록,0.0
闕外,4,6355,1,0.0,0.0,고순종실록,0.0,승정원일기,0.0
鶴柱,3,69,1,1.4,0.0,고순종실록,0.0,한국사료총서,0.0
安邊鶴浦,2,8,8,100.0,100.0,고순종실록,100.0,승정원일기,0.0
黃海道瓮津,2,28,28,100.0,100.0,승정원일기,100.0,조선왕조실록,0.0
思政門,2,848,845,99.6,100.0,승정원일기,100.0,조선왕조실록,0.0
葛峴里,2,14,14,100.0,100.0,승정원일기,100.0,한국사료총서,0.0
忠淸道淸風,2,145,145,100.0,100.0,승정원일기,100.0,조선왕조실록,0.0
洪州元山,2,16,16,100.0,100.0,승정원일기,100.0,한국사료총서,0.0
世均,4,3027,1,0.0,0.0,고순종실록,0.0,승정원일기,0.0
翼令,2,16,2,12.5,0.0,승정원일기,0.0,조선왕조실록,0.0
中樞府,4,22075,2,0.0,0.0,고순종실록,0.0,승정원일기,0.0
紅頭賊,3,14,1,7.1,0.0,고려사,0.0,한국사료총서,0.0
馬堤山,2,47,47,100.0,100.0,고려사,100.0,고려사절요,0.0
三內島,2,9,7,77.8,100.0,고려사,100.0,조선왕조실록,0.0
野城郡,2,9,9,100.0,100.0,조선왕조실록,100.0,한국사료총서,0.0
古寧郡,3,12,12,100.0,100.0,고려사,100.0,한국사료총서,0.0
紫雲坪,2,6,6,100.0,100.0,승정원일기,100.0,조선왕조실록,0.0
甲州,2,29,28,96.6,100.0,고려사,100.0,조선왕조실록,0.0
河南北,2,9,6,66.7,66.7,승정원일기,66.7,한국사료총서,0.0
化倉,2,12,8,66.7,66.7,승정원일기,66.7,한국사료총서,0.0
永慶殿,2,76,75,98.7,100.0,승정원일기,100.0,조선왕조실록,0.0
大夫營,2,17,12,70.6,85.7,고려사,85.7,고려사절요,0.0
洛河渡,2,13,3,23.1,0.0,승정원일기,0.0,한국사료총서,0.0
淸城鎭,2,12,6,50.0,50.0,승정원일기,50.0,한국사료총서,0.0
鏡源,2,10,10,100.0,100.0,승정원일기,100.0,조선왕조실록,0.0
洪原串,2,20,19,95.0,100.0,승정원일기,100.0,조선왕조실록,0.0
推心,3,204,1,0.5,0.0,승정원일기,0.0,한국사료총서,0.0
武科殿,4,2705,1,0.0,0.0,고순종실록,0.0,승정원일기,0.0
沙伐州,2,16,16,100.0,100.0,삼국사기,100.0,한국사료총서,0.0
慶尙道英陽縣,2,17,17,100.0,100.0,승정원일기,100.0,조선왕조실록,0.0
以,8,3977041,389,0.0,0.0,고려사,0.0,승정원일기,0.0
全南道扶安,2,8,8,100.0,100.0,승정원일기,100.0,조선왕조실록,0.0
黃海道江陰,2,23,23,100.0,100.0,승정원일기,100.0,조선왕조실록,0.0
忠淸道禮山縣,2,31,31,100.0,100.0,승정원일기,100.0,조선왕조실록,0.0
蒙地,2,12,1,8.3,0.0,승정원일기,0.0,한국사료총서,0.0
東上面,2,12,12,100.0,100.0,승정원일기,100.0,한국사료총서,0.0
濬明殿,2,16,16,100.0,100.0,고순종실록,100.0,승정원일기,0.0
選州郡,2,10,1,10.0,0.0,고려사,0.0,고려사절요,0.0
福岡縣,3,10,10,100.0,100.0,고순종실록,100.0,한국사료총서,0.0
得熊,3,14,1,7.1,0.0,승정원일기,0.0,한국사료총서,0.0
梁縣,2,11,9,81.8,100.0,삼국사기,100.0,조선왕조실록,0.0
南塘浦,2,14,13,92.9,100.0,승정원일기,100.0,조선왕조실록,0.0
知男,2,21,1,4.8,0.0,승정원일기,0.0,조선왕조실록,0.0
咸鏡道定平,2,55,55,100.0,100.0,승정원일기,100.0,조선왕조실록,0.0
巫峽,2,16,4,25.0,14.3,조선왕조실록,14.3,한국사료총서,0.0
全羅道谷城,2,41,41,100.0,100.0,승정원일기,100.0,조선왕조실록,0.0
新除,5,50787,1,0.0,0.0,고려사,0.0,승정원일기,0.0
禮安陶山書院,2,10,8,80.0,100.0,고순종실록,100.0,승정원일기,0.0
嘉林縣,2,12,12,100.0,100.0,조선왕조실록,100.0,한국사료총서,0.0
羅州錦城山,2,14,12,85.7,100.0,승정원일기,100.0,조선왕조실록,0.0
忠穆壇,2,7,7,100.0,100.0,고순종실록,100.0,승정원일기,0.0
統和,2,71,1,1.4,0.0,고려사,0.0,고려사절요,0.0
通海縣,2,11,11,100.0,100.0,고려사,100.0,조선왕조실록,0.0
加恩縣,4,26,26,100.0,100.0,고려사,100.0,한국사료총서,0.0
重協,3,3673,1,0.0,0.0,조선왕조실록,0.0,승정원일기,0.0
梨旨,2,19,19,100.0,100.0,조선왕조실록,100.0,한국사료총서,0.0
楊州東面,2,18,16,88.9,100.0,승정원일기,100.0,한국사료총서,0.0
援,8,18606,2,0.0,0.0,고려사,0.0,조선왕조실록,0.0
送,8,279646,27,0.0,0.0,고려사,0.0,한국사료총서,0.0
多已,4,693,1,0.1,0.0,고순종실록,0.0,한국사료총서,0.0
遜志閣,2,49,49,100.0,100.0,승정원일기,100.0,조선왕조실록,0.0
略,8,74393,16,0.0,0.0,고려사,0.0,한국사료총서,0.0
地壇,2,11,1,9.1,0.0,조선왕조실록,0.0,한국사료총서,0.0
平安道寧邊府,2,75,75,100.0,100.0,승정원일기,100.0,조선왕조실록,0.0
我,8,186375,18,0.0,0.0,고려사,0.0,한국사료총서,0.0
皇漢,2,20,1,5.0,0.0,승정원일기,0.0,한국사료총서,0.0
回龍坪,2,7,7,100.0,100.0,승정원일기,100.0,조선왕조실록,0.0
滋滿洞,2,25,25,100.0,100.0,고순종실록,100.0,승정원일기,0.0
潭州,2,23,22,95.7,100.0,승정원일기,100.0,한국사료총서,0.0
慶春殿,2,14,14,100.0,100.0,승정원일기,100.0,조선왕조실록,0.0
漆川島,2,11,11,100.0,100.0,승정원일기,100.0,조선왕조실록,0.0
昌化縣,2,10,10,100.0,100.0,고려사,100.0,고려사절요,0.0
來蘇郡,2,9,9,100.0,100.0,고려사,100.0,조선왕조실록,0.0
務長,3,60,1,1.7,0.0,고순종실록,0.0,한국사료총서,0.0
長堤郡,2,9,9,100.0,100.0,고려사,100.0,조선왕조실록,0.0
興福軒,2,55,54,98.2,100.0,고순종실록,100.0,승정원일기,0.0
大寧府,2,9,1,11.1,0.0,고려사,0.0,고려사절요,0.0
大和驛,2,9,9,100.0,100.0,조선왕조실록,100.0,한국사료총서,0.0
角里島,2,13,13,100.0,100.0,승정원일기,100.0,조선왕조실록,0.0
生女眞,4,19,1,5.3,0.0,고려사,0.0,한국사료총서,0.0
平安南道平壤,2,7,7,100.0,100.0,고순종실록,100.0,승정원일기,0.0
咸鏡道穩城,3,114,114,100.0,100.0,승정원일기,100.0,한국사료총서,0.0
華邑,2,6,2,33.3,33.3,승정원일기,33.3,조선왕조실록,0.0
珍富面,2,11,11,100.0,100.0,승정원일기,100.0,한국사료총서,0.0
峽溪,2,15,13,86.7,100.0,고려사,100.0,고려사절요,0.0
顯德鎭,2,11,11,100.0,100.0,고려사,100.0,조선왕조실록,0.0
禮賓別坐,2,9,1,11.1,0.0,승정원일기,0.0,조선왕조실록,0.0
忠淸道陰城,2,35,35,100.0,100.0,승정원일기,100.0,조선왕조실록,0.0
閔台爀,3,2770,1,0.0,0.0,조선왕조실록,0.0,승정원일기,0.0
長峯鎭,2,11,11,100.0,100.0,승정원일기,100.0,한국사료총서,0.0
折爾島,3,27,27,100.0,100.0,고순종실록,100.0,조선왕조실록,0.0
申耆,3,6567,1,0.0,0.0,조선왕조실록,0.0,승정원일기,0.0
西部里,2,16,16,100.0,100.0,승정원일기,100.0,한국사료총서,0.0
太平坊,2,6,4,66.7,66.7,승정원일기,66.7,조선왕조실록,0.0
德池筒,2,37,37,100.0,100.0,승정원일기,100.0,조선왕조실록,0.0
吏曹,6,140680,2,0.0,0.0,고려사,0.0,조선왕조실록,0.0
府使,7,78682,4,0.0,0.0,고려사,0.0,한국사료총서,0.0
慶尙道慶州府,2,30,30,100.0,100.0,승정원일기,100.0,조선왕조실록,0.0
林金村,2,9,9,100.0,100.0,고려사,100.0,한국사료총서,0.0
蓋城,2,29,1,3.4,0.0,승정원일기,0.0,조선왕조실록,0.0
豆彦台,2,11,9,81.8,100.0,승정원일기,100.0,조선왕조실록,0.0
吳楚,2,51,1,2.0,0.0,승정원일기,0.0,한국사료총서,0.0
貞海縣,2,12,12,100.0,100.0,조선왕조실록,100.0,한국사료총서,0.0
咸新鎭,2,9,9,100.0,100.0,고려사,100.0,고려사절요,0.0
咸興彰義祠,2,8,8,100.0,100.0,승정원일기,100.0,조선왕조실록,0.0
南泰著,3,2082,1,0.0,0.0,조선왕조실록,0.0,승정원일기,0.0
彦儒,3,4786,1,0.0,0.0,조선왕조실록,0.0,승정원일기,0.0
大食國,2,8,1,12.5,0.0,고려사,0.0,고려사절요,0.0
黃海道白翎鎭,2,14,14,100.0,100.0,승정원일기,100.0,조선왕조실록,0.0
西部盤石坊,2,110,109,99.1,100.0,승정원일기,100.0,한국사료총서,0.0
也亂,2,10,1,10.0,0.0,승정원일기,0.0,한국사료총서,0.0
虹霓門,2,17,1,5.9,0.0,승정원일기,0.0,한국사료총서,0.0
馬川面,2,7,7,100.0,100.0,승정원일기,100.0,한국사료총서,0.0
安遂,3,16,1,6.2,0.0,승정원일기,0.0,한국사료총서,0.0
餘鼠島,2,26,25,96.2,100.0,승정원일기,100.0,조선왕조실록,0.0
黃州郡鐵島,2,38,38,100.0,100.0,고순종실록,100.0,승정원일기,0.0
豢猳,2,16,16,100.0,100.0,고려사,100.0,고려사절요,0.0
全羅道濟州牧旌義縣,2,52,52,100.0,100.0,승정원일기,100.0,한국사료총서,0.0
西林郡,3,11,11,100.0,100.0,고려사,100.0,한국사료총서,0.0
沙村里,2,42,42,100.0,100.0,승정원일기,100.0,한국사료총서,0.0
光明洞,2,19,1,5.3,0.0,승정원일기,0.0,조선왕조실록,0.0
牟梁里,2,12,12,100.0,100.0,삼국유사,100.0,한국사료총서,0.0
挺,7,18951,1,0.0,0.0,고려사,0.0,조선왕조실록,0.0
忠州㺚川,2,8,8,100.0,100.0,승정원일기,100.0,조선왕조실록,0.0
蘆湯,2,22,1,4.5,0.0,승정원일기,0.0,한국사료총서,0.0
孝元殿,2,820,810,98.8,98.9,승정원일기,98.9,조선왕조실록,0.0
家煥,3,2618,1,0.0,0.0,조선왕조실록,0.0,승정원일기,0.0
靑邊,3,21,1,4.8,0.0,고순종실록,0.0,한국사료총서,0.0
全羅道井邑,2,40,40,100.0,100.0,승정원일기,100.0,조선왕조실록,0.0
軍藏里,2,17,17,100.0,100.0,고순종실록,100.0,승정원일기,0.0
乞伊,2,15,1,6.7,0.0,승정원일기,0.0,한국사료총서,0.0
奈城郡,2,10,10,100.0,100.0,고려사,100.0,한국사료총서,0.0
魯春,3,3073,1,0.0,0.0,조선왕조실록,0.0,승정원일기,0.0
儀注,5,2512,1,0.0,0.0,고려사,0.0,승정원일기,0.0
任歡,3,46,1,2.2,0.0,고순종실록,0.0,한국사료총서,0.0
江原道平康,2,94,94,100.0,100.0,승정원일기,100.0,조선왕조실록,0.0
龜旨面,2,14,14,100.0,100.0,승정원일기,100.0,한국사료총서,0.0
重光寺,2,16,2,12.5,0.0,고려사,0.0,고려사절요,0.0
理興,3,22,1,4.5,0.0,승정원일기,0.0,한국사료총서,0.0
詩傳,4,7058,3,0.0,0.0,고순종실록,0.0,승정원일기,0.0
桃渚,2,30,30,100.0,100.0,승정원일기,100.0,조선왕조실록,0.0
七宮,2,30,1,3.3,0.0,조선왕조실록,0.0,한국사료총서,0.0
良鄕,2,14,3,21.4,0.0,승정원일기,0.0,한국사료총서,0.0
承山,2,27,1,3.7,0.0,승정원일기,0.0,한국사료총서,0.0
正方城,2,9,7,77.8,100.0,승정원일기,100.0,조선왕조실록,0.0
慶尙道眞寶,2,21,21,100.0,100.0,승정원일기,100.0,조선왕조실록,0.0
鳥銃,4,5043,1,0.0,0.0,고순종실록,0.0,승정원일기,0.0
潘南縣,3,14,14,100.0,100.0,고려사,100.0,한국사료총서,0.0
兩淮,2,7,1,14.3,0.0,조선왕조실록,0.0,한국사료총서,0.0
大邱營,3,165,1,0.6,0.0,고순종실록,0.0,한국사료총서,0.0
比豐郡,2,7,7,100.0,100.0,고려사,100.0,조선왕조실록,0.0
原貞,3,33,1,3.0,0.0,승정원일기,0.0,한국사료총서,0.0
公山山城,2,13,13,100.0,100.0,승정원일기,100.0,조선왕조실록,0.0
長沙縣,2,10,10,100.0,100.0,고려사,100.0,조선왕조실록,0.0
甫靑社,2,13,13,100.0,100.0,조선왕조실록,100.0,한국사료총서,0.0
璧雍,2,11,1,9.1,0.0,승정원일기,0.0,한국사료총서,0.0
營將,4,23629,2,0.0,0.0,고순종실록,0.0,승정원일기,0.0
辭,8,485367,16,0.0,0.0,고려사,0.0,한국사료총서,0.0
平安道嘉山郡,2,37,37,100.0,100.0,승정원일기,100.0,조선왕조실록,0.0
昌德宮敦化門,2,20,20,100.0,100.0,승정원일기,100.0,조선왕조실록,0.0
安眼,2,21,19,90.5,100.0,승정원일기,100.0,조선왕조실록,0.0
北蘇箕達,2,7,6,85.7,100.0,고려사,100.0,고려사절요,0.0
兀茂,2,7,7,100.0,100.0,고순종실록,100.0,승정원일기,0.0
永保驛,2,8,6,75.0,100.0,승정원일기,100.0,조선왕조실록,0.0
恒河,2,8,1,12.5,0.0,승정원일기,0.0,한국사료총서,0.0
南部薰陶坊,2,62,61,98.4,100.0,승정원일기,100.0,한국사료총서,0.0
永豐郡,2,10,9,90.0,100.0,고려사,100.0,조선왕조실록,0.0
咸有齋,2,7,6,85.7,100.0,고순종실록,100.0,승정원일기,0.0
尚州,2,13,13,100.0,100.0,삼국사기,100.0,삼국유사,0.0
致仁,4,18812,1,0.0,0.0,고순종실록,0.0,승정원일기,0.0
淸塞鎭,2,18,18,100.0,100.0,고려사,100.0,고려사절요,0.0
金穴,3,20,1,5.0,0.0,승정원일기,0.0,한국사료총서,0.0
黃海道椒島,2,7,6,85.7,100.0,승정원일기,100.0,조선왕조실록,0.0
開城府穆淸殿,2,13,13,100.0,100.0,승정원일기,100.0,조선왕조실록,0.0
界州,2,25,2,8.0,0.0,고려사,0.0,고려사절요,0.0
慶尙道知禮縣,2,23,23,100.0,100.0,승정원일기,100.0,조선왕조실록,0.0
平安道孟山縣,2,38,38,100.0,100.0,승정원일기,100.0,조선왕조실록,0.0
年梁,2,18,1,5.6,0.0,승정원일기,0.0,한국사료총서,0.0
其心,7,16872,1,0.0,0.0,고려사,0.0,조선왕조실록,0.0
楊州豐壤,2,25,25,100.0,100.0,승정원일기,100.0,조선왕조실록,0.0
咸鏡北道鏡城,2,11,11,100.0,100.0,고순종실록,100.0,승정원일기,0.0
龜山里,2,15,15,100.0,100.0,승정원일기,100.0,한국사료총서,0.0
德源府元山,2,16,16,100.0,100.0,승정원일기,100.0,한국사료총서,0.0
忠州邑,2,22,6,27.3,28.6,승정원일기,28.6,한국사료총서,0.0
星州郡,2,50,13,26.0,25.0,승정원일기,25.0,한국사료총서,0.0
中和門,2,18,18,100.0,100.0,고순종실록,100.0,승정원일기,0.0
全羅道淳昌,2,71,71,100.0,100.0,승정원일기,100.0,조선왕조실록,0.0
鐵利,2,24,1,4.2,0.0,고려사,0.0,고려사절요,0.0
巴璃,2,19,19,100.0,100.0,고순종실록,100.0,승정원일기,0.0
高陽鴨島,2,9,8,88.9,100.0,승정원일기,100.0,조선왕조실록,0.0
全羅道古阜,2,71,69,97.2,100.0,승정원일기,100.0,조선왕조실록,0.0
冷浦,2,12,9,75.0,75.0,승정원일기,75.0,한국사료총서,0.0
開建,2,15,1,6.7,0.0,승정원일기,0.0,조선왕조실록,0.0
慶尙道草溪,2,35,35,100.0,100.0,승정원일기,100.0,조선왕조실록,0.0
直明,3,48,3,6.2,0.0,승정원일기,0.0,한국사료총서,0.0
源了浚,2,12,1,8.3,0.0,고려사,0.0,고려사절요,0.0
仁政殿東行閣,2,26,2,7.7,0.0,고순종실록,0.0,한국사료총서,0.0
開也召島,2,12,12,100.0,100.0,승정원일기,100.0,한국사료총서,0.0
宣沙浦鎭,2,12,10,83.3,100.0,승정원일기,100.0,조선왕조실록,0.0
勿島,3,18,18,100.0,100.0,고려사,100.0,한국사료총서,0.0
何老,2,13,1,7.7,0.0,승정원일기,0.0,한국사료총서,0.0
灞陵,2,10,9,90.0,100.0,승정원일기,100.0,조선왕조실록,0.0
演慶堂,2,120,120,100.0,100.0,고순종실록,100.0,승정원일기,0.0
禮部,7,19615,3,0.0,0.0,고려사,0.0,한국사료총서,0.0
金壤郡,3,17,17,100.0,100.0,고려사,100.0,한국사료총서,0.0
西京太極殿,2,6,6,100.0,100.0,고순종실록,100.0,승정원일기,0.0
松寺,3,18,1,5.6,0.0,고순종실록,0.0,한국사료총서,0.0
華陽亭,2,44,43,97.7,100.0,승정원일기,100.0,조선왕조실록,0.0
龍臥里,2,9,9,100.0,100.0,승정원일기,100.0,한국사료총서,0.0
高陽大慈洞,2,9,9,100.0,100.0,승정원일기,100.0,조선왕조실록,0.0
宗慶,4,2606,1,0.0,0.0,고려사,0.0,승정원일기,0.0
周豐,2,71,1,1.4,0.0,승정원일기,0.0,한국사료총서,0.0
松竹島,2,8,8,100.0,100.0,고순종실록,100.0,승정원일기,0.0
芋山島,2,8,8,100.0,100.0,고순종실록,100.0,승정원일기,0.0
庾祿崇,2,12,1,8.3,0.0,고려사,0.0,고려사절요,0.0
臺員,2,123,1,0.8,0.0,승정원일기,0.0,조선왕조실록,0.0
書傳,4,39270,7,0.0,0.0,고순종실록,0.0,승정원일기,0.0
甑山里,2,28,28,100.0,100.0,승정원일기,100.0,한국사료총서,0.0
錦峽,2,7,6,85.7,100.0,승정원일기,100.0,조선왕조실록,0.0
安興驛,2,13,13,100.0,100.0,승정원일기,100.0,조선왕조실록,0.0
掌禮院,3,5149,1,0.0,0.0,고순종실록,0.0,승정원일기,0.0
黃海道長山,3,23,23,100.0,100.0,고순종실록,100.0,조선왕조실록,0.0
角骨島,2,6,6,100.0,100.0,승정원일기,100.0,조선왕조실록,0.0
閱古觀,2,12,9,75.0,75.0,승정원일기,75.0,조선왕조실록,0.0
道成菴,2,18,16,88.9,100.0,승정원일기,100.0,조선왕조실록,0.0
太和宮,2,27,26,96.3,100.0,고순종실록,100.0,승정원일기,0.0
沙串,2,14,14,100.0,100.0,조선왕조실록,100.0,한국사료총서,0.0
永寧縣,2,13,13,100.0,100.0,조선왕조실록,100.0,한국사료총서,0.0
翼謩,3,12356,1,0.0,0.0,조선왕조실록,0.0,승정원일기,0.0
五禮儀,4,5455,1,0.0,0.0,고순종실록,0.0,승정원일기,0.0
全羅道高敞,2,22,21,95.5,100.0,승정원일기,100.0,조선왕조실록,0.0
奪錫,2,16,1,6.2,0.0,승정원일기,0.0,조선왕조실록,0.0
驪興郡,2,10,10,100.0,100.0,고려사,100.0,조선왕조실록,0.0
醢浦,2,9,7,77.8,100.0,승정원일기,100.0,조선왕조실록,0.0
東西京,2,9,1,11.1,0.0,조선왕조실록,0.0,한국사료총서,0.0
種玉,2,23,1,4.3,0.0,승정원일기,0.0,한국사료총서,0.0
臨淄島,2,10,9,90.0,100.0,조선왕조실록,100.0,한국사료총서,0.0
劑,5,64425,1,0.0,0.0,고려사,0.0,승정원일기,0.0
江原道歙谷縣,2,33,33,100.0,100.0,승정원일기,100.0,조선왕조실록,0.0
尊德亭,2,12,11,91.7,100.0,승정원일기,100.0,조선왕조실록,0.0
昌江,2,6,2,33.3,33.3,승정원일기,33.3,한국사료총서,0.0
戊子,8,6688,1,0.0,0.0,고려사,0.0,조선왕조실록,0.0
石井洞,2,16,16,100.0,100.0,승정원일기,100.0,조선왕조실록,0.0
文川天佛山,2,8,7,87.5,100.0,승정원일기,100.0,조선왕조실록,0.0
雲頭城,2,8,8,100.0,100.0,승정원일기,100.0,조선왕조실록,0.0
生花亭,2,10,10,100.0,100.0,고순종실록,100.0,승정원일기,0.0
坤寧閤,2,14,14,100.0,100.0,고순종실록,100.0,승정원일기,0.0
浥和堂,2,33,33,100.0,100.0,승정원일기,100.0,조선왕조실록,0.0
之蟾,2,10,1,10.0,0.0,승정원일기,0.0,한국사료총서,0.0
商林,3,31,1,3.2,0.0,고려사,0.0,승정원일기,0.0
康津古今島,2,33,32,97.0,100.0,승정원일기,100.0,조선왕조실록,0.0
平安道博川,2,73,72,98.6,100.0,승정원일기,100.0,조선왕조실록,0.0
阿之古村,2,8,8,100.0,100.0,고려사,100.0,고려사절요,0.0
金馬郡,4,30,30,100.0,100.0,고려사,100.0,한국사료총서,0.0
价州,3,14,14,100.0,100.0,고려사,100.0,조선왕조실록,0.0
比斯伐,2,10,9,90.0,100.0,삼국사기,100.0,한국사료총서,0.0
江原道通川,2,75,73,97.3,100.0,승정원일기,100.0,조선왕조실록,0.0
德山面,2,13,13,100.0,100.0,승정원일기,100.0,한국사료총서,0.0
忠淸道唐津,3,60,60,100.0,100.0,승정원일기,100.0,한국사료총서,0.0
慶尙道興海郡,2,40,40,100.0,100.0,승정원일기,100.0,조선왕조실록,0.0
興遼國,2,11,1,9.1,0.0,고려사,0.0,고려사절요,0.0
一牟山,3,13,13,100.0,100.0,고려사,100.0,삼국사기,0.0
堤州,2,13,12,92.3,100.0,고려사,100.0,조선왕조실록,0.0
趾海,4,2334,1,0.0,0.0,고순종실록,0.0,승정원일기,0.0
宗玉,3,5287,2,0.0,0.0,조선왕조실록,0.0,승정원일기,0.0
靑松里,2,10,10,100.0,100.0,승정원일기,100.0,한국사료총서,0.0
德明洞,2,6,6,100.0,100.0,승정원일기,100.0,조선왕조실록,0.0
溫水郡,2,10,10,100.0,100.0,고려사,100.0,고려사절요,0.0
體察,6,3347,1,0.0,0.0,고려사,0.0,조선왕조실록,0.0
浿西道,2,11,7,63.6,50.0,고려사,50.0,고려사절요,0.0
全州乾止山,3,25,24,96.0,100.0,고순종실록,100.0,조선왕조실록,0.0
趙載浩,3,2385,1,0.0,0.0,조선왕조실록,0.0,승정원일기,0.0
陽侯,5,109,1,0.9,0.0,고려사,0.0,한국사료총서,0.0
漢陽郡,2,9,9,100.0,100.0,고려사,100.0,조선왕조실록,0.0
忠淸道忠原,2,64,64,100.0,100.0,승정원일기,100.0,조선왕조실록,0.0
永興大都護府,2,11,1,9.1,0.0,승정원일기,0.0,조선왕조실록,0.0
城北面,2,8,4,50.0,66.7,승정원일기,66.7,한국사료총서,0.0
孟得,2,44,1,2.3,0.0,승정원일기,0.0,조선왕조실록,0.0
高城楡岾寺,2,19,19,100.0,100.0,승정원일기,100.0,조선왕조실록,0.0
嶺底邑,2,27,2,7.4,0.0,승정원일기,0.0,조선왕조실록,0.0
山口縣,2,12,12,100.0,100.0,고순종실록,100.0,승정원일기,0.0
北蕃,2,23,1,4.3,0.0,고려사,0.0,고려사절요,0.0
黃海道鳳山,3,147,147,100.0,100.0,승정원일기,100.0,한국사료총서,0.0
叢林,3,34,1,2.9,0.0,승정원일기,0.0,한국사료총서,0.0
永淸縣,3,16,16,100.0,100.0,고려사,100.0,한국사료총서,0.0
道吐谷,2,33,33,100.0,100.0,승정원일기,100.0,조선왕조실록,0.0
海州石潭,2,11,11,100.0,100.0,승정원일기,100.0,조선왕조실록,0.0
杻谷,2,19,19,100.0,100.0,승정원일기,100.0,한국사료총서,0.0
江原道高城郡,2,37,37,100.0,100.0,승정원일기,100.0,조선왕조실록,0.0
城山里,2,37,37,100.0,100.0,승정원일기,100.0,한국사료총서,0.0
黃海道殷栗,2,57,57,100.0,100.0,승정원일기,100.0,조선왕조실록,0.0
春生門,2,63,63,100.0,100.0,고순종실록,100.0,승정원일기,0.0
全羅道興德,2,57,57,100.0,100.0,승정원일기,100.0,조선왕조실록,0.0
康樂,3,39,1,2.6,0.0,승정원일기,0.0,한국사료총서,0.0
寧德鎭,2,8,8,100.0,100.0,고려사,100.0,고려사절요,0.0
時秀,3,13350,1,0.0,0.0,조선왕조실록,0.0,승정원일기,0.0
金唐,2,8,2,25.0,33.3,승정원일기,33.3,한국사료총서,0.0
廟堂,5,52562,11,0.0,0.0,고려사,0.0,승정원일기,0.0
水下洞,2,20,20,100.0,100.0,승정원일기,100.0,한국사료총서,0.0
豐山縣,2,37,37,100.0,100.0,조선왕조실록,100.0,한국사료총서,0.0
永柔德池筒,2,9,9,100.0,100.0,승정원일기,100.0,조선왕조실록,0.0
陵洞里,2,11,11,100.0,100.0,승정원일기,100.0,한국사료총서,0.0
金領,3,509,1,0.2,0.0,승정원일기,0.0,한국사료총서,0.0
平臺,2,14,1,7.1,0.0,승정원일기,0.0,한국사료총서,0.0
忠淸道堤川,2,97,97,100.0,100.0,승정원일기,100.0,조선왕조실록,0.0
奉德寺,2,11,2,18.2,0.0,삼국유사,0.0,한국사료총서,0.0
含春院,2,6,4,66.7,66.7,승정원일기,66.7,조선왕조실록,0.0
乾川面,2,9,9,100.0,100.0,승정원일기,100.0,한국사료총서,0.0
農事洞,2,12,12,100.0,100.0,고순종실록,100.0,승정원일기,0.0
弘政殿,2,8,8,100.0,100.0,승정원일기,100.0,조선왕조실록,0.0
闕城郡,2,9,9,100.0,100.0,고려사,100.0,조선왕조실록,0.0
長興坊,2,6,6,100.0,100.0,승정원일기,100.0,한국사료총서,0.0
梨樹洞,2,14,13,92.9,100.0,승정원일기,100.0,조선왕조실록,0.0
新機里,2,6,6,100.0,100.0,승정원일기,100.0,한국사료총서,0.0
京畿衿川縣,2,10,10,100.0,100.0,승정원일기,100.0,조선왕조실록,0.0
麻嶺,2,7,7,100.0,100.0,승정원일기,100.0,조선왕조실록,0.0
南部鑄洞,2,7,7,100.0,100.0,승정원일기,100.0,한국사료총서,0.0
正朝,6,6725,1,0.0,0.0,고려사,0.0,승정원일기,0.0
瑞華,2,58,1,1.7,0.0,승정원일기,0.0,한국사료총서,0.0
貴從,2,27,1,3.7,0.0,승정원일기,0.0,조선왕조실록,0.0
陽澤,3,11100,1,0.0,0.0,조선왕조실록,0.0,승정원일기,0.0
昌德宮之大造殿,3,21,1,4.8,0.0,고순종실록,0.0,한국사료총서,0.0
京畿永宗,2,15,13,86.7,100.0,승정원일기,100.0,조선왕조실록,0.0
德周山城,2,11,10,90.9,100.0,고순종실록,100.0,승정원일기,0.0
安身,3,206,1,0.5,0.0,승정원일기,0.0,한국사료총서,0.0
無唱,2,30,1,3.3,0.0,승정원일기,0.0,조선왕조실록,0.0
楊麓郡,2,11,10,90.9,100.0,고려사,100.0,조선왕조실록,0.0
活耆洞,2,27,27,100.0,100.0,고순종실록,100.0,승정원일기,0.0
平安道龍岡,2,86,85,98.8,100.0,승정원일기,100.0,조선왕조실록,0.0
中興洞,2,19,18,94.7,100.0,승정원일기,100.0,조선왕조실록,0.0
大慈洞,2,25,25,100.0,100.0,승정원일기,100.0,조선왕조실록,0.0
咸鏡道文川,2,67,67,100.0,100.0,승정원일기,100.0,조선왕조실록,0.0
公洪道公州,2,44,44,100.0,100.0,승정원일기,100.0,조선왕조실록,0.0
邾婁,2,12,2,16.7,25.0,승정원일기,25.0,조선왕조실록,0.0
武靈郡,2,9,9,100.0,100.0,고려사,100.0,한국사료총서,0.0
林薄,2,15,1,6.7,0.0,조선왕조실록,0.0,한국사료총서,0.0
六浦,2,17,1,5.9,0.0,승정원일기,0.0,조선왕조실록,0.0
京徒,2,8,1,12.5,0.0,고순종실록,0.0,승정원일기,0.0
壽寧宮,2,90,2,2.2,0.0,고려사,0.0,고려사절요,0.0
司天臺,2,21,1,4.8,0.0,고려사,0.0,고려사절요,0.0
武二所,3,3610,1,0.0,0.0,조선왕조실록,0.0,승정원일기,0.0
長武,2,12,1,8.3,0.0,승정원일기,0.0,조선왕조실록,0.0
各道,6,17623,1,0.0,0.0,고려사,0.0,조선왕조실록,0.0
熊川州,2,29,28,96.6,100.0,삼국사기,100.0,한국사료총서,0.0
江原道鐵原,3,234,234,100.0,100.0,승정원일기,100.0,한국사료총서,0.0
洪州合德,2,15,15,100.0,100.0,승정원일기,100.0,조선왕조실록,0.0
法王寺,3,124,1,0.8,0.0,고려사,0.0,한국사료총서,0.0
喜峰,2,10,9,90.0,100.0,승정원일기,100.0,조선왕조실록,0.0
懿州,2,14,13,92.9,100.0,고려사,100.0,고려사절요,0.0
紫雲書院,2,43,42,97.7,100.0,승정원일기,100.0,조선왕조실록,0.0
被,8,114008,9,0.0,0.0,고려사,0.0,한국사료총서,0.0
泉田,2,11,2,18.2,0.0,승정원일기,0.0,조선왕조실록,0.0
吉祥寺,2,10,1,10.0,0.0,고려사,0.0,한국사료총서,0.0
南泰溫,3,3430,1,0.0,0.0,조선왕조실록,0.0,승정원일기,0.0
渴巖,2,6,6,100.0,100.0,고순종실록,100.0,승정원일기,0.0
江南面,2,10,10,100.0,100.0,고순종실록,100.0,승정원일기,0.0
興獻廟,2,6,6,100.0,100.0,승정원일기,100.0,조선왕조실록,0.0
儒生,6,44309,3,0.0,0.0,고려사,0.0,승정원일기,0.0
判書,6,187454,1,0.0,0.0,고려사,0.0,한국사료총서,0.0
神地,3,21,1,4.8,0.0,승정원일기,0.0,한국사료총서,0.0
大同所,3,94,1,1.1,0.0,고순종실록,0.0,조선왕조실록,0.0
慶尙道巨濟縣,2,13,13,100.0,100.0,승정원일기,100.0,조선왕조실록,0.0
東部於義洞,2,27,27,100.0,100.0,승정원일기,100.0,한국사료총서,0.0
鮑石亭,2,18,4,22.2,0.0,삼국유사,0.0,한국사료총서,0.0
澄光樓,2,14,12,85.7,100.0,승정원일기,100.0,조선왕조실록,0.0
棘城嶺,2,8,6,75.0,100.0,승정원일기,100.0,조선왕조실록,0.0
留春驛,2,9,8,88.9,100.0,승정원일기,100.0,조선왕조실록,0.0
武珍州,3,19,19,100.0,100.0,삼국사기,100.0,한국사료총서,0.0
多完,2,38,1,2.6,0.0,고순종실록,0.0,승정원일기,0.0
晝講,4,28390,1,0.0,0.0,고순종실록,0.0,조선왕조실록,0.0
明皐,2,9,7,77.8,100.0,승정원일기,100.0,조선왕조실록,0.0
夏南,2,39,1,2.6,0.0,승정원일기,0.0,한국사료총서,0.0
杞城府,2,11,1,9.1,0.0,승정원일기,0.0,조선왕조실록,0.0
士林,6,6777,1,0.0,0.0,고려사,0.0,조선왕조실록,0.0
全羅道法聖,2,34,34,100.0,100.0,승정원일기,100.0,조선왕조실록,0.0
泝川郡,2,6,6,100.0,100.0,고려사,100.0,조선왕조실록,0.0
餘尾,3,59,1,1.7,0.0,승정원일기,0.0,한국사료총서,0.0
辰嚴,2,9,1,11.1,0.0,승정원일기,0.0,한국사료총서,0.0
釜山港口,2,11,1,9.1,0.0,조선왕조실록,0.0,한국사료총서,0.0
景福宮光化,2,11,11,100.0,100.0,승정원일기,100.0,조선왕조실록,0.0
江原道伊川,3,93,93,100.0,100.0,승정원일기,100.0,한국사료총서,0.0
請金甲,2,2195,1,0.0,0.0,조선왕조실록,0.0,승정원일기,0.0
群藏里,2,42,42,100.0,100.0,고순종실록,100.0,승정원일기,0.0
大阪城,2,15,13,86.7,100.0,승정원일기,100.0,조선왕조실록,0.0
籠山亭,2,40,38,95.0,100.0,승정원일기,100.0,조선왕조실록,0.0
豐西,2,8,5,62.5,66.7,승정원일기,66.7,한국사료총서,0.0
長若,3,90,1,1.1,0.0,승정원일기,0.0,한국사료총서,0.0
不從,7,15972,1,0.0,0.0,고려사,0.0,조선왕조실록,0.0
蘆池,2,11,9,81.8,100.0,승정원일기,100.0,조선왕조실록,0.0
平原郡,2,9,9,100.0,100.0,고려사,100.0,한국사료총서,0.0
珍下山,2,15,14,93.3,100.0,승정원일기,100.0,조선왕조실록,0.0
高原熊望山,2,8,6,75.0,100.0,승정원일기,100.0,조선왕조실록,0.0
慶尙道安陰,2,41,41,100.0,100.0,승정원일기,100.0,조선왕조실록,0.0
草河,2,16,15,93.8,100.0,조선왕조실록,100.0,한국사료총서,0.0
忠淸道全義,2,62,62,100.0,100.0,승정원일기,100.0,조선왕조실록,0.0
忠淸道鎭川縣,2,67,67,100.0,100.0,승정원일기,100.0,조선왕조실록,0.0
多仁縣,3,24,24,100.0,100.0,고려사,100.0,한국사료총서,0.0
欽奉閣,2,36,35,97.2,100.0,승정원일기,100.0,조선왕조실록,0.0
玄菟郡,2,15,12,80.0,75.0,삼국사기,75.0,한국사료총서,0.0
銀漢,2,15,1,6.7,0.0,조선왕조실록,0.0,한국사료총서,0.0
垿,3,2207,1,0.0,0.0,조선왕조실록,0.0,승정원일기,0.0
雲中道,2,17,17,100.0,100.0,고려사,100.0,고려사절요,0.0
黃先,2,33,1,3.0,0.0,승정원일기,0.0,한국사료총서,0.0
坦平,3,29,1,3.4,0.0,승정원일기,0.0,한국사료총서,0.0
高丘縣,3,11,11,100.0,100.0,고려사,100.0,한국사료총서,0.0
渟,5,202,1,0.5,0.0,고려사,0.0,한국사료총서,0.0
黃海道延安,3,128,128,100.0,100.0,승정원일기,100.0,한국사료총서,0.0
金華鎭,3,4269,2,0.0,0.0,조선왕조실록,0.0,승정원일기,0.0
汴梁,2,13,13,100.0,100.0,고려사,100.0,조선왕조실록,0.0
蒲里,2,10,3,30.0,25.0,고려사,25.0,고려사절요,0.0
興義驛,4,22,21,95.5,100.0,고려사,100.0,조선왕조실록,0.0
長興面,2,11,11,100.0,100.0,승정원일기,100.0,한국사료총서,0.0
龍秀,3,3656,1,0.0,0.0,조선왕조실록,0.0,승정원일기,0.0
義安郡,3,14,14,100.0,100.0,고려사,100.0,한국사료총서,0.0
坐鄕,2,11,1,9.1,0.0,승정원일기,0.0,조선왕조실록,0.0
英州城,2,9,9,100.0,100.0,고려사,100.0,고려사절요,0.0
拱辰門,2,57,55,96.5,100.0,승정원일기,100.0,조선왕조실록,0.0
道樹,2,19,1,5.3,0.0,승정원일기,0.0,조선왕조실록,0.0
江原道金城縣,2,65,65,100.0,100.0,승정원일기,100.0,조선왕조실록,0.0
龍堰,2,14,11,78.6,100.0,고려사,100.0,고려사절요,0.0
全羅道咸平縣,2,44,44,100.0,100.0,승정원일기,100.0,조선왕조실록,0.0
靈座前,4,3496,1,0.0,0.0,고순종실록,0.0,승정원일기,0.0
易州,3,46,46,100.0,100.0,승정원일기,100.0,한국사료총서,0.0
慶尙道善山府,2,39,38,97.4,100.0,승정원일기,100.0,조선왕조실록,0.0
大庖,3,23,1,4.3,0.0,승정원일기,0.0,한국사료총서,0.0
非勿,2,46,4,8.7,0.0,승정원일기,0.0,조선왕조실록,0.0
忠淸道大興,2,115,115,100.0,100.0,승정원일기,100.0,조선왕조실록,0.0
豆島,2,6,6,100.0,100.0,조선왕조실록,100.0,한국사료총서,0.0
漆谷山城,2,8,8,100.0,100.0,승정원일기,100.0,조선왕조실록,0.0
咸興歸州洞,2,7,7,100.0,100.0,승정원일기,100.0,조선왕조실록,0.0
紀綱,6,17032,1,0.0,0.0,고려사,0.0,조선왕조실록,0.0
興禮府,2,8,8,100.0,100.0,고려사,100.0,고려사절요,0.0
陽島,2,7,7,100.0,100.0,승정원일기,100.0,한국사료총서,0.0
地藏寺,2,14,1,7.1,0.0,고려사절요,0.0,한국사료총서,0.0
寶賢堂,2,124,123,99.2,100.0,고순종실록,100.0,승정원일기,0.0
義州府尹,4,4217,1,0.0,0.0,고순종실록,0.0,승정원일기,0.0
咸鏡北道富寧郡,2,11,11,100.0,100.0,고순종실록,100.0,승정원일기,0.0
楊州天藏山,2,9,7,77.8,100.0,승정원일기,100.0,조선왕조실록,0.0
泰康,2,16,1,6.2,0.0,승정원일기,0.0,한국사료총서,0.0
忠淸道沔川,2,108,108,100.0,100.0,승정원일기,100.0,조선왕조실록,0.0
昌順,3,6017,1,0.0,0.0,조선왕조실록,0.0,승정원일기,0.0
慶尙道迎日縣,2,23,23,100.0,100.0,승정원일기,100.0,조선왕조실록,0.0
驛洞,2,8,3,37.5,33.3,조선왕조실록,33.3,한국사료총서,0.0
瓦村,2,20,14,70.0,66.7,승정원일기,66.7,한국사료총서,0.0
國朝寶鑑,4,2419,1,0.0,0.0,고순종실록,0.0,승정원일기,0.0
金村面,2,18,18,100.0,100.0,승정원일기,100.0,한국사료총서,0.0
琴聖,2,34,1,2.9,0.0,승정원일기,0.0,조선왕조실록,0.0
平安道江東,2,67,67,100.0,100.0,승정원일기,100.0,조선왕조실록,0.0
當時,8,8637,1,0.0,0.0,고려사,0.0,조선왕조실록,0.0
京畿永平,2,155,155,100.0,100.0,승정원일기,100.0,조선왕조실록,0.0
黃海道鳳山郡,2,100,100,100.0,100.0,승정원일기,100.0,조선왕조실록,0.0
麻島,3,19,19,100.0,100.0,승정원일기,100.0,한국사료총서,0.0
果川冠岳山,2,8,8,100.0,100.0,승정원일기,100.0,조선왕조실록,0.0
助山,2,7,2,28.6,33.3,조선왕조실록,33.3,한국사료총서,0.0
見子山,2,6,6,100.0,100.0,고려사,100.0,고려사절요,0.0
北渚,2,7,4,57.1,66.7,승정원일기,66.7,한국사료총서,0.0
安基,4,230,1,0.4,0.0,고순종실록,0.0,한국사료총서,0.0
加老嶺,2,13,12,92.3,100.0,승정원일기,100.0,조선왕조실록,0.0
有不,8,65167,1,0.0,0.0,고려사,0.0,조선왕조실록,0.0
公轍,3,8377,2,0.0,0.0,조선왕조실록,0.0,승정원일기,0.0
江原道淮陽府,2,63,63,100.0,100.0,승정원일기,100.0,조선왕조실록,0.0
慶尙道漆谷,2,9,9,100.0,100.0,승정원일기,100.0,조선왕조실록,0.0
延逢,2,30,1,3.3,0.0,승정원일기,0.0,조선왕조실록,0.0
閫帥,4,4757,1,0.0,0.0,고순종실록,0.0,승정원일기,0.0
慶尙道靈山,2,36,36,100.0,100.0,승정원일기,100.0,조선왕조실록,0.0
眞海村,2,15,15,100.0,100.0,승정원일기,100.0,조선왕조실록,0.0
韓土,2,19,1,5.3,0.0,승정원일기,0.0,한국사료총서,0.0
忠孝堂,2,13,11,84.6,100.0,승정원일기,100.0,조선왕조실록,0.0
春川營,2,10,1,10.0,0.0,조선왕조실록,0.0,한국사료총서,0.0
戚,8,19362,6,0.0,0.0,고려사,0.0,승정원일기,0.0
洪奭周,3,6389,1,0.0,0.0,조선왕조실록,0.0,승정원일기,0.0
塩浦,2,11,11,100.0,100.0,조선왕조실록,100.0,한국사료총서,0.0
洪福山,2,36,35,97.2,100.0,승정원일기,100.0,조선왕조실록,0.0
慶尙道三嘉,2,48,48,100.0,100.0,승정원일기,100.0,조선왕조실록,0.0
平安道成川府,2,51,51,100.0,100.0,승정원일기,100.0,조선왕조실록,0.0
江原道平昌,2,52,52,100.0,100.0,승정원일기,100.0,조선왕조실록,0.0
吉祥面,2,7,7,100.0,100.0,승정원일기,100.0,한국사료총서,0.0
煙島,2,15,15,100.0,100.0,승정원일기,100.0,한국사료총서,0.0
五柳洞,2,8,8,100.0,100.0,승정원일기,100.0,한국사료총서,0.0
積慶園,2,17,2,11.8,0.0,고려사,0.0,고려사절요,0.0
而去,8,9477,1,0.0,0.0,고려사,0.0,조선왕조실록,0.0
大提,6,11059,1,0.0,0.0,고려사,0.0,한국사료총서,0.0
平壌,2,9,9,100.0,100.0,삼국사기,100.0,삼국유사,0.0
管山城,2,24,2,8.3,0.0,승정원일기,0.0,조선왕조실록,0.0
左輔,5,2226,1,0.0,0.0,고려사,0.0,승정원일기,0.0
全羅道和順,2,39,39,100.0,100.0,승정원일기,100.0,조선왕조실록,0.0
徐方,2,17,1,5.9,0.0,승정원일기,0.0,한국사료총서,0.0
猫串,2,6,6,100.0,100.0,고려사,100.0,고려사절요,0.0
烏蔓嶺,2,8,8,100.0,100.0,승정원일기,100.0,조선왕조실록,0.0
東二里,2,119,2,1.7,0.0,조선왕조실록,0.0,한국사료총서,0.0
咸鏡南道安邊郡,2,8,8,100.0,100.0,고순종실록,100.0,승정원일기,0.0
薩摩島,2,7,7,100.0,100.0,승정원일기,100.0,조선왕조실록,0.0
蘆洞社,2,9,9,100.0,100.0,조선왕조실록,100.0,한국사료총서,0.0
鎭江里,2,33,33,100.0,100.0,승정원일기,100.0,한국사료총서,0.0
忠淸道鎭川,2,169,169,100.0,100.0,승정원일기,100.0,조선왕조실록,0.0
黃海道瑞興,2,144,144,100.0,100.0,승정원일기,100.0,조선왕조실록,0.0
江原道金化,3,85,85,100.0,100.0,승정원일기,100.0,한국사료총서,0.0
漢陽京城,2,29,29,100.0,100.0,고순종실록,100.0,한국사료총서,0.0
黑壤郡,3,9,9,100.0,100.0,고려사,100.0,한국사료총서,0.0
慶尙道龍宮縣,2,12,12,100.0,100.0,승정원일기,100.0,조선왕조실록,0.0
汾水院,2,72,71,98.6,100.0,고순종실록,100.0,승정원일기,0.0
蘇湖里,2,6,6,100.0,100.0,고순종실록,100.0,승정원일기,0.0
新院里,2,14,14,100.0,100.0,승정원일기,100.0,한국사료총서,0.0
栗津郡,2,11,11,100.0,100.0,고려사,100.0,조선왕조실록,0.0
水口鎭,2,13,3,23.1,0.0,승정원일기,0.0,한국사료총서,0.0
太淸門,2,7,7,100.0,100.0,승정원일기,100.0,조선왕조실록,0.0
道男,2,15,1,6.7,0.0,승정원일기,0.0,조선왕조실록,0.0
天輔,6,7785,1,0.0,0.0,고려사,0.0,승정원일기,0.0
慶尙道居昌縣,2,9,9,100.0,100.0,승정원일기,100.0,조선왕조실록,0.0
豐溪祠,2,7,4,57.1,66.7,승정원일기,66.7,조선왕조실록,0.0
興陽羅老島,2,8,8,100.0,100.0,승정원일기,100.0,조선왕조실록,0.0
德豐驛,2,27,26,96.3,100.0,승정원일기,100.0,조선왕조실록,0.0
陽武郡,2,11,11,100.0,100.0,고려사,100.0,한국사료총서,0.0
末應島,2,21,21,100.0,100.0,승정원일기,100.0,조선왕조실록,0.0
弘濟橋,2,11,11,100.0,100.0,승정원일기,100.0,조선왕조실록,0.0
慶尙道咸昌縣,2,24,24,100.0,100.0,승정원일기,100.0,조선왕조실록,0.0
林雲,2,85,1,1.2,0.0,승정원일기,0.0,한국사료총서,0.0
兎遷,2,10,8,80.0,100.0,승정원일기,100.0,조선왕조실록,0.0
茂松縣,2,9,9,100.0,100.0,고려사,100.0,조선왕조실록,0.0
羅州飛禽島,2,11,10,90.9,100.0,고순종실록,100.0,승정원일기,0.0
萬永,4,2630,1,0.0,0.0,고순종실록,0.0,승정원일기,0.0
霜陰縣,2,13,13,100.0,100.0,고려사,100.0,고려사절요,0.0
羲準,3,2773,1,0.0,0.0,조선왕조실록,0.0,승정원일기,0.0
定州縣,2,10,2,20.0,0.0,고려사,0.0,조선왕조실록,0.0
闕中,4,3950,1,0.0,0.0,고순종실록,0.0,승정원일기,0.0
大耶州,2,6,6,100.0,100.0,삼국사기,100.0,한국사료총서,0.0
之者,8,27819,1,0.0,0.0,고려사,0.0,조선왕조실록,0.0
慶尙道昌寧,2,81,81,100.0,100.0,승정원일기,100.0,조선왕조실록,0.0
忽郡,4,28,28,100.0,100.0,고려사,100.0,한국사료총서,0.0
上河,2,13,1,7.7,0.0,승정원일기,0.0,조선왕조실록,0.0
兩宋,3,169,1,0.6,0.0,승정원일기,0.0,한국사료총서,0.0
大身,2,28,1,3.6,0.0,승정원일기,0.0,한국사료총서,0.0
鵂巖里,2,16,16,100.0,100.0,승정원일기,100.0,한국사료총서,0.0
求佛,3,49,1,2.0,0.0,고려사,0.0,조선왕조실록,0.0
禪源寺,2,10,1,10.0,0.0,고려사,0.0,한국사료총서,0.0
林惟茂,2,15,1,6.7,0.0,고려사,0.0,한국사료총서,0.0
全羅道南原,2,226,226,100.0,100.0,승정원일기,100.0,조선왕조실록,0.0
賢聖寺,2,78,1,1.3,0.0,고려사,0.0,고려사절요,0.0
京畿衿川,2,194,194,100.0,100.0,승정원일기,100.0,조선왕조실록,0.0
南陽大部島,2,8,8,100.0,100.0,승정원일기,100.0,조선왕조실록,0.0
龍馬山,2,36,36,100.0,100.0,고순종실록,100.0,승정원일기,0.0
屯里,2,21,21,100.0,100.0,승정원일기,100.0,한국사료총서,0.0
積善坊,2,13,13,100.0,100.0,승정원일기,100.0,한국사료총서,0.0
象奎,3,9303,2,0.0,0.0,조선왕조실록,0.0,승정원일기,0.0
江原道橫城縣,2,60,60,100.0,100.0,승정원일기,100.0,조선왕조실록,0.0
朔庭郡,2,12,12,100.0,100.0,고려사,100.0,한국사료총서,0.0
樂性,3,8831,1,0.0,0.0,조선왕조실록,0.0,승정원일기,0.0
堅城郡,2,9,9,100.0,100.0,고려사,100.0,조선왕조실록,0.0
太平洞,2,10,10,100.0,100.0,승정원일기,100.0,한국사료총서,0.0
宗薰,3,11818,2,0.0,0.0,조선왕조실록,0.0,승정원일기,0.0
永安都,2,11,3,27.3,33.3,승정원일기,33.3,조선왕조실록,0.0
吾里洞,2,10,10,100.0,100.0,조선왕조실록,100.0,한국사료총서,0.0
匡輔,6,4047,1,0.0,0.0,고려사,0.0,승정원일기,0.0
殷粟,2,14,13,92.9,100.0,승정원일기,100.0,조선왕조실록,0.0
阿山城,2,6,6,100.0,100.0,조선왕조실록,100.0,한국사료총서,0.0
羅多乃洞,2,66,66,100.0,100.0,승정원일기,100.0,한국사료총서,0.0
忠淸道靑陽,2,52,52,100.0,100.0,승정원일기,100.0,조선왕조실록,0.0
沈象奎,3,6815,1,0.0,0.0,조선왕조실록,0.0,승정원일기,0.0
珍島府金甲島,2,77,76,98.7,100.0,고순종실록,100.0,승정원일기,0.0
靑丹道,2,13,9,69.2,75.0,승정원일기,75.0,조선왕조실록,0.0
慶尙道居昌,2,65,65,100.0,100.0,승정원일기,100.0,조선왕조실록,0.0
鴨渌,2,31,31,100.0,100.0,삼국사기,100.0,삼국유사,0.0
碧蹄站,2,26,26,100.0,100.0,승정원일기,100.0,조선왕조실록,0.0
興善島,3,15,15,100.0,100.0,승정원일기,100.0,한국사료총서,0.0
壽昌郡,3,16,16,100.0,100.0,고려사,100.0,한국사료총서,0.0
咸鏡北道鏡城郡,2,8,8,100.0,100.0,고순종실록,100.0,승정원일기,0.0
忠淸道靑陽縣,2,19,19,100.0,100.0,승정원일기,100.0,조선왕조실록,0.0
昆長坪,2,9,9,100.0,100.0,승정원일기,100.0,조선왕조실록,0.0
琉求國,2,6,2,33.3,33.3,승정원일기,33.3,한국사료총서,0.0
綠磻峴,2,12,12,100.0,100.0,승정원일기,100.0,조선왕조실록,0.0
忠淸道平澤,3,48,48,100.0,100.0,승정원일기,100.0,한국사료총서,0.0
巨文鎭,2,14,13,92.9,100.0,고순종실록,100.0,승정원일기,0.0
聖福,2,70,2,2.9,0.0,승정원일기,0.0,한국사료총서,0.0
慶尙道仁同,2,113,113,100.0,100.0,승정원일기,100.0,조선왕조실록,0.0
咸鏡南道安邊,2,10,10,100.0,100.0,고순종실록,100.0,승정원일기,0.0
梨泰院,2,120,120,100.0,100.0,승정원일기,100.0,한국사료총서,0.0
羅州黑山島,2,27,27,100.0,100.0,승정원일기,100.0,조선왕조실록,0.0
扶安縣格浦,2,10,10,100.0,100.0,고순종실록,100.0,승정원일기,0.0
儀唱,4,6773,1,0.0,0.0,고순종실록,0.0,승정원일기,0.0
靑鳧縣,2,12,12,100.0,100.0,조선왕조실록,100.0,한국사료총서,0.0
潔城郡,2,8,8,100.0,100.0,고려사,100.0,조선왕조실록,0.0
大僕寺,2,12,1,8.3,0.0,고려사,0.0,조선왕조실록,0.0
檜巖面,2,6,6,100.0,100.0,승정원일기,100.0,한국사료총서,0.0
壽城縣,2,6,6,100.0,100.0,조선왕조실록,100.0,한국사료총서,0.0
鴻嘉,4,17,1,5.9,0.0,삼국사기,0.0,한국사료총서,0.0
全羅北道礪山,2,8,8,100.0,100.0,고순종실록,100.0,승정원일기,0.0
孔僅,2,19,1,5.3,0.0,승정원일기,0.0,조선왕조실록,0.0
咸鏡南道咸興郡,2,10,10,100.0,100.0,고순종실록,100.0,승정원일기,0.0
順化縣,2,6,6,100.0,100.0,고려사,100.0,고려사절요,0.0
蹄村,2,7,7,100.0,100.0,조선왕조실록,100.0,한국사료총서,0.0
京畿高陽郡,2,19,19,100.0,100.0,승정원일기,100.0,조선왕조실록,0.0
奏,8,195943,69,0.0,0.0,고려사,0.0,승정원일기,0.0
蒙漢,3,25,1,4.0,0.0,고려사,0.0,한국사료총서,0.0
大祝,5,10035,2,0.0,0.0,고려사,0.0,승정원일기,0.0
全羅道長城,2,97,96,99.0,100.0,승정원일기,100.0,조선왕조실록,0.0
廣州樂生驛,2,7,7,100.0,100.0,승정원일기,100.0,조선왕조실록,0.0
大谷面,2,16,16,100.0,100.0,승정원일기,100.0,한국사료총서,0.0
白川金谷,2,7,7,100.0,100.0,승정원일기,100.0,조선왕조실록,0.0
阿海,4,37,1,2.7,0.0,고려사,0.0,한국사료총서,0.0
樓盈,2,15,15,100.0,100.0,승정원일기,100.0,조선왕조실록,0.0
詣宗廟,4,6126,1,0.0,0.0,고순종실록,0.0,승정원일기,0.0
桃渚洞,2,25,25,100.0,100.0,승정원일기,100.0,조선왕조실록,0.0
東村面,2,12,12,100.0,100.0,승정원일기,100.0,한국사료총서,0.0
孔目,2,13,1,7.7,0.0,고려사,0.0,고려사절요,0.0
東吳,2,33,1,3.0,0.0,승정원일기,0.0,한국사료총서,0.0
東震,2,13,1,7.7,0.0,승정원일기,0.0,한국사료총서,0.0
碧只島,2,20,19,95.0,100.0,승정원일기,100.0,조선왕조실록,0.0
東萊金井山城,2,16,16,100.0,100.0,승정원일기,100.0,조선왕조실록,0.0
渡江,6,4676,1,0.0,0.0,고려사,0.0,승정원일기,0.0
一善郡,2,12,12,100.0,100.0,삼국사기,100.0,한국사료총서,0.0
泉川面,2,9,9,100.0,100.0,승정원일기,100.0,한국사료총서,0.0
當,8,879828,60,0.0,0.0,고려사,0.0,한국사료총서,0.0
北道鏡城,2,16,15,93.8,100.0,고순종실록,100.0,승정원일기,0.0
望丁,3,17,1,5.9,0.0,승정원일기,0.0,한국사료총서,0.0
蘭室,2,15,1,6.7,0.0,승정원일기,0.0,한국사료총서,0.0
江原道歙谷,2,46,46,100.0,100.0,승정원일기,100.0,조선왕조실록,0.0
芳林驛,2,10,10,100.0,100.0,조선왕조실록,100.0,한국사료총서,0.0
平安道陽德,3,96,96,100.0,100.0,승정원일기,100.0,한국사료총서,0.0
荒調,2,8,8,100.0,100.0,조선왕조실록,100.0,한국사료총서,0.0
牛頭州,2,13,13,100.0,100.0,삼국사기,100.0,한국사료총서,0.0
水踰里,2,13,13,100.0,100.0,승정원일기,100.0,한국사료총서,0.0
忠淸道靑山,2,29,29,100.0,100.0,승정원일기,100.0,조선왕조실록,0.0
全羅道雲峰,2,23,23,100.0,100.0,승정원일기,100.0,조선왕조실록,0.0
缶溪縣,2,14,14,100.0,100.0,조선왕조실록,100.0,한국사료총서,0.0
熊神縣,3,19,19,100.0,100.0,고려사,100.0,조선왕조실록,0.0
高峯縣,2,11,11,100.0,100.0,고려사,100.0,조선왕조실록,0.0
峯城縣,2,12,11,91.7,100.0,고려사,100.0,고려사절요,0.0
班城縣,3,12,12,100.0,100.0,고려사,100.0,한국사료총서,0.0
囚,8,101496,2,0.0,0.0,고려사,0.0,조선왕조실록,0.0
松岳郡,2,15,15,100.0,100.0,삼국사기,100.0,한국사료총서,0.0
平安道中和府,2,150,150,100.0,100.0,승정원일기,100.0,한국사료총서,0.0
浥和,2,35,35,100.0,100.0,승정원일기,100.0,조선왕조실록,0.0
守城郡,2,9,9,100.0,100.0,고려사,100.0,조선왕조실록,0.0
白城郡,4,14,14,100.0,100.0,고려사,100.0,한국사료총서,0.0
葦島,2,12,12,100.0,100.0,고려사,100.0,고려사절요,0.0
肅淸門,2,22,21,95.5,100.0,승정원일기,100.0,조선왕조실록,0.0
咸鏡道高原,2,67,67,100.0,100.0,승정원일기,100.0,조선왕조실록,0.0
全羅道錦城,2,18,18,100.0,100.0,승정원일기,100.0,조선왕조실록,0.0
仁弘門,2,35,1,2.9,0.0,조선왕조실록,0.0,한국사료총서,0.0
全羅道和順縣,2,23,23,100.0,100.0,승정원일기,100.0,조선왕조실록,0.0
夫沙,2,12,3,25.0,0.0,승정원일기,0.0,한국사료총서,0.0
新坪里,2,22,22,100.0,100.0,승정원일기,100.0,한국사료총서,0.0
東部里,2,11,11,100.0,100.0,승정원일기,100.0,한국사료총서,0.0
生駒,2,12,1,8.3,0.0,조선왕조실록,0.0,한국사료총서,0.0
修文殿,4,77,1,1.3,0.0,고려사,0.0,한국사료총서,0.0
宗城,4,10407,3,0.0,0.0,고순종실록,0.0,승정원일기,0.0
順天都護府,2,13,1,7.7,0.0,승정원일기,0.0,조선왕조실록,0.0
咸安閣,2,42,42,100.0,100.0,승정원일기,100.0,조선왕조실록,0.0
相休,3,3202,1,0.0,0.0,조선왕조실록,0.0,승정원일기,0.0
梨太院,2,26,26,100.0,100.0,승정원일기,100.0,한국사료총서,0.0
雲興館,2,11,10,90.9,100.0,승정원일기,100.0,조선왕조실록,0.0
訥島,2,9,9,100.0,100.0,조선왕조실록,100.0,한국사료총서,0.0
晉州鎭,2,25,9,36.0,33.3,승정원일기,33.3,한국사료총서,0.0
西磵,2,30,24,80.0,80.0,승정원일기,80.0,조선왕조실록,0.0
雲岩寺,2,48,2,4.2,0.0,고려사,0.0,한국사료총서,0.0
富寧都護府,2,30,1,3.3,0.0,승정원일기,0.0,조선왕조실록,0.0
分州,2,43,1,2.3,0.0,승정원일기,0.0,조선왕조실록,0.0
元鼎,4,93,1,1.1,0.0,고려사,0.0,한국사료총서,0.0
忠淸道全義縣,2,16,16,100.0,100.0,승정원일기,100.0,조선왕조실록,0.0
藥院,4,22965,4,0.0,0.0,고순종실록,0.0,승정원일기,0.0
洛南軒,2,24,23,95.8,100.0,승정원일기,100.0,조선왕조실록,0.0
侍中臺,2,19,1,5.3,0.0,승정원일기,0.0,한국사료총서,0.0
艾島,3,17,17,100.0,100.0,승정원일기,100.0,한국사료총서,0.0
永鼎,2,12,1,8.3,0.0,승정원일기,0.0,조선왕조실록,0.0
丹密縣,2,13,13,100.0,100.0,조선왕조실록,100.0,한국사료총서,0.0
呂水,2,29,29,100.0,100.0,승정원일기,100.0,조선왕조실록,0.0
海安寺,2,12,1,8.3,0.0,고려사,0.0,고려사절요,0.0
綱目,6,4373,1,0.0,0.0,고려사,0.0,승정원일기,0.0
延禧堂,2,36,36,100.0,100.0,승정원일기,100.0,조선왕조실록,0.0
端陽門,2,36,36,100.0,100.0,승정원일기,100.0,조선왕조실록,0.0
金州衛,2,26,26,100.0,100.0,승정원일기,100.0,조선왕조실록,0.0
神義,3,27,1,3.7,0.0,고려사,0.0,한국사료총서,0.0
煥章庵,2,25,25,100.0,100.0,승정원일기,100.0,조선왕조실록,0.0
平安道祥原,3,183,183,100.0,100.0,승정원일기,100.0,한국사료총서,0.0
漕鴨島,2,8,8,100.0,100.0,승정원일기,100.0,한국사료총서,0.0
景福宮。,4,6534,1,0.0,0.0,고순종실록,0.0,승정원일기,0.0
豢猳縣,2,10,10,100.0,100.0,고려사,100.0,고려사절요,0.0
磯島,2,7,7,100.0,100.0,승정원일기,100.0,한국사료총서,0.0
仁川紫燕島,2,8,8,100.0,100.0,승정원일기,100.0,조선왕조실록,0.0
准南,2,8,1,12.5,0.0,승정원일기,0.0,한국사료총서,0.0
睡鴨島,3,14,14,100.0,100.0,승정원일기,100.0,한국사료총서,0.0
墨匠,2,14,4,28.6,0.0,승정원일기,0.0,한국사료총서,0.0
肅寧館,2,28,28,100.0,100.0,승정원일기,100.0,조선왕조실록,0.0
後蘇,2,26,2,7.7,0.0,승정원일기,0.0,한국사료총서,0.0
新平縣,2,11,10,90.9,100.0,고려사,100.0,조선왕조실록,0.0
月谷里,3,14,14,100.0,100.0,고순종실록,100.0,한국사료총서,0.0
金塘島,2,12,11,91.7,100.0,승정원일기,100.0,조선왕조실록,0.0
鳥嶺關,2,8,2,25.0,0.0,승정원일기,0.0,한국사료총서,0.0
襄陽洛山,2,10,9,90.0,100.0,승정원일기,100.0,조선왕조실록,0.0
玄化寺,2,86,2,2.3,0.0,고려사,0.0,고려사절요,0.0
達牧,2,9,1,11.1,0.0,고려사,0.0,한국사료총서,0.0
尹師德,4,31,1,3.2,0.0,고려사,0.0,조선왕조실록,0.0
慶尙道大丘府,2,22,22,100.0,100.0,승정원일기,100.0,조선왕조실록,0.0
金海鳴旨島,2,15,15,100.0,100.0,승정원일기,100.0,한국사료총서,0.0
行元,4,2103,1,0.0,0.0,고순종실록,0.0,승정원일기,0.0
崇義廟,2,40,40,100.0,100.0,고순종실록,100.0,승정원일기,0.0
無稜,2,40,1,2.5,0.0,승정원일기,0.0,조선왕조실록,0.0
龍泉驛,2,35,34,97.1,100.0,고려사,100.0,승정원일기,0.0
羲俊,4,2380,1,0.0,0.0,고순종실록,0.0,승정원일기,0.0
廟島,3,10,10,100.0,100.0,승정원일기,100.0,한국사료총서,0.0
阿斯津,2,20,18,90.0,100.0,고려사,100.0,조선왕조실록,0.0
若木縣,2,30,30,100.0,100.0,조선왕조실록,100.0,한국사료총서,0.0
別刀,2,10,8,80.0,100.0,조선왕조실록,100.0,한국사료총서,0.0
西紅,2,19,7,36.8,33.3,승정원일기,33.3,한국사료총서,0.0
花蝶洞,3,37,37,100.0,100.0,고순종실록,100.0,조선왕조실록,0.0
引慶,3,12,1,8.3,0.0,승정원일기,0.0,한국사료총서,0.0
平山太白山城,2,11,11,100.0,100.0,승정원일기,100.0,조선왕조실록,0.0
那覇,2,8,8,100.0,100.0,승정원일기,100.0,조선왕조실록,0.0
加次山里,2,49,49,100.0,100.0,승정원일기,100.0,한국사료총서,0.0
李玗,2,340,1,0.3,0.0,승정원일기,0.0,조선왕조실록,0.0
平安道雲山郡,2,60,60,100.0,100.0,승정원일기,100.0,조선왕조실록,0.0
文殊峯,2,11,10,90.9,100.0,승정원일기,100.0,조선왕조실록,0.0
樂生驛,2,52,51,98.1,100.0,승정원일기,100.0,조선왕조실록,0.0
承輔,4,3768,1,0.0,0.0,고순종실록,0.0,승정원일기,0.0
循,7,52671,2,0.0,0.0,고려사,0.0,조선왕조실록,0.0
梧柳洞,2,11,11,100.0,100.0,승정원일기,100.0,한국사료총서,0.0
黃海道瑞興府,2,50,50,100.0,100.0,승정원일기,100.0,조선왕조실록,0.0
益彬,3,2664,1,0.0,0.0,조선왕조실록,0.0,승정원일기,0.0
通津文殊山,2,24,24,100.0,100.0,승정원일기,100.0,조선왕조실록,0.0
金海鳴旨,2,16,16,100.0,100.0,승정원일기,100.0,한국사료총서,0.0
咸興歸州寺,2,9,9,100.0,100.0,고순종실록,100.0,승정원일기,0.0
羅里洞,2,8,8,100.0,100.0,고순종실록,100.0,승정원일기,0.0
東度,3,6282,1,0.0,0.0,조선왕조실록,0.0,승정원일기,0.0
北部面,2,8,8,100.0,100.0,승정원일기,100.0,한국사료총서,0.0
殷商,2,36,1,2.8,0.0,승정원일기,0.0,한국사료총서,0.0
京畿安城郡,3,22,22,100.0,100.0,승정원일기,100.0,한국사료총서,0.0
牛耳洞,3,20,20,100.0,100.0,승정원일기,100.0,한국사료총서,0.0
創,8,20936,2,0.0,0.0,고려사,0.0,조선왕조실록,0.0
天風,3,72,1,1.4,0.0,승정원일기,0.0,한국사료총서,0.0
澄淸坊,3,14,14,100.0,100.0,승정원일기,100.0,한국사료총서,0.0
無衣島,2,6,6,100.0,100.0,승정원일기,100.0,조선왕조실록,0.0
往武,3,46,1,2.2,0.0,승정원일기,0.0,한국사료총서,0.0
王若,6,4095,1,0.0,0.0,고려사,0.0,승정원일기,0.0
徐有聞,3,5339,1,0.0,0.0,조선왕조실록,0.0,승정원일기,0.0
妙通寺,2,107,1,0.9,0.0,고려사,0.0,고려사절요,0.0
兩峽,2,8,1,12.5,0.0,조선왕조실록,0.0,한국사료총서,0.0
忠義壇,2,12,12,100.0,100.0,승정원일기,100.0,조선왕조실록,0.0
楊州鎭,2,23,12,52.2,50.0,승정원일기,50.0,한국사료총서,0.0
定州城內,2,11,1,9.1,0.0,조선왕조실록,0.0,한국사료총서,0.0
門懸山,2,14,14,100.0,100.0,승정원일기,100.0,조선왕조실록,0.0
大谷里,2,12,12,100.0,100.0,조선왕조실록,100.0,한국사료총서,0.0
咸鏡道高原郡,2,48,47,97.9,100.0,승정원일기,100.0,조선왕조실록,0.0
高達坂,2,8,8,100.0,100.0,고려사,100.0,고려사절요,0.0
會極門,2,24,23,95.8,100.0,고순종실록,100.0,승정원일기,0.0
文官,6,5173,1,0.0,0.0,고려사,0.0,승정원일기,0.0
全羅道南平,2,49,49,100.0,100.0,승정원일기,100.0,조선왕조실록,0.0
苧川,2,6,6,100.0,100.0,조선왕조실록,100.0,한국사료총서,0.0
泰安掘浦,2,10,4,40.0,40.0,승정원일기,40.0,조선왕조실록,0.0
威州,2,9,4,44.4,33.3,고려사,33.3,고려사절요,0.0
江原道麟蹄,2,38,38,100.0,100.0,승정원일기,100.0,조선왕조실록,0.0
南陽都護府,2,13,1,7.7,0.0,승정원일기,0.0,조선왕조실록,0.0
慶尙道靑松,2,47,47,100.0,100.0,승정원일기,100.0,조선왕조실록,0.0
馴雉,2,10,4,40.0,0.0,승정원일기,0.0,한국사료총서,0.0
槥城郡,3,14,14,100.0,100.0,고려사,100.0,한국사료총서,0.0
女眞古,2,12,1,8.3,0.0,고려사,0.0,고려사절요,0.0
靈巖楸子島,2,15,14,93.3,100.0,승정원일기,100.0,조선왕조실록,0.0
德留驛,2,20,19,95.0,100.0,승정원일기,100.0,조선왕조실록,0.0
泗水縣,2,9,8,88.9,100.0,고려사,100.0,고려사절요,0.0
慶尙道順興府,2,30,30,100.0,100.0,승정원일기,100.0,한국사료총서,0.0
昭應宮,2,6,6,100.0,100.0,승정원일기,100.0,조선왕조실록,0.0
全羅道咸平,2,89,88,98.9,100.0,승정원일기,100.0,조선왕조실록,0.0
高荊山,2,542,1,0.2,0.0,조선왕조실록,0.0,한국사료총서,0.0
中岳,3,25,2,8.0,0.0,승정원일기,0.0,한국사료총서,0.0
金沙驛,2,17,16,94.1,100.0,승정원일기,100.0,조선왕조실록,0.0
安賤,4,3532,1,0.0,0.0,고순종실록,0.0,승정원일기,0.0
任城郡,2,8,8,100.0,100.0,고려사,100.0,조선왕조실록,0.0
藏義洞,2,40,40,100.0,100.0,조선왕조실록,100.0,한국사료총서,0.0
監董,4,5394,1,0.0,0.0,고순종실록,0.0,승정원일기,0.0
弓口門,2,11,1,9.1,0.0,고려사,0.0,고려사절요,0.0
九梯宮,3,21,1,4.8,0.0,고려사,0.0,한국사료총서,0.0
耽津縣,2,9,9,100.0,100.0,고려사,100.0,조선왕조실록,0.0
昌道驛,2,10,10,100.0,100.0,승정원일기,100.0,한국사료총서,0.0
鐵城郡,3,9,9,100.0,100.0,고려사,100.0,한국사료총서,0.0
平安道陽德縣,2,62,62,100.0,100.0,승정원일기,100.0,조선왕조실록,0.0
羊會鎭,2,9,9,100.0,100.0,승정원일기,100.0,조선왕조실록,0.0
疏字,2,7,1,14.3,0.0,승정원일기,0.0,한국사료총서,0.0
江原道楊口縣,2,54,54,100.0,100.0,승정원일기,100.0,조선왕조실록,0.0
提州,2,7,7,100.0,100.0,고려사,100.0,조선왕조실록,0.0
平安道江西,2,48,48,100.0,100.0,승정원일기,100.0,조선왕조실록,0.0
咸安閤,2,9,9,100.0,100.0,승정원일기,100.0,조선왕조실록,0.0
掠州郡,3,19,1,5.3,0.0,고려사,0.0,조선왕조실록,0.0
楊根北面,2,12,12,100.0,100.0,승정원일기,100.0,한국사료총서,0.0
夜郞,2,11,1,9.1,0.0,승정원일기,0.0,한국사료총서,0.0
金海都護府,2,11,1,9.1,0.0,승정원일기,0.0,조선왕조실록,0.0
忠淸道大興縣,2,14,14,100.0,100.0,승정원일기,100.0,조선왕조실록,0.0
南原蛟龍山城,2,9,7,77.8,100.0,승정원일기,100.0,조선왕조실록,0.0
大淸門外,2,11,2,18.2,0.0,조선왕조실록,0.0,한국사료총서,0.0
全南道南原,2,11,11,100.0,100.0,승정원일기,100.0,조선왕조실록,0.0
會賢洞,3,122,122,100.0,100.0,승정원일기,100.0,한국사료총서,0.0
小貞陵洞,2,7,7,100.0,100.0,승정원일기,100.0,한국사료총서,0.0
全羅道寶城,2,88,87,98.9,100.0,승정원일기,100.0,조선왕조실록,0.0
忠淸道永同,3,98,98,100.0,100.0,승정원일기,100.0,한국사료총서,0.0
泗洙,2,13,1,7.7,0.0,승정원일기,0.0,한국사료총서,0.0
京畿加平,2,163,163,100.0,100.0,승정원일기,100.0,조선왕조실록,0.0
新基里,2,30,30,100.0,100.0,승정원일기,100.0,한국사료총서,0.0
赤良,2,15,15,100.0,100.0,조선왕조실록,100.0,한국사료총서,0.0
黃山郡,2,12,12,100.0,100.0,고려사,100.0,조선왕조실록,0.0
延德宮,3,62,1,1.6,0.0,고려사,0.0,한국사료총서,0.0
海愚,3,4655,1,0.0,0.0,조선왕조실록,0.0,승정원일기,0.0
西院,3,26,2,7.7,0.0,고려사,0.0,한국사료총서,0.0
俗離寺,2,16,10,62.5,100.0,승정원일기,100.0,조선왕조실록,0.0
防垣鎭,2,9,6,66.7,75.0,승정원일기,75.0,조선왕조실록,0.0
壯義洞,3,53,53,100.0,100.0,승정원일기,100.0,한국사료총서,0.0
英淳,2,6146,1,0.0,0.0,조선왕조실록,0.0,승정원일기,0.0
正安里,2,21,21,100.0,100.0,고순종실록,100.0,승정원일기,0.0
慶尙道義城,2,99,98,99.0,100.0,승정원일기,100.0,조선왕조실록,0.0
昌宰,3,42,1,2.4,0.0,고순종실록,0.0,한국사료총서,0.0
天大,7,4123,1,0.0,0.0,고려사,0.0,승정원일기,0.0
文王,8,7263,2,0.0,0.0,고려사,0.0,승정원일기,0.0
濕水,2,17,1,5.9,0.0,승정원일기,0.0,조선왕조실록,0.0
平安道郭山,2,52,52,100.0,100.0,승정원일기,100.0,조선왕조실록,0.0
景昭殿,2,9,9,100.0,100.0,고순종실록,100.0,승정원일기,0.0
衡陽,2,14,9,64.3,66.7,승정원일기,66.7,한국사료총서,0.0
扶安格浦,2,11,11,100.0,100.0,승정원일기,100.0,조선왕조실록,0.0
仁川紫燕,2,11,11,100.0,100.0,승정원일기,100.0,조선왕조실록,0.0
一片石,2,35,1,2.9,0.0,승정원일기,0.0,한국사료총서,0.0
領平,2,12,1,8.3,0.0,승정원일기,0.0,조선왕조실록,0.0
婆娑府,4,31,30,96.8,100.0,고려사,100.0,한국사료총서,0.0
義昌郡,3,18,18,100.0,100.0,고려사,100.0,한국사료총서,0.0
泰來,4,541,1,0.2,0.0,고순종실록,0.0,한국사료총서,0.0
獄事,5,9472,1,0.0,0.0,고려사,0.0,승정원일기,0.0
忽縣,4,21,21,100.0,100.0,고려사,100.0,한국사료총서,0.0
彌沙里,2,44,44,100.0,100.0,승정원일기,100.0,조선왕조실록,0.0
有備倉,3,27,1,3.7,0.0,고려사,0.0,승정원일기,0.0
連龜,2,11,1,9.1,0.0,승정원일기,0.0,한국사료총서,0.0
龍仁直谷,2,10,10,100.0,100.0,승정원일기,100.0,조선왕조실록,0.0
忠請道,2,11,11,100.0,100.0,승정원일기,100.0,조선왕조실록,0.0
扶安縣格浦鎭,2,8,8,100.0,100.0,고순종실록,100.0,승정원일기,0.0
喬亦,2,8,1,12.5,0.0,승정원일기,0.0,한국사료총서,0.0
崇化門,2,198,198,100.0,100.0,승정원일기,100.0,조선왕조실록,0.0
劍水站,2,8,8,100.0,100.0,승정원일기,100.0,조선왕조실록,0.0
慶尙道慶山,2,27,27,100.0,100.0,승정원일기,100.0,조선왕조실록,0.0
伽倻山下,2,16,1,6.2,0.0,조선왕조실록,0.0,한국사료총서,0.0
春陽縣,3,13,13,100.0,100.0,승정원일기,100.0,한국사료총서,0.0
獐山郡,3,13,13,100.0,100.0,고려사,100.0,한국사료총서,0.0
慶尙道咸昌,2,79,79,100.0,100.0,승정원일기,100.0,조선왕조실록,0.0
古羣山,2,36,36,100.0,100.0,조선왕조실록,100.0,한국사료총서,0.0
曺魏,2,10,2,20.0,0.0,승정원일기,0.0,한국사료총서,0.0
防風,3,467,2,0.4,0.0,승정원일기,0.0,한국사료총서,0.0
蘭山縣,2,9,9,100.0,100.0,삼국사기,100.0,한국사료총서,0.0
許積,3,6863,1,0.0,0.0,조선왕조실록,0.0,승정원일기,0.0
丙辰,8,8223,1,0.0,0.0,고려사,0.0,조선왕조실록,0.0
令廟,4,26236,1,0.0,0.0,고순종실록,0.0,조선왕조실록,0.0
城頭串,2,7,7,100.0,100.0,승정원일기,100.0,조선왕조실록,0.0
中梁浦,2,32,32,100.0,100.0,승정원일기,100.0,조선왕조실록,0.0
全羅道求禮縣,2,43,43,100.0,100.0,승정원일기,100.0,조선왕조실록,0.0
珍州,4,36,36,100.0,100.0,고려사,100.0,한국사료총서,0.0
東魏,2,28,3,10.7,0.0,삼국사기,0.0,승정원일기,0.0
燕山郡,3,17,17,100.0,100.0,고려사,100.0,한국사료총서,0.0
檜庵,2,22,22,100.0,100.0,조선왕조실록,100.0,한국사료총서,0.0
後燕,2,35,1,2.9,0.0,승정원일기,0.0,조선왕조실록,0.0
光運,3,4558,2,0.0,0.0,조선왕조실록,0.0,승정원일기,0.0
甲府,2,8,2,25.0,0.0,승정원일기,0.0,한국사료총서,0.0
眞長山,2,9,9,100.0,100.0,승정원일기,100.0,조선왕조실록,0.0
士也串,2,11,11,100.0,100.0,승정원일기,100.0,조선왕조실록,0.0
忠宣王,5,320,1,0.3,0.0,고려사,0.0,한국사료총서,0.0
以酊,2,406,1,0.2,0.0,조선왕조실록,0.0,한국사료총서,0.0
樓盈筒,2,14,14,100.0,100.0,승정원일기,100.0,조선왕조실록,0.0
尙魯,4,21891,3,0.0,0.0,고순종실록,0.0,승정원일기,0.0
今泉,2,13,1,7.7,0.0,승정원일기,0.0,한국사료총서,0.0
琅琊,2,10,6,60.0,66.7,승정원일기,66.7,조선왕조실록,0.0
遼東道,3,21,1,4.8,0.0,삼국사기,0.0,한국사료총서,0.0
徐俊輔,3,3105,1,0.0,0.0,조선왕조실록,0.0,승정원일기,0.0
星山郡,3,14,14,100.0,100.0,고려사,100.0,한국사료총서,0.0
全羅道沃溝,3,61,61,100.0,100.0,승정원일기,100.0,한국사료총서,0.0
淸讌樓,2,10,7,70.0,100.0,승정원일기,100.0,조선왕조실록,0.0
明日,8,112967,6,0.0,0.0,고려사,0.0,한국사료총서,0.0
文淳,4,4487,1,0.0,0.0,고순종실록,0.0,승정원일기,0.0
燕南,3,14,2,14.3,0.0,승정원일기,0.0,한국사료총서,0.0
食知,2,11,2,18.2,20.0,승정원일기,20.0,한국사료총서,0.0
山羊會鎭,2,8,8,100.0,100.0,승정원일기,100.0,조선왕조실록,0.0
全羅道谷城縣,2,27,27,100.0,100.0,승정원일기,100.0,조선왕조실록,0.0
興根,4,3688,1,0.0,0.0,고순종실록,0.0,승정원일기,0.0
忠淸道沔川郡,2,39,39,100.0,100.0,승정원일기,100.0,조선왕조실록,0.0
慶尙道榮川,2,152,152,100.0,100.0,승정원일기,100.0,조선왕조실록,0.0
大旺面,2,8,8,100.0,100.0,승정원일기,100.0,한국사료총서,0.0
牟德,2,15,13,86.7,100.0,승정원일기,100.0,조선왕조실록,0.0
壽靜堂,2,12,12,100.0,100.0,승정원일기,100.0,조선왕조실록,0.0
全羅道樂安郡,2,89,89,100.0,100.0,승정원일기,100.0,조선왕조실록,0.0
江原道麟蹄縣,2,22,22,100.0,100.0,승정원일기,100.0,조선왕조실록,0.0
全羅道龍潭,2,59,59,100.0,100.0,승정원일기,100.0,조선왕조실록,0.0
三妓,2,8,1,12.5,0.0,승정원일기,0.0,한국사료총서,0.0
平安道泰川,2,79,79,100.0,100.0,승정원일기,100.0,조선왕조실록,0.0
東萊金井,2,17,17,100.0,100.0,승정원일기,100.0,조선왕조실록,0.0
壽康齋,2,660,660,100.0,100.0,승정원일기,100.0,조선왕조실록,0.0
獨人,3,61,1,1.6,0.0,승정원일기,0.0,한국사료총서,0.0
鵲島,2,21,20,95.2,100.0,승정원일기,100.0,조선왕조실록,0.0
仁章里,2,32,32,100.0,100.0,승정원일기,100.0,조선왕조실록,0.0
慶尙道咸安郡,2,26,26,100.0,100.0,승정원일기,100.0,조선왕조실록,0.0
魯恩書院,2,13,13,100.0,100.0,승정원일기,100.0,조선왕조실록,0.0
順昌園,2,258,256,99.2,100.0,고순종실록,100.0,승정원일기,0.0
靜成,2,15,1,6.7,0.0,승정원일기,0.0,한국사료총서,0.0
寧遠鎭,2,14,12,85.7,100.0,고려사,100.0,조선왕조실록,0.0
孝令,2,10,2,20.0,0.0,승정원일기,0.0,한국사료총서,0.0
大興洞,2,8,8,100.0,100.0,승정원일기,100.0,한국사료총서,0.0
慶尙道知禮,2,31,31,100.0,100.0,승정원일기,100.0,조선왕조실록,0.0
水月里,2,12,12,100.0,100.0,승정원일기,100.0,한국사료총서,0.0
昭慶園,2,490,489,99.8,100.0,고순종실록,100.0,승정원일기,0.0
公郞,2,29,1,3.4,0.0,승정원일기,0.0,조선왕조실록,0.0
江原道淮陽,3,148,148,100.0,100.0,승정원일기,100.0,한국사료총서,0.0
濟州旌義縣,2,7,5,71.4,66.7,승정원일기,66.7,조선왕조실록,0.0
古沙夫里,2,8,6,75.0,66.7,삼국사기,66.7,한국사료총서,0.0
海保,2,14,6,42.9,50.0,승정원일기,50.0,한국사료총서,0.0
安和寺,3,84,2,2.4,0.0,고려사,0.0,한국사료총서,0.0
加德島,3,141,141,100.0,100.0,승정원일기,100.0,한국사료총서,0.0
雁行洞,2,10,10,100.0,100.0,고순종실록,100.0,승정원일기,0.0
弘遠,4,2772,1,0.0,0.0,고순종실록,0.0,승정원일기,0.0
宇鎭,3,5792,1,0.0,0.0,조선왕조실록,0.0,승정원일기,0.0
海州結城倉,2,8,8,100.0,100.0,승정원일기,100.0,조선왕조실록,0.0
有龜,4,2435,1,0.0,0.0,고려사,0.0,승정원일기,0.0
幸州項,2,10,10,100.0,100.0,고순종실록,100.0,승정원일기,0.0
帳機,2,9,1,11.1,0.0,승정원일기,0.0,한국사료총서,0.0
烏蔓,2,10,10,100.0,100.0,승정원일기,100.0,조선왕조실록,0.0
敬極堂,2,23,23,100.0,100.0,승정원일기,100.0,조선왕조실록,0.0
品魚,2,17,2,11.8,0.0,고순종실록,0.0,승정원일기,0.0
平安道咸從,2,58,58,100.0,100.0,승정원일기,100.0,조선왕조실록,0.0
建功湯,2,2176,1,0.0,0.0,조선왕조실록,0.0,승정원일기,0.0
山朶顔,2,11,11,100.0,100.0,조선왕조실록,100.0,한국사료총서,0.0
忠淸道安眠,2,7,7,100.0,100.0,승정원일기,100.0,조선왕조실록,0.0
扶寧縣,2,9,9,100.0,100.0,고려사,100.0,조선왕조실록,0.0
平安道郭山郡,2,35,35,100.0,100.0,승정원일기,100.0,조선왕조실록,0.0
敬天驛,2,29,27,93.1,100.0,승정원일기,100.0,조선왕조실록,0.0
江陽郡,3,14,14,100.0,100.0,고려사,100.0,한국사료총서,0.0
盥洗位,4,2702,1,0.0,0.0,고려사,0.0,승정원일기,0.0
載瓚,4,9173,2,0.0,0.0,고순종실록,0.0,승정원일기,0.0
全羅道淳昌郡,2,30,30,100.0,100.0,승정원일기,100.0,조선왕조실록,0.0
雙里門洞,2,16,16,100.0,100.0,승정원일기,100.0,한국사료총서,0.0
妙積山,3,22,21,95.5,100.0,고순종실록,100.0,조선왕조실록,0.0
福靈,2,53,1,1.9,0.0,고려사,0.0,승정원일기,0.0
波知島,2,13,13,100.0,100.0,승정원일기,100.0,조선왕조실록,0.0
寅柱,2,39,1,2.6,0.0,승정원일기,0.0,한국사료총서,0.0
洋匪,3,36,1,2.8,0.0,고순종실록,0.0,한국사료총서,0.0
玉河關,2,17,16,94.1,100.0,승정원일기,100.0,조선왕조실록,0.0
遂人,3,89,1,1.1,0.0,승정원일기,0.0,한국사료총서,0.0
內局,4,11879,2,0.0,0.0,고순종실록,0.0,승정원일기,0.0
大都島,2,6,6,100.0,100.0,승정원일기,100.0,조선왕조실록,0.0
柴谷,2,7,7,100.0,100.0,승정원일기,100.0,한국사료총서,0.0
慶尙道開寧,2,63,63,100.0,100.0,승정원일기,100.0,조선왕조실록,0.0
瑞谷縣,2,12,12,100.0,100.0,고려사,100.0,조선왕조실록,0.0
武弁,4,4151,1,0.0,0.0,고려사,0.0,승정원일기,0.0
陞,6,61515,8,0.0,0.0,고려사,0.0,승정원일기,0.0
夫若,3,103,1,1.0,0.0,승정원일기,0.0,한국사료총서,0.0
獨仇味,2,23,23,100.0,100.0,고순종실록,100.0,승정원일기,0.0
京畿海西,2,8,1,12.5,0.0,조선왕조실록,0.0,한국사료총서,0.0
扶安蝟島,2,28,27,96.4,100.0,승정원일기,100.0,조선왕조실록,0.0
東部都,2,433,1,0.2,0.0,승정원일기,0.0,한국사료총서,0.0
黃島,2,10,5,50.0,50.0,조선왕조실록,50.0,한국사료총서,0.0
斡木河,3,147,147,100.0,100.0,승정원일기,100.0,한국사료총서,0.0
具庠,3,2800,1,0.0,0.0,조선왕조실록,0.0,승정원일기,0.0
秋豊,2,6,2,33.3,33.3,승정원일기,33.3,한국사료총서,0.0
得延,3,456,1,0.2,0.0,승정원일기,0.0,한국사료총서,0.0
咸鏡南道永興,2,9,9,100.0,100.0,고순종실록,100.0,승정원일기,0.0
派川,2,16,15,93.8,100.0,고려사,100.0,조선왕조실록,0.0
和豐,2,14,2,14.3,0.0,승정원일기,0.0,한국사료총서,0.0
慶尙道比安,2,43,43,100.0,100.0,승정원일기,100.0,조선왕조실록,0.0
鳳漢,4,29967,5,0.0,0.0,고순종실록,0.0,승정원일기,0.0
養德堂,2,11,10,90.9,100.0,승정원일기,100.0,조선왕조실록,0.0
慶尙道泗川,2,137,136,99.3,100.0,승정원일기,100.0,조선왕조실록,0.0
江原道金城,2,94,94,100.0,100.0,승정원일기,100.0,조선왕조실록,0.0
靜陵,2,10,6,60.0,66.7,승정원일기,66.7,조선왕조실록,0.0
胤伋,2,23,1,4.3,0.0,승정원일기,0.0,한국사료총서,0.0
綏慶園,2,60,60,100.0,100.0,고순종실록,100.0,승정원일기,0.0
"景慕宮,",4,4669,1,0.0,0.0,고순종실록,0.0,승정원일기,0.0
羅州黑山,2,28,28,100.0,100.0,승정원일기,100.0,조선왕조실록,0.0
葛島,2,13,13,100.0,100.0,조선왕조실록,100.0,한국사료총서,0.0
興陽鹿島,2,9,8,88.9,100.0,승정원일기,100.0,조선왕조실록,0.0
緣情,4,563,1,0.2,0.0,고순종실록,0.0,한국사료총서,0.0
巴黎,2,8,8,100.0,100.0,승정원일기,100.0,한국사료총서,0.0
全羅道龍潭縣,2,32,32,100.0,100.0,승정원일기,100.0,조선왕조실록,0.0
宗朝,6,16433,5,0.0,0.0,고려사,0.0,조선왕조실록,0.0
骨乃斤,2,13,13,100.0,100.0,삼국사기,100.0,한국사료총서,0.0
戩穀,2,48,1,2.1,0.0,승정원일기,0.0,한국사료총서,0.0
西津,2,20,7,35.0,33.3,승정원일기,33.3,한국사료총서,0.0
唐項浦,2,10,10,100.0,100.0,조선왕조실록,100.0,한국사료총서,0.0
三鄕面,2,8,6,75.0,75.0,승정원일기,75.0,한국사료총서,0.0
憙淳,3,6535,1,0.0,0.0,조선왕조실록,0.0,승정원일기,0.0
安朔,3,19,18,94.7,100.0,고려사,100.0,한국사료총서,0.0
河翼龍,2,2018,1,0.0,0.0,조선왕조실록,0.0,승정원일기,0.0
昌慶宮明政殿,2,13,12,92.3,100.0,승정원일기,100.0,조선왕조실록,0.0
晉國,2,80,1,1.2,0.0,승정원일기,0.0,한국사료총서,0.0
石趙,2,29,1,3.4,0.0,승정원일기,0.0,한국사료총서,0.0
全羅道沃溝縣,2,40,40,100.0,100.0,승정원일기,100.0,조선왕조실록,0.0
喜峰口,2,9,8,88.9,100.0,승정원일기,100.0,조선왕조실록,0.0
豆毛村,2,6,6,100.0,100.0,조선왕조실록,100.0,한국사료총서,0.0
慶尙道咸安,2,59,59,100.0,100.0,승정원일기,100.0,조선왕조실록,0.0
解顔縣,2,11,11,100.0,100.0,조선왕조실록,100.0,한국사료총서,0.0
露島,2,19,18,94.7,100.0,승정원일기,100.0,조선왕조실록,0.0
彼上,3,42,1,2.4,0.0,승정원일기,0.0,한국사료총서,0.0
仁峴,2,25,25,100.0,100.0,승정원일기,100.0,한국사료총서,0.0
慶尙道新寧,2,33,33,100.0,100.0,승정원일기,100.0,조선왕조실록,0.0
紀淵,3,4760,1,0.0,0.0,조선왕조실록,0.0,승정원일기,0.0
柳城,2,12,1,8.3,0.0,승정원일기,0.0,한국사료총서,0.0
小阜,3,18,1,5.6,0.0,승정원일기,0.0,한국사료총서,0.0
神泥洞,2,8,7,87.5,100.0,고려사,100.0,고려사절요,0.0
全羅道任實,2,54,54,100.0,100.0,승정원일기,100.0,조선왕조실록,0.0
合浦縣,2,11,11,100.0,100.0,고려사,100.0,한국사료총서,0.0
咸興長津,2,6,6,100.0,100.0,승정원일기,100.0,한국사료총서,0.0
敦榮,4,2947,1,0.0,0.0,고순종실록,0.0,승정원일기,0.0
知留,4,64,2,3.1,0.0,고려사,0.0,한국사료총서,0.0
曺末,2,13,1,7.7,0.0,승정원일기,0.0,조선왕조실록,0.0
江原道橫城,2,95,95,100.0,100.0,승정원일기,100.0,조선왕조실록,0.0
馬峰,2,17,17,100.0,100.0,승정원일기,100.0,조선왕조실록,0.0
平安道熙川郡,2,77,76,98.7,100.0,승정원일기,100.0,조선왕조실록,0.0
忠淸道懷仁,2,17,17,100.0,100.0,승정원일기,100.0,조선왕조실록,0.0
善田,3,17,2,11.8,0.0,승정원일기,0.0,한국사료총서,0.0
乾德殿,3,170,3,1.8,0.0,고려사,0.0,한국사료총서,0.0
槐院,4,2681,1,0.0,0.0,고순종실록,0.0,승정원일기,0.0
金吾堂上,4,2645,1,0.0,0.0,고순종실록,0.0,승정원일기,0.0
乃野,2,26,1,3.8,0.0,승정원일기,0.0,조선왕조실록,0.0
全羅道萬頃,2,80,80,100.0,100.0,승정원일기,100.0,조선왕조실록,0.0
觀明殿,2,18,17,94.4,100.0,고순종실록,100.0,승정원일기,0.0
月老洞,2,11,10,90.9,100.0,승정원일기,100.0,조선왕조실록,0.0
新村里,2,54,54,100.0,100.0,승정원일기,100.0,한국사료총서,0.0
蒙恬,2,17,1,5.9,0.0,승정원일기,0.0,한국사료총서,0.0
猫降,2,34,34,100.0,100.0,승정원일기,100.0,조선왕조실록,0.0
原襄道原州,2,23,23,100.0,100.0,승정원일기,100.0,조선왕조실록,0.0
疏,7,439824,6,0.0,0.0,고려사,0.0,한국사료총서,0.0
興武亭,2,26,26,100.0,100.0,고순종실록,100.0,승정원일기,0.0
黃海道長山串,2,12,12,100.0,100.0,승정원일기,100.0,조선왕조실록,0.0
徐鼎修,3,6154,1,0.0,0.0,조선왕조실록,0.0,승정원일기,0.0
叉河,2,17,16,94.1,100.0,승정원일기,100.0,조선왕조실록,0.0
菁好驛,2,15,15,100.0,100.0,승정원일기,100.0,조선왕조실록,0.0
下古介,2,11,11,100.0,100.0,승정원일기,100.0,조선왕조실록,0.0
安徐,4,4004,1,0.0,0.0,고순종실록,0.0,승정원일기,0.0
黃海道兎山,2,15,14,93.3,100.0,승정원일기,100.0,조선왕조실록,0.0
處仁城,2,13,3,23.1,0.0,조선왕조실록,0.0,한국사료총서,0.0
慶尙道眞寶縣,2,15,15,100.0,100.0,승정원일기,100.0,조선왕조실록,0.0
衣頭,2,12,1,8.3,0.0,조선왕조실록,0.0,한국사료총서,0.0
遞,6,236835,2,0.0,0.0,고려사,0.0,조선왕조실록,0.0
北靑鎭,2,10,2,20.0,0.0,승정원일기,0.0,한국사료총서,0.0
城機庫,2,18,1,5.6,0.0,승정원일기,0.0,한국사료총서,0.0
豈,8,337186,3,0.0,0.0,고려사,0.0,조선왕조실록,0.0
雲井,2,22,22,100.0,100.0,조선왕조실록,100.0,한국사료총서,0.0
永興黑石里,2,22,22,100.0,100.0,승정원일기,100.0,조선왕조실록,0.0
全羅道咸悅,3,80,80,100.0,100.0,승정원일기,100.0,한국사료총서,0.0
西四里,2,56,1,1.8,0.0,조선왕조실록,0.0,한국사료총서,0.0
九都,2,13,1,7.7,0.0,승정원일기,0.0,조선왕조실록,0.0
咸興歸州,3,19,19,100.0,100.0,고순종실록,100.0,조선왕조실록,0.0
允,8,506349,5,0.0,0.0,고려사,0.0,한국사료총서,0.0
鎭長坊,2,35,35,100.0,100.0,승정원일기,100.0,조선왕조실록,0.0
華胥,2,12,2,16.7,0.0,승정원일기,0.0,한국사료총서,0.0
全羅道光陽,2,125,124,99.2,100.0,승정원일기,100.0,조선왕조실록,0.0
壽德宮,2,18,1,5.6,0.0,고려사,0.0,고려사절요,0.0
景福堂,2,32,32,100.0,100.0,승정원일기,100.0,조선왕조실록,0.0
古味洞,2,7,7,100.0,100.0,조선왕조실록,100.0,한국사료총서,0.0
文秀,6,12301,3,0.0,0.0,고려사,0.0,승정원일기,0.0
咸鏡道利城,2,58,58,100.0,100.0,승정원일기,100.0,조선왕조실록,0.0
人才,5,7573,1,0.0,0.0,고려사,0.0,조선왕조실록,0.0
飜浦,2,10,3,30.0,33.3,승정원일기,33.3,한국사료총서,0.0
楸坡鎭,2,8,8,100.0,100.0,승정원일기,100.0,한국사료총서,0.0
蒼峯驛,2,23,23,100.0,100.0,승정원일기,100.0,한국사료총서,0.0
三陟活耆洞,2,9,9,100.0,100.0,고순종실록,100.0,승정원일기,0.0
龍山驛,2,30,30,100.0,100.0,고순종실록,100.0,한국사료총서,0.0
絢,5,8872,4,0.0,0.0,고려사,0.0,승정원일기,0.0
議,8,602409,125,0.0,0.0,고려사,0.0,승정원일기,0.0
平成門,2,25,25,100.0,100.0,고순종실록,100.0,승정원일기,0.0
鐵串浦,2,14,12,85.7,100.0,승정원일기,100.0,조선왕조실록,0.0
慶會樓下,2,498,1,0.2,0.0,조선왕조실록,0.0,한국사료총서,0.0
安眠島,4,215,215,100.0,100.0,고순종실록,100.0,한국사료총서,0.0
溫陽溫泉,2,13,1,7.7,0.0,승정원일기,0.0,조선왕조실록,0.0
唐殿,2,14,1,7.1,0.0,승정원일기,0.0,한국사료총서,0.0
大麓郡,2,8,8,100.0,100.0,고려사,100.0,조선왕조실록,0.0
斡都里,2,18,2,11.1,0.0,고려사,0.0,고려사절요,0.0
黃海道瑞興縣,2,31,31,100.0,100.0,승정원일기,100.0,조선왕조실록,0.0
鑽燧,3,89,1,1.1,0.0,승정원일기,0.0,한국사료총서,0.0
甕村,2,11,11,100.0,100.0,승정원일기,100.0,조선왕조실록,0.0
稱見,2,49,1,2.0,0.0,승정원일기,0.0,조선왕조실록,0.0
柔院面,2,7,7,100.0,100.0,고순종실록,100.0,승정원일기,0.0
屈洞,2,8,8,100.0,100.0,조선왕조실록,100.0,한국사료총서,0.0
靑華,2,12,1,8.3,0.0,승정원일기,0.0,한국사료총서,0.0
地震,7,3697,1,0.0,0.0,고려사,0.0,조선왕조실록,0.0
慈恩寺,2,12,2,16.7,0.0,고려사,0.0,한국사료총서,0.0
關係,4,12741,1,0.0,0.0,고순종실록,0.0,승정원일기,0.0
紳,6,13418,3,0.0,0.0,고려사,0.0,조선왕조실록,0.0
九龍村,2,13,12,92.3,100.0,승정원일기,100.0,조선왕조실록,0.0
密雲縣,2,8,8,100.0,100.0,승정원일기,100.0,조선왕조실록,0.0
柴田,2,14,1,7.1,0.0,고순종실록,0.0,승정원일기,0.0
藥房,4,125395,10,0.0,0.0,고순종실록,0.0,승정원일기,0.0
西部面,2,22,22,100.0,100.0,승정원일기,100.0,한국사료총서,0.0
敦仁,4,7049,2,0.0,0.0,고순종실록,0.0,승정원일기,0.0
八禽島,2,10,10,100.0,100.0,고순종실록,100.0,승정원일기,0.0
平郭,3,148,1,0.7,0.0,승정원일기,0.0,한국사료총서,0.0
中邦,3,65,1,1.5,0.0,승정원일기,0.0,한국사료총서,0.0
雉嶽山,2,9,8,88.9,100.0,승정원일기,100.0,조선왕조실록,0.0
都順,2,11,1,9.1,0.0,승정원일기,0.0,한국사료총서,0.0
廣西省,2,13,13,100.0,100.0,조선왕조실록,100.0,한국사료총서,0.0
西部仁達坊,2,13,13,100.0,100.0,승정원일기,100.0,한국사료총서,0.0
黄山,2,17,17,100.0,100.0,삼국사기,100.0,삼국유사,0.0
神穴寺,3,20,2,10.0,0.0,고려사,0.0,한국사료총서,0.0
古達島,2,24,22,91.7,100.0,승정원일기,100.0,조선왕조실록,0.0
鄧鄧磯,2,32,16,50.0,50.0,승정원일기,50.0,조선왕조실록,0.0
咸鏡道德原,2,9,9,100.0,100.0,승정원일기,100.0,조선왕조실록,0.0
忠淸道德山縣,2,24,24,100.0,100.0,승정원일기,100.0,조선왕조실록,0.0
靈光荏子島,2,17,17,100.0,100.0,고순종실록,100.0,승정원일기,0.0
金寧府,2,6,2,33.3,33.3,고려사,33.3,한국사료총서,0.0
小男,3,54,1,1.9,0.0,승정원일기,0.0,한국사료총서,0.0
泰績,3,2190,1,0.0,0.0,조선왕조실록,0.0,승정원일기,0.0
遠寧,2,12,2,16.7,0.0,승정원일기,0.0,한국사료총서,0.0
全羅道玉果,2,36,36,100.0,100.0,승정원일기,100.0,조선왕조실록,0.0
知遠,3,120,1,0.8,0.0,승정원일기,0.0,한국사료총서,0.0
重明殿,2,40,40,100.0,100.0,고순종실록,100.0,승정원일기,0.0
上洞里,2,24,24,100.0,100.0,승정원일기,100.0,한국사료총서,0.0
黑水靺鞨,2,24,2,8.3,0.0,고려사,0.0,고려사절요,0.0
接洞面,2,9,9,100.0,100.0,승정원일기,100.0,한국사료총서,0.0
觀瀾,4,85,1,1.2,0.0,고려사,0.0,한국사료총서,0.0
慶尙道宜寧,2,39,39,100.0,100.0,승정원일기,100.0,조선왕조실록,0.0
德萬洞,2,13,1,7.7,0.0,승정원일기,0.0,한국사료총서,0.0
安陰人,2,14,1,7.1,0.0,승정원일기,0.0,한국사료총서,0.0
平安道順安縣,2,56,56,100.0,100.0,승정원일기,100.0,조선왕조실록,0.0
德物島,2,10,10,100.0,100.0,삼국사기,100.0,조선왕조실록,0.0
慶尙道順,3,68,68,100.0,100.0,승정원일기,100.0,한국사료총서,0.0
大齊,2,25,2,8.0,0.0,승정원일기,0.0,한국사료총서,0.0
京畿振威,3,77,77,100.0,100.0,고순종실록,100.0,조선왕조실록,0.0
亟,6,155018,1,0.0,0.0,고려사,0.0,조선왕조실록,0.0
靑松面,2,19,18,94.7,100.0,승정원일기,100.0,한국사료총서,0.0
平安道順安,2,91,91,100.0,100.0,승정원일기,100.0,조선왕조실록,0.0
幸洲,2,66,66,100.0,100.0,승정원일기,100.0,한국사료총서,0.0
楊州面,2,16,16,100.0,100.0,승정원일기,100.0,한국사료총서,0.0
金郊站,3,20,20,100.0,100.0,승정원일기,100.0,한국사료총서,0.0
莊義洞,2,9,9,100.0,100.0,조선왕조실록,100.0,한국사료총서,0.0
